shape_id,shape_pt_lat,shape_pt_lon,shape_pt_sequence
SHAPE_8451637,12.3726455,-1.5267135,1
SHAPE_8451637,12.3722795,-1.5267128,2
SHAPE_8451637,12.3721258,-1.5266927,3
SHAPE_8451637,12.3718285,-1.5266364,4
SHAPE_8451637,12.3707551,-1.526342,5
SHAPE_8451637,12.3703274,-1.526222,6
SHAPE_8451637,12.3699947,-1.5261287,7
SHAPE_8451637,12.3701272,-1.5255287,8
SHAPE_8451637,12.3702691,-1.5248774,9
SHAPE_8451637,12.3703483,-1.5245194,10
SHAPE_8451637,12.3705053,-1.5238732,11
SHAPE_8451637,12.3706235,-1.5232815,12
SHAPE_8451637,12.3706903,-1.5229587,13
SHAPE_8451637,12.3707516,-1.5226996,14
SHAPE_8451637,12.3707663,-1.5225982,15
SHAPE_8451637,12.3707846,-1.5225064,16
SHAPE_8451637,12.3709175,-1.5218686,17
SHAPE_8451637,12.3710059,-1.5214663,18
SHAPE_8451637,12.3711402,-1.5208406,19
SHAPE_8451637,12.3711755,-1.5206,20
SHAPE_8451637,12.3712236,-1.5203341,21
SHAPE_8451637,12.3712487,-1.5201386,22
SHAPE_8451637,12.3712779,-1.5199837,23
SHAPE_8451637,12.3712976,-1.5198667,24
SHAPE_8451637,12.3713197,-1.5197711,25
SHAPE_8451637,12.3713381,-1.5196966,26
SHAPE_8451637,12.3713338,-1.5196918,27
SHAPE_8451637,12.3713285,-1.5196847,28
SHAPE_8451637,12.3713167,-1.5196625,29
SHAPE_8451637,12.3713123,-1.5196364,30
SHAPE_8451637,12.3713112,-1.5196107,31
SHAPE_8451637,12.3713162,-1.5195855,32
SHAPE_8451637,12.3713269,-1.5195622,33
SHAPE_8451637,12.3713427,-1.5195423,34
SHAPE_8451637,12.3713548,-1.5195321,35
SHAPE_8451637,12.3714095,-1.5194332,36
SHAPE_8451637,12.3714317,-1.5193574,37
SHAPE_8451637,12.3714527,-1.5192622,38
SHAPE_8451637,12.3715084,-1.519012,39
SHAPE_8451637,12.3715346,-1.5189188,40
SHAPE_8451637,12.3716175,-1.5185628,41
SHAPE_8451637,12.3716604,-1.5183273,42
SHAPE_8451637,12.3717861,-1.5178191,43
SHAPE_8451637,12.3719138,-1.517219,44
SHAPE_8451637,12.3721404,-1.5161984,45
SHAPE_8451637,12.3722688,-1.5156003,46
SHAPE_8451637,12.3723238,-1.5153482,47
SHAPE_8451637,12.3723867,-1.5150571,48
SHAPE_8451637,12.3724947,-1.5144967,49
SHAPE_8451637,12.372624,-1.5139355,50
SHAPE_8451637,12.372734,-1.5133637,51
SHAPE_8451637,12.3728507,-1.5128359,52
SHAPE_8451637,12.3729684,-1.5122094,53
SHAPE_8451637,12.3730822,-1.51169,54
SHAPE_8451637,12.3731595,-1.5113539,55
SHAPE_8451637,12.3732575,-1.5109276,56
SHAPE_8451637,12.3733643,-1.5103713,57
SHAPE_8451637,12.3734164,-1.5102269,58
SHAPE_8451637,12.3734718,-1.5101447,59
SHAPE_8451637,12.3735336,-1.5100852,60
SHAPE_8451637,12.3736658,-1.5100314,61
SHAPE_8451637,12.373812,-1.5100218,62
SHAPE_8451637,12.3741391,-1.510084,63
SHAPE_8451637,12.3742209,-1.5101004,64
SHAPE_8451637,12.3743321,-1.5101706,65
SHAPE_8451637,12.3747955,-1.5102668,66
SHAPE_8451637,12.3758001,-1.5104937,67
SHAPE_8451637,12.3758931,-1.5105147,68
SHAPE_8451637,12.3759276,-1.5105227,69
SHAPE_8451637,12.3762926,-1.5106063,70
SHAPE_8451637,12.3764767,-1.5106467,71
SHAPE_8451637,12.3777317,-1.5109222,72
SHAPE_8451637,12.3783457,-1.5110898,73
SHAPE_8451637,12.3790796,-1.5101599,74
SHAPE_8451637,12.3791472,-1.5100406,75
SHAPE_8451637,12.3793322,-1.5098005,76
SHAPE_8451637,12.379374,-1.5097462,77
SHAPE_8451637,12.3794165,-1.5096431,78
SHAPE_8451637,12.3795507,-1.5094221,79
SHAPE_8451637,12.3795331,-1.5093908,80
SHAPE_8451637,12.3795267,-1.5093591,81
SHAPE_8451637,12.3794298,-1.5092803,82
SHAPE_8451637,12.3792662,-1.5091998,83
SHAPE_8451637,12.3791707,-1.5091449,84
SHAPE_8451637,12.3790735,-1.509125,85
SHAPE_8451637,12.3785831,-1.5090246,86
SHAPE_8451637,12.3773963,-1.5087277,87
SHAPE_8451637,12.3768124,-1.5085941,88
SHAPE_8451637,12.3767662,-1.5085835,89
SHAPE_8451637,12.3763994,-1.5084985,90
SHAPE_8451637,12.3762844,-1.5084738,91
SHAPE_8451637,12.3748429,-1.5081639,92
SHAPE_8451637,12.3739974,-1.5079822,93
SHAPE_8451637,12.3739245,-1.507957,94
SHAPE_8451637,12.3739274,-1.5078239,95
SHAPE_8451637,12.373954,-1.5077213,96
SHAPE_8451637,12.3744229,-1.5055416,97
SHAPE_8451637,12.3745079,-1.5051301,98
SHAPE_8451637,12.3746692,-1.5043404,99
SHAPE_8451637,12.37502,-1.5027353,100
SHAPE_8451637,12.3751467,-1.5021555,101
SHAPE_8451637,12.3752611,-1.501632,102
SHAPE_8451637,12.3753709,-1.5011202,103
SHAPE_8451637,12.3754285,-1.5008384,104
SHAPE_8451637,12.375756,-1.4993628,105
SHAPE_8451637,12.3758391,-1.4989694,106
SHAPE_8451637,12.3759158,-1.4986064,107
SHAPE_8451637,12.3760388,-1.4980918,108
SHAPE_8451637,12.376064,-1.4978679,109
SHAPE_8451637,12.3760881,-1.4976802,110
SHAPE_8451637,12.3761046,-1.4974967,111
SHAPE_8451637,12.3761154,-1.4972702,112
SHAPE_8451637,12.3761124,-1.4967121,113
SHAPE_8451637,12.3761091,-1.4965852,114
SHAPE_8451637,12.3760932,-1.4961737,115
SHAPE_8451637,12.376082,-1.4957985,116
SHAPE_8451637,12.3760601,-1.495325,117
SHAPE_8451637,12.3760359,-1.4946649,118
SHAPE_8451637,12.3760116,-1.4940047,119
SHAPE_8451637,12.3759982,-1.4937255,120
SHAPE_8451637,12.37598,-1.4930559,121
SHAPE_8451637,12.3759649,-1.4924162,122
SHAPE_8451637,12.3759337,-1.4915566,123
SHAPE_8451637,12.3759137,-1.491119,124
SHAPE_8451637,12.3758906,-1.490522,125
SHAPE_8451637,12.3758663,-1.4899384,126
SHAPE_8451637,12.3758191,-1.4887046,127
SHAPE_8451637,12.3758039,-1.4883924,128
SHAPE_8451637,12.3757996,-1.4883045,129
SHAPE_8451637,12.3757851,-1.4879643,130
SHAPE_8451637,12.3757484,-1.4863308,131
SHAPE_8451637,12.3757357,-1.4859808,132
SHAPE_8451637,12.3757055,-1.485122,133
SHAPE_8451637,12.3756689,-1.4843535,134
SHAPE_8451637,12.375652,-1.4836911,135
SHAPE_8451637,12.3756507,-1.4836376,136
SHAPE_8451637,12.3756251,-1.4828883,137
SHAPE_8451637,12.3756178,-1.4827254,138
SHAPE_8451637,12.375603,-1.4822842,139
SHAPE_8451637,12.375582,-1.4817158,140
SHAPE_8451637,12.3755688,-1.4815099,141
SHAPE_8451637,12.3755588,-1.4813226,142
SHAPE_8451637,12.3755527,-1.4809551,143
SHAPE_8451637,12.3755416,-1.4806906,144
SHAPE_8451637,12.3755363,-1.4805543,145
SHAPE_8451637,12.3755194,-1.4800552,146
SHAPE_8451637,12.3754956,-1.4793046,147
SHAPE_8451637,12.3754847,-1.4791352,148
SHAPE_8451637,12.3754403,-1.4777045,149
SHAPE_8451637,12.3753764,-1.4760683,150
SHAPE_8451637,12.3753461,-1.4750579,151
SHAPE_8451637,12.3753274,-1.4744093,152
SHAPE_8451637,12.3753178,-1.4741166,153
SHAPE_8451637,12.3753085,-1.473928,154
SHAPE_8451637,12.3752966,-1.4734713,155
SHAPE_8451637,12.3752864,-1.4731784,156
SHAPE_8451637,12.3752725,-1.4728447,157
SHAPE_8451637,12.3752143,-1.4727422,158
SHAPE_8451637,12.3751485,-1.4726717,159
SHAPE_8451637,12.3751133,-1.4726481,160
SHAPE_8451637,12.3750613,-1.4726355,161
SHAPE_8451637,12.3750105,-1.4726427,162
SHAPE_8451637,12.3749504,-1.4726537,163
SHAPE_8451637,12.3748658,-1.4726721,164
SHAPE_8451637,12.3746797,-1.4727989,165
SHAPE_8451637,12.3744508,-1.4729548,166
SHAPE_8451637,12.3742761,-1.4730904,167
SHAPE_8451637,12.3733451,-1.4736995,168
SHAPE_8451637,12.3727039,-1.474132,169
SHAPE_8451637,12.3723829,-1.4743394,170
SHAPE_8451637,12.3720572,-1.4745639,171
SHAPE_8451637,12.3713347,-1.4750428,172
SHAPE_8451637,12.3704776,-1.4756113,173
SHAPE_8451637,12.370047,-1.4758958,174
SHAPE_8451637,12.369532,-1.4762484,175
SHAPE_8451637,12.3686148,-1.4768639,176
SHAPE_8451637,12.3674017,-1.4777049,177
SHAPE_8451637,12.3669547,-1.4779966,178
SHAPE_8451637,12.3664591,-1.4783215,179
SHAPE_8451637,12.3650539,-1.4792699,180
SHAPE_8451637,12.3637764,-1.4801302,181
SHAPE_8451637,12.3631694,-1.4805391,182
SHAPE_8451637,12.3628003,-1.4807877,183
SHAPE_8451637,12.3624353,-1.4810299,184
SHAPE_8451637,12.362242,-1.4811618,185
SHAPE_8451637,12.3617824,-1.4814687,186
SHAPE_8451637,12.3610448,-1.4819733,187
SHAPE_8451637,12.3605404,-1.4823134,188
SHAPE_8451637,12.3602081,-1.482543,189
SHAPE_8451637,12.3600089,-1.4826734,190
SHAPE_8451637,12.3597602,-1.4828554,191
SHAPE_8451637,12.3589025,-1.4834131,192
SHAPE_8451637,12.3578557,-1.4841231,193
SHAPE_8451637,12.3568673,-1.4847855,194
SHAPE_8451637,12.3557211,-1.4855575,195
SHAPE_8451637,12.3553033,-1.48584,196
SHAPE_8451637,12.3545034,-1.4863781,197
SHAPE_8451637,12.3543996,-1.4864532,198
SHAPE_8451637,12.3540735,-1.4866604,199
SHAPE_8451637,12.3537341,-1.4868853,200
SHAPE_8451637,12.3536519,-1.4869398,201
SHAPE_8451637,12.3526358,-1.4876225,202
SHAPE_8451637,12.3521975,-1.4879052,203
SHAPE_8451637,12.3520489,-1.4880013,204
SHAPE_8451637,12.3517647,-1.4881964,205
SHAPE_8451637,12.3516163,-1.4883028,206
SHAPE_8451637,12.3512679,-1.4885515,207
SHAPE_8451637,12.3506552,-1.48894,208
SHAPE_8451637,12.3500325,-1.4893633,209
SHAPE_8451637,12.3495362,-1.4896967,210
SHAPE_8451637,12.3494447,-1.4897581,211
SHAPE_8451637,12.3492312,-1.489904,212
SHAPE_8451637,12.3491189,-1.4899808,213
SHAPE_8451637,12.3484441,-1.4904547,214
SHAPE_8451637,12.3483579,-1.4905177,215
SHAPE_8451637,12.3479732,-1.4907599,216
SHAPE_8451637,12.3475516,-1.4910388,217
SHAPE_8451637,12.3471126,-1.4913314,218
SHAPE_8451637,12.3468459,-1.4915158,219
SHAPE_8451637,12.3468105,-1.4915378,220
SHAPE_8451637,12.3458303,-1.4922122,221
SHAPE_8451637,12.3446711,-1.492988,222
SHAPE_8451637,12.3445939,-1.4930419,223
SHAPE_8451637,12.343904,-1.4935056,224
SHAPE_8451637,12.3432187,-1.4939582,225
SHAPE_8451637,12.3431868,-1.4939798,226
SHAPE_8451637,12.3418489,-1.4948858,227
SHAPE_8451637,12.3413019,-1.4952572,228
SHAPE_8451637,12.3399959,-1.4961312,229
SHAPE_8451637,12.3399143,-1.4961868,230
SHAPE_8451637,12.3396254,-1.4963801,231
SHAPE_8451637,12.3392427,-1.4966607,232
SHAPE_8451637,12.3391757,-1.4967074,233
SHAPE_8451637,12.3382786,-1.4972894,234
SHAPE_8451637,12.3373349,-1.4979423,235
SHAPE_8451637,12.3368636,-1.4982483,236
SHAPE_8451637,12.3364145,-1.4985491,237
SHAPE_8451637,12.3360487,-1.4988265,238
SHAPE_8451637,12.3359148,-1.4989134,239
SHAPE_8451637,12.33571,-1.4990705,240
SHAPE_8451637,12.3356694,-1.4990265,241
SHAPE_8451637,12.3356348,-1.4989814,242
SHAPE_8451637,12.3356052,-1.498944,243
SHAPE_8451637,12.3355887,-1.498917,244
SHAPE_8451637,12.3357136,-1.498805,245
SHAPE_8451637,12.335767,-1.4987056,246
SHAPE_8451637,12.3357893,-1.4986098,247
SHAPE_8451637,12.3357867,-1.4985232,248
SHAPE_8451637,12.3357921,-1.4984203,249
SHAPE_8451637,12.335236,-1.4975767,250
SHAPE_8451637,12.3349434,-1.4971261,251
SHAPE_8451637,12.3339333,-1.4955746,252
SHAPE_8451637,12.3337842,-1.4953488,253
SHAPE_8451637,12.3336181,-1.4950883,254
SHAPE_8451637,12.3334753,-1.4948608,255
SHAPE_8451637,12.3328889,-1.4939698,256
SHAPE_8451637,12.3325974,-1.4935493,257
SHAPE_8451637,12.3322114,-1.4929545,258
SHAPE_8451637,12.3321329,-1.4928097,259
SHAPE_8451637,12.3320673,-1.4927015,260
SHAPE_8451637,12.3318999,-1.4924445,261
SHAPE_8451637,12.3318498,-1.4923633,262
SHAPE_8451637,12.3315712,-1.4919221,263
SHAPE_8451637,12.3313095,-1.4915093,264
SHAPE_8451637,12.3308083,-1.4907688,265
SHAPE_8451637,12.3303476,-1.4900747,266
SHAPE_8451637,12.3302897,-1.4899859,267
SHAPE_8451637,12.3302399,-1.4899068,268
SHAPE_8451637,12.3301482,-1.4897646,269
SHAPE_8451637,12.3300644,-1.4896372,270
SHAPE_8451637,12.3298574,-1.4893059,271
SHAPE_8451637,12.3298102,-1.4892228,272
SHAPE_8451637,12.3295442,-1.4888138,273
SHAPE_8451637,12.3291761,-1.4882344,274
SHAPE_8451637,12.3285708,-1.4873064,275
SHAPE_8451637,12.3282823,-1.4868733,276
SHAPE_8451637,12.3282393,-1.4868088,277
SHAPE_8451637,12.3280035,-1.4864038,278
SHAPE_8451637,12.3277634,-1.486037,279
SHAPE_8451637,12.3275855,-1.4857654,280
SHAPE_8451637,12.3275187,-1.4856662,281
SHAPE_8451637,12.3274899,-1.4856139,282
SHAPE_8451637,12.3273222,-1.4853376,283
SHAPE_8451637,12.3270549,-1.4849447,284
SHAPE_8451637,12.32664,-1.4843145,285
SHAPE_8451637,12.3263618,-1.4838919,286
SHAPE_8451637,12.3261011,-1.4834614,287
SHAPE_8451637,12.3256955,-1.4828427,288
SHAPE_8451637,12.3254551,-1.4824663,289
SHAPE_8451637,12.325165,-1.4820345,290
SHAPE_8451637,12.3250267,-1.4818206,291
SHAPE_8451637,12.3247579,-1.4814211,292
SHAPE_8451637,12.3244791,-1.4809817,293
SHAPE_8451637,12.3242031,-1.4805505,294
SHAPE_8451637,12.3238842,-1.4800523,295
SHAPE_8451637,12.3240677,-1.4799356,296
SHAPE_8451637,12.3243206,-1.4797829,297
SHAPE_8451637,12.3248708,-1.479416,298
SHAPE_8451637,12.3250528,-1.4792954,299
SHAPE_8451637,12.3252213,-1.4791773,300
SHAPE_8451637,12.3256203,-1.4788927,301
SHAPE_8451637,12.3260192,-1.4786176,302
SHAPE_8451637,12.3260605,-1.4785908,303
SHAPE_8451637,12.3262509,-1.4784831,304
SHAPE_8451637,12.3266354,-1.4782231,305
SHAPE_8451637,12.3270678,-1.477934,306
SHAPE_8451637,12.3271788,-1.4778558,307
SHAPE_8451637,12.327455,-1.4776691,308
SHAPE_8451637,12.328257,-1.4771224,309
SHAPE_8451637,12.328599,-1.4768853,310
SHAPE_8451637,12.328657,-1.4768463,311
SHAPE_8451637,12.328937,-1.476664,312
SHAPE_8451637,12.3292705,-1.476451,313
SHAPE_8451637,12.3294608,-1.4763295,314
SHAPE_8451637,12.329345,-1.4761411,315
SHAPE_8451637,12.3291633,-1.4758455,316
SHAPE_8451637,12.3286334,-1.4750475,317
SHAPE_8451637,12.3284865,-1.4748091,318
SHAPE_8451637,12.3281935,-1.4743312,319
SHAPE_8451637,12.3281476,-1.4742519,320
SHAPE_8451637,12.3279825,-1.4739959,321
SHAPE_8451637,12.3278696,-1.4738084,322
SHAPE_8451637,12.3273358,-1.4729424,323
SHAPE_8451637,12.3272172,-1.472761,324
SHAPE_8451637,12.3271584,-1.4726762,325
SHAPE_8451637,12.3271021,-1.4725971,326
SHAPE_8451637,12.3270563,-1.4725228,327
SHAPE_8451637,12.3268151,-1.4721358,328
SHAPE_8451637,12.3266969,-1.4719437,329
SHAPE_8451637,12.3262595,-1.4712638,330
SHAPE_8451637,12.3257254,-1.4704952,331
SHAPE_8451637,12.3255456,-1.4702059,332
SHAPE_8451637,12.3254947,-1.4701201,333
SHAPE_8451637,12.3253497,-1.4698713,334
SHAPE_8451637,12.3249993,-1.4692418,335
SHAPE_8451637,12.3246972,-1.4687781,336
SHAPE_8451637,12.3243756,-1.4682832,337
SHAPE_8451637,12.32389,-1.4675357,338
SHAPE_8451637,12.3236029,-1.4670859,339
SHAPE_8451637,12.3233533,-1.4667175,340
SHAPE_8451637,12.3232961,-1.4666307,341
SHAPE_8451637,12.3230741,-1.4662938,342
SHAPE_8451637,12.3228199,-1.4659239,343
SHAPE_8451637,12.3226559,-1.4656663,344
SHAPE_8451637,12.3225303,-1.4654744,345
SHAPE_8451637,12.3224627,-1.4653572,346
SHAPE_8451637,12.3222712,-1.4650281,347
SHAPE_8451637,12.3219843,-1.4645881,348
SHAPE_8451637,12.3214851,-1.4638225,349
SHAPE_8451637,12.3212143,-1.4633977,350
SHAPE_8451637,12.3212088,-1.4633891,351
SHAPE_8451637,12.3209022,-1.4629164,352
SHAPE_8451637,12.3206871,-1.4625902,353
SHAPE_8451637,12.3203491,-1.4620849,354
SHAPE_8451637,12.3195748,-1.4611226,355
SHAPE_8451637,12.3191915,-1.4606117,356
SHAPE_8451637,12.3190596,-1.4602631,357
SHAPE_8451637,12.3189753,-1.4597904,358
SHAPE_8451637,12.3188687,-1.4589487,359
SHAPE_8451637,12.3188543,-1.4588133,360
SHAPE_8451637,12.3187644,-1.4580208,361
SHAPE_8451637,12.3187528,-1.4579117,362
SHAPE_8451637,12.3186342,-1.4574078,363
SHAPE_8451637,12.3185554,-1.4570486,364
SHAPE_8451637,12.3185379,-1.4569659,365
SHAPE_8451637,12.3184678,-1.4566389,366
SHAPE_8451637,12.31836,-1.4561473,367
SHAPE_8451637,12.3183119,-1.4559584,368
SHAPE_8451637,12.3181717,-1.4554337,369
SHAPE_8451637,12.3181007,-1.4551843,370
SHAPE_8451637,12.3180197,-1.4547376,371
SHAPE_8451665,12.3181007,-1.4551843,1
SHAPE_8451665,12.3180197,-1.4547376,2
SHAPE_8451665,12.3181007,-1.4551843,3
SHAPE_8451665,12.3181717,-1.4554337,4
SHAPE_8451665,12.3183119,-1.4559584,5
SHAPE_8451665,12.31836,-1.4561473,6
SHAPE_8451665,12.3184678,-1.4566389,7
SHAPE_8451665,12.3185379,-1.4569659,8
SHAPE_8451665,12.3185554,-1.4570486,9
SHAPE_8451665,12.3186342,-1.4574078,10
SHAPE_8451665,12.3187528,-1.4579117,11
SHAPE_8451665,12.3187644,-1.4580208,12
SHAPE_8451665,12.3188543,-1.4588133,13
SHAPE_8451665,12.3188687,-1.4589487,14
SHAPE_8451665,12.3189753,-1.4597904,15
SHAPE_8451665,12.3190596,-1.4602631,16
SHAPE_8451665,12.3191915,-1.4606117,17
SHAPE_8451665,12.3195748,-1.4611226,18
SHAPE_8451665,12.3203491,-1.4620849,19
SHAPE_8451665,12.3206871,-1.4625902,20
SHAPE_8451665,12.3209022,-1.4629164,21
SHAPE_8451665,12.3212088,-1.4633891,22
SHAPE_8451665,12.3212143,-1.4633977,23
SHAPE_8451665,12.3214851,-1.4638225,24
SHAPE_8451665,12.3219843,-1.4645881,25
SHAPE_8451665,12.3222712,-1.4650281,26
SHAPE_8451665,12.3224627,-1.4653572,27
SHAPE_8451665,12.3225303,-1.4654744,28
SHAPE_8451665,12.3226559,-1.4656663,29
SHAPE_8451665,12.3228199,-1.4659239,30
SHAPE_8451665,12.3230741,-1.4662938,31
SHAPE_8451665,12.3232961,-1.4666307,32
SHAPE_8451665,12.3233533,-1.4667175,33
SHAPE_8451665,12.3236029,-1.4670859,34
SHAPE_8451665,12.32389,-1.4675357,35
SHAPE_8451665,12.3243756,-1.4682832,36
SHAPE_8451665,12.3246972,-1.4687781,37
SHAPE_8451665,12.3249993,-1.4692418,38
SHAPE_8451665,12.3253497,-1.4698713,39
SHAPE_8451665,12.3254947,-1.4701201,40
SHAPE_8451665,12.3255456,-1.4702059,41
SHAPE_8451665,12.3257254,-1.4704952,42
SHAPE_8451665,12.3262595,-1.4712638,43
SHAPE_8451665,12.3266969,-1.4719437,44
SHAPE_8451665,12.3268151,-1.4721358,45
SHAPE_8451665,12.3270563,-1.4725228,46
SHAPE_8451665,12.3271021,-1.4725971,47
SHAPE_8451665,12.3271584,-1.4726762,48
SHAPE_8451665,12.3272172,-1.472761,49
SHAPE_8451665,12.3273358,-1.4729424,50
SHAPE_8451665,12.3278696,-1.4738084,51
SHAPE_8451665,12.3279825,-1.4739959,52
SHAPE_8451665,12.3281476,-1.4742519,53
SHAPE_8451665,12.3281935,-1.4743312,54
SHAPE_8451665,12.3284865,-1.4748091,55
SHAPE_8451665,12.3286334,-1.4750475,56
SHAPE_8451665,12.3291633,-1.4758455,57
SHAPE_8451665,12.329345,-1.4761411,58
SHAPE_8451665,12.3294608,-1.4763295,59
SHAPE_8451665,12.3292705,-1.476451,60
SHAPE_8451665,12.328937,-1.476664,61
SHAPE_8451665,12.328657,-1.4768463,62
SHAPE_8451665,12.328599,-1.4768853,63
SHAPE_8451665,12.328257,-1.4771224,64
SHAPE_8451665,12.327455,-1.4776691,65
SHAPE_8451665,12.3271788,-1.4778558,66
SHAPE_8451665,12.3270678,-1.477934,67
SHAPE_8451665,12.3266354,-1.4782231,68
SHAPE_8451665,12.3262509,-1.4784831,69
SHAPE_8451665,12.3260605,-1.4785908,70
SHAPE_8451665,12.3260192,-1.4786176,71
SHAPE_8451665,12.3256203,-1.4788927,72
SHAPE_8451665,12.3252213,-1.4791773,73
SHAPE_8451665,12.3250528,-1.4792954,74
SHAPE_8451665,12.3248708,-1.479416,75
SHAPE_8451665,12.3243206,-1.4797829,76
SHAPE_8451665,12.3240677,-1.4799356,77
SHAPE_8451665,12.3238842,-1.4800523,78
SHAPE_8451665,12.3242031,-1.4805505,79
SHAPE_8451665,12.3244791,-1.4809817,80
SHAPE_8451665,12.3247579,-1.4814211,81
SHAPE_8451665,12.3250267,-1.4818206,82
SHAPE_8451665,12.325165,-1.4820345,83
SHAPE_8451665,12.3254551,-1.4824663,84
SHAPE_8451665,12.3256955,-1.4828427,85
SHAPE_8451665,12.3261011,-1.4834614,86
SHAPE_8451665,12.3263618,-1.4838919,87
SHAPE_8451665,12.32664,-1.4843145,88
SHAPE_8451665,12.3270549,-1.4849447,89
SHAPE_8451665,12.3273222,-1.4853376,90
SHAPE_8451665,12.3274899,-1.4856139,91
SHAPE_8451665,12.3275187,-1.4856662,92
SHAPE_8451665,12.3275855,-1.4857654,93
SHAPE_8451665,12.3277634,-1.486037,94
SHAPE_8451665,12.3280035,-1.4864038,95
SHAPE_8451665,12.3282393,-1.4868088,96
SHAPE_8451665,12.3282823,-1.4868733,97
SHAPE_8451665,12.3285708,-1.4873064,98
SHAPE_8451665,12.3291761,-1.4882344,99
SHAPE_8451665,12.3295442,-1.4888138,100
SHAPE_8451665,12.3298102,-1.4892228,101
SHAPE_8451665,12.3298574,-1.4893059,102
SHAPE_8451665,12.3300644,-1.4896372,103
SHAPE_8451665,12.3301482,-1.4897646,104
SHAPE_8451665,12.3302399,-1.4899068,105
SHAPE_8451665,12.3302897,-1.4899859,106
SHAPE_8451665,12.3303476,-1.4900747,107
SHAPE_8451665,12.3308083,-1.4907688,108
SHAPE_8451665,12.3313095,-1.4915093,109
SHAPE_8451665,12.3315712,-1.4919221,110
SHAPE_8451665,12.3318498,-1.4923633,111
SHAPE_8451665,12.3318999,-1.4924445,112
SHAPE_8451665,12.3320673,-1.4927015,113
SHAPE_8451665,12.3321329,-1.4928097,114
SHAPE_8451665,12.3322114,-1.4929545,115
SHAPE_8451665,12.3325974,-1.4935493,116
SHAPE_8451665,12.3328889,-1.4939698,117
SHAPE_8451665,12.3334753,-1.4948608,118
SHAPE_8451665,12.3336181,-1.4950883,119
SHAPE_8451665,12.3337842,-1.4953488,120
SHAPE_8451665,12.3339333,-1.4955746,121
SHAPE_8451665,12.3349434,-1.4971261,122
SHAPE_8451665,12.335236,-1.4975767,123
SHAPE_8451665,12.3357921,-1.4984203,124
SHAPE_8451665,12.3358494,-1.4984992,125
SHAPE_8451665,12.3359097,-1.4985823,126
SHAPE_8451665,12.3359467,-1.4986458,127
SHAPE_8451665,12.336072,-1.498585,128
SHAPE_8451665,12.3363474,-1.4984414,129
SHAPE_8451665,12.33655,-1.4983136,130
SHAPE_8451665,12.3368094,-1.4981507,131
SHAPE_8451665,12.3372754,-1.4978484,132
SHAPE_8451665,12.3382261,-1.4972237,133
SHAPE_8451665,12.3385181,-1.4970189,134
SHAPE_8451665,12.3388092,-1.4968147,135
SHAPE_8451665,12.3391013,-1.4966123,136
SHAPE_8451665,12.3391705,-1.4965625,137
SHAPE_8451665,12.3397288,-1.4961818,138
SHAPE_8451665,12.3402664,-1.495826,139
SHAPE_8451665,12.3418265,-1.4948006,140
SHAPE_8451665,12.3431374,-1.4939109,141
SHAPE_8451665,12.344533,-1.4929567,142
SHAPE_8451665,12.344581,-1.4929239,143
SHAPE_8451665,12.3446113,-1.4929048,144
SHAPE_8451665,12.34568,-1.492205,145
SHAPE_8451665,12.3457899,-1.4921367,146
SHAPE_8451665,12.3466828,-1.4915164,147
SHAPE_8451665,12.3468566,-1.4913881,148
SHAPE_8451665,12.3478653,-1.490709,149
SHAPE_8451665,12.3484155,-1.4903403,150
SHAPE_8451665,12.348808,-1.4901067,151
SHAPE_8451665,12.3490796,-1.4899237,152
SHAPE_8451665,12.3491957,-1.4898454,153
SHAPE_8451665,12.3493988,-1.4897085,154
SHAPE_8451665,12.3494967,-1.489641,155
SHAPE_8451665,12.3495007,-1.4896383,156
SHAPE_8451665,12.3496112,-1.4895611,157
SHAPE_8451665,12.3505923,-1.4888985,158
SHAPE_8451665,12.3512199,-1.4884784,159
SHAPE_8451665,12.3515626,-1.4882597,160
SHAPE_8451665,12.3516893,-1.4881503,161
SHAPE_8451665,12.3519935,-1.4879426,162
SHAPE_8451665,12.3525851,-1.4875635,163
SHAPE_8451665,12.3528653,-1.4873681,164
SHAPE_8451665,12.353605,-1.4868616,165
SHAPE_8451665,12.3540218,-1.4865687,166
SHAPE_8451665,12.3544546,-1.4863093,167
SHAPE_8451665,12.3550382,-1.4859112,168
SHAPE_8451665,12.3552684,-1.485765,169
SHAPE_8451665,12.356818,-1.4847115,170
SHAPE_8451665,12.3578059,-1.4840515,171
SHAPE_8451665,12.3588519,-1.4833411,172
SHAPE_8451665,12.3594629,-1.4829131,173
SHAPE_8451665,12.3598314,-1.4826808,174
SHAPE_8451665,12.359939,-1.4826064,175
SHAPE_8451665,12.3605129,-1.4822122,176
SHAPE_8451665,12.36105,-1.4818523,177
SHAPE_8451665,12.3611701,-1.481773,178
SHAPE_8451665,12.3617405,-1.4813963,179
SHAPE_8451665,12.3623495,-1.480978,180
SHAPE_8451665,12.3623824,-1.4809643,181
SHAPE_8451665,12.3631814,-1.4804265,182
SHAPE_8451665,12.3632857,-1.4803589,183
SHAPE_8451665,12.3637331,-1.4800563,184
SHAPE_8451665,12.3650114,-1.4792097,185
SHAPE_8451665,12.3664137,-1.4782547,186
SHAPE_8451665,12.3673613,-1.4776327,187
SHAPE_8451665,12.3685714,-1.4767966,188
SHAPE_8451665,12.3691024,-1.4764479,189
SHAPE_8451665,12.3700048,-1.4758399,190
SHAPE_8451665,12.370444,-1.47556,191
SHAPE_8451665,12.3714654,-1.4748727,192
SHAPE_8451665,12.3720096,-1.4745001,193
SHAPE_8451665,12.3724838,-1.4741745,194
SHAPE_8451665,12.372938,-1.4738752,195
SHAPE_8451665,12.3732968,-1.4736245,196
SHAPE_8451665,12.3738569,-1.4732404,197
SHAPE_8451665,12.3742097,-1.4730045,198
SHAPE_8451665,12.3743966,-1.4728795,199
SHAPE_8451665,12.3752561,-1.4722946,200
SHAPE_8451665,12.3753267,-1.4722483,201
SHAPE_8451665,12.3753359,-1.4723523,202
SHAPE_8451665,12.3753506,-1.4726522,203
SHAPE_8451665,12.3753645,-1.4731805,204
SHAPE_8451665,12.3753722,-1.4734758,205
SHAPE_8451665,12.3753866,-1.4739302,206
SHAPE_8451665,12.3753962,-1.4741119,207
SHAPE_8451665,12.3754309,-1.4750527,208
SHAPE_8451665,12.3754724,-1.4760702,209
SHAPE_8451665,12.3755418,-1.4778243,210
SHAPE_8451665,12.375592,-1.4793077,211
SHAPE_8451665,12.3756143,-1.4800403,212
SHAPE_8451665,12.3756351,-1.480689,213
SHAPE_8451665,12.3756466,-1.4809556,214
SHAPE_8451665,12.3756685,-1.4814092,215
SHAPE_8451665,12.3756776,-1.4816402,216
SHAPE_8451665,12.37569,-1.4819261,217
SHAPE_8451665,12.3756971,-1.4822385,218
SHAPE_8451665,12.3757007,-1.48243,219
SHAPE_8451665,12.375717,-1.4828865,220
SHAPE_8451665,12.3757387,-1.4836343,221
SHAPE_8451665,12.3757395,-1.4836588,222
SHAPE_8451665,12.3757405,-1.4836877,223
SHAPE_8451665,12.3757994,-1.4854846,224
SHAPE_8451665,12.3758071,-1.4856228,225
SHAPE_8451665,12.3758233,-1.4859776,226
SHAPE_8451665,12.3758751,-1.4875188,227
SHAPE_8451665,12.3758942,-1.4882993,228
SHAPE_8451665,12.3758995,-1.4883884,229
SHAPE_8451665,12.3759417,-1.4893326,230
SHAPE_8451665,12.3759904,-1.4904694,231
SHAPE_8451665,12.376008,-1.4909602,232
SHAPE_8451665,12.3760298,-1.4915535,233
SHAPE_8451665,12.3760573,-1.4926562,234
SHAPE_8451665,12.3760946,-1.4937177,235
SHAPE_8451665,12.3761097,-1.4942039,236
SHAPE_8451665,12.3761322,-1.4947116,237
SHAPE_8451665,12.3761876,-1.4958262,238
SHAPE_8451665,12.3761967,-1.4961737,239
SHAPE_8451665,12.37621,-1.496575,240
SHAPE_8451665,12.3762101,-1.4966876,241
SHAPE_8451665,12.376215,-1.4970844,242
SHAPE_8451665,12.3762029,-1.4974095,243
SHAPE_8451665,12.3761961,-1.4975693,244
SHAPE_8451665,12.376183,-1.4977217,245
SHAPE_8451665,12.3761576,-1.4978995,246
SHAPE_8451665,12.3761458,-1.4979545,247
SHAPE_8451665,12.3759358,-1.498994,248
SHAPE_8451665,12.3757311,-1.4999247,249
SHAPE_8451665,12.3755233,-1.5008658,250
SHAPE_8451665,12.3754646,-1.5011389,251
SHAPE_8451665,12.3753584,-1.5016488,252
SHAPE_8451665,12.3749353,-1.5036289,253
SHAPE_8451665,12.3747594,-1.5043639,254
SHAPE_8451665,12.3745942,-1.5051561,255
SHAPE_8451665,12.3740267,-1.5077267,256
SHAPE_8451665,12.3739974,-1.5079822,257
SHAPE_8451665,12.3748429,-1.5081639,258
SHAPE_8451665,12.3762844,-1.5084738,259
SHAPE_8451665,12.3763994,-1.5084985,260
SHAPE_8451665,12.3767662,-1.5085835,261
SHAPE_8451665,12.3768124,-1.5085941,262
SHAPE_8451665,12.3773963,-1.5087277,263
SHAPE_8451665,12.3785831,-1.5090246,264
SHAPE_8451665,12.3790735,-1.509125,265
SHAPE_8451665,12.3791707,-1.5091449,266
SHAPE_8451665,12.3792728,-1.509153,267
SHAPE_8451665,12.3795213,-1.5092254,268
SHAPE_8451665,12.3795916,-1.5092576,269
SHAPE_8451665,12.3796224,-1.509251,270
SHAPE_8451665,12.3796538,-1.5092545,271
SHAPE_8451665,12.3796826,-1.5092678,272
SHAPE_8451665,12.3797059,-1.5092895,273
SHAPE_8451665,12.3797216,-1.5093175,274
SHAPE_8451665,12.379728,-1.5093491,275
SHAPE_8451665,12.3797246,-1.5093812,276
SHAPE_8451665,12.3797117,-1.5094106,277
SHAPE_8451665,12.3796905,-1.5094346,278
SHAPE_8451665,12.3796631,-1.5094506,279
SHAPE_8451665,12.3796323,-1.5094572,280
SHAPE_8451665,12.3794558,-1.5096773,281
SHAPE_8451665,12.379374,-1.5097462,282
SHAPE_8451665,12.3793322,-1.5098005,283
SHAPE_8451665,12.3791472,-1.5100406,284
SHAPE_8451665,12.3790796,-1.5101599,285
SHAPE_8451665,12.3783457,-1.5110898,286
SHAPE_8451665,12.3777317,-1.5109222,287
SHAPE_8451665,12.3764767,-1.5106467,288
SHAPE_8451665,12.3762926,-1.5106063,289
SHAPE_8451665,12.3759276,-1.5105227,290
SHAPE_8451665,12.3758931,-1.5105147,291
SHAPE_8451665,12.3758001,-1.5104937,292
SHAPE_8451665,12.3747955,-1.5102668,293
SHAPE_8451665,12.3743321,-1.5101706,294
SHAPE_8451665,12.3741711,-1.5101728,295
SHAPE_8451665,12.3740882,-1.5101548,296
SHAPE_8451665,12.3737877,-1.5101033,297
SHAPE_8451665,12.3736661,-1.510109,298
SHAPE_8451665,12.3735783,-1.5101477,299
SHAPE_8451665,12.3734908,-1.5102505,300
SHAPE_8451665,12.3734488,-1.5103633,301
SHAPE_8451665,12.3733212,-1.5109381,302
SHAPE_8451665,12.3732307,-1.5113678,303
SHAPE_8451665,12.3731601,-1.5117032,304
SHAPE_8451665,12.3730313,-1.512237,305
SHAPE_8451665,12.3728967,-1.5128344,306
SHAPE_8451665,12.3728013,-1.5133837,307
SHAPE_8451665,12.3726725,-1.5139529,308
SHAPE_8451665,12.3725621,-1.5145126,309
SHAPE_8451665,12.3724402,-1.5150665,310
SHAPE_8451665,12.3723791,-1.5153803,311
SHAPE_8451665,12.3723271,-1.5156161,312
SHAPE_8451665,12.3722104,-1.5162119,313
SHAPE_8451665,12.3719878,-1.5172297,314
SHAPE_8451665,12.3718594,-1.5178318,315
SHAPE_8451665,12.3717622,-1.5182695,316
SHAPE_8451665,12.3716897,-1.518581,317
SHAPE_8451665,12.3715152,-1.5192933,318
SHAPE_8451665,12.3715056,-1.5193639,319
SHAPE_8451665,12.371497,-1.5194182,320
SHAPE_8451665,12.3714473,-1.5195307,321
SHAPE_8451665,12.3714647,-1.5195404,322
SHAPE_8451665,12.3714806,-1.5195557,323
SHAPE_8451665,12.3714948,-1.519579,324
SHAPE_8451665,12.3715022,-1.5196054,325
SHAPE_8451665,12.3715034,-1.5196296,326
SHAPE_8451665,12.3714966,-1.5196578,327
SHAPE_8451665,12.3714822,-1.5196827,328
SHAPE_8451665,12.3714613,-1.5197023,329
SHAPE_8451665,12.3714422,-1.5197126,330
SHAPE_8451665,12.3714158,-1.5197187,331
SHAPE_8451665,12.3713852,-1.5197892,332
SHAPE_8451665,12.3713495,-1.5198768,333
SHAPE_8451665,12.371305,-1.5199887,334
SHAPE_8451665,12.3712487,-1.5201386,335
SHAPE_8451665,12.3712236,-1.5203341,336
SHAPE_8451665,12.3711755,-1.5206,337
SHAPE_8451665,12.3711402,-1.5208406,338
SHAPE_8451665,12.3710059,-1.5214663,339
SHAPE_8451665,12.3709175,-1.5218686,340
SHAPE_8451665,12.3707846,-1.5225064,341
SHAPE_8451665,12.3707663,-1.5225982,342
SHAPE_8451665,12.3707516,-1.5226996,343
SHAPE_8451665,12.3706903,-1.5229587,344
SHAPE_8451665,12.3706235,-1.5232815,345
SHAPE_8451665,12.3705053,-1.5238732,346
SHAPE_8451665,12.3703483,-1.5245194,347
SHAPE_8451665,12.3702691,-1.5248774,348
SHAPE_8451665,12.3705499,-1.5249554,349
SHAPE_8451665,12.3708544,-1.52504,350
SHAPE_8451665,12.3714297,-1.5251948,351
SHAPE_8451665,12.3719257,-1.5253282,352
SHAPE_8451665,12.3721875,-1.5254,353
SHAPE_8451665,12.3726313,-1.5255218,354
SHAPE_8451665,12.3729406,-1.5257906,355
SHAPE_8451665,12.3729989,-1.5257877,356
SHAPE_8451665,12.3730585,-1.5257941,357
SHAPE_8451665,12.3731169,-1.5258082,358
SHAPE_8451665,12.3731713,-1.5258289,359
SHAPE_8451665,12.373223,-1.5258563,360
SHAPE_8451665,12.3732709,-1.5258898,361
SHAPE_8451665,12.3733146,-1.5259291,362
SHAPE_8451665,12.3733532,-1.5259736,363
SHAPE_8451665,12.3733862,-1.5260225,364
SHAPE_8451665,12.3734132,-1.5260752,365
SHAPE_8451665,12.3734338,-1.5261308,366
SHAPE_8451665,12.3734475,-1.5261886,367
SHAPE_8451665,12.3734542,-1.5262465,368
SHAPE_8451665,12.3734542,-1.5263047,369
SHAPE_8451665,12.3734473,-1.5263626,370
SHAPE_8451665,12.3734338,-1.5264192,371
SHAPE_8451665,12.3734137,-1.5264737,372
SHAPE_8451665,12.3733875,-1.5265254,373
SHAPE_8451665,12.3733554,-1.5265735,374
SHAPE_8451665,12.3733227,-1.5266124,375
SHAPE_8451665,12.3732862,-1.5266475,376
SHAPE_8451665,12.3732463,-1.5266785,377
SHAPE_8451665,12.3732034,-1.526705,378
SHAPE_8451665,12.3731454,-1.5267319,379
SHAPE_8451665,12.3730843,-1.5267506,380
SHAPE_8451665,12.3730214,-1.5267608,381
SHAPE_8451665,12.3729577,-1.5267623,382
SHAPE_8451665,12.372897,-1.5267555,383
SHAPE_8451665,12.3728377,-1.5267409,384
SHAPE_8451665,12.3727807,-1.5267186,385
SHAPE_8451665,12.3726455,-1.5267135,386
SHAPE_8453469,12.3756718,-1.5134733,1
SHAPE_8453469,12.3762911,-1.5136307,2
SHAPE_8453469,12.3752767,-1.5148757,3
SHAPE_8453469,12.3748439,-1.5154089,4
SHAPE_8453469,12.3746961,-1.5155884,5
SHAPE_8453469,12.3739035,-1.5166146,6
SHAPE_8453469,12.3732308,-1.5174487,7
SHAPE_8453469,12.3730184,-1.5176956,8
SHAPE_8453469,12.3721703,-1.518778,9
SHAPE_8453469,12.3719805,-1.5190083,10
SHAPE_8453469,12.3717168,-1.5193245,11
SHAPE_8453469,12.3716831,-1.5193919,12
SHAPE_8453469,12.3715998,-1.5194983,13
SHAPE_8453469,12.3715563,-1.5195488,14
SHAPE_8453469,12.3715022,-1.5196054,15
SHAPE_8453469,12.3714948,-1.519579,16
SHAPE_8453469,12.3714806,-1.5195557,17
SHAPE_8453469,12.3714647,-1.5195404,18
SHAPE_8453469,12.3715022,-1.5196054,19
SHAPE_8453469,12.3715034,-1.5196296,20
SHAPE_8453469,12.3714966,-1.5196578,21
SHAPE_8453469,12.3714822,-1.5196827,22
SHAPE_8453469,12.3714613,-1.5197023,23
SHAPE_8453469,12.3714422,-1.5197126,24
SHAPE_8453469,12.3714158,-1.5197187,25
SHAPE_8453469,12.3714003,-1.5197193,26
SHAPE_8453469,12.3713825,-1.5197165,27
SHAPE_8453469,12.3713604,-1.5197094,28
SHAPE_8453469,12.3713381,-1.5196966,29
SHAPE_8453469,12.3713338,-1.5196918,30
SHAPE_8453469,12.3713285,-1.5196847,31
SHAPE_8453469,12.3713167,-1.5196625,32
SHAPE_8453469,12.3713123,-1.5196364,33
SHAPE_8453469,12.3713112,-1.5196107,34
SHAPE_8453469,12.3713162,-1.5195855,35
SHAPE_8453469,12.3713269,-1.5195622,36
SHAPE_8453469,12.3713427,-1.5195423,37
SHAPE_8453469,12.3713548,-1.5195321,38
SHAPE_8453469,12.3713812,-1.519524,39
SHAPE_8453469,12.3714029,-1.5195206,40
SHAPE_8453469,12.371421,-1.5195216,41
SHAPE_8453469,12.3714408,-1.5195276,42
SHAPE_8453469,12.3714473,-1.5195307,43
SHAPE_8453469,12.3714647,-1.5195404,44
SHAPE_8453469,12.3714158,-1.5197187,45
SHAPE_8453469,12.3713852,-1.5197892,46
SHAPE_8453469,12.3713495,-1.5198768,47
SHAPE_8453469,12.371305,-1.5199887,48
SHAPE_8453469,12.3712487,-1.5201386,49
SHAPE_8453469,12.3712236,-1.5203341,50
SHAPE_8453469,12.3711755,-1.5206,51
SHAPE_8453469,12.3711402,-1.5208406,52
SHAPE_8453469,12.3710059,-1.5214663,53
SHAPE_8453469,12.3709175,-1.5218686,54
SHAPE_8453469,12.3707846,-1.5225064,55
SHAPE_8453469,12.3707663,-1.5225982,56
SHAPE_8453469,12.3707516,-1.5226996,57
SHAPE_8453469,12.3706903,-1.5229587,58
SHAPE_8453469,12.3706235,-1.5232815,59
SHAPE_8453469,12.3705053,-1.5238732,60
SHAPE_8453469,12.3703483,-1.5245194,61
SHAPE_8453469,12.3702691,-1.5248774,62
SHAPE_8453469,12.3705499,-1.5249554,63
SHAPE_8453469,12.3708544,-1.52504,64
SHAPE_8453469,12.3714297,-1.5251948,65
SHAPE_8453469,12.3719257,-1.5253282,66
SHAPE_8453469,12.3721875,-1.5254,67
SHAPE_8453469,12.3726313,-1.5255218,68
SHAPE_8453469,12.3729406,-1.5257906,69
SHAPE_8453469,12.3729989,-1.5257877,70
SHAPE_8453469,12.3730585,-1.5257941,71
SHAPE_8453469,12.3731169,-1.5258082,72
SHAPE_8453469,12.3731713,-1.5258289,73
SHAPE_8453469,12.373223,-1.5258563,74
SHAPE_8453469,12.3732709,-1.5258898,75
SHAPE_8453469,12.3733146,-1.5259291,76
SHAPE_8453469,12.3733532,-1.5259736,77
SHAPE_8453469,12.3733862,-1.5260225,78
SHAPE_8453469,12.3734132,-1.5260752,79
SHAPE_8453469,12.3734338,-1.5261308,80
SHAPE_8453469,12.3734475,-1.5261886,81
SHAPE_8453469,12.3734542,-1.5262465,82
SHAPE_8453469,12.3734542,-1.5263047,83
SHAPE_8453469,12.3734473,-1.5263626,84
SHAPE_8453469,12.3734338,-1.5264192,85
SHAPE_8453469,12.3734137,-1.5264737,86
SHAPE_8453469,12.3733875,-1.5265254,87
SHAPE_8453469,12.3733554,-1.5265735,88
SHAPE_8453469,12.3733227,-1.5266124,89
SHAPE_8453469,12.3732862,-1.5266475,90
SHAPE_8453469,12.3732463,-1.5266785,91
SHAPE_8453469,12.3732034,-1.526705,92
SHAPE_8453469,12.3731454,-1.5267319,93
SHAPE_8453469,12.3730843,-1.5267506,94
SHAPE_8453469,12.3730214,-1.5267608,95
SHAPE_8453469,12.3729577,-1.5267623,96
SHAPE_8453469,12.372897,-1.5267555,97
SHAPE_8453469,12.3728377,-1.5267409,98
SHAPE_8453469,12.3727807,-1.5267186,99
SHAPE_8453469,12.3726455,-1.5267135,100
SHAPE_8453469,12.3722795,-1.5267128,101
SHAPE_8453469,12.3721258,-1.5266927,102
SHAPE_8453469,12.3718285,-1.5266364,103
SHAPE_8453469,12.3707551,-1.526342,104
SHAPE_8453469,12.3703274,-1.526222,105
SHAPE_8453469,12.3699947,-1.5261287,106
SHAPE_8453469,12.3699581,-1.5262699,107
SHAPE_8453469,12.3698695,-1.5264519,108
SHAPE_8453469,12.3697207,-1.5266933,109
SHAPE_8453469,12.3695802,-1.5268972,110
SHAPE_8453469,12.369486,-1.5270217,111
SHAPE_8453469,12.3692716,-1.52725,112
SHAPE_8453469,12.369149,-1.5273804,113
SHAPE_8453469,12.369079,-1.527451,114
SHAPE_8453469,12.3689821,-1.5275107,115
SHAPE_8453469,12.3688979,-1.5275479,116
SHAPE_8453469,12.3688224,-1.5275767,117
SHAPE_8453469,12.3687911,-1.5275841,118
SHAPE_8453469,12.3686965,-1.5276636,119
SHAPE_8453469,12.3686182,-1.5277486,120
SHAPE_8453469,12.3685273,-1.5278567,121
SHAPE_8453469,12.3684958,-1.5279861,122
SHAPE_8453469,12.3684472,-1.5281701,123
SHAPE_8453469,12.3683843,-1.5283517,124
SHAPE_8453469,12.368344,-1.5285755,125
SHAPE_8453469,12.3682466,-1.529008,126
SHAPE_8453469,12.3682233,-1.529104,127
SHAPE_8453469,12.368202,-1.5293647,128
SHAPE_8453469,12.3681608,-1.5295734,129
SHAPE_8453469,12.3681239,-1.5298012,130
SHAPE_8453469,12.3681231,-1.5299838,131
SHAPE_8453469,12.3680928,-1.5301669,132
SHAPE_8453469,12.3679886,-1.5308036,133
SHAPE_8453469,12.3679821,-1.5308466,134
SHAPE_8453469,12.3679715,-1.5309069,135
SHAPE_8453469,12.3678933,-1.5310285,136
SHAPE_8453469,12.3678854,-1.5310266,137
SHAPE_8453469,12.3678777,-1.5310239,138
SHAPE_8453469,12.3678704,-1.5310204,139
SHAPE_8453469,12.3678634,-1.5310161,140
SHAPE_8453469,12.3678569,-1.5310111,141
SHAPE_8453469,12.367851,-1.5310054,142
SHAPE_8453469,12.3678457,-1.5309991,143
SHAPE_8453469,12.3678411,-1.5309923,144
SHAPE_8453469,12.3678372,-1.530985,145
SHAPE_8453469,12.367834,-1.5309773,146
SHAPE_8453469,12.3678317,-1.5309694,147
SHAPE_8453469,12.3678302,-1.5309612,148
SHAPE_8453469,12.3678295,-1.5309529,149
SHAPE_8453469,12.3678297,-1.5309446,150
SHAPE_8453469,12.3678933,-1.5310285,151
SHAPE_8453469,12.3679043,-1.5310297,152
SHAPE_8453469,12.3679128,-1.5310295,153
SHAPE_8453469,12.3679213,-1.5310283,154
SHAPE_8453469,12.3679296,-1.5310262,155
SHAPE_8453469,12.3679376,-1.5310232,156
SHAPE_8453469,12.3679453,-1.5310193,157
SHAPE_8453469,12.3679525,-1.5310145,158
SHAPE_8453469,12.3679591,-1.531009,159
SHAPE_8453469,12.3679651,-1.5310027,160
SHAPE_8453469,12.3679703,-1.5309958,161
SHAPE_8453469,12.3679748,-1.5309883,162
SHAPE_8453469,12.3679785,-1.5309804,163
SHAPE_8453469,12.3679813,-1.5309721,164
SHAPE_8453469,12.3679832,-1.5309636,165
SHAPE_8453469,12.3679841,-1.5309549,166
SHAPE_8453469,12.3679841,-1.5309465,167
SHAPE_8453469,12.3679833,-1.5309381,168
SHAPE_8453469,12.3679816,-1.5309299,169
SHAPE_8453469,12.367979,-1.5309219,170
SHAPE_8453469,12.3679756,-1.5309142,171
SHAPE_8453469,12.3679715,-1.5309069,172
SHAPE_8453469,12.3679659,-1.5308994,173
SHAPE_8453469,12.3679596,-1.5308925,174
SHAPE_8453469,12.3679525,-1.5308865,175
SHAPE_8453469,12.3679447,-1.5308814,176
SHAPE_8453469,12.3679364,-1.5308773,177
SHAPE_8453469,12.3679277,-1.5308742,178
SHAPE_8453469,12.3679187,-1.5308722,179
SHAPE_8453469,12.3679095,-1.5308713,180
SHAPE_8453469,12.3679003,-1.5308716,181
SHAPE_8453469,12.3678912,-1.5308729,182
SHAPE_8453469,12.3678823,-1.5308754,183
SHAPE_8453469,12.3678737,-1.5308789,184
SHAPE_8453469,12.3678656,-1.5308835,185
SHAPE_8453469,12.3678581,-1.5308889,186
SHAPE_8453469,12.3678523,-1.5308943,187
SHAPE_8453469,12.367847,-1.5309003,188
SHAPE_8453469,12.3678423,-1.5309068,189
SHAPE_8453469,12.3678383,-1.5309138,190
SHAPE_8453469,12.367835,-1.5309211,191
SHAPE_8453469,12.3678324,-1.5309287,192
SHAPE_8453469,12.3678307,-1.5309366,193
SHAPE_8453469,12.3678297,-1.5309446,194
SHAPE_8453469,12.3678933,-1.5310285,195
SHAPE_8453469,12.3678474,-1.5310891,196
SHAPE_8453469,12.3677975,-1.5311545,197
SHAPE_8453469,12.3677055,-1.531245,198
SHAPE_8453469,12.3675743,-1.5313463,199
SHAPE_8453469,12.3675581,-1.531367,200
SHAPE_8453469,12.3674134,-1.5315121,201
SHAPE_8453469,12.3672056,-1.5317471,202
SHAPE_8453469,12.3669933,-1.5319518,203
SHAPE_8453469,12.3668048,-1.5321493,204
SHAPE_8453469,12.3658586,-1.533148,205
SHAPE_8453469,12.3654955,-1.5335409,206
SHAPE_8453469,12.3654591,-1.5335794,207
SHAPE_8453469,12.3651544,-1.533912,208
SHAPE_8453469,12.3651009,-1.5339756,209
SHAPE_8453469,12.365012,-1.534103,210
SHAPE_8453469,12.3650031,-1.5341307,211
SHAPE_8453469,12.3649893,-1.5341563,212
SHAPE_8453469,12.3649712,-1.5341787,213
SHAPE_8453469,12.3649492,-1.5341974,214
SHAPE_8453469,12.3649243,-1.5342115,215
SHAPE_8453469,12.364831,-1.534267,216
SHAPE_8453469,12.3647809,-1.5343042,217
SHAPE_8453469,12.3647212,-1.5343683,218
SHAPE_8453469,12.364636,-1.5344767,219
SHAPE_8453469,12.3642906,-1.5349763,220
SHAPE_8453469,12.3642378,-1.5350527,221
SHAPE_8453469,12.3639658,-1.535478,222
SHAPE_8453469,12.3632959,-1.5365819,223
SHAPE_8453469,12.3631522,-1.5368241,224
SHAPE_8453469,12.3625,-1.5378817,225
SHAPE_8453469,12.3622455,-1.5383046,226
SHAPE_8453469,12.362064,-1.5386027,227
SHAPE_8453469,12.3620341,-1.5386535,228
SHAPE_8453469,12.3619488,-1.5387945,229
SHAPE_8453469,12.3619036,-1.5388665,230
SHAPE_8453469,12.3618362,-1.5389763,231
SHAPE_8453469,12.3616887,-1.5392339,232
SHAPE_8453469,12.3614804,-1.5395772,233
SHAPE_8453469,12.3611269,-1.5401512,234
SHAPE_8453469,12.3610221,-1.5403358,235
SHAPE_8453469,12.3609865,-1.5403986,236
SHAPE_8453469,12.360944,-1.5404684,237
SHAPE_8453469,12.3606826,-1.540909,238
SHAPE_8453469,12.3605372,-1.5411584,239
SHAPE_8453469,12.3602873,-1.5415855,240
SHAPE_8453469,12.3602717,-1.541612,241
SHAPE_8453469,12.3601677,-1.5417748,242
SHAPE_8453469,12.360062,-1.541943,243
SHAPE_8453469,12.359976,-1.5420858,244
SHAPE_8453469,12.359592,-1.542741,245
SHAPE_8453469,12.3595617,-1.5427927,246
SHAPE_8453469,12.3594889,-1.542917,247
SHAPE_8453469,12.3596321,-1.5429488,248
SHAPE_8453469,12.3622196,-1.5435251,249
SHAPE_8453469,12.3627688,-1.5436491,250
SHAPE_8453469,12.3630406,-1.5437105,251
SHAPE_8453469,12.3639561,-1.5439081,252
SHAPE_8453469,12.3644222,-1.5440152,253
SHAPE_8453469,12.3655474,-1.5442655,254
SHAPE_8453469,12.3668448,-1.5445608,255
SHAPE_8453469,12.367547,-1.5447204,256
SHAPE_8453469,12.3678417,-1.5447848,257
SHAPE_8453469,12.367998,-1.5448352,258
SHAPE_8453469,12.3680389,-1.5448424,259
SHAPE_8453469,12.3680767,-1.5448541,260
SHAPE_8453469,12.3681115,-1.5448747,261
SHAPE_8453469,12.3681517,-1.5449115,262
SHAPE_8453469,12.3681815,-1.5449575,263
SHAPE_8453469,12.368199,-1.5450097,264
SHAPE_8453469,12.368203,-1.5450648,265
SHAPE_8453469,12.368192,-1.5451311,266
SHAPE_8453469,12.3681705,-1.5451691,267
SHAPE_8453469,12.3681325,-1.5452149,268
SHAPE_8453469,12.3680836,-1.5452483,269
SHAPE_8453469,12.3679734,-1.5453842,270
SHAPE_8453469,12.3679354,-1.5454379,271
SHAPE_8453469,12.3678994,-1.5455063,272
SHAPE_8453469,12.3677448,-1.54626,273
SHAPE_8453469,12.3676891,-1.5465119,274
SHAPE_8453469,12.367536,-1.5472044,275
SHAPE_8453469,12.3674828,-1.5474448,276
SHAPE_8453469,12.3673233,-1.5482029,277
SHAPE_8453469,12.3672365,-1.548674,278
SHAPE_8453469,12.3671749,-1.5492158,279
SHAPE_8453469,12.3671409,-1.549771,280
SHAPE_8453469,12.3671027,-1.550378,281
SHAPE_8453469,12.3671006,-1.550412,282
SHAPE_8453469,12.3670983,-1.5504476,283
SHAPE_8453469,12.366214,-1.5503877,284
SHAPE_8453469,12.3659647,-1.5503659,285
SHAPE_8453469,12.3654392,-1.5503198,286
SHAPE_8453469,12.3646798,-1.5502599,287
SHAPE_8453469,12.3643715,-1.5502386,288
SHAPE_8453469,12.363571,-1.5501798,289
SHAPE_8453469,12.3631985,-1.5501478,290
SHAPE_8453469,12.3628445,-1.5501186,291
SHAPE_8453469,12.3621898,-1.5500683,292
SHAPE_8453469,12.361561,-1.5500198,293
SHAPE_8453469,12.3608864,-1.5499659,294
SHAPE_8453469,12.3603812,-1.5499282,295
SHAPE_8453469,12.3600836,-1.549906,296
SHAPE_8453469,12.3596597,-1.5498653,297
SHAPE_8453469,12.3595807,-1.549854,298
SHAPE_8453469,12.3595042,-1.5498277,299
SHAPE_8453469,12.3594419,-1.5497986,300
SHAPE_8453469,12.3588928,-1.5494449,301
SHAPE_8453469,12.3580631,-1.5489378,302
SHAPE_8453469,12.3579405,-1.548845,303
SHAPE_8453469,12.3572793,-1.5484431,304
SHAPE_8453469,12.3564659,-1.547938,305
SHAPE_8453469,12.3560894,-1.548564,306
SHAPE_8453469,12.3558356,-1.5489751,307
SHAPE_8453469,12.3557569,-1.549111,308
SHAPE_8453469,12.3553963,-1.5497338,309
SHAPE_8453469,12.3543568,-1.5514398,310
SHAPE_8453469,12.3542676,-1.5515985,311
SHAPE_8453469,12.3540336,-1.5518979,312
SHAPE_8453469,12.3538615,-1.5522324,313
SHAPE_8453469,12.3530557,-1.5536445,314
SHAPE_8453469,12.3528831,-1.5539289,315
SHAPE_8453469,12.3516766,-1.5559549,316
SHAPE_8453469,12.351148,-1.5568254,317
SHAPE_8453469,12.3508747,-1.5572754,318
SHAPE_8453469,12.3503325,-1.558186,319
SHAPE_8453469,12.3493743,-1.5597352,320
SHAPE_8453469,12.349258,-1.5599329,321
SHAPE_8453469,12.349131,-1.560172,322
SHAPE_8453469,12.3490772,-1.5602769,323
SHAPE_8453469,12.348588,-1.5610455,324
SHAPE_8453469,12.3484454,-1.5612746,325
SHAPE_8453469,12.3483017,-1.5615078,326
SHAPE_8453469,12.3481535,-1.5617568,327
SHAPE_8453469,12.347897,-1.5621869,328
SHAPE_8453469,12.347584,-1.5627007,329
SHAPE_8453469,12.347497,-1.5628443,330
SHAPE_8453469,12.3474136,-1.5629835,331
SHAPE_8453469,12.3470058,-1.5636539,332
SHAPE_8453469,12.3469215,-1.5637897,333
SHAPE_8453469,12.3466696,-1.5641904,334
SHAPE_8453469,12.3463134,-1.5647989,335
SHAPE_8453469,12.346259,-1.5648733,336
SHAPE_8453469,12.3454511,-1.5662414,337
SHAPE_8453469,12.3453604,-1.5663931,338
SHAPE_8453469,12.344826,-1.5673305,339
SHAPE_8453469,12.3446412,-1.5676611,340
SHAPE_8453469,12.3444622,-1.5679747,341
SHAPE_8453469,12.3442859,-1.56836,342
SHAPE_8453469,12.3440518,-1.5687354,343
SHAPE_8453469,12.3438657,-1.5691163,344
SHAPE_8453469,12.3437264,-1.5694604,345
SHAPE_8453469,12.3435693,-1.569886,346
SHAPE_8453469,12.343419,-1.570289,347
SHAPE_8453469,12.3433012,-1.5706207,348
SHAPE_8453469,12.3432398,-1.57083,349
SHAPE_8453469,12.3431337,-1.5711719,350
SHAPE_8453469,12.3429943,-1.5716473,351
SHAPE_8453469,12.3429722,-1.5717401,352
SHAPE_8453469,12.3428749,-1.5721136,353
SHAPE_8453469,12.3427467,-1.5726405,354
SHAPE_8453469,12.3426537,-1.5726107,355
SHAPE_8453469,12.3425015,-1.5725475,356
SHAPE_8453469,12.3421845,-1.5724263,357
SHAPE_8453469,12.3419729,-1.572329,358
SHAPE_8453469,12.3417238,-1.5722044,359
SHAPE_8453469,12.3416638,-1.5721716,360
SHAPE_8453469,12.3414201,-1.5720273,361
SHAPE_8453469,12.3412019,-1.5719005,362
SHAPE_8453469,12.3410843,-1.5718293,363
SHAPE_8453469,12.3409146,-1.571715,364
SHAPE_8453469,12.3403834,-1.5713869,365
SHAPE_8453469,12.3400713,-1.571926,366
SHAPE_8453469,12.3394325,-1.5729352,367
SHAPE_8453469,12.3392574,-1.5732108,368
SHAPE_8453469,12.3386431,-1.5742225,369
SHAPE_8453469,12.3384601,-1.5745286,370
SHAPE_8453469,12.3383268,-1.5747496,371
SHAPE_8453469,12.3381461,-1.5750462,372
SHAPE_8453469,12.3380182,-1.5752642,373
SHAPE_8453469,12.3377606,-1.5756802,374
SHAPE_8453469,12.3377127,-1.5757589,375
SHAPE_8453469,12.3374102,-1.5762564,376
SHAPE_8453469,12.3371397,-1.5767013,377
SHAPE_8453469,12.3366889,-1.5774184,378
SHAPE_8453469,12.3360246,-1.5781148,379
SHAPE_8453469,12.3354998,-1.5786212,380
SHAPE_8453469,12.3353624,-1.5787861,381
SHAPE_8453469,12.3353017,-1.578868,382
SHAPE_8453469,12.3350253,-1.5792411,383
SHAPE_8453469,12.3349683,-1.5793186,384
SHAPE_8453469,12.3349152,-1.5793975,385
SHAPE_8453469,12.3348922,-1.5794331,386
SHAPE_8453469,12.3346683,-1.5797543,387
SHAPE_8453469,12.3343738,-1.580184,388
SHAPE_8453469,12.3343219,-1.5802715,389
SHAPE_8453469,12.3340717,-1.5806295,390
SHAPE_8453469,12.3337746,-1.58101,391
SHAPE_8453469,12.333565,-1.5814129,392
SHAPE_8453469,12.3333765,-1.5818262,393
SHAPE_8453469,12.3331785,-1.5822158,394
SHAPE_8453469,12.3329191,-1.5826093,395
SHAPE_8453469,12.3326157,-1.5830772,396
SHAPE_8453469,12.3322224,-1.5836751,397
SHAPE_8453469,12.3320424,-1.5839323,398
SHAPE_8453469,12.3318895,-1.5841658,399
SHAPE_8453469,12.3315621,-1.584644,400
SHAPE_8453469,12.3315153,-1.5847186,401
SHAPE_8453469,12.3314217,-1.5848637,402
SHAPE_8453469,12.3313392,-1.5849736,403
SHAPE_8453469,12.331215,-1.5851523,404
SHAPE_8453469,12.3311167,-1.585233,405
SHAPE_8453469,12.3309147,-1.5853948,406
SHAPE_8453469,12.3305742,-1.5856346,407
SHAPE_8453469,12.3303466,-1.5858073,408
SHAPE_8453469,12.3299579,-1.5861098,409
SHAPE_8453469,12.3280434,-1.5873806,410
SHAPE_8453469,12.3274798,-1.5877623,411
SHAPE_8453469,12.3267106,-1.5882688,412
SHAPE_8453469,12.3262839,-1.5885525,413
SHAPE_8453469,12.3261349,-1.5886539,414
SHAPE_8453469,12.3259929,-1.5887433,415
SHAPE_8453469,12.3258112,-1.5888738,416
SHAPE_8453469,12.3255616,-1.5890392,417
SHAPE_8453469,12.3253702,-1.5891619,418
SHAPE_8453469,12.3248762,-1.5894844,419
SHAPE_8453469,12.3248029,-1.5895336,420
SHAPE_8453469,12.3245993,-1.5896662,421
SHAPE_8453480,12.3261349,-1.5886539,1
SHAPE_8453480,12.3259929,-1.5887433,2
SHAPE_8453480,12.3258112,-1.5888738,3
SHAPE_8453480,12.3255616,-1.5890392,4
SHAPE_8453480,12.3253702,-1.5891619,5
SHAPE_8453480,12.3248762,-1.5894844,6
SHAPE_8453480,12.3248029,-1.5895336,7
SHAPE_8453480,12.3245993,-1.5896662,8
SHAPE_8453480,12.3261349,-1.5886539,9
SHAPE_8453480,12.3262839,-1.5885525,10
SHAPE_8453480,12.3267106,-1.5882688,11
SHAPE_8453480,12.3274798,-1.5877623,12
SHAPE_8453480,12.3280434,-1.5873806,13
SHAPE_8453480,12.3299579,-1.5861098,14
SHAPE_8453480,12.3303466,-1.5858073,15
SHAPE_8453480,12.3305742,-1.5856346,16
SHAPE_8453480,12.3309147,-1.5853948,17
SHAPE_8453480,12.3311167,-1.585233,18
SHAPE_8453480,12.331215,-1.5851523,19
SHAPE_8453480,12.3313392,-1.5849736,20
SHAPE_8453480,12.3314217,-1.5848637,21
SHAPE_8453480,12.3315153,-1.5847186,22
SHAPE_8453480,12.3315621,-1.584644,23
SHAPE_8453480,12.3318895,-1.5841658,24
SHAPE_8453480,12.3320424,-1.5839323,25
SHAPE_8453480,12.3322224,-1.5836751,26
SHAPE_8453480,12.3326157,-1.5830772,27
SHAPE_8453480,12.3329191,-1.5826093,28
SHAPE_8453480,12.3331785,-1.5822158,29
SHAPE_8453480,12.3333765,-1.5818262,30
SHAPE_8453480,12.333565,-1.5814129,31
SHAPE_8453480,12.3337746,-1.58101,32
SHAPE_8453480,12.3340717,-1.5806295,33
SHAPE_8453480,12.3343219,-1.5802715,34
SHAPE_8453480,12.3343738,-1.580184,35
SHAPE_8453480,12.3346683,-1.5797543,36
SHAPE_8453480,12.3348922,-1.5794331,37
SHAPE_8453480,12.3349152,-1.5793975,38
SHAPE_8453480,12.3349683,-1.5793186,39
SHAPE_8453480,12.3350253,-1.5792411,40
SHAPE_8453480,12.3353017,-1.578868,41
SHAPE_8453480,12.3353624,-1.5787861,42
SHAPE_8453480,12.3354998,-1.5786212,43
SHAPE_8453480,12.3360246,-1.5781148,44
SHAPE_8453480,12.3366889,-1.5774184,45
SHAPE_8453480,12.3371397,-1.5767013,46
SHAPE_8453480,12.3374102,-1.5762564,47
SHAPE_8453480,12.3377127,-1.5757589,48
SHAPE_8453480,12.3377606,-1.5756802,49
SHAPE_8453480,12.3380182,-1.5752642,50
SHAPE_8453480,12.3381461,-1.5750462,51
SHAPE_8453480,12.3383268,-1.5747496,52
SHAPE_8453480,12.3384601,-1.5745286,53
SHAPE_8453480,12.3386431,-1.5742225,54
SHAPE_8453480,12.3392574,-1.5732108,55
SHAPE_8453480,12.3394325,-1.5729352,56
SHAPE_8453480,12.3400713,-1.571926,57
SHAPE_8453480,12.3403834,-1.5713869,58
SHAPE_8453480,12.3409146,-1.571715,59
SHAPE_8453480,12.3410843,-1.5718293,60
SHAPE_8453480,12.3412019,-1.5719005,61
SHAPE_8453480,12.3414201,-1.5720273,62
SHAPE_8453480,12.3416638,-1.5721716,63
SHAPE_8453480,12.3417238,-1.5722044,64
SHAPE_8453480,12.3419729,-1.572329,65
SHAPE_8453480,12.3421845,-1.5724263,66
SHAPE_8453480,12.3425015,-1.5725475,67
SHAPE_8453480,12.3426537,-1.5726107,68
SHAPE_8453480,12.342851,-1.5717329,69
SHAPE_8453480,12.3428708,-1.5716629,70
SHAPE_8453480,12.342883,-1.5716199,71
SHAPE_8453480,12.3431587,-1.5706985,72
SHAPE_8453480,12.3434548,-1.5698673,73
SHAPE_8453480,12.3435027,-1.5697495,74
SHAPE_8453480,12.3438612,-1.5688897,75
SHAPE_8453480,12.3439618,-1.5686792,76
SHAPE_8453480,12.3446064,-1.5674693,77
SHAPE_8453480,12.3447008,-1.5673125,78
SHAPE_8453480,12.345293,-1.5663148,79
SHAPE_8453480,12.3461502,-1.5649088,80
SHAPE_8453480,12.3462064,-1.5648167,81
SHAPE_8453480,12.3462406,-1.5647398,82
SHAPE_8453480,12.3467805,-1.563848,83
SHAPE_8453480,12.3468769,-1.5637297,84
SHAPE_8453480,12.3469147,-1.5636308,85
SHAPE_8453480,12.3471992,-1.5631749,86
SHAPE_8453480,12.3473334,-1.5629455,87
SHAPE_8453480,12.347417,-1.5627976,88
SHAPE_8453480,12.3475117,-1.5626538,89
SHAPE_8453480,12.3478031,-1.5621744,90
SHAPE_8453480,12.3480774,-1.5617027,91
SHAPE_8453480,12.3484761,-1.5610303,92
SHAPE_8453480,12.3487163,-1.560659,93
SHAPE_8453480,12.3489825,-1.5602101,94
SHAPE_8453480,12.3490223,-1.5601471,95
SHAPE_8453480,12.3491837,-1.5598869,96
SHAPE_8453480,12.3495235,-1.559359,97
SHAPE_8453480,12.3498854,-1.5587671,98
SHAPE_8453480,12.3502701,-1.558137,99
SHAPE_8453480,12.350618,-1.5575431,100
SHAPE_8453480,12.3507591,-1.5573136,101
SHAPE_8453480,12.3508721,-1.5571297,102
SHAPE_8453480,12.3509755,-1.5569615,103
SHAPE_8453480,12.3510646,-1.5568165,104
SHAPE_8453480,12.3516269,-1.5559017,105
SHAPE_8453480,12.3528106,-1.5538737,106
SHAPE_8453480,12.3529855,-1.5535693,107
SHAPE_8453480,12.3536739,-1.5524181,108
SHAPE_8453480,12.3541084,-1.5517006,109
SHAPE_8453480,12.3541962,-1.5515601,110
SHAPE_8453480,12.3545933,-1.550869,111
SHAPE_8453480,12.3548258,-1.5504968,112
SHAPE_8453480,12.3553013,-1.5497014,113
SHAPE_8453480,12.355658,-1.5490826,114
SHAPE_8453480,12.3563928,-1.5478881,115
SHAPE_8453480,12.3564361,-1.547815,116
SHAPE_8453480,12.3565125,-1.5478613,117
SHAPE_8453480,12.3573265,-1.548363,118
SHAPE_8453480,12.3579299,-1.5487493,119
SHAPE_8453480,12.3581081,-1.5488634,120
SHAPE_8453480,12.3589372,-1.5493718,121
SHAPE_8453480,12.3594909,-1.5497074,122
SHAPE_8453480,12.359559,-1.5497414,123
SHAPE_8453480,12.3596242,-1.5497624,124
SHAPE_8453480,12.3596982,-1.5497755,125
SHAPE_8453480,12.3600902,-1.5498162,126
SHAPE_8453480,12.3608929,-1.5498816,127
SHAPE_8453480,12.3612169,-1.5499055,128
SHAPE_8453480,12.3615686,-1.5499314,129
SHAPE_8453480,12.3621979,-1.5499802,130
SHAPE_8453480,12.3628512,-1.5500309,131
SHAPE_8453480,12.3633019,-1.55007,132
SHAPE_8453480,12.3635788,-1.5500911,133
SHAPE_8453480,12.3643836,-1.5501544,134
SHAPE_8453480,12.3646869,-1.5501735,135
SHAPE_8453480,12.3654465,-1.5502328,136
SHAPE_8453480,12.3660003,-1.5502754,137
SHAPE_8453480,12.3662225,-1.5502925,138
SHAPE_8453480,12.3671027,-1.550378,139
SHAPE_8453480,12.3671409,-1.549771,140
SHAPE_8453480,12.3671749,-1.5492158,141
SHAPE_8453480,12.3672365,-1.548674,142
SHAPE_8453480,12.3673233,-1.5482029,143
SHAPE_8453480,12.3674828,-1.5474448,144
SHAPE_8453480,12.367536,-1.5472044,145
SHAPE_8453480,12.3676891,-1.5465119,146
SHAPE_8453480,12.3677448,-1.54626,147
SHAPE_8453480,12.3678994,-1.5455063,148
SHAPE_8453480,12.3678935,-1.5454157,149
SHAPE_8453480,12.3678895,-1.5453648,150
SHAPE_8453480,12.3678817,-1.5453051,151
SHAPE_8453480,12.3678649,-1.5452265,152
SHAPE_8453480,12.3678487,-1.545213,153
SHAPE_8453480,12.3678204,-1.5451801,154
SHAPE_8453480,12.3677991,-1.5451421,155
SHAPE_8453480,12.3677857,-1.5451004,156
SHAPE_8453480,12.3677809,-1.5450414,157
SHAPE_8453480,12.3677918,-1.5449833,158
SHAPE_8453480,12.3677644,-1.5449197,159
SHAPE_8453480,12.3677397,-1.5448833,160
SHAPE_8453480,12.3677212,-1.5448666,161
SHAPE_8453480,12.3676945,-1.5448498,162
SHAPE_8453480,12.3676382,-1.5448276,163
SHAPE_8453480,12.3669623,-1.5446739,164
SHAPE_8453480,12.3662574,-1.5445202,165
SHAPE_8453480,12.3655209,-1.5443662,166
SHAPE_8453480,12.3649388,-1.5442269,167
SHAPE_8453480,12.3644027,-1.5441152,168
SHAPE_8453480,12.3633196,-1.5438657,169
SHAPE_8453480,12.3627445,-1.5437333,170
SHAPE_8453480,12.3624445,-1.5436676,171
SHAPE_8453480,12.3621979,-1.543616,172
SHAPE_8453480,12.3614157,-1.5434447,173
SHAPE_8453480,12.3611501,-1.5433866,174
SHAPE_8453480,12.3602281,-1.543178,175
SHAPE_8453480,12.3594331,-1.5430015,176
SHAPE_8453480,12.3593459,-1.5429822,177
SHAPE_8453480,12.3593963,-1.54289,178
SHAPE_8453480,12.3595188,-1.542684,179
SHAPE_8453480,12.3597039,-1.542365,180
SHAPE_8453480,12.3598854,-1.5420608,181
SHAPE_8453480,12.3599009,-1.5420342,182
SHAPE_8453480,12.3599875,-1.5418861,183
SHAPE_8453480,12.3600921,-1.5417215,184
SHAPE_8453480,12.3601845,-1.5415475,185
SHAPE_8453480,12.3602443,-1.5414513,186
SHAPE_8453480,12.3605149,-1.5410163,187
SHAPE_8453480,12.3606537,-1.5407789,188
SHAPE_8453480,12.3607399,-1.5406374,189
SHAPE_8453480,12.3609118,-1.5403468,190
SHAPE_8453480,12.3609468,-1.5402861,191
SHAPE_8453480,12.3610479,-1.540108,192
SHAPE_8453480,12.361412,-1.5395089,193
SHAPE_8453480,12.3616029,-1.539196,194
SHAPE_8453480,12.361749,-1.5389379,195
SHAPE_8453480,12.3618228,-1.5388341,196
SHAPE_8453480,12.3618593,-1.5387774,197
SHAPE_8453480,12.3619676,-1.5385982,198
SHAPE_8453480,12.3621665,-1.5382513,199
SHAPE_8453480,12.3623909,-1.5378694,200
SHAPE_8453480,12.3625611,-1.5376005,201
SHAPE_8453480,12.3627393,-1.5373188,202
SHAPE_8453480,12.3629122,-1.5370332,203
SHAPE_8453480,12.3630606,-1.53679,204
SHAPE_8453480,12.3632088,-1.5365334,205
SHAPE_8453480,12.3635489,-1.5359724,206
SHAPE_8453480,12.3638887,-1.5353974,207
SHAPE_8453480,12.3641594,-1.535017,208
SHAPE_8453480,12.3642332,-1.5349057,209
SHAPE_8453480,12.3645623,-1.5344259,210
SHAPE_8453480,12.3646791,-1.5342139,211
SHAPE_8453480,12.3646932,-1.5341846,212
SHAPE_8453480,12.364702,-1.5341474,213
SHAPE_8453480,12.3647108,-1.5340813,214
SHAPE_8453480,12.3647088,-1.5340629,215
SHAPE_8453480,12.36472,-1.5340133,216
SHAPE_8453480,12.3647353,-1.5339825,217
SHAPE_8453480,12.3647568,-1.5339559,218
SHAPE_8453480,12.3647834,-1.5339347,219
SHAPE_8453480,12.364814,-1.5339201,220
SHAPE_8453480,12.3648462,-1.5339128,221
SHAPE_8453480,12.3648686,-1.533912,222
SHAPE_8453480,12.3650009,-1.5338819,223
SHAPE_8453480,12.3650979,-1.5338383,224
SHAPE_8453480,12.3652005,-1.5337673,225
SHAPE_8453480,12.3654591,-1.5335794,226
SHAPE_8453480,12.3654955,-1.5335409,227
SHAPE_8453480,12.3658586,-1.533148,228
SHAPE_8453480,12.3668048,-1.5321493,229
SHAPE_8453480,12.3669933,-1.5319518,230
SHAPE_8453480,12.3672056,-1.5317471,231
SHAPE_8453480,12.3674134,-1.5315121,232
SHAPE_8453480,12.3675581,-1.531367,233
SHAPE_8453480,12.3675743,-1.5313463,234
SHAPE_8453480,12.3676387,-1.5312383,235
SHAPE_8453480,12.3677192,-1.5311306,236
SHAPE_8453480,12.3677798,-1.5310407,237
SHAPE_8453480,12.3678297,-1.5309446,238
SHAPE_8453480,12.3678295,-1.5309529,239
SHAPE_8453480,12.3678302,-1.5309612,240
SHAPE_8453480,12.3678317,-1.5309694,241
SHAPE_8453480,12.367834,-1.5309773,242
SHAPE_8453480,12.3678372,-1.530985,243
SHAPE_8453480,12.3678411,-1.5309923,244
SHAPE_8453480,12.3678457,-1.5309991,245
SHAPE_8453480,12.367851,-1.5310054,246
SHAPE_8453480,12.3678569,-1.5310111,247
SHAPE_8453480,12.3678634,-1.5310161,248
SHAPE_8453480,12.3678704,-1.5310204,249
SHAPE_8453480,12.3678777,-1.5310239,250
SHAPE_8453480,12.3678854,-1.5310266,251
SHAPE_8453480,12.3678933,-1.5310285,252
SHAPE_8453480,12.3679043,-1.5310297,253
SHAPE_8453480,12.3679128,-1.5310295,254
SHAPE_8453480,12.3679213,-1.5310283,255
SHAPE_8453480,12.3679296,-1.5310262,256
SHAPE_8453480,12.3679376,-1.5310232,257
SHAPE_8453480,12.3679453,-1.5310193,258
SHAPE_8453480,12.3679525,-1.5310145,259
SHAPE_8453480,12.3679591,-1.531009,260
SHAPE_8453480,12.3679651,-1.5310027,261
SHAPE_8453480,12.3679703,-1.5309958,262
SHAPE_8453480,12.3679748,-1.5309883,263
SHAPE_8453480,12.3679785,-1.5309804,264
SHAPE_8453480,12.3679813,-1.5309721,265
SHAPE_8453480,12.3679832,-1.5309636,266
SHAPE_8453480,12.3679841,-1.5309549,267
SHAPE_8453480,12.3679841,-1.5309465,268
SHAPE_8453480,12.3679833,-1.5309381,269
SHAPE_8453480,12.3679816,-1.5309299,270
SHAPE_8453480,12.367979,-1.5309219,271
SHAPE_8453480,12.3679756,-1.5309142,272
SHAPE_8453480,12.3679715,-1.5309069,273
SHAPE_8453480,12.3679659,-1.5308994,274
SHAPE_8453480,12.3679596,-1.5308925,275
SHAPE_8453480,12.3679525,-1.5308865,276
SHAPE_8453480,12.3679447,-1.5308814,277
SHAPE_8453480,12.3679364,-1.5308773,278
SHAPE_8453480,12.3679277,-1.5308742,279
SHAPE_8453480,12.3679187,-1.5308722,280
SHAPE_8453480,12.3679095,-1.5308713,281
SHAPE_8453480,12.3679003,-1.5308716,282
SHAPE_8453480,12.3678912,-1.5308729,283
SHAPE_8453480,12.3678823,-1.5308754,284
SHAPE_8453480,12.3678737,-1.5308789,285
SHAPE_8453480,12.3678656,-1.5308835,286
SHAPE_8453480,12.3678581,-1.5308889,287
SHAPE_8453480,12.3678523,-1.5308943,288
SHAPE_8453480,12.367847,-1.5309003,289
SHAPE_8453480,12.3678423,-1.5309068,290
SHAPE_8453480,12.3678383,-1.5309138,291
SHAPE_8453480,12.367835,-1.5309211,292
SHAPE_8453480,12.3678324,-1.5309287,293
SHAPE_8453480,12.3678307,-1.5309366,294
SHAPE_8453480,12.3678297,-1.5309446,295
SHAPE_8453480,12.3678581,-1.5308889,296
SHAPE_8453480,12.3678895,-1.5308413,297
SHAPE_8453480,12.3679083,-1.5308013,298
SHAPE_8453480,12.3680275,-1.530145,299
SHAPE_8453480,12.3680486,-1.5300585,300
SHAPE_8453480,12.3680698,-1.5299782,301
SHAPE_8453480,12.3681239,-1.5298012,302
SHAPE_8453480,12.3681608,-1.5295734,303
SHAPE_8453480,12.368202,-1.5293647,304
SHAPE_8453480,12.3682233,-1.529104,305
SHAPE_8453480,12.3682466,-1.529008,306
SHAPE_8453480,12.368344,-1.5285755,307
SHAPE_8453480,12.3683843,-1.5283517,308
SHAPE_8453480,12.3684018,-1.5281631,309
SHAPE_8453480,12.3684146,-1.5279768,310
SHAPE_8453480,12.3684334,-1.5278426,311
SHAPE_8453480,12.3684688,-1.5275938,312
SHAPE_8453480,12.3684574,-1.5275732,313
SHAPE_8453480,12.368452,-1.5275412,314
SHAPE_8453480,12.3684622,-1.5274988,315
SHAPE_8453480,12.3684857,-1.5274657,316
SHAPE_8453480,12.3684984,-1.5274602,317
SHAPE_8453480,12.3685131,-1.5274528,318
SHAPE_8453480,12.3685295,-1.5274485,319
SHAPE_8453480,12.3685601,-1.5274498,320
SHAPE_8453480,12.3685948,-1.5274644,321
SHAPE_8453480,12.3686127,-1.5274777,322
SHAPE_8453480,12.368624,-1.5274938,323
SHAPE_8453480,12.3686312,-1.5275163,324
SHAPE_8453480,12.3686346,-1.5275458,325
SHAPE_8453480,12.3686277,-1.5275775,326
SHAPE_8453480,12.3686107,-1.5276048,327
SHAPE_8453480,12.3685937,-1.5276197,328
SHAPE_8453480,12.3685646,-1.5276326,329
SHAPE_8453480,12.368541,-1.5276352,330
SHAPE_8453480,12.3685099,-1.5276287,331
SHAPE_8453480,12.3684942,-1.5276205,332
SHAPE_8453480,12.3684688,-1.5275938,333
SHAPE_8453480,12.3686127,-1.5274777,334
SHAPE_8453480,12.3688008,-1.5274583,335
SHAPE_8453480,12.3689527,-1.5274364,336
SHAPE_8453480,12.3690599,-1.5274104,337
SHAPE_8453480,12.369149,-1.5273804,338
SHAPE_8453480,12.3692716,-1.52725,339
SHAPE_8453480,12.369486,-1.5270217,340
SHAPE_8453480,12.3695802,-1.5268972,341
SHAPE_8453480,12.3697207,-1.5266933,342
SHAPE_8453480,12.3698695,-1.5264519,343
SHAPE_8453480,12.3699581,-1.5262699,344
SHAPE_8453480,12.3699947,-1.5261287,345
SHAPE_8453480,12.3701272,-1.5255287,346
SHAPE_8453480,12.3702691,-1.5248774,347
SHAPE_8453480,12.3703483,-1.5245194,348
SHAPE_8453480,12.3705053,-1.5238732,349
SHAPE_8453480,12.3706235,-1.5232815,350
SHAPE_8453480,12.3706903,-1.5229587,351
SHAPE_8453480,12.3707516,-1.5226996,352
SHAPE_8453480,12.3707663,-1.5225982,353
SHAPE_8453480,12.3707846,-1.5225064,354
SHAPE_8453480,12.3709175,-1.5218686,355
SHAPE_8453480,12.3710059,-1.5214663,356
SHAPE_8453480,12.3711402,-1.5208406,357
SHAPE_8453480,12.3711755,-1.5206,358
SHAPE_8453480,12.3712236,-1.5203341,359
SHAPE_8453480,12.3712487,-1.5201386,360
SHAPE_8453480,12.3712779,-1.5199837,361
SHAPE_8453480,12.3712976,-1.5198667,362
SHAPE_8453480,12.3713197,-1.5197711,363
SHAPE_8453480,12.3713381,-1.5196966,364
SHAPE_8453480,12.3715022,-1.5196054,365
SHAPE_8453480,12.3714948,-1.519579,366
SHAPE_8453480,12.3714806,-1.5195557,367
SHAPE_8453480,12.3714647,-1.5195404,368
SHAPE_8453480,12.3715022,-1.5196054,369
SHAPE_8453480,12.3715034,-1.5196296,370
SHAPE_8453480,12.3714966,-1.5196578,371
SHAPE_8453480,12.3714822,-1.5196827,372
SHAPE_8453480,12.3714613,-1.5197023,373
SHAPE_8453480,12.3714422,-1.5197126,374
SHAPE_8453480,12.3714158,-1.5197187,375
SHAPE_8453480,12.3714003,-1.5197193,376
SHAPE_8453480,12.3713825,-1.5197165,377
SHAPE_8453480,12.3713604,-1.5197094,378
SHAPE_8453480,12.3713381,-1.5196966,379
SHAPE_8453480,12.3713338,-1.5196918,380
SHAPE_8453480,12.3713285,-1.5196847,381
SHAPE_8453480,12.3713167,-1.5196625,382
SHAPE_8453480,12.3713123,-1.5196364,383
SHAPE_8453480,12.3713112,-1.5196107,384
SHAPE_8453480,12.3713162,-1.5195855,385
SHAPE_8453480,12.3713269,-1.5195622,386
SHAPE_8453480,12.3713427,-1.5195423,387
SHAPE_8453480,12.3713548,-1.5195321,388
SHAPE_8453480,12.3714473,-1.5195307,389
SHAPE_8453480,12.3714647,-1.5195404,390
SHAPE_8453480,12.3714473,-1.5195307,391
SHAPE_8453480,12.3714408,-1.5195276,392
SHAPE_8453480,12.371421,-1.5195216,393
SHAPE_8453480,12.3714029,-1.5195206,394
SHAPE_8453480,12.3713812,-1.519524,395
SHAPE_8453480,12.3713548,-1.5195321,396
SHAPE_8453480,12.3714095,-1.5194332,397
SHAPE_8453480,12.3714317,-1.5193574,398
SHAPE_8453480,12.3714527,-1.5192622,399
SHAPE_8453480,12.3715084,-1.519012,400
SHAPE_8453480,12.3715346,-1.5189188,401
SHAPE_8453480,12.3716175,-1.5185628,402
SHAPE_8453480,12.3716604,-1.5183273,403
SHAPE_8453480,12.3717861,-1.5178191,404
SHAPE_8453480,12.3719138,-1.517219,405
SHAPE_8453480,12.3721404,-1.5161984,406
SHAPE_8453480,12.3722688,-1.5156003,407
SHAPE_8453480,12.3723238,-1.5153482,408
SHAPE_8453480,12.3723867,-1.5150571,409
SHAPE_8453480,12.3724947,-1.5144967,410
SHAPE_8453480,12.372624,-1.5139355,411
SHAPE_8453480,12.372734,-1.5133637,412
SHAPE_8453480,12.3728507,-1.5128359,413
SHAPE_8453480,12.3728967,-1.5128344,414
SHAPE_8453480,12.374166,-1.5131142,415
SHAPE_8453480,12.3746653,-1.5132433,416
SHAPE_8453480,12.3752702,-1.5133827,417
SHAPE_8453480,12.3756718,-1.5134733,418
SHAPE_8454961,12.3756718,-1.5134733,1
SHAPE_8454961,12.3762911,-1.5136307,2
SHAPE_8454961,12.3752767,-1.5148757,3
SHAPE_8454961,12.3748439,-1.5154089,4
SHAPE_8454961,12.3746961,-1.5155884,5
SHAPE_8454961,12.3739035,-1.5166146,6
SHAPE_8454961,12.3732308,-1.5174487,7
SHAPE_8454961,12.3730184,-1.5176956,8
SHAPE_8454961,12.3721703,-1.518778,9
SHAPE_8454961,12.3719805,-1.5190083,10
SHAPE_8454961,12.3717168,-1.5193245,11
SHAPE_8454961,12.3716831,-1.5193919,12
SHAPE_8454961,12.3715998,-1.5194983,13
SHAPE_8454961,12.3715563,-1.5195488,14
SHAPE_8454961,12.3715022,-1.5196054,15
SHAPE_8454961,12.3714948,-1.519579,16
SHAPE_8454961,12.3714806,-1.5195557,17
SHAPE_8454961,12.3714647,-1.5195404,18
SHAPE_8454961,12.3715022,-1.5196054,19
SHAPE_8454961,12.3715034,-1.5196296,20
SHAPE_8454961,12.3714966,-1.5196578,21
SHAPE_8454961,12.3714822,-1.5196827,22
SHAPE_8454961,12.3714613,-1.5197023,23
SHAPE_8454961,12.3714422,-1.5197126,24
SHAPE_8454961,12.3714158,-1.5197187,25
SHAPE_8454961,12.3714003,-1.5197193,26
SHAPE_8454961,12.3713825,-1.5197165,27
SHAPE_8454961,12.3713604,-1.5197094,28
SHAPE_8454961,12.3713381,-1.5196966,29
SHAPE_8454961,12.3713338,-1.5196918,30
SHAPE_8454961,12.3713285,-1.5196847,31
SHAPE_8454961,12.3713167,-1.5196625,32
SHAPE_8454961,12.3713123,-1.5196364,33
SHAPE_8454961,12.3713112,-1.5196107,34
SHAPE_8454961,12.3713162,-1.5195855,35
SHAPE_8454961,12.3713269,-1.5195622,36
SHAPE_8454961,12.3713427,-1.5195423,37
SHAPE_8454961,12.3713548,-1.5195321,38
SHAPE_8454961,12.3713812,-1.519524,39
SHAPE_8454961,12.3714029,-1.5195206,40
SHAPE_8454961,12.371421,-1.5195216,41
SHAPE_8454961,12.3714408,-1.5195276,42
SHAPE_8454961,12.3714473,-1.5195307,43
SHAPE_8454961,12.3714647,-1.5195404,44
SHAPE_8454961,12.3714158,-1.5197187,45
SHAPE_8454961,12.3713852,-1.5197892,46
SHAPE_8454961,12.3713495,-1.5198768,47
SHAPE_8454961,12.371305,-1.5199887,48
SHAPE_8454961,12.3712487,-1.5201386,49
SHAPE_8454961,12.3712236,-1.5203341,50
SHAPE_8454961,12.3711755,-1.5206,51
SHAPE_8454961,12.3711402,-1.5208406,52
SHAPE_8454961,12.3710059,-1.5214663,53
SHAPE_8454961,12.3709175,-1.5218686,54
SHAPE_8454961,12.3707846,-1.5225064,55
SHAPE_8454961,12.3707663,-1.5225982,56
SHAPE_8454961,12.3707516,-1.5226996,57
SHAPE_8454961,12.3706903,-1.5229587,58
SHAPE_8454961,12.3706235,-1.5232815,59
SHAPE_8454961,12.3705053,-1.5238732,60
SHAPE_8454961,12.3703483,-1.5245194,61
SHAPE_8454961,12.3702691,-1.5248774,62
SHAPE_8454961,12.3705499,-1.5249554,63
SHAPE_8454961,12.3708544,-1.52504,64
SHAPE_8454961,12.3714297,-1.5251948,65
SHAPE_8454961,12.3719257,-1.5253282,66
SHAPE_8454961,12.3721875,-1.5254,67
SHAPE_8454961,12.3726313,-1.5255218,68
SHAPE_8454961,12.3729406,-1.5257906,69
SHAPE_8454961,12.3729989,-1.5257877,70
SHAPE_8454961,12.3730585,-1.5257941,71
SHAPE_8454961,12.3731169,-1.5258082,72
SHAPE_8454961,12.3731713,-1.5258289,73
SHAPE_8454961,12.373223,-1.5258563,74
SHAPE_8454961,12.3732709,-1.5258898,75
SHAPE_8454961,12.3733146,-1.5259291,76
SHAPE_8454961,12.3733532,-1.5259736,77
SHAPE_8454961,12.3733862,-1.5260225,78
SHAPE_8454961,12.3734132,-1.5260752,79
SHAPE_8454961,12.3734338,-1.5261308,80
SHAPE_8454961,12.3734475,-1.5261886,81
SHAPE_8454961,12.3734542,-1.5262465,82
SHAPE_8454961,12.3734542,-1.5263047,83
SHAPE_8454961,12.3734473,-1.5263626,84
SHAPE_8454961,12.3734338,-1.5264192,85
SHAPE_8454961,12.3734137,-1.5264737,86
SHAPE_8454961,12.3733875,-1.5265254,87
SHAPE_8454961,12.3733554,-1.5265735,88
SHAPE_8454961,12.3733227,-1.5266124,89
SHAPE_8454961,12.3732862,-1.5266475,90
SHAPE_8454961,12.3732463,-1.5266785,91
SHAPE_8454961,12.3732034,-1.526705,92
SHAPE_8454961,12.3731454,-1.5267319,93
SHAPE_8454961,12.3730843,-1.5267506,94
SHAPE_8454961,12.3730214,-1.5267608,95
SHAPE_8454961,12.3729577,-1.5267623,96
SHAPE_8454961,12.372897,-1.5267555,97
SHAPE_8454961,12.3728377,-1.5267409,98
SHAPE_8454961,12.3727807,-1.5267186,99
SHAPE_8454961,12.3726455,-1.5267135,100
SHAPE_8454961,12.3722795,-1.5267128,101
SHAPE_8454961,12.3721258,-1.5266927,102
SHAPE_8454961,12.3718285,-1.5266364,103
SHAPE_8454961,12.3707551,-1.526342,104
SHAPE_8454961,12.3703274,-1.526222,105
SHAPE_8454961,12.3699947,-1.5261287,106
SHAPE_8454961,12.3699581,-1.5262699,107
SHAPE_8454961,12.3698695,-1.5264519,108
SHAPE_8454961,12.3697207,-1.5266933,109
SHAPE_8454961,12.3695802,-1.5268972,110
SHAPE_8454961,12.369486,-1.5270217,111
SHAPE_8454961,12.3692716,-1.52725,112
SHAPE_8454961,12.369149,-1.5273804,113
SHAPE_8454961,12.369079,-1.527451,114
SHAPE_8454961,12.3689821,-1.5275107,115
SHAPE_8454961,12.3688979,-1.5275479,116
SHAPE_8454961,12.3688224,-1.5275767,117
SHAPE_8454961,12.3687911,-1.5275841,118
SHAPE_8454961,12.3686965,-1.5276636,119
SHAPE_8454961,12.3686182,-1.5277486,120
SHAPE_8454961,12.3685273,-1.5278567,121
SHAPE_8454961,12.3684958,-1.5279861,122
SHAPE_8454961,12.3684472,-1.5281701,123
SHAPE_8454961,12.3683843,-1.5283517,124
SHAPE_8454961,12.368344,-1.5285755,125
SHAPE_8454961,12.3682466,-1.529008,126
SHAPE_8454961,12.3682233,-1.529104,127
SHAPE_8454961,12.368202,-1.5293647,128
SHAPE_8454961,12.3681608,-1.5295734,129
SHAPE_8454961,12.3681239,-1.5298012,130
SHAPE_8454961,12.3681231,-1.5299838,131
SHAPE_8454961,12.3680928,-1.5301669,132
SHAPE_8454961,12.3679886,-1.5308036,133
SHAPE_8454961,12.3679821,-1.5308466,134
SHAPE_8454961,12.3679715,-1.5309069,135
SHAPE_8454961,12.3678933,-1.5310285,136
SHAPE_8454961,12.3678854,-1.5310266,137
SHAPE_8454961,12.3678777,-1.5310239,138
SHAPE_8454961,12.3678704,-1.5310204,139
SHAPE_8454961,12.3678634,-1.5310161,140
SHAPE_8454961,12.3678569,-1.5310111,141
SHAPE_8454961,12.367851,-1.5310054,142
SHAPE_8454961,12.3678457,-1.5309991,143
SHAPE_8454961,12.3678411,-1.5309923,144
SHAPE_8454961,12.3678372,-1.530985,145
SHAPE_8454961,12.367834,-1.5309773,146
SHAPE_8454961,12.3678317,-1.5309694,147
SHAPE_8454961,12.3678302,-1.5309612,148
SHAPE_8454961,12.3678295,-1.5309529,149
SHAPE_8454961,12.3678297,-1.5309446,150
SHAPE_8454961,12.3678933,-1.5310285,151
SHAPE_8454961,12.3679043,-1.5310297,152
SHAPE_8454961,12.3679128,-1.5310295,153
SHAPE_8454961,12.3679213,-1.5310283,154
SHAPE_8454961,12.3679296,-1.5310262,155
SHAPE_8454961,12.3679376,-1.5310232,156
SHAPE_8454961,12.3679453,-1.5310193,157
SHAPE_8454961,12.3679525,-1.5310145,158
SHAPE_8454961,12.3679591,-1.531009,159
SHAPE_8454961,12.3679651,-1.5310027,160
SHAPE_8454961,12.3679703,-1.5309958,161
SHAPE_8454961,12.3679748,-1.5309883,162
SHAPE_8454961,12.3679785,-1.5309804,163
SHAPE_8454961,12.3679813,-1.5309721,164
SHAPE_8454961,12.3679832,-1.5309636,165
SHAPE_8454961,12.3679841,-1.5309549,166
SHAPE_8454961,12.3679841,-1.5309465,167
SHAPE_8454961,12.3679833,-1.5309381,168
SHAPE_8454961,12.3679816,-1.5309299,169
SHAPE_8454961,12.367979,-1.5309219,170
SHAPE_8454961,12.3679756,-1.5309142,171
SHAPE_8454961,12.3679715,-1.5309069,172
SHAPE_8454961,12.3679659,-1.5308994,173
SHAPE_8454961,12.3679596,-1.5308925,174
SHAPE_8454961,12.3679525,-1.5308865,175
SHAPE_8454961,12.3679447,-1.5308814,176
SHAPE_8454961,12.3679364,-1.5308773,177
SHAPE_8454961,12.3679277,-1.5308742,178
SHAPE_8454961,12.3679187,-1.5308722,179
SHAPE_8454961,12.3679095,-1.5308713,180
SHAPE_8454961,12.3679003,-1.5308716,181
SHAPE_8454961,12.3678912,-1.5308729,182
SHAPE_8454961,12.3678823,-1.5308754,183
SHAPE_8454961,12.3678737,-1.5308789,184
SHAPE_8454961,12.3678656,-1.5308835,185
SHAPE_8454961,12.3678581,-1.5308889,186
SHAPE_8454961,12.3678523,-1.5308943,187
SHAPE_8454961,12.367847,-1.5309003,188
SHAPE_8454961,12.3678423,-1.5309068,189
SHAPE_8454961,12.3678383,-1.5309138,190
SHAPE_8454961,12.367835,-1.5309211,191
SHAPE_8454961,12.3678324,-1.5309287,192
SHAPE_8454961,12.3678307,-1.5309366,193
SHAPE_8454961,12.3678297,-1.5309446,194
SHAPE_8454961,12.3678933,-1.5310285,195
SHAPE_8454961,12.3678474,-1.5310891,196
SHAPE_8454961,12.3677975,-1.5311545,197
SHAPE_8454961,12.3677055,-1.531245,198
SHAPE_8454961,12.3675743,-1.5313463,199
SHAPE_8454961,12.3675581,-1.531367,200
SHAPE_8454961,12.3674134,-1.5315121,201
SHAPE_8454961,12.3672056,-1.5317471,202
SHAPE_8454961,12.3669933,-1.5319518,203
SHAPE_8454961,12.3668048,-1.5321493,204
SHAPE_8454961,12.3658586,-1.533148,205
SHAPE_8454961,12.3654955,-1.5335409,206
SHAPE_8454961,12.3654591,-1.5335794,207
SHAPE_8454961,12.3651544,-1.533912,208
SHAPE_8454961,12.3651009,-1.5339756,209
SHAPE_8454961,12.365012,-1.534103,210
SHAPE_8454961,12.3650031,-1.5341307,211
SHAPE_8454961,12.3649893,-1.5341563,212
SHAPE_8454961,12.3649712,-1.5341787,213
SHAPE_8454961,12.3649492,-1.5341974,214
SHAPE_8454961,12.3649243,-1.5342115,215
SHAPE_8454961,12.3648968,-1.5342208,216
SHAPE_8454961,12.364868,-1.5342246,217
SHAPE_8454961,12.3648391,-1.5342227,218
SHAPE_8454961,12.364811,-1.5342153,219
SHAPE_8454961,12.3647848,-1.5342026,220
SHAPE_8454961,12.3647615,-1.5341851,221
SHAPE_8454961,12.3647417,-1.5341633,222
SHAPE_8454961,12.3647264,-1.5341382,223
SHAPE_8454961,12.3647159,-1.5341105,224
SHAPE_8454961,12.3647108,-1.5340813,225
SHAPE_8454961,12.3647088,-1.5340629,226
SHAPE_8454961,12.364662,-1.5340337,227
SHAPE_8454961,12.3646222,-1.5340011,228
SHAPE_8454961,12.3645486,-1.5339432,229
SHAPE_8454961,12.3644869,-1.5338926,230
SHAPE_8454961,12.3639447,-1.5337838,231
SHAPE_8454961,12.3636422,-1.5337276,232
SHAPE_8454961,12.363456,-1.5336957,233
SHAPE_8454961,12.3633184,-1.5336728,234
SHAPE_8454961,12.362756,-1.5335724,235
SHAPE_8454961,12.3621665,-1.5334758,236
SHAPE_8454961,12.3615995,-1.5333797,237
SHAPE_8454961,12.3611505,-1.5333034,238
SHAPE_8454961,12.3610377,-1.5332853,239
SHAPE_8454961,12.3600264,-1.5331182,240
SHAPE_8454961,12.3591028,-1.5329621,241
SHAPE_8454961,12.3585706,-1.5328712,242
SHAPE_8454961,12.3579585,-1.5327662,243
SHAPE_8454961,12.3575212,-1.5327133,244
SHAPE_8454961,12.3569946,-1.5326044,245
SHAPE_8454961,12.3566095,-1.5325374,246
SHAPE_8454961,12.3562074,-1.5324554,247
SHAPE_8454961,12.3559847,-1.5324185,248
SHAPE_8454961,12.3558968,-1.5324039,249
SHAPE_8454961,12.3557803,-1.5323897,250
SHAPE_8454961,12.3553431,-1.5323145,251
SHAPE_8454961,12.3548378,-1.5322271,252
SHAPE_8454961,12.3543093,-1.5321344,253
SHAPE_8454961,12.3537964,-1.5320395,254
SHAPE_8454961,12.3535376,-1.5319987,255
SHAPE_8454961,12.3532824,-1.5319582,256
SHAPE_8454961,12.3527555,-1.5318693,257
SHAPE_8454961,12.3522702,-1.5317784,258
SHAPE_8454961,12.3517497,-1.5316915,259
SHAPE_8454961,12.3515553,-1.5316585,260
SHAPE_8454961,12.3514206,-1.5316392,261
SHAPE_8454961,12.351237,-1.5316057,262
SHAPE_8454961,12.3507124,-1.5315218,263
SHAPE_8454961,12.350041,-1.5313927,264
SHAPE_8454961,12.3497964,-1.5313556,265
SHAPE_8454961,12.3494508,-1.5312909,266
SHAPE_8454961,12.348827,-1.5311797,267
SHAPE_8454961,12.3484905,-1.5311292,268
SHAPE_8454961,12.3482551,-1.5311114,269
SHAPE_8454961,12.3480809,-1.5311054,270
SHAPE_8454961,12.3478728,-1.5312165,271
SHAPE_8454961,12.3471569,-1.5315987,272
SHAPE_8454961,12.3466672,-1.531871,273
SHAPE_8454961,12.3460282,-1.5322458,274
SHAPE_8454961,12.3459533,-1.5322739,275
SHAPE_8454961,12.3458815,-1.5322887,276
SHAPE_8454961,12.3453242,-1.532245,277
SHAPE_8454961,12.3446799,-1.532227,278
SHAPE_8454961,12.3441556,-1.532188,279
SHAPE_8454961,12.3440837,-1.5321803,280
SHAPE_8454961,12.3436113,-1.5321562,281
SHAPE_8454961,12.3434583,-1.5321524,282
SHAPE_8454961,12.3428394,-1.5321133,283
SHAPE_8454961,12.3410234,-1.5320017,284
SHAPE_8454961,12.3409112,-1.5319972,285
SHAPE_8454961,12.3407862,-1.5320028,286
SHAPE_8454961,12.3406919,-1.532028,287
SHAPE_8454961,12.3405822,-1.5320695,288
SHAPE_8454961,12.3401865,-1.5321942,289
SHAPE_8454961,12.3400971,-1.532214,290
SHAPE_8454961,12.3400081,-1.5322014,291
SHAPE_8454961,12.3399135,-1.5321719,292
SHAPE_8454961,12.3391938,-1.5318732,293
SHAPE_8454961,12.3383428,-1.5315195,294
SHAPE_8454961,12.3375643,-1.5312082,295
SHAPE_8454961,12.3373262,-1.5311132,296
SHAPE_8454961,12.3369835,-1.5309789,297
SHAPE_8454961,12.3366956,-1.5308569,298
SHAPE_8454961,12.3364552,-1.5307495,299
SHAPE_8454961,12.3363671,-1.5307201,300
SHAPE_8454961,12.3362767,-1.530705,301
SHAPE_8454961,12.3358811,-1.5307429,302
SHAPE_8454961,12.3354442,-1.5308001,303
SHAPE_8454961,12.3349634,-1.5308701,304
SHAPE_8454961,12.334907,-1.5308783,305
SHAPE_8454961,12.3345739,-1.5309152,306
SHAPE_8454961,12.3341787,-1.5309601,307
SHAPE_8454961,12.3340214,-1.530978,308
SHAPE_8454961,12.333922,-1.5309907,309
SHAPE_8454961,12.3338276,-1.5304762,310
SHAPE_8454961,12.3337559,-1.5300845,311
SHAPE_8454961,12.3336079,-1.5293124,312
SHAPE_8454961,12.3335067,-1.5287913,313
SHAPE_8454961,12.3334456,-1.5284909,314
SHAPE_8454961,12.3334139,-1.5283343,315
SHAPE_8454961,12.3333212,-1.5278604,316
SHAPE_8454961,12.3331998,-1.5272524,317
SHAPE_8454961,12.3330861,-1.5266334,318
SHAPE_8454961,12.3329885,-1.5265054,319
SHAPE_8454961,12.3329315,-1.5264477,320
SHAPE_8454961,12.3328627,-1.5263901,321
SHAPE_8454961,12.3327869,-1.5263386,322
SHAPE_8454961,12.3327039,-1.5262978,323
SHAPE_8454961,12.3326117,-1.5262675,324
SHAPE_8454961,12.3325254,-1.5262569,325
SHAPE_8454961,12.3322921,-1.5262789,326
SHAPE_8454961,12.3321795,-1.5263065,327
SHAPE_8454961,12.3319603,-1.5263445,328
SHAPE_8454961,12.3316281,-1.526425,329
SHAPE_8454961,12.3304792,-1.5266957,330
SHAPE_8454961,12.3299928,-1.526819,331
SHAPE_8454961,12.3295716,-1.5269243,332
SHAPE_8454961,12.3276231,-1.5274089,333
SHAPE_8454961,12.3274529,-1.5274518,334
SHAPE_8454961,12.3273425,-1.5274791,335
SHAPE_8454961,12.326833,-1.5275763,336
SHAPE_8454961,12.3259463,-1.5277925,337
SHAPE_8454961,12.3253843,-1.5279094,338
SHAPE_8454961,12.3251627,-1.5279537,339
SHAPE_8454961,12.324223,-1.5281216,340
SHAPE_8454961,12.3240943,-1.5281416,341
SHAPE_8454961,12.3228167,-1.5283587,342
SHAPE_8454961,12.3228009,-1.5283614,343
SHAPE_8454961,12.3223472,-1.5284172,344
SHAPE_8454961,12.3219626,-1.5284662,345
SHAPE_8454961,12.3216823,-1.5285076,346
SHAPE_8454961,12.3213627,-1.5285255,347
SHAPE_8454961,12.3209771,-1.528544,348
SHAPE_8454961,12.3205702,-1.528551,349
SHAPE_8454961,12.3199487,-1.5285638,350
SHAPE_8454961,12.3192465,-1.5285623,351
SHAPE_8454961,12.3189129,-1.5285563,352
SHAPE_8454961,12.3184115,-1.528555,353
SHAPE_8454961,12.317975,-1.5285538,354
SHAPE_8454961,12.3177717,-1.5285538,355
SHAPE_8454961,12.3177497,-1.528554,356
SHAPE_8454961,12.3176843,-1.5285547,357
SHAPE_8454961,12.3175441,-1.5285453,358
SHAPE_8454961,12.3174467,-1.5285468,359
SHAPE_8454961,12.3168487,-1.5285517,360
SHAPE_8454961,12.3165043,-1.5285642,361
SHAPE_8454961,12.3163863,-1.5285694,362
SHAPE_8454961,12.3158322,-1.5285783,363
SHAPE_8454961,12.3150236,-1.5286155,364
SHAPE_8454961,12.3145866,-1.52864,365
SHAPE_8454961,12.3126471,-1.5286954,366
SHAPE_8454961,12.3120438,-1.5287152,367
SHAPE_8454961,12.3119652,-1.5287166,368
SHAPE_8454961,12.3115957,-1.5287229,369
SHAPE_8454961,12.3110177,-1.528742,370
SHAPE_8454961,12.3094158,-1.5288035,371
SHAPE_8454961,12.3093038,-1.528808,372
SHAPE_8454961,12.3091175,-1.5288156,373
SHAPE_8454961,12.30856,-1.5288287,374
SHAPE_8454961,12.3077506,-1.5288556,375
SHAPE_8454961,12.3070891,-1.5288776,376
SHAPE_8454961,12.3057644,-1.5289211,377
SHAPE_8454961,12.3056891,-1.5289241,378
SHAPE_8454961,12.3055318,-1.5289314,379
SHAPE_8454961,12.3048082,-1.5289558,380
SHAPE_8454961,12.3045351,-1.5289576,381
SHAPE_8454961,12.3033691,-1.5290041,382
SHAPE_8454961,12.3028519,-1.5290214,383
SHAPE_8454961,12.3022934,-1.5290385,384
SHAPE_8454961,12.3018371,-1.5290604,385
SHAPE_8454961,12.3010098,-1.5291126,386
SHAPE_8454961,12.3001371,-1.5291408,387
SHAPE_8454961,12.2992775,-1.5291703,388
SHAPE_8454961,12.2987829,-1.5291886,389
SHAPE_8454961,12.298625,-1.5291944,390
SHAPE_8454961,12.298016,-1.5292009,391
SHAPE_8454961,12.2976946,-1.529217,392
SHAPE_8454961,12.2976632,-1.5292186,393
SHAPE_8454961,12.2963704,-1.5292514,394
SHAPE_8454961,12.2955654,-1.5292968,395
SHAPE_8454961,12.2954987,-1.5293,396
SHAPE_8454961,12.2953161,-1.5293072,397
SHAPE_8454961,12.2952271,-1.5293126,398
SHAPE_8454961,12.2949802,-1.5293207,399
SHAPE_8454961,12.2938416,-1.5293745,400
SHAPE_8454961,12.2931397,-1.5294029,401
SHAPE_8454961,12.2928196,-1.5294018,402
SHAPE_8454961,12.292623,-1.5294138,403
SHAPE_8454961,12.2921098,-1.5294285,404
SHAPE_8454961,12.2916375,-1.5294409,405
SHAPE_8454961,12.2907255,-1.5294706,406
SHAPE_8454961,12.290371,-1.5294895,407
SHAPE_8454961,12.2900101,-1.5295096,408
SHAPE_8454961,12.2898111,-1.5295084,409
SHAPE_8454961,12.2889673,-1.5295462,410
SHAPE_8454961,12.2878597,-1.5295903,411
SHAPE_8454961,12.2873935,-1.5296031,412
SHAPE_8454961,12.2870299,-1.5296105,413
SHAPE_8454961,12.2864026,-1.5296346,414
SHAPE_8454961,12.2860385,-1.529644,415
SHAPE_8454961,12.2858837,-1.5296556,416
SHAPE_8454961,12.2852095,-1.5296819,417
SHAPE_8454961,12.2846068,-1.529704,418
SHAPE_8454961,12.2842545,-1.529725,419
SHAPE_8454961,12.2827391,-1.5297785,420
SHAPE_8454961,12.2813187,-1.529848,421
SHAPE_8454961,12.2802765,-1.5299048,422
SHAPE_8454961,12.2798615,-1.5299226,423
SHAPE_8454961,12.2791711,-1.5299682,424
SHAPE_8454961,12.2785476,-1.5299985,425
SHAPE_8454961,12.2782781,-1.530021,426
SHAPE_8454961,12.2777232,-1.530056,427
SHAPE_8454961,12.2773928,-1.5300661,428
SHAPE_8454961,12.2771648,-1.5300782,429
SHAPE_8454961,12.2766668,-1.5301032,430
SHAPE_8454961,12.276278,-1.5301269,431
SHAPE_8454961,12.2760648,-1.5301399,432
SHAPE_8454961,12.2758473,-1.5301546,433
SHAPE_8454961,12.2755118,-1.5301721,434
SHAPE_8454961,12.2752064,-1.5301839,435
SHAPE_8454961,12.2743478,-1.5302357,436
SHAPE_8454961,12.2741024,-1.5302512,437
SHAPE_8454961,12.2737885,-1.5302675,438
SHAPE_8454961,12.2728965,-1.5303173,439
SHAPE_8454961,12.2716965,-1.5303698,440
SHAPE_8454961,12.2715156,-1.53038,441
SHAPE_8454961,12.2714873,-1.5303816,442
SHAPE_8454961,12.2714175,-1.5303857,443
SHAPE_8454961,12.2712883,-1.5303926,444
SHAPE_8454961,12.2697704,-1.5304883,445
SHAPE_8454961,12.2696423,-1.5304954,446
SHAPE_8454961,12.2689706,-1.5305142,447
SHAPE_8454961,12.2688802,-1.5305163,448
SHAPE_8454961,12.2683003,-1.5305322,449
SHAPE_8454961,12.268165,-1.5305379,450
SHAPE_8454961,12.2671556,-1.530543,451
SHAPE_8454961,12.2667638,-1.530545,452
SHAPE_8454961,12.2652121,-1.5305296,453
SHAPE_8454961,12.2651566,-1.5305291,454
SHAPE_8454961,12.263591,-1.5304575,455
SHAPE_8454961,12.2634905,-1.5304529,456
SHAPE_8454961,12.2632544,-1.5304388,457
SHAPE_8454961,12.2631337,-1.5304316,458
SHAPE_8454961,12.2630464,-1.5304238,459
SHAPE_8454961,12.2629282,-1.5351118,460
SHAPE_8454961,12.2629116,-1.5358208,461
SHAPE_8454961,12.2628922,-1.5366186,462
SHAPE_8454961,12.2627425,-1.5366143,463
SHAPE_8454988,12.2624547,-1.5366353,1
SHAPE_8454988,12.2624553,-1.5366067,2
SHAPE_8454988,12.2625013,-1.5345562,3
SHAPE_8454988,12.2625824,-1.5311939,4
SHAPE_8454988,12.262602,-1.5303926,5
SHAPE_8454988,12.2626072,-1.5302951,6
SHAPE_8454988,12.2630523,-1.5303252,7
SHAPE_8454988,12.2631114,-1.530329,8
SHAPE_8454988,12.2633968,-1.5303452,9
SHAPE_8454988,12.2634524,-1.5303483,10
SHAPE_8454988,12.2637824,-1.5303634,11
SHAPE_8454988,12.2645073,-1.5303967,12
SHAPE_8454988,12.2651514,-1.5304263,13
SHAPE_8454988,12.2652289,-1.5304278,14
SHAPE_8454988,12.2667621,-1.5304582,15
SHAPE_8454988,12.2681563,-1.5304493,16
SHAPE_8454988,12.2683009,-1.5304443,17
SHAPE_8454988,12.2688769,-1.5304253,18
SHAPE_8454988,12.2689685,-1.5304228,19
SHAPE_8454988,12.2697652,-1.5303961,20
SHAPE_8454988,12.2714182,-1.5302979,21
SHAPE_8454988,12.2715168,-1.5302886,22
SHAPE_8454988,12.2716492,-1.5302819,23
SHAPE_8454988,12.2721747,-1.5302552,24
SHAPE_8454988,12.2728733,-1.5302226,25
SHAPE_8454988,12.2742846,-1.5301315,26
SHAPE_8454988,12.2750053,-1.5300876,27
SHAPE_8454988,12.2753185,-1.5300699,28
SHAPE_8454988,12.2758597,-1.5300393,29
SHAPE_8454988,12.276279,-1.5300169,30
SHAPE_8454988,12.2764874,-1.5300058,31
SHAPE_8454988,12.276967,-1.5299729,32
SHAPE_8454988,12.2785053,-1.5299128,33
SHAPE_8454988,12.2785424,-1.5299114,34
SHAPE_8454988,12.2789536,-1.5298945,35
SHAPE_8454988,12.2794964,-1.5298522,36
SHAPE_8454988,12.2796724,-1.5298412,37
SHAPE_8454988,12.2798537,-1.52983,38
SHAPE_8454988,12.2802575,-1.529808,39
SHAPE_8454988,12.2802843,-1.5298065,40
SHAPE_8454988,12.2803113,-1.5298046,41
SHAPE_8454988,12.2813108,-1.5297332,42
SHAPE_8454988,12.2818443,-1.5297087,43
SHAPE_8454988,12.2827876,-1.5296653,44
SHAPE_8454988,12.2843306,-1.5296127,45
SHAPE_8454988,12.2846078,-1.5295967,46
SHAPE_8454988,12.2859181,-1.5295451,47
SHAPE_8454988,12.2864399,-1.5295163,48
SHAPE_8454988,12.2864832,-1.5295136,49
SHAPE_8454988,12.2867691,-1.5295064,50
SHAPE_8454988,12.2870295,-1.5294972,51
SHAPE_8454988,12.2890194,-1.5294539,52
SHAPE_8454988,12.2899371,-1.5294135,53
SHAPE_8454988,12.2908068,-1.5293785,54
SHAPE_8454988,12.2928136,-1.5292977,55
SHAPE_8454988,12.2931944,-1.5292913,56
SHAPE_8454988,12.2951616,-1.5292039,57
SHAPE_8454988,12.2953177,-1.5292012,58
SHAPE_8454988,12.2954979,-1.5291998,59
SHAPE_8454988,12.2977382,-1.5291156,60
SHAPE_8454988,12.2980136,-1.5291052,61
SHAPE_8454988,12.2987867,-1.5290643,62
SHAPE_8454988,12.2994973,-1.5290438,63
SHAPE_8454988,12.2995763,-1.5290406,64
SHAPE_8454988,12.300129,-1.5290185,65
SHAPE_8454988,12.3006776,-1.5289978,66
SHAPE_8454988,12.3008436,-1.5289915,67
SHAPE_8454988,12.3010201,-1.5289848,68
SHAPE_8454988,12.3018347,-1.5289595,69
SHAPE_8454988,12.3022883,-1.5289448,70
SHAPE_8454988,12.3033674,-1.5289097,71
SHAPE_8454988,12.3045366,-1.5288556,72
SHAPE_8454988,12.3046947,-1.5288515,73
SHAPE_8454988,12.3048467,-1.5288509,74
SHAPE_8454988,12.3051289,-1.5288478,75
SHAPE_8454988,12.3056863,-1.5288229,76
SHAPE_8454988,12.3057618,-1.5288205,77
SHAPE_8454988,12.3063953,-1.5287963,78
SHAPE_8454988,12.307747,-1.5287591,79
SHAPE_8454988,12.3082052,-1.5287474,80
SHAPE_8454988,12.3085969,-1.5287398,81
SHAPE_8454988,12.3094111,-1.5287077,82
SHAPE_8454988,12.3094739,-1.5287059,83
SHAPE_8454988,12.3095998,-1.5287023,84
SHAPE_8454988,12.3100273,-1.5286841,85
SHAPE_8454988,12.3100587,-1.5286828,86
SHAPE_8454988,12.3108354,-1.5286478,87
SHAPE_8454988,12.3119637,-1.5286157,88
SHAPE_8454988,12.3120356,-1.5286132,89
SHAPE_8454988,12.3125228,-1.5286013,90
SHAPE_8454988,12.3145813,-1.5285367,91
SHAPE_8454988,12.3150106,-1.5285237,92
SHAPE_8454988,12.3155113,-1.5285024,93
SHAPE_8454988,12.3160463,-1.5284797,94
SHAPE_8454988,12.3163272,-1.5284691,95
SHAPE_8454988,12.316421,-1.5284655,96
SHAPE_8454988,12.3165148,-1.5284647,97
SHAPE_8454988,12.3174499,-1.5284506,98
SHAPE_8454988,12.3175415,-1.5284568,99
SHAPE_8454988,12.3176489,-1.5284568,100
SHAPE_8454988,12.3177749,-1.5284606,101
SHAPE_8454988,12.3180013,-1.5284587,102
SHAPE_8454988,12.3183237,-1.5284624,103
SHAPE_8454988,12.3189106,-1.528469,104
SHAPE_8454988,12.3192344,-1.52847,105
SHAPE_8454988,12.3194014,-1.528472,106
SHAPE_8454988,12.3198841,-1.528472,107
SHAPE_8454988,12.3205636,-1.52847,108
SHAPE_8454988,12.320608,-1.5284687,109
SHAPE_8454988,12.3209453,-1.528459,110
SHAPE_8454988,12.3213597,-1.5284336,111
SHAPE_8454988,12.3214114,-1.5284296,112
SHAPE_8454988,12.3216885,-1.5284117,113
SHAPE_8454988,12.3219317,-1.52838,114
SHAPE_8454988,12.322355,-1.5283248,115
SHAPE_8454988,12.3226055,-1.5282965,116
SHAPE_8454988,12.322797,-1.5282696,117
SHAPE_8454988,12.3235762,-1.528145,118
SHAPE_8454988,12.3240597,-1.5280514,119
SHAPE_8454988,12.3242053,-1.5280267,120
SHAPE_8454988,12.3246563,-1.5279473,121
SHAPE_8454988,12.3251604,-1.5278487,122
SHAPE_8454988,12.3253703,-1.5278129,123
SHAPE_8454988,12.3258961,-1.5276939,124
SHAPE_8454988,12.3263538,-1.5275946,125
SHAPE_8454988,12.3269106,-1.5274666,126
SHAPE_8454988,12.3273097,-1.5273636,127
SHAPE_8454988,12.3274281,-1.527333,128
SHAPE_8454988,12.3290748,-1.5269498,129
SHAPE_8454988,12.3295526,-1.5268378,130
SHAPE_8454988,12.3300095,-1.5267281,131
SHAPE_8454988,12.3303802,-1.5266344,132
SHAPE_8454988,12.330694,-1.5265569,133
SHAPE_8454988,12.3316292,-1.5263261,134
SHAPE_8454988,12.3319276,-1.5262627,135
SHAPE_8454988,12.3320362,-1.5262319,136
SHAPE_8454988,12.332126,-1.5261918,137
SHAPE_8454988,12.3321908,-1.5261649,138
SHAPE_8454988,12.332257,-1.5261234,139
SHAPE_8454988,12.3324351,-1.5259859,140
SHAPE_8454988,12.3325089,-1.5259264,141
SHAPE_8454988,12.3327017,-1.5257733,142
SHAPE_8454988,12.3328632,-1.5256126,143
SHAPE_8454988,12.3329833,-1.5255043,144
SHAPE_8454988,12.3329542,-1.5255436,145
SHAPE_8454988,12.3329306,-1.5255866,146
SHAPE_8454988,12.3329129,-1.5256326,147
SHAPE_8454988,12.3329015,-1.5256805,148
SHAPE_8454988,12.3328966,-1.5257296,149
SHAPE_8454988,12.3328983,-1.5257789,150
SHAPE_8454988,12.3329066,-1.5258275,151
SHAPE_8454988,12.3329211,-1.5258745,152
SHAPE_8454988,12.3329418,-1.5259189,153
SHAPE_8454988,12.3329682,-1.5259601,154
SHAPE_8454988,12.3329999,-1.5259972,155
SHAPE_8454988,12.3330362,-1.5260296,156
SHAPE_8454988,12.3330764,-1.5260566,157
SHAPE_8454988,12.3331199,-1.5260778,158
SHAPE_8454988,12.3331657,-1.5260927,159
SHAPE_8454988,12.3332073,-1.5261004,160
SHAPE_8454988,12.3332357,-1.5261022,161
SHAPE_8454988,12.3332494,-1.526103,162
SHAPE_8454988,12.3332915,-1.5261005,163
SHAPE_8454988,12.333333,-1.5260927,164
SHAPE_8454988,12.3333734,-1.52608,165
SHAPE_8454988,12.3334119,-1.5260625,166
SHAPE_8454988,12.3334482,-1.5260403,167
SHAPE_8454988,12.3334977,-1.5259985,168
SHAPE_8454988,12.3335275,-1.5259642,169
SHAPE_8454988,12.3335529,-1.5259264,170
SHAPE_8454988,12.3335733,-1.5258855,171
SHAPE_8454988,12.3335885,-1.5258423,172
SHAPE_8454988,12.3335982,-1.5257975,173
SHAPE_8454988,12.3336023,-1.5257517,174
SHAPE_8454988,12.3336007,-1.5257059,175
SHAPE_8454988,12.3335934,-1.5256606,176
SHAPE_8454988,12.3335806,-1.5256166,177
SHAPE_8454988,12.3335624,-1.5255746,178
SHAPE_8454988,12.3335392,-1.5255353,179
SHAPE_8454988,12.3335113,-1.5254994,180
SHAPE_8454988,12.3334792,-1.5254673,181
SHAPE_8454988,12.3334424,-1.5254391,182
SHAPE_8454988,12.3334024,-1.525416,183
SHAPE_8454988,12.3333598,-1.5253985,184
SHAPE_8454988,12.3333153,-1.5253867,185
SHAPE_8454988,12.3332697,-1.5253809,186
SHAPE_8454988,12.3332238,-1.5253813,187
SHAPE_8454988,12.3331783,-1.5253878,188
SHAPE_8454988,12.333134,-1.5254002,189
SHAPE_8454988,12.3330917,-1.5254184,190
SHAPE_8454988,12.333052,-1.5254422,191
SHAPE_8454988,12.3330157,-1.5254709,192
SHAPE_8454988,12.3329833,-1.5255043,193
SHAPE_8454988,12.3334482,-1.5260403,194
SHAPE_8454988,12.3333094,-1.5263037,195
SHAPE_8454988,12.3332652,-1.5263969,196
SHAPE_8454988,12.3332272,-1.5264998,197
SHAPE_8454988,12.3332045,-1.5265954,198
SHAPE_8454988,12.3331922,-1.5266906,199
SHAPE_8454988,12.3331962,-1.5267727,200
SHAPE_8454988,12.3332199,-1.5269406,201
SHAPE_8454988,12.3333817,-1.5277117,202
SHAPE_8454988,12.3334414,-1.5280121,203
SHAPE_8454988,12.3336042,-1.528764,204
SHAPE_8454988,12.3336886,-1.5292382,205
SHAPE_8454988,12.3337461,-1.5295443,206
SHAPE_8454988,12.3338537,-1.5300901,207
SHAPE_8454988,12.3339445,-1.5305626,208
SHAPE_8454988,12.3339898,-1.5307919,209
SHAPE_8454988,12.3340214,-1.530978,210
SHAPE_8454988,12.3341787,-1.5309601,211
SHAPE_8454988,12.3345739,-1.5309152,212
SHAPE_8454988,12.334907,-1.5308783,213
SHAPE_8454988,12.3349634,-1.5308701,214
SHAPE_8454988,12.3354442,-1.5308001,215
SHAPE_8454988,12.3358811,-1.5307429,216
SHAPE_8454988,12.3362767,-1.530705,217
SHAPE_8454988,12.3363671,-1.5307201,218
SHAPE_8454988,12.3364552,-1.5307495,219
SHAPE_8454988,12.3366956,-1.5308569,220
SHAPE_8454988,12.3369835,-1.5309789,221
SHAPE_8454988,12.3373262,-1.5311132,222
SHAPE_8454988,12.3375643,-1.5312082,223
SHAPE_8454988,12.3383428,-1.5315195,224
SHAPE_8454988,12.3391938,-1.5318732,225
SHAPE_8454988,12.3399135,-1.5321719,226
SHAPE_8454988,12.3400081,-1.5322014,227
SHAPE_8454988,12.3400971,-1.532214,228
SHAPE_8454988,12.3401865,-1.5321942,229
SHAPE_8454988,12.3405822,-1.5320695,230
SHAPE_8454988,12.3406919,-1.532028,231
SHAPE_8454988,12.3407862,-1.5320028,232
SHAPE_8454988,12.3409112,-1.5319972,233
SHAPE_8454988,12.3410234,-1.5320017,234
SHAPE_8454988,12.3428394,-1.5321133,235
SHAPE_8454988,12.3434583,-1.5321524,236
SHAPE_8454988,12.3436113,-1.5321562,237
SHAPE_8454988,12.3440837,-1.5321803,238
SHAPE_8454988,12.3441556,-1.532188,239
SHAPE_8454988,12.3446799,-1.532227,240
SHAPE_8454988,12.3453242,-1.532245,241
SHAPE_8454988,12.3458815,-1.5322887,242
SHAPE_8454988,12.3459533,-1.5322739,243
SHAPE_8454988,12.3460282,-1.5322458,244
SHAPE_8454988,12.3466672,-1.531871,245
SHAPE_8454988,12.3471569,-1.5315987,246
SHAPE_8454988,12.3478728,-1.5312165,247
SHAPE_8454988,12.3480809,-1.5311054,248
SHAPE_8454988,12.3482551,-1.5311114,249
SHAPE_8454988,12.3484905,-1.5311292,250
SHAPE_8454988,12.348827,-1.5311797,251
SHAPE_8454988,12.3494508,-1.5312909,252
SHAPE_8454988,12.3497964,-1.5313556,253
SHAPE_8454988,12.350041,-1.5313927,254
SHAPE_8454988,12.3507124,-1.5315218,255
SHAPE_8454988,12.351237,-1.5316057,256
SHAPE_8454988,12.3514206,-1.5316392,257
SHAPE_8454988,12.3515553,-1.5316585,258
SHAPE_8454988,12.3517497,-1.5316915,259
SHAPE_8454988,12.3522702,-1.5317784,260
SHAPE_8454988,12.3527555,-1.5318693,261
SHAPE_8454988,12.3532824,-1.5319582,262
SHAPE_8454988,12.3535376,-1.5319987,263
SHAPE_8454988,12.3537964,-1.5320395,264
SHAPE_8454988,12.3543093,-1.5321344,265
SHAPE_8454988,12.3548378,-1.5322271,266
SHAPE_8454988,12.3553431,-1.5323145,267
SHAPE_8454988,12.3557803,-1.5323897,268
SHAPE_8454988,12.3558968,-1.5324039,269
SHAPE_8454988,12.3559847,-1.5324185,270
SHAPE_8454988,12.3562074,-1.5324554,271
SHAPE_8454988,12.3566095,-1.5325374,272
SHAPE_8454988,12.3569946,-1.5326044,273
SHAPE_8454988,12.3575212,-1.5327133,274
SHAPE_8454988,12.3579585,-1.5327662,275
SHAPE_8454988,12.3585706,-1.5328712,276
SHAPE_8454988,12.3591028,-1.5329621,277
SHAPE_8454988,12.3600264,-1.5331182,278
SHAPE_8454988,12.3610377,-1.5332853,279
SHAPE_8454988,12.3611505,-1.5333034,280
SHAPE_8454988,12.3615995,-1.5333797,281
SHAPE_8454988,12.3621665,-1.5334758,282
SHAPE_8454988,12.362756,-1.5335724,283
SHAPE_8454988,12.3633184,-1.5336728,284
SHAPE_8454988,12.363456,-1.5336957,285
SHAPE_8454988,12.3636422,-1.5337276,286
SHAPE_8454988,12.3639447,-1.5337838,287
SHAPE_8454988,12.3644869,-1.5338926,288
SHAPE_8454988,12.364569,-1.5338984,289
SHAPE_8454988,12.364712,-1.5339135,290
SHAPE_8454988,12.364814,-1.5339201,291
SHAPE_8454988,12.3648462,-1.5339128,292
SHAPE_8454988,12.3648686,-1.533912,293
SHAPE_8454988,12.3650009,-1.5338819,294
SHAPE_8454988,12.3650979,-1.5338383,295
SHAPE_8454988,12.3652005,-1.5337673,296
SHAPE_8454988,12.3654591,-1.5335794,297
SHAPE_8454988,12.3654955,-1.5335409,298
SHAPE_8454988,12.3658586,-1.533148,299
SHAPE_8454988,12.3668048,-1.5321493,300
SHAPE_8454988,12.3669933,-1.5319518,301
SHAPE_8454988,12.3672056,-1.5317471,302
SHAPE_8454988,12.3674134,-1.5315121,303
SHAPE_8454988,12.3675581,-1.531367,304
SHAPE_8454988,12.3675743,-1.5313463,305
SHAPE_8454988,12.3676387,-1.5312383,306
SHAPE_8454988,12.3677192,-1.5311306,307
SHAPE_8454988,12.3677798,-1.5310407,308
SHAPE_8454988,12.3678297,-1.5309446,309
SHAPE_8454988,12.3678295,-1.5309529,310
SHAPE_8454988,12.3678302,-1.5309612,311
SHAPE_8454988,12.3678317,-1.5309694,312
SHAPE_8454988,12.367834,-1.5309773,313
SHAPE_8454988,12.3678372,-1.530985,314
SHAPE_8454988,12.3678411,-1.5309923,315
SHAPE_8454988,12.3678457,-1.5309991,316
SHAPE_8454988,12.367851,-1.5310054,317
SHAPE_8454988,12.3678569,-1.5310111,318
SHAPE_8454988,12.3678634,-1.5310161,319
SHAPE_8454988,12.3678704,-1.5310204,320
SHAPE_8454988,12.3678777,-1.5310239,321
SHAPE_8454988,12.3678854,-1.5310266,322
SHAPE_8454988,12.3678933,-1.5310285,323
SHAPE_8454988,12.3679043,-1.5310297,324
SHAPE_8454988,12.3679128,-1.5310295,325
SHAPE_8454988,12.3679213,-1.5310283,326
SHAPE_8454988,12.3679296,-1.5310262,327
SHAPE_8454988,12.3679376,-1.5310232,328
SHAPE_8454988,12.3679453,-1.5310193,329
SHAPE_8454988,12.3679525,-1.5310145,330
SHAPE_8454988,12.3679591,-1.531009,331
SHAPE_8454988,12.3679651,-1.5310027,332
SHAPE_8454988,12.3679703,-1.5309958,333
SHAPE_8454988,12.3679748,-1.5309883,334
SHAPE_8454988,12.3679785,-1.5309804,335
SHAPE_8454988,12.3679813,-1.5309721,336
SHAPE_8454988,12.3679832,-1.5309636,337
SHAPE_8454988,12.3679841,-1.5309549,338
SHAPE_8454988,12.3679841,-1.5309465,339
SHAPE_8454988,12.3679833,-1.5309381,340
SHAPE_8454988,12.3679816,-1.5309299,341
SHAPE_8454988,12.367979,-1.5309219,342
SHAPE_8454988,12.3679756,-1.5309142,343
SHAPE_8454988,12.3679715,-1.5309069,344
SHAPE_8454988,12.3679659,-1.5308994,345
SHAPE_8454988,12.3679596,-1.5308925,346
SHAPE_8454988,12.3679525,-1.5308865,347
SHAPE_8454988,12.3679447,-1.5308814,348
SHAPE_8454988,12.3679364,-1.5308773,349
SHAPE_8454988,12.3679277,-1.5308742,350
SHAPE_8454988,12.3679187,-1.5308722,351
SHAPE_8454988,12.3679095,-1.5308713,352
SHAPE_8454988,12.3679003,-1.5308716,353
SHAPE_8454988,12.3678912,-1.5308729,354
SHAPE_8454988,12.3678823,-1.5308754,355
SHAPE_8454988,12.3678737,-1.5308789,356
SHAPE_8454988,12.3678656,-1.5308835,357
SHAPE_8454988,12.3678581,-1.5308889,358
SHAPE_8454988,12.3678523,-1.5308943,359
SHAPE_8454988,12.367847,-1.5309003,360
SHAPE_8454988,12.3678423,-1.5309068,361
SHAPE_8454988,12.3678383,-1.5309138,362
SHAPE_8454988,12.367835,-1.5309211,363
SHAPE_8454988,12.3678324,-1.5309287,364
SHAPE_8454988,12.3678307,-1.5309366,365
SHAPE_8454988,12.3678297,-1.5309446,366
SHAPE_8454988,12.3678581,-1.5308889,367
SHAPE_8454988,12.3678895,-1.5308413,368
SHAPE_8454988,12.3679083,-1.5308013,369
SHAPE_8454988,12.3680275,-1.530145,370
SHAPE_8454988,12.3680486,-1.5300585,371
SHAPE_8454988,12.3680698,-1.5299782,372
SHAPE_8454988,12.3681239,-1.5298012,373
SHAPE_8454988,12.3681608,-1.5295734,374
SHAPE_8454988,12.368202,-1.5293647,375
SHAPE_8454988,12.3682233,-1.529104,376
SHAPE_8454988,12.3682466,-1.529008,377
SHAPE_8454988,12.368344,-1.5285755,378
SHAPE_8454988,12.3683843,-1.5283517,379
SHAPE_8454988,12.3684018,-1.5281631,380
SHAPE_8454988,12.3684146,-1.5279768,381
SHAPE_8454988,12.3684334,-1.5278426,382
SHAPE_8454988,12.3684688,-1.5275938,383
SHAPE_8454988,12.3684574,-1.5275732,384
SHAPE_8454988,12.368452,-1.5275412,385
SHAPE_8454988,12.3684622,-1.5274988,386
SHAPE_8454988,12.3684857,-1.5274657,387
SHAPE_8454988,12.3684984,-1.5274602,388
SHAPE_8454988,12.3685131,-1.5274528,389
SHAPE_8454988,12.3685295,-1.5274485,390
SHAPE_8454988,12.3685601,-1.5274498,391
SHAPE_8454988,12.3685948,-1.5274644,392
SHAPE_8454988,12.3686127,-1.5274777,393
SHAPE_8454988,12.368624,-1.5274938,394
SHAPE_8454988,12.3686312,-1.5275163,395
SHAPE_8454988,12.3686346,-1.5275458,396
SHAPE_8454988,12.3686277,-1.5275775,397
SHAPE_8454988,12.3686107,-1.5276048,398
SHAPE_8454988,12.3685937,-1.5276197,399
SHAPE_8454988,12.3685646,-1.5276326,400
SHAPE_8454988,12.368541,-1.5276352,401
SHAPE_8454988,12.3685099,-1.5276287,402
SHAPE_8454988,12.3684942,-1.5276205,403
SHAPE_8454988,12.3684688,-1.5275938,404
SHAPE_8454988,12.3686127,-1.5274777,405
SHAPE_8454988,12.3688008,-1.5274583,406
SHAPE_8454988,12.3689527,-1.5274364,407
SHAPE_8454988,12.3690599,-1.5274104,408
SHAPE_8454988,12.369149,-1.5273804,409
SHAPE_8454988,12.3692716,-1.52725,410
SHAPE_8454988,12.369486,-1.5270217,411
SHAPE_8454988,12.3695802,-1.5268972,412
SHAPE_8454988,12.3697207,-1.5266933,413
SHAPE_8454988,12.3698695,-1.5264519,414
SHAPE_8454988,12.3699581,-1.5262699,415
SHAPE_8454988,12.3699947,-1.5261287,416
SHAPE_8454988,12.3701272,-1.5255287,417
SHAPE_8454988,12.3702691,-1.5248774,418
SHAPE_8454988,12.3703483,-1.5245194,419
SHAPE_8454988,12.3705053,-1.5238732,420
SHAPE_8454988,12.3706235,-1.5232815,421
SHAPE_8454988,12.3706903,-1.5229587,422
SHAPE_8454988,12.3707516,-1.5226996,423
SHAPE_8454988,12.3707663,-1.5225982,424
SHAPE_8454988,12.3707846,-1.5225064,425
SHAPE_8454988,12.3709175,-1.5218686,426
SHAPE_8454988,12.3710059,-1.5214663,427
SHAPE_8454988,12.3711402,-1.5208406,428
SHAPE_8454988,12.3711755,-1.5206,429
SHAPE_8454988,12.3712236,-1.5203341,430
SHAPE_8454988,12.3712487,-1.5201386,431
SHAPE_8454988,12.3712779,-1.5199837,432
SHAPE_8454988,12.3712976,-1.5198667,433
SHAPE_8454988,12.3713197,-1.5197711,434
SHAPE_8454988,12.3713381,-1.5196966,435
SHAPE_8454988,12.3715022,-1.5196054,436
SHAPE_8454988,12.3714948,-1.519579,437
SHAPE_8454988,12.3714806,-1.5195557,438
SHAPE_8454988,12.3714647,-1.5195404,439
SHAPE_8454988,12.3715022,-1.5196054,440
SHAPE_8454988,12.3715034,-1.5196296,441
SHAPE_8454988,12.3714966,-1.5196578,442
SHAPE_8454988,12.3714822,-1.5196827,443
SHAPE_8454988,12.3714613,-1.5197023,444
SHAPE_8454988,12.3714422,-1.5197126,445
SHAPE_8454988,12.3714158,-1.5197187,446
SHAPE_8454988,12.3714003,-1.5197193,447
SHAPE_8454988,12.3713825,-1.5197165,448
SHAPE_8454988,12.3713604,-1.5197094,449
SHAPE_8454988,12.3713381,-1.5196966,450
SHAPE_8454988,12.3713338,-1.5196918,451
SHAPE_8454988,12.3713285,-1.5196847,452
SHAPE_8454988,12.3713167,-1.5196625,453
SHAPE_8454988,12.3713123,-1.5196364,454
SHAPE_8454988,12.3713112,-1.5196107,455
SHAPE_8454988,12.3713162,-1.5195855,456
SHAPE_8454988,12.3713269,-1.5195622,457
SHAPE_8454988,12.3713427,-1.5195423,458
SHAPE_8454988,12.3713548,-1.5195321,459
SHAPE_8454988,12.3714473,-1.5195307,460
SHAPE_8454988,12.3714647,-1.5195404,461
SHAPE_8454988,12.3714473,-1.5195307,462
SHAPE_8454988,12.3714408,-1.5195276,463
SHAPE_8454988,12.371421,-1.5195216,464
SHAPE_8454988,12.3714029,-1.5195206,465
SHAPE_8454988,12.3713812,-1.519524,466
SHAPE_8454988,12.3713548,-1.5195321,467
SHAPE_8454988,12.3714095,-1.5194332,468
SHAPE_8454988,12.3714317,-1.5193574,469
SHAPE_8454988,12.3714527,-1.5192622,470
SHAPE_8454988,12.3715084,-1.519012,471
SHAPE_8454988,12.3715346,-1.5189188,472
SHAPE_8454988,12.3716175,-1.5185628,473
SHAPE_8454988,12.3716604,-1.5183273,474
SHAPE_8454988,12.3717861,-1.5178191,475
SHAPE_8454988,12.3719138,-1.517219,476
SHAPE_8454988,12.3721404,-1.5161984,477
SHAPE_8454988,12.3722688,-1.5156003,478
SHAPE_8454988,12.3723238,-1.5153482,479
SHAPE_8454988,12.3723867,-1.5150571,480
SHAPE_8454988,12.3724947,-1.5144967,481
SHAPE_8454988,12.372624,-1.5139355,482
SHAPE_8454988,12.372734,-1.5133637,483
SHAPE_8454988,12.3728507,-1.5128359,484
SHAPE_8454988,12.3728967,-1.5128344,485
SHAPE_8454988,12.374166,-1.5131142,486
SHAPE_8454988,12.3746653,-1.5132433,487
SHAPE_8454988,12.3752702,-1.5133827,488
SHAPE_8454988,12.3756718,-1.5134733,489
SHAPE_8455879,12.3727807,-1.5267186,1
SHAPE_8455879,12.3726455,-1.5267135,2
SHAPE_8455879,12.3727807,-1.5267186,3
SHAPE_8455879,12.3728377,-1.5267409,4
SHAPE_8455879,12.372897,-1.5267555,5
SHAPE_8455879,12.3729577,-1.5267623,6
SHAPE_8455879,12.3730214,-1.5267608,7
SHAPE_8455879,12.3730843,-1.5267506,8
SHAPE_8455879,12.3731454,-1.5267319,9
SHAPE_8455879,12.3732034,-1.526705,10
SHAPE_8455879,12.3732463,-1.5266785,11
SHAPE_8455879,12.3732862,-1.5266475,12
SHAPE_8455879,12.3733227,-1.5266124,13
SHAPE_8455879,12.3733554,-1.5265735,14
SHAPE_8455879,12.3733875,-1.5265254,15
SHAPE_8455879,12.3734137,-1.5264737,16
SHAPE_8455879,12.3734338,-1.5264192,17
SHAPE_8455879,12.3734473,-1.5263626,18
SHAPE_8455879,12.3734542,-1.5263047,19
SHAPE_8455879,12.3734542,-1.5262465,20
SHAPE_8455879,12.3734475,-1.5261886,21
SHAPE_8455879,12.3734338,-1.5261308,22
SHAPE_8455879,12.3734132,-1.5260752,23
SHAPE_8455879,12.3733862,-1.5260225,24
SHAPE_8455879,12.3733532,-1.5259736,25
SHAPE_8455879,12.3733146,-1.5259291,26
SHAPE_8455879,12.3732709,-1.5258898,27
SHAPE_8455879,12.373223,-1.5258563,28
SHAPE_8455879,12.3731713,-1.5258289,29
SHAPE_8455879,12.3731169,-1.5258082,30
SHAPE_8455879,12.3730585,-1.5257941,31
SHAPE_8455879,12.3729989,-1.5257877,32
SHAPE_8455879,12.3729406,-1.5257906,33
SHAPE_8455879,12.3726313,-1.5255218,34
SHAPE_8455879,12.3721875,-1.5254,35
SHAPE_8455879,12.3719257,-1.5253282,36
SHAPE_8455879,12.3714297,-1.5251948,37
SHAPE_8455879,12.3708544,-1.52504,38
SHAPE_8455879,12.3705499,-1.5249554,39
SHAPE_8455879,12.3702691,-1.5248774,40
SHAPE_8455879,12.3703483,-1.5245194,41
SHAPE_8455879,12.3705053,-1.5238732,42
SHAPE_8455879,12.3706235,-1.5232815,43
SHAPE_8455879,12.3706903,-1.5229587,44
SHAPE_8455879,12.3707516,-1.5226996,45
SHAPE_8455879,12.3707663,-1.5225982,46
SHAPE_8455879,12.3707846,-1.5225064,47
SHAPE_8455879,12.3709175,-1.5218686,48
SHAPE_8455879,12.3710059,-1.5214663,49
SHAPE_8455879,12.3711402,-1.5208406,50
SHAPE_8455879,12.3711755,-1.5206,51
SHAPE_8455879,12.3712236,-1.5203341,52
SHAPE_8455879,12.3712487,-1.5201386,53
SHAPE_8455879,12.371305,-1.5199887,54
SHAPE_8455879,12.3713495,-1.5198768,55
SHAPE_8455879,12.3713852,-1.5197892,56
SHAPE_8455879,12.3714158,-1.5197187,57
SHAPE_8455879,12.3714422,-1.5197126,58
SHAPE_8455879,12.3714613,-1.5197023,59
SHAPE_8455879,12.3714822,-1.5196827,60
SHAPE_8455879,12.3714966,-1.5196578,61
SHAPE_8455879,12.3715034,-1.5196296,62
SHAPE_8455879,12.3715022,-1.5196054,63
SHAPE_8455879,12.3714948,-1.519579,64
SHAPE_8455879,12.3714806,-1.5195557,65
SHAPE_8455879,12.3714647,-1.5195404,66
SHAPE_8455879,12.3714473,-1.5195307,67
SHAPE_8455879,12.371497,-1.5194182,68
SHAPE_8455879,12.3715056,-1.5193639,69
SHAPE_8455879,12.3715152,-1.5192933,70
SHAPE_8455879,12.3716897,-1.518581,71
SHAPE_8455879,12.3717622,-1.5182695,72
SHAPE_8455879,12.3718594,-1.5178318,73
SHAPE_8455879,12.3719878,-1.5172297,74
SHAPE_8455879,12.3722104,-1.5162119,75
SHAPE_8455879,12.3723271,-1.5156161,76
SHAPE_8455879,12.3723791,-1.5153803,77
SHAPE_8455879,12.3724402,-1.5150665,78
SHAPE_8455879,12.3725621,-1.5145126,79
SHAPE_8455879,12.3726725,-1.5139529,80
SHAPE_8455879,12.3728013,-1.5133837,81
SHAPE_8455879,12.3728967,-1.5128344,82
SHAPE_8455879,12.3730313,-1.512237,83
SHAPE_8455879,12.3731601,-1.5117032,84
SHAPE_8455879,12.3732307,-1.5113678,85
SHAPE_8455879,12.3733212,-1.5109381,86
SHAPE_8455879,12.3734488,-1.5103633,87
SHAPE_8455879,12.3734908,-1.5102505,88
SHAPE_8455879,12.3735783,-1.5101477,89
SHAPE_8455879,12.3736661,-1.510109,90
SHAPE_8455879,12.3737877,-1.5101033,91
SHAPE_8455879,12.3740882,-1.5101548,92
SHAPE_8455879,12.3741711,-1.5101728,93
SHAPE_8455879,12.3743321,-1.5101706,94
SHAPE_8455879,12.3747955,-1.5102668,95
SHAPE_8455879,12.3758001,-1.5104937,96
SHAPE_8455879,12.3758931,-1.5105147,97
SHAPE_8455879,12.3759276,-1.5105227,98
SHAPE_8455879,12.3762926,-1.5106063,99
SHAPE_8455879,12.3764767,-1.5106467,100
SHAPE_8455879,12.3777317,-1.5109222,101
SHAPE_8455879,12.3783457,-1.5110898,102
SHAPE_8455879,12.3790796,-1.5101599,103
SHAPE_8455879,12.3791472,-1.5100406,104
SHAPE_8455879,12.3793322,-1.5098005,105
SHAPE_8455879,12.379374,-1.5097462,106
SHAPE_8455879,12.3794558,-1.5096773,107
SHAPE_8455879,12.3796323,-1.5094572,108
SHAPE_8455879,12.3796631,-1.5094506,109
SHAPE_8455879,12.3796905,-1.5094346,110
SHAPE_8455879,12.3797117,-1.5094106,111
SHAPE_8455879,12.3797246,-1.5093812,112
SHAPE_8455879,12.379728,-1.5093491,113
SHAPE_8455879,12.3797216,-1.5093175,114
SHAPE_8455879,12.3797059,-1.5092895,115
SHAPE_8455879,12.3801326,-1.5087724,116
SHAPE_8455879,12.3803868,-1.5084701,117
SHAPE_8455879,12.3805508,-1.5082751,118
SHAPE_8455879,12.3806206,-1.5081919,119
SHAPE_8455879,12.3806937,-1.508105,120
SHAPE_8455879,12.3810156,-1.5077221,121
SHAPE_8455879,12.3817678,-1.5067377,122
SHAPE_8455879,12.3818335,-1.5066559,123
SHAPE_8455879,12.3822236,-1.5061704,124
SHAPE_8455879,12.382639,-1.5056251,125
SHAPE_8455879,12.3828756,-1.5054303,126
SHAPE_8455879,12.3831965,-1.5050686,127
SHAPE_8455879,12.38362,-1.5045061,128
SHAPE_8455879,12.3836587,-1.5044551,129
SHAPE_8455879,12.3839191,-1.5041568,130
SHAPE_8455879,12.3841691,-1.5038754,131
SHAPE_8455879,12.3846919,-1.5032027,132
SHAPE_8455879,12.3847683,-1.503154,133
SHAPE_8455879,12.3849502,-1.5030842,134
SHAPE_8455879,12.3850266,-1.5030461,135
SHAPE_8455879,12.3850989,-1.5029615,136
SHAPE_8455879,12.3850978,-1.5028789,137
SHAPE_8455879,12.3850875,-1.5028091,138
SHAPE_8455879,12.3850648,-1.5027477,139
SHAPE_8455879,12.3850361,-1.5026871,140
SHAPE_8455879,12.3850629,-1.502593,141
SHAPE_8455879,12.3850561,-1.5025113,142
SHAPE_8455879,12.3850227,-1.5024367,143
SHAPE_8455879,12.3851087,-1.5023878,144
SHAPE_8455879,12.3851592,-1.502326,145
SHAPE_8455879,12.385188,-1.5022452,146
SHAPE_8455879,12.3852458,-1.5019993,147
SHAPE_8455879,12.3852995,-1.5017808,148
SHAPE_8455879,12.3853232,-1.5016494,149
SHAPE_8455879,12.3854944,-1.5007845,150
SHAPE_8455879,12.3855887,-1.5003486,151
SHAPE_8455879,12.3857067,-1.499798,152
SHAPE_8455879,12.3858647,-1.499076,153
SHAPE_8455879,12.3863083,-1.4973975,154
SHAPE_8455879,12.3863696,-1.4971034,155
SHAPE_8455879,12.3864325,-1.4969149,156
SHAPE_8455879,12.3864656,-1.496894,157
SHAPE_8455879,12.3864906,-1.4968636,158
SHAPE_8455879,12.386505,-1.4968267,159
SHAPE_8455879,12.3865075,-1.496787,160
SHAPE_8455879,12.3864977,-1.4967486,161
SHAPE_8455879,12.3864767,-1.4967152,162
SHAPE_8455879,12.3864534,-1.4966945,163
SHAPE_8455879,12.3864258,-1.4966805,164
SHAPE_8455879,12.3863956,-1.4966739,165
SHAPE_8455879,12.3863648,-1.4966753,166
SHAPE_8455879,12.3863353,-1.4966845,167
SHAPE_8455879,12.386309,-1.4967009,168
SHAPE_8455879,12.3861199,-1.4966811,169
SHAPE_8455879,12.3859273,-1.4966398,170
SHAPE_8455879,12.3856352,-1.4965741,171
SHAPE_8455879,12.3845751,-1.4963184,172
SHAPE_8455879,12.3843297,-1.4963179,173
SHAPE_8455879,12.3838327,-1.4963224,174
SHAPE_8455879,12.3835564,-1.4963233,175
SHAPE_8455879,12.383177,-1.4963273,176
SHAPE_8455879,12.3827988,-1.4963416,177
SHAPE_8455879,12.3823911,-1.4963597,178
SHAPE_8455879,12.3820074,-1.496365,179
SHAPE_8455879,12.3811452,-1.4963985,180
SHAPE_8455879,12.3809919,-1.496409,181
SHAPE_8455879,12.3806257,-1.4964291,182
SHAPE_8455879,12.3805022,-1.4964384,183
SHAPE_8455879,12.3800176,-1.4964484,184
SHAPE_8455879,12.3795159,-1.4964509,185
SHAPE_8455879,12.3789243,-1.4964781,186
SHAPE_8455879,12.3784766,-1.496494,187
SHAPE_8455879,12.3781067,-1.4965072,188
SHAPE_8455879,12.3780732,-1.4965084,189
SHAPE_8455879,12.3780458,-1.4965096,190
SHAPE_8455879,12.3779356,-1.4965124,191
SHAPE_8455879,12.3779303,-1.4965126,192
SHAPE_8455879,12.3779218,-1.4965128,193
SHAPE_8455879,12.3778233,-1.4965154,194
SHAPE_8455879,12.3766555,-1.4965559,195
SHAPE_8455879,12.3763241,-1.4965701,196
SHAPE_8455879,12.37621,-1.496575,197
SHAPE_8455879,12.3761967,-1.4961737,198
SHAPE_8455879,12.3761876,-1.4958262,199
SHAPE_8455879,12.3761322,-1.4947116,200
SHAPE_8455879,12.3761097,-1.4942039,201
SHAPE_8455879,12.3760946,-1.4937177,202
SHAPE_8455879,12.3759982,-1.4937255,203
SHAPE_8455879,12.3758141,-1.4937293,204
SHAPE_8455879,12.3754316,-1.4937463,205
SHAPE_8455879,12.3748258,-1.4937564,206
SHAPE_8455879,12.3742517,-1.4937813,207
SHAPE_8455879,12.3739696,-1.4937884,208
SHAPE_8455879,12.373672,-1.4937915,209
SHAPE_8455879,12.3733791,-1.4937966,210
SHAPE_8455879,12.3731171,-1.4938011,211
SHAPE_8455879,12.3728458,-1.4938066,212
SHAPE_8455879,12.3725595,-1.4938254,213
SHAPE_8455879,12.3720051,-1.4938437,214
SHAPE_8455879,12.3714399,-1.4938719,215
SHAPE_8455879,12.3708479,-1.4939017,216
SHAPE_8455879,12.3705703,-1.4939145,217
SHAPE_8455879,12.3703403,-1.4939218,218
SHAPE_8455879,12.3702807,-1.4939229,219
SHAPE_8455879,12.3700228,-1.4939341,220
SHAPE_8455879,12.3697222,-1.4939417,221
SHAPE_8455879,12.3691559,-1.4939631,222
SHAPE_8455879,12.3685664,-1.4939849,223
SHAPE_8455879,12.3684707,-1.4939867,224
SHAPE_8455879,12.3677236,-1.4940155,225
SHAPE_8455879,12.3672693,-1.4940308,226
SHAPE_8455879,12.3670413,-1.4940381,227
SHAPE_8455879,12.3669182,-1.494043,228
SHAPE_8455879,12.3666354,-1.4940529,229
SHAPE_8455879,12.3664465,-1.4940594,230
SHAPE_8455879,12.365958,-1.4940782,231
SHAPE_8455879,12.3654242,-1.494095,232
SHAPE_8455879,12.364518,-1.4941264,233
SHAPE_8455879,12.3642638,-1.4941353,234
SHAPE_8455879,12.3633445,-1.4941673,235
SHAPE_8455879,12.363001,-1.4941792,236
SHAPE_8455879,12.3626293,-1.4941921,237
SHAPE_8455879,12.3624775,-1.4941974,238
SHAPE_8455879,12.3615004,-1.4942313,239
SHAPE_8455879,12.3610989,-1.4942453,240
SHAPE_8455879,12.3606276,-1.494258,241
SHAPE_8455879,12.3604207,-1.4942688,242
SHAPE_8455879,12.3597027,-1.4942948,243
SHAPE_8455879,12.3595578,-1.4943,244
SHAPE_8455879,12.3591717,-1.4943099,245
SHAPE_8455879,12.3590386,-1.4943157,246
SHAPE_8455879,12.3589588,-1.4943462,247
SHAPE_8455879,12.3588886,-1.4943956,248
SHAPE_8455879,12.3588322,-1.494461,249
SHAPE_8455879,12.3587931,-1.4945385,250
SHAPE_8455879,12.3587736,-1.4946234,251
SHAPE_8455879,12.3587747,-1.4947106,252
SHAPE_8455879,12.3587965,-1.4947949,253
SHAPE_8455879,12.3588622,-1.4949021,254
SHAPE_8455879,12.358923,-1.495001,255
SHAPE_8455879,12.3589134,-1.4950483,256
SHAPE_8455879,12.3589069,-1.4950885,257
SHAPE_8455879,12.3588918,-1.4951465,258
SHAPE_8455879,12.3588729,-1.4951934,259
SHAPE_8455879,12.3588153,-1.4953073,260
SHAPE_8455879,12.358569,-1.4954663,261
SHAPE_8455879,12.3580134,-1.4958366,262
SHAPE_8455879,12.3575024,-1.496177,263
SHAPE_8455879,12.357061,-1.4964812,264
SHAPE_8455879,12.3569287,-1.4965737,265
SHAPE_8455879,12.3566443,-1.4967669,266
SHAPE_8455879,12.3566015,-1.4967991,267
SHAPE_8455879,12.3565403,-1.4968353,268
SHAPE_8455879,12.3563666,-1.4969555,269
SHAPE_8455879,12.3558137,-1.4973038,270
SHAPE_8455879,12.3556581,-1.4974086,271
SHAPE_8455879,12.3555363,-1.4974953,272
SHAPE_8455879,12.3552295,-1.4977069,273
SHAPE_8455879,12.3547075,-1.498058,274
SHAPE_8455879,12.3542422,-1.4983422,275
SHAPE_8455879,12.3537983,-1.4986585,276
SHAPE_8455879,12.353383,-1.4989386,277
SHAPE_8455879,12.3526724,-1.4994083,278
SHAPE_8455879,12.3522398,-1.4997079,279
SHAPE_8455879,12.3519079,-1.4999292,280
SHAPE_8455879,12.3518364,-1.4999763,281
SHAPE_8455879,12.3517669,-1.5000221,282
SHAPE_8455879,12.3513268,-1.5003228,283
SHAPE_8455879,12.3506924,-1.5007423,284
SHAPE_8455879,12.3503804,-1.5009665,285
SHAPE_8455879,12.3499357,-1.5012612,286
SHAPE_8455879,12.3495564,-1.5015221,287
SHAPE_8455879,12.3490909,-1.5018399,288
SHAPE_8455879,12.3485691,-1.5021848,289
SHAPE_8455879,12.347546,-1.5028547,290
SHAPE_8455879,12.3472173,-1.5030842,291
SHAPE_8455879,12.3464135,-1.5036189,292
SHAPE_8455879,12.3458609,-1.5040034,293
SHAPE_8455879,12.3454528,-1.5042702,294
SHAPE_8455879,12.3452769,-1.5043897,295
SHAPE_8455879,12.3450905,-1.5045157,296
SHAPE_8455879,12.3447674,-1.5047332,297
SHAPE_8455879,12.3443783,-1.5049993,298
SHAPE_8455879,12.3439446,-1.5052828,299
SHAPE_8455879,12.3433824,-1.5056507,300
SHAPE_8455879,12.3430079,-1.5058957,301
SHAPE_8455879,12.3422974,-1.5063786,302
SHAPE_8455879,12.3416678,-1.5068065,303
SHAPE_8455879,12.3402815,-1.5077347,304
SHAPE_8455879,12.3391618,-1.50848,305
SHAPE_8455879,12.3389393,-1.5086404,306
SHAPE_8455879,12.3386894,-1.5088091,307
SHAPE_8455879,12.3385663,-1.5088922,308
SHAPE_8455879,12.3385029,-1.5089331,309
SHAPE_8455879,12.3380418,-1.5092302,310
SHAPE_8455879,12.3377335,-1.5087531,311
SHAPE_8455879,12.3374899,-1.5083622,312
SHAPE_8455879,12.3374099,-1.5082623,313
SHAPE_8455879,12.3372582,-1.5080963,314
SHAPE_8455879,12.3372185,-1.5080182,315
SHAPE_8455879,12.3371012,-1.5080606,316
SHAPE_8455879,12.3370331,-1.5080888,317
SHAPE_8455879,12.3369447,-1.508133,318
SHAPE_8455879,12.3363573,-1.5081418,319
SHAPE_8455879,12.3361928,-1.5081431,320
SHAPE_8455879,12.3359834,-1.5081434,321
SHAPE_8455879,12.335528,-1.5081414,322
SHAPE_8455879,12.3339764,-1.5081326,323
SHAPE_8455879,12.3332156,-1.5081105,324
SHAPE_8455879,12.3331305,-1.5080707,325
SHAPE_8455879,12.3331131,-1.5080499,326
SHAPE_8455879,12.3330993,-1.508022,327
SHAPE_8455879,12.3330771,-1.5079675,328
SHAPE_8455879,12.3330641,-1.5078992,329
SHAPE_8455879,12.3330517,-1.507726,330
SHAPE_8455879,12.3330443,-1.5076231,331
SHAPE_8455879,12.3330371,-1.5075818,332
SHAPE_8455879,12.3330297,-1.507552,333
SHAPE_8455879,12.3330162,-1.5075168,334
SHAPE_8455879,12.3329907,-1.5074735,335
SHAPE_8455879,12.3329841,-1.5072465,336
SHAPE_8455879,12.3329927,-1.5071733,337
SHAPE_8455879,12.3329955,-1.5070276,338
SHAPE_8455879,12.3330058,-1.5065215,339
SHAPE_8455879,12.3330131,-1.5063284,340
SHAPE_8455879,12.3330392,-1.5059655,341
SHAPE_8455879,12.3330635,-1.505583,342
SHAPE_8455879,12.3330687,-1.5049312,343
SHAPE_8455879,12.3330975,-1.5040327,344
SHAPE_8455879,12.3331472,-1.5036732,345
SHAPE_8455879,12.3332042,-1.5032897,346
SHAPE_8455879,12.3334434,-1.5023509,347
SHAPE_8455879,12.3335899,-1.5019207,348
SHAPE_8455879,12.3337133,-1.5016856,349
SHAPE_8455879,12.3338286,-1.5014442,350
SHAPE_8455879,12.3340067,-1.5010929,351
SHAPE_8455879,12.3342033,-1.5007656,352
SHAPE_8455879,12.3344758,-1.500358,353
SHAPE_8455879,12.3346985,-1.5000763,354
SHAPE_8455879,12.3348221,-1.4999281,355
SHAPE_8455879,12.3349501,-1.4997826,356
SHAPE_8455879,12.3351937,-1.4994956,357
SHAPE_8455879,12.3353168,-1.4993804,358
SHAPE_8455879,12.3354296,-1.4992824,359
SHAPE_8455879,12.3355972,-1.499155,360
SHAPE_8455879,12.33571,-1.4990705,361
SHAPE_8455879,12.3359148,-1.4989134,362
SHAPE_8455879,12.3360487,-1.4988265,363
SHAPE_8455879,12.3360218,-1.4987888,364
SHAPE_8455879,12.3359467,-1.4986458,365
SHAPE_8455879,12.3357136,-1.498805,366
SHAPE_8455879,12.3355887,-1.498917,367
SHAPE_8455879,12.3355127,-1.4990056,368
SHAPE_8455879,12.3350613,-1.4995144,369
SHAPE_8455879,12.334645,-1.5000181,370
SHAPE_8455879,12.3345616,-1.5001241,371
SHAPE_8455879,12.3342119,-1.5006301,372
SHAPE_8455879,12.3339317,-1.5010848,373
SHAPE_8455879,12.3336261,-1.5016468,374
SHAPE_8455879,12.3335664,-1.5017634,375
SHAPE_8455879,12.3334973,-1.5018631,376
SHAPE_8455879,12.3333966,-1.5019809,377
SHAPE_8455879,12.3332851,-1.5020838,378
SHAPE_8455879,12.33319,-1.502167,379
SHAPE_8455879,12.3330552,-1.5022648,380
SHAPE_8455879,12.332886,-1.5023548,381
SHAPE_8455879,12.3326989,-1.5024153,382
SHAPE_8455879,12.3325194,-1.5024607,383
SHAPE_8455879,12.3324405,-1.5024768,384
SHAPE_8455879,12.332309,-1.5024887,385
SHAPE_8455879,12.3318337,-1.5025085,386
SHAPE_8455879,12.3301964,-1.5025119,387
SHAPE_8455879,12.3298307,-1.502518,388
SHAPE_8455879,12.3293669,-1.5025184,389
SHAPE_8455879,12.3291177,-1.5025185,390
SHAPE_8455879,12.327428,-1.5025435,391
SHAPE_8455879,12.3273234,-1.502545,392
SHAPE_8455879,12.3273233,-1.5024713,393
SHAPE_8455879,12.3273232,-1.5023359,394
SHAPE_8455879,12.3273141,-1.5019512,395
SHAPE_8455879,12.3273263,-1.5015127,396
SHAPE_8455879,12.3273261,-1.5012378,397
SHAPE_8455879,12.3273327,-1.5009259,398
SHAPE_8455879,12.3273304,-1.4998974,399
SHAPE_8455879,12.3273438,-1.499641,400
SHAPE_8455879,12.3273708,-1.4995169,401
SHAPE_8455879,12.3274193,-1.4994222,402
SHAPE_8455879,12.3275247,-1.4992866,403
SHAPE_8455879,12.327893,-1.4988593,404
SHAPE_8455879,12.3283037,-1.4983812,405
SHAPE_8455879,12.3283549,-1.4983641,406
SHAPE_8455879,12.32837,-1.4983537,407
SHAPE_8455879,12.3284146,-1.4982999,408
SHAPE_8455879,12.328431,-1.49828,409
SHAPE_8455879,12.3285298,-1.4981599,410
SHAPE_8455879,12.3285807,-1.4980944,411
SHAPE_8455879,12.3285235,-1.4980364,412
SHAPE_8455879,12.3283993,-1.4979062,413
SHAPE_8455879,12.3279465,-1.497447,414
SHAPE_8455879,12.3278096,-1.4973205,415
SHAPE_8455879,12.3276219,-1.4971614,416
SHAPE_8455879,12.3275686,-1.4971163,417
SHAPE_8455879,12.3269977,-1.4966872,418
SHAPE_8455879,12.3269421,-1.4966363,419
SHAPE_8455879,12.3264346,-1.4962144,420
SHAPE_8455879,12.3260472,-1.4958833,421
SHAPE_8455879,12.3257106,-1.4955874,422
SHAPE_8455879,12.3252705,-1.4952119,423
SHAPE_8455879,12.3249008,-1.4948969,424
SHAPE_8455879,12.3245401,-1.4945796,425
SHAPE_8455879,12.3240295,-1.4941432,426
SHAPE_8455879,12.323524,-1.4937126,427
SHAPE_8455879,12.3232242,-1.4934438,428
SHAPE_8455879,12.3231236,-1.4933516,429
SHAPE_8455879,12.3225462,-1.4928615,430
SHAPE_8455879,12.321483,-1.4919349,431
SHAPE_8455879,12.3214052,-1.4918526,432
SHAPE_8455879,12.3213288,-1.4917585,433
SHAPE_8455879,12.3212774,-1.4916676,434
SHAPE_8455879,12.3210563,-1.4914564,435
SHAPE_8455879,12.3209655,-1.4914382,436
SHAPE_8455879,12.3208746,-1.491384,437
SHAPE_8455879,12.3207895,-1.4913238,438
SHAPE_8455879,12.3195245,-1.4902603,439
SHAPE_8455879,12.3189711,-1.4897839,440
SHAPE_8455879,12.3188223,-1.4896608,441
SHAPE_8455879,12.3167957,-1.4879076,442
SHAPE_8455879,12.3165234,-1.4876631,443
SHAPE_8455879,12.3162981,-1.4874795,444
SHAPE_8455879,12.3160147,-1.4872322,445
SHAPE_8455879,12.3157648,-1.4870141,446
SHAPE_8455879,12.3155853,-1.4868611,447
SHAPE_8455879,12.3152206,-1.4865237,448
SHAPE_8455879,12.3149238,-1.4862775,449
SHAPE_8455879,12.3147463,-1.4861303,450
SHAPE_8455879,12.3146673,-1.4860624,451
SHAPE_8455879,12.3145351,-1.4859534,452
SHAPE_8455879,12.3144676,-1.4858956,453
SHAPE_8455879,12.314349,-1.4857902,454
SHAPE_8455879,12.3141263,-1.4856057,455
SHAPE_8455879,12.3138221,-1.4853574,456
SHAPE_8455879,12.3137071,-1.4852489,457
SHAPE_8455879,12.3134216,-1.4850016,458
SHAPE_8455879,12.3131706,-1.4847763,459
SHAPE_8455879,12.3128411,-1.4844852,460
SHAPE_8455879,12.3127627,-1.4844135,461
SHAPE_8455879,12.312567,-1.4842521,462
SHAPE_8455879,12.3123363,-1.484051,463
SHAPE_8455879,12.3120839,-1.4838374,464
SHAPE_8455879,12.3118139,-1.4835974,465
SHAPE_8455879,12.3115445,-1.4833635,466
SHAPE_8455879,12.3112831,-1.4831403,467
SHAPE_8455879,12.3111201,-1.483007,468
SHAPE_8455879,12.3108011,-1.4827438,469
SHAPE_8455879,12.310733,-1.4826858,470
SHAPE_8455879,12.3102323,-1.4822483,471
SHAPE_8455879,12.3100405,-1.4820776,472
SHAPE_8455879,12.3098668,-1.4819136,473
SHAPE_8455879,12.3097873,-1.4818414,474
SHAPE_8455879,12.3095516,-1.4816389,475
SHAPE_8455879,12.3092964,-1.4814375,476
SHAPE_8455879,12.3091338,-1.4812964,477
SHAPE_8455879,12.3087194,-1.4809374,478
SHAPE_8455879,12.3084727,-1.4807211,479
SHAPE_8455879,12.3079794,-1.4803,480
SHAPE_8455879,12.3075143,-1.4799046,481
SHAPE_8455879,12.3072234,-1.4796463,482
SHAPE_8455879,12.3065738,-1.4791069,483
SHAPE_8455879,12.3061033,-1.478679,484
SHAPE_8455879,12.3051163,-1.4778294,485
SHAPE_8455879,12.3048564,-1.4775947,486
SHAPE_8455879,12.3044737,-1.4772249,487
SHAPE_8455879,12.3042336,-1.4769972,488
SHAPE_8455879,12.3040621,-1.4768357,489
SHAPE_8455879,12.3039443,-1.4767539,490
SHAPE_8455879,12.3036701,-1.4765095,491
SHAPE_8455879,12.3034335,-1.4763042,492
SHAPE_8455879,12.3031041,-1.4760188,493
SHAPE_8455879,12.3028387,-1.4757898,494
SHAPE_8455879,12.3026043,-1.4755894,495
SHAPE_8455879,12.302236,-1.4752717,496
SHAPE_8455879,12.3020986,-1.475154,497
SHAPE_8455879,12.3013353,-1.4745,498
SHAPE_8455879,12.3007672,-1.473995,499
SHAPE_8455879,12.3002521,-1.4735546,500
SHAPE_8455879,12.2999033,-1.4732511,501
SHAPE_8455879,12.2997994,-1.4731592,502
SHAPE_8455879,12.2993771,-1.472801,503
SHAPE_8455879,12.2989643,-1.4724536,504
SHAPE_8455879,12.2981791,-1.4717742,505
SHAPE_8455879,12.2979032,-1.4715346,506
SHAPE_8455879,12.2977321,-1.4713913,507
SHAPE_8455879,12.2973641,-1.4710659,508
SHAPE_8455879,12.297071,-1.4708147,509
SHAPE_8455879,12.2968789,-1.4706486,510
SHAPE_8455879,12.2965055,-1.4703199,511
SHAPE_8455879,12.2960849,-1.4699471,512
SHAPE_8455879,12.2952768,-1.469264,513
SHAPE_8455879,12.2950648,-1.4690874,514
SHAPE_8455879,12.2945846,-1.4686736,515
SHAPE_8455879,12.2942858,-1.4684129,516
SHAPE_8455879,12.2940462,-1.4682022,517
SHAPE_8455879,12.2937702,-1.4679688,518
SHAPE_8455879,12.2936349,-1.467848,519
SHAPE_8455879,12.2935899,-1.4678188,520
SHAPE_8455879,12.2932,-1.4674767,521
SHAPE_8455879,12.2931,-1.467388,522
SHAPE_8455879,12.2926588,-1.4670103,523
SHAPE_8455879,12.2920654,-1.4665008,524
SHAPE_8455879,12.291418,-1.465945,525
SHAPE_8455879,12.290639,-1.4653138,526
SHAPE_8455879,12.290796,-1.4651445,527
SHAPE_8455879,12.2910688,-1.46485,528
SHAPE_8455879,12.2914691,-1.4644182,529
SHAPE_8455879,12.2911312,-1.464,530
SHAPE_8455879,12.2909112,-1.4636443,531
SHAPE_8455879,12.2908029,-1.4634691,532
SHAPE_8455879,12.2906256,-1.4633583,533
SHAPE_8455879,12.2905993,-1.4633313,534
SHAPE_8455879,12.2905636,-1.4632945,535
SHAPE_8455879,12.2906233,-1.4632575,536
SHAPE_8455879,12.2912791,-1.4629329,537
SHAPE_8455879,12.2913058,-1.4628916,538
SHAPE_8455879,12.2913242,-1.4628458,539
SHAPE_8455879,12.2913334,-1.4627972,540
SHAPE_8455879,12.2913332,-1.4627478,541
SHAPE_8455879,12.2913236,-1.4626993,542
SHAPE_8455879,12.2913049,-1.4626536,543
SHAPE_8455879,12.2912779,-1.4626126,544
SHAPE_8455879,12.2912435,-1.4625778,545
SHAPE_8455879,12.2912032,-1.4625504,546
SHAPE_8455879,12.2911585,-1.4625317,547
SHAPE_8455879,12.2911084,-1.4625115,548
SHAPE_8455879,12.2910522,-1.4625037,549
SHAPE_8455879,12.2909917,-1.4625108,550
SHAPE_8455879,12.2909419,-1.4625246,551
SHAPE_8455879,12.2908756,-1.462563,552
SHAPE_8455879,12.2907792,-1.4626621,553
SHAPE_8455880,12.3726455,-1.5267135,1
SHAPE_8455880,12.3722795,-1.5267128,2
SHAPE_8455880,12.3721258,-1.5266927,3
SHAPE_8455880,12.3718285,-1.5266364,4
SHAPE_8455880,12.3707551,-1.526342,5
SHAPE_8455880,12.3703274,-1.526222,6
SHAPE_8455880,12.3699947,-1.5261287,7
SHAPE_8455880,12.3701272,-1.5255287,8
SHAPE_8455880,12.3702691,-1.5248774,9
SHAPE_8455880,12.3703483,-1.5245194,10
SHAPE_8455880,12.3705053,-1.5238732,11
SHAPE_8455880,12.3706235,-1.5232815,12
SHAPE_8455880,12.3706903,-1.5229587,13
SHAPE_8455880,12.3707516,-1.5226996,14
SHAPE_8455880,12.3707663,-1.5225982,15
SHAPE_8455880,12.3707846,-1.5225064,16
SHAPE_8455880,12.3709175,-1.5218686,17
SHAPE_8455880,12.3710059,-1.5214663,18
SHAPE_8455880,12.3711402,-1.5208406,19
SHAPE_8455880,12.3711755,-1.5206,20
SHAPE_8455880,12.3712236,-1.5203341,21
SHAPE_8455880,12.3712487,-1.5201386,22
SHAPE_8455880,12.3712779,-1.5199837,23
SHAPE_8455880,12.3712976,-1.5198667,24
SHAPE_8455880,12.3713197,-1.5197711,25
SHAPE_8455880,12.3713381,-1.5196966,26
SHAPE_8455880,12.3713338,-1.5196918,27
SHAPE_8455880,12.3713285,-1.5196847,28
SHAPE_8455880,12.3713167,-1.5196625,29
SHAPE_8455880,12.3713123,-1.5196364,30
SHAPE_8455880,12.3713112,-1.5196107,31
SHAPE_8455880,12.3713162,-1.5195855,32
SHAPE_8455880,12.3713269,-1.5195622,33
SHAPE_8455880,12.3713427,-1.5195423,34
SHAPE_8455880,12.3713548,-1.5195321,35
SHAPE_8455880,12.3714095,-1.5194332,36
SHAPE_8455880,12.3714317,-1.5193574,37
SHAPE_8455880,12.3714527,-1.5192622,38
SHAPE_8455880,12.3715084,-1.519012,39
SHAPE_8455880,12.3715346,-1.5189188,40
SHAPE_8455880,12.3716175,-1.5185628,41
SHAPE_8455880,12.3716604,-1.5183273,42
SHAPE_8455880,12.3717861,-1.5178191,43
SHAPE_8455880,12.3719138,-1.517219,44
SHAPE_8455880,12.3721404,-1.5161984,45
SHAPE_8455880,12.3722688,-1.5156003,46
SHAPE_8455880,12.3723238,-1.5153482,47
SHAPE_8455880,12.3723867,-1.5150571,48
SHAPE_8455880,12.3724947,-1.5144967,49
SHAPE_8455880,12.372624,-1.5139355,50
SHAPE_8455880,12.372734,-1.5133637,51
SHAPE_8455880,12.3728507,-1.5128359,52
SHAPE_8455880,12.3729684,-1.5122094,53
SHAPE_8455880,12.3730822,-1.51169,54
SHAPE_8455880,12.3731595,-1.5113539,55
SHAPE_8455880,12.3732575,-1.5109276,56
SHAPE_8455880,12.3733643,-1.5103713,57
SHAPE_8455880,12.3734164,-1.5102269,58
SHAPE_8455880,12.3734718,-1.5101447,59
SHAPE_8455880,12.3735336,-1.5100852,60
SHAPE_8455880,12.3736658,-1.5100314,61
SHAPE_8455880,12.373812,-1.5100218,62
SHAPE_8455880,12.3741391,-1.510084,63
SHAPE_8455880,12.3742209,-1.5101004,64
SHAPE_8455880,12.3743321,-1.5101706,65
SHAPE_8455880,12.3747955,-1.5102668,66
SHAPE_8455880,12.3758001,-1.5104937,67
SHAPE_8455880,12.3758931,-1.5105147,68
SHAPE_8455880,12.3759276,-1.5105227,69
SHAPE_8455880,12.3762926,-1.5106063,70
SHAPE_8455880,12.3764767,-1.5106467,71
SHAPE_8455880,12.3777317,-1.5109222,72
SHAPE_8455880,12.3783457,-1.5110898,73
SHAPE_8455880,12.3790796,-1.5101599,74
SHAPE_8455880,12.3791472,-1.5100406,75
SHAPE_8455880,12.3793322,-1.5098005,76
SHAPE_8455880,12.379374,-1.5097462,77
SHAPE_8455880,12.3794165,-1.5096431,78
SHAPE_8455880,12.3795507,-1.5094221,79
SHAPE_8455880,12.3795331,-1.5093908,80
SHAPE_8455880,12.3795267,-1.5093591,81
SHAPE_8455880,12.3795301,-1.509327,82
SHAPE_8455880,12.379543,-1.5092976,83
SHAPE_8455880,12.3795642,-1.5092737,84
SHAPE_8455880,12.3795916,-1.5092576,85
SHAPE_8455880,12.3796224,-1.509251,86
SHAPE_8455880,12.3797198,-1.5091589,87
SHAPE_8455880,12.3804696,-1.5081981,88
SHAPE_8455880,12.3810732,-1.5074966,89
SHAPE_8455880,12.3817855,-1.5066273,90
SHAPE_8455880,12.3827268,-1.5053586,91
SHAPE_8455880,12.3829666,-1.5050373,92
SHAPE_8455880,12.3830774,-1.504888,93
SHAPE_8455880,12.3833814,-1.5043739,94
SHAPE_8455880,12.3837389,-1.5038611,95
SHAPE_8455880,12.3839332,-1.5035847,96
SHAPE_8455880,12.3841793,-1.503265,97
SHAPE_8455880,12.3842849,-1.5031081,98
SHAPE_8455880,12.3843952,-1.5028792,99
SHAPE_8455880,12.3844422,-1.5028045,100
SHAPE_8455880,12.3844982,-1.502737,101
SHAPE_8455880,12.3846036,-1.5026316,102
SHAPE_8455880,12.3845966,-1.5025608,103
SHAPE_8455880,12.3846102,-1.502491,104
SHAPE_8455880,12.3846432,-1.5024283,105
SHAPE_8455880,12.3846928,-1.5023784,106
SHAPE_8455880,12.3847545,-1.5023457,107
SHAPE_8455880,12.384759,-1.5022266,108
SHAPE_8455880,12.3847908,-1.5021108,109
SHAPE_8455880,12.3848661,-1.5019771,110
SHAPE_8455880,12.3849608,-1.5018067,111
SHAPE_8455880,12.3850357,-1.5016045,112
SHAPE_8455880,12.3851467,-1.5011335,113
SHAPE_8455880,12.3851804,-1.500991,114
SHAPE_8455880,12.3852852,-1.5005719,115
SHAPE_8455880,12.3855223,-1.499738,116
SHAPE_8455880,12.3857365,-1.4990716,117
SHAPE_8455880,12.3861326,-1.4975913,118
SHAPE_8455880,12.3862068,-1.4973131,119
SHAPE_8455880,12.3862884,-1.4968758,120
SHAPE_8455880,12.3861075,-1.4967621,121
SHAPE_8455880,12.3859097,-1.4967155,122
SHAPE_8455880,12.3856189,-1.4966458,123
SHAPE_8455880,12.3845546,-1.496399,124
SHAPE_8455880,12.3843142,-1.4963993,125
SHAPE_8455880,12.3834753,-1.4964003,126
SHAPE_8455880,12.3823891,-1.4964241,127
SHAPE_8455880,12.3819871,-1.4964423,128
SHAPE_8455880,12.3811449,-1.496473,129
SHAPE_8455880,12.3810701,-1.4964759,130
SHAPE_8455880,12.3807608,-1.4964933,131
SHAPE_8455880,12.3806296,-1.4964995,132
SHAPE_8455880,12.3800326,-1.4965158,133
SHAPE_8455880,12.3794067,-1.4965232,134
SHAPE_8455880,12.3789307,-1.4965445,135
SHAPE_8455880,12.3786225,-1.4965531,136
SHAPE_8455880,12.378115,-1.4965798,137
SHAPE_8455880,12.3780442,-1.4965835,138
SHAPE_8455880,12.3779467,-1.4965877,139
SHAPE_8455880,12.3778891,-1.4965902,140
SHAPE_8455880,12.3778272,-1.4965929,141
SHAPE_8455880,12.3762101,-1.4966876,142
SHAPE_8455880,12.3761124,-1.4967121,143
SHAPE_8455880,12.3761091,-1.4965852,144
SHAPE_8455880,12.3760932,-1.4961737,145
SHAPE_8455880,12.376082,-1.4957985,146
SHAPE_8455880,12.3760601,-1.495325,147
SHAPE_8455880,12.3760359,-1.4946649,148
SHAPE_8455880,12.3760116,-1.4940047,149
SHAPE_8455880,12.3759982,-1.4937255,150
SHAPE_8455880,12.3758141,-1.4937293,151
SHAPE_8455880,12.3754316,-1.4937463,152
SHAPE_8455880,12.3748258,-1.4937564,153
SHAPE_8455880,12.3742517,-1.4937813,154
SHAPE_8455880,12.3739696,-1.4937884,155
SHAPE_8455880,12.373672,-1.4937915,156
SHAPE_8455880,12.3733791,-1.4937966,157
SHAPE_8455880,12.3731171,-1.4938011,158
SHAPE_8455880,12.3728458,-1.4938066,159
SHAPE_8455880,12.3725595,-1.4938254,160
SHAPE_8455880,12.3720051,-1.4938437,161
SHAPE_8455880,12.3714399,-1.4938719,162
SHAPE_8455880,12.3708479,-1.4939017,163
SHAPE_8455880,12.3705703,-1.4939145,164
SHAPE_8455880,12.3703403,-1.4939218,165
SHAPE_8455880,12.3702807,-1.4939229,166
SHAPE_8455880,12.3700228,-1.4939341,167
SHAPE_8455880,12.3697222,-1.4939417,168
SHAPE_8455880,12.3691559,-1.4939631,169
SHAPE_8455880,12.3685664,-1.4939849,170
SHAPE_8455880,12.3684707,-1.4939867,171
SHAPE_8455880,12.3677236,-1.4940155,172
SHAPE_8455880,12.3672693,-1.4940308,173
SHAPE_8455880,12.3670413,-1.4940381,174
SHAPE_8455880,12.3669182,-1.494043,175
SHAPE_8455880,12.3666354,-1.4940529,176
SHAPE_8455880,12.3664465,-1.4940594,177
SHAPE_8455880,12.365958,-1.4940782,178
SHAPE_8455880,12.3654242,-1.494095,179
SHAPE_8455880,12.364518,-1.4941264,180
SHAPE_8455880,12.3642638,-1.4941353,181
SHAPE_8455880,12.3633445,-1.4941673,182
SHAPE_8455880,12.363001,-1.4941792,183
SHAPE_8455880,12.3626293,-1.4941921,184
SHAPE_8455880,12.3624775,-1.4941974,185
SHAPE_8455880,12.3615004,-1.4942313,186
SHAPE_8455880,12.3610989,-1.4942453,187
SHAPE_8455880,12.3606276,-1.494258,188
SHAPE_8455880,12.3604207,-1.4942688,189
SHAPE_8455880,12.3602884,-1.4943358,190
SHAPE_8455880,12.3600118,-1.4944969,191
SHAPE_8455880,12.3597506,-1.4946559,192
SHAPE_8455880,12.3597158,-1.4946771,193
SHAPE_8455880,12.3595825,-1.4947619,194
SHAPE_8455880,12.359388,-1.4948889,195
SHAPE_8455880,12.3593381,-1.4949394,196
SHAPE_8455880,12.3592793,-1.4949787,197
SHAPE_8455880,12.3591158,-1.4951302,198
SHAPE_8455880,12.359011,-1.4951835,199
SHAPE_8455880,12.3588153,-1.4953073,200
SHAPE_8455880,12.358569,-1.4954663,201
SHAPE_8455880,12.3580134,-1.4958366,202
SHAPE_8455880,12.3575024,-1.496177,203
SHAPE_8455880,12.357061,-1.4964812,204
SHAPE_8455880,12.3569287,-1.4965737,205
SHAPE_8455880,12.3566443,-1.4967669,206
SHAPE_8455880,12.3566015,-1.4967991,207
SHAPE_8455880,12.3565403,-1.4968353,208
SHAPE_8455880,12.3563666,-1.4969555,209
SHAPE_8455880,12.3558137,-1.4973038,210
SHAPE_8455880,12.3556581,-1.4974086,211
SHAPE_8455880,12.3555363,-1.4974953,212
SHAPE_8455880,12.3552295,-1.4977069,213
SHAPE_8455880,12.3547075,-1.498058,214
SHAPE_8455880,12.3542422,-1.4983422,215
SHAPE_8455880,12.3537983,-1.4986585,216
SHAPE_8455880,12.353383,-1.4989386,217
SHAPE_8455880,12.3526724,-1.4994083,218
SHAPE_8455880,12.3522398,-1.4997079,219
SHAPE_8455880,12.3519079,-1.4999292,220
SHAPE_8455880,12.3518364,-1.4999763,221
SHAPE_8455880,12.3517669,-1.5000221,222
SHAPE_8455880,12.3513268,-1.5003228,223
SHAPE_8455880,12.3506924,-1.5007423,224
SHAPE_8455880,12.3503804,-1.5009665,225
SHAPE_8455880,12.3499357,-1.5012612,226
SHAPE_8455880,12.3495564,-1.5015221,227
SHAPE_8455880,12.3490909,-1.5018399,228
SHAPE_8455880,12.3485691,-1.5021848,229
SHAPE_8455880,12.347546,-1.5028547,230
SHAPE_8455880,12.3472173,-1.5030842,231
SHAPE_8455880,12.3464135,-1.5036189,232
SHAPE_8455880,12.3458609,-1.5040034,233
SHAPE_8455880,12.3454528,-1.5042702,234
SHAPE_8455880,12.3452769,-1.5043897,235
SHAPE_8455880,12.3450905,-1.5045157,236
SHAPE_8455880,12.3447674,-1.5047332,237
SHAPE_8455880,12.3443783,-1.5049993,238
SHAPE_8455880,12.3439446,-1.5052828,239
SHAPE_8455880,12.3433824,-1.5056507,240
SHAPE_8455880,12.3430079,-1.5058957,241
SHAPE_8455880,12.3422974,-1.5063786,242
SHAPE_8455880,12.3416678,-1.5068065,243
SHAPE_8455880,12.3402815,-1.5077347,244
SHAPE_8455880,12.3391618,-1.50848,245
SHAPE_8455880,12.3389393,-1.5086404,246
SHAPE_8455880,12.3386894,-1.5088091,247
SHAPE_8455880,12.3385663,-1.5088922,248
SHAPE_8455880,12.3385029,-1.5089331,249
SHAPE_8455880,12.3380418,-1.5092302,250
SHAPE_8455880,12.3379682,-1.5092784,251
SHAPE_8455880,12.3376842,-1.5088153,252
SHAPE_8455880,12.3374226,-1.5084029,253
SHAPE_8455880,12.337353,-1.5083153,254
SHAPE_8455880,12.3372662,-1.5082313,255
SHAPE_8455880,12.3372212,-1.5081916,256
SHAPE_8455880,12.3371534,-1.5081468,257
SHAPE_8455880,12.3370881,-1.5081545,258
SHAPE_8455880,12.3370514,-1.5081545,259
SHAPE_8455880,12.3370088,-1.5081491,260
SHAPE_8455880,12.3369447,-1.508133,261
SHAPE_8455880,12.3363573,-1.5081418,262
SHAPE_8455880,12.3361928,-1.5081431,263
SHAPE_8455880,12.3359834,-1.5081434,264
SHAPE_8455880,12.335528,-1.5081414,265
SHAPE_8455880,12.3339764,-1.5081326,266
SHAPE_8455880,12.3339813,-1.5075238,267
SHAPE_8455880,12.3340109,-1.505607,268
SHAPE_8455880,12.3340276,-1.5045235,269
SHAPE_8455880,12.334045,-1.5042312,270
SHAPE_8455880,12.3340617,-1.5039495,271
SHAPE_8455880,12.3341395,-1.5035152,272
SHAPE_8455880,12.3341936,-1.5032708,273
SHAPE_8455880,12.3342155,-1.5031721,274
SHAPE_8455880,12.3342477,-1.5030268,275
SHAPE_8455880,12.3343722,-1.5026124,276
SHAPE_8455880,12.3345281,-1.5021926,277
SHAPE_8455880,12.3345747,-1.5020917,278
SHAPE_8455880,12.3346369,-1.5019568,279
SHAPE_8455880,12.3347063,-1.5018064,280
SHAPE_8455880,12.3347508,-1.5017098,281
SHAPE_8455880,12.3349256,-1.5014203,282
SHAPE_8455880,12.335024,-1.5012572,283
SHAPE_8455880,12.3351458,-1.5010931,284
SHAPE_8455880,12.3353456,-1.500824,285
SHAPE_8455880,12.3358133,-1.5002923,286
SHAPE_8455880,12.3363033,-1.4998457,287
SHAPE_8455880,12.3361081,-1.4995614,288
SHAPE_8455880,12.3358869,-1.4992678,289
SHAPE_8455880,12.3357797,-1.4991473,290
SHAPE_8455880,12.33571,-1.4990705,291
SHAPE_8455880,12.3355972,-1.499155,292
SHAPE_8455880,12.3354296,-1.4992824,293
SHAPE_8455880,12.3353168,-1.4993804,294
SHAPE_8455880,12.3351937,-1.4994956,295
SHAPE_8455880,12.3349501,-1.4997826,296
SHAPE_8455880,12.3348221,-1.4999281,297
SHAPE_8455880,12.3346985,-1.5000763,298
SHAPE_8455880,12.3344758,-1.500358,299
SHAPE_8455880,12.3342033,-1.5007656,300
SHAPE_8455880,12.3340067,-1.5010929,301
SHAPE_8455880,12.3338286,-1.5014442,302
SHAPE_8455880,12.3337133,-1.5016856,303
SHAPE_8455880,12.3335899,-1.5019207,304
SHAPE_8455880,12.3335245,-1.5020022,305
SHAPE_8455880,12.3334434,-1.5020908,306
SHAPE_8455880,12.3333911,-1.5021522,307
SHAPE_8455880,12.3332608,-1.5022686,308
SHAPE_8455880,12.33313,-1.5023587,309
SHAPE_8455880,12.3329639,-1.5024574,310
SHAPE_8455880,12.3327751,-1.5025266,311
SHAPE_8455880,12.3326572,-1.5025722,312
SHAPE_8455880,12.3325157,-1.5026073,313
SHAPE_8455880,12.3318784,-1.502628,314
SHAPE_8455880,12.331763,-1.5026258,315
SHAPE_8455880,12.3316197,-1.5026269,316
SHAPE_8455880,12.3304402,-1.5026232,317
SHAPE_8455880,12.3298668,-1.5026317,318
SHAPE_8455880,12.3286008,-1.5026458,319
SHAPE_8455880,12.3274363,-1.5026569,320
SHAPE_8455880,12.3273261,-1.502658,321
SHAPE_8455880,12.3273234,-1.502545,322
SHAPE_8455880,12.3273233,-1.5024713,323
SHAPE_8455880,12.3273232,-1.5023359,324
SHAPE_8455880,12.3273141,-1.5019512,325
SHAPE_8455880,12.3273263,-1.5015127,326
SHAPE_8455880,12.3273261,-1.5012378,327
SHAPE_8455880,12.3273327,-1.5009259,328
SHAPE_8455880,12.3273304,-1.4998974,329
SHAPE_8455880,12.3273438,-1.499641,330
SHAPE_8455880,12.3273708,-1.4995169,331
SHAPE_8455880,12.3274193,-1.4994222,332
SHAPE_8455880,12.3275247,-1.4992866,333
SHAPE_8455880,12.327893,-1.4988593,334
SHAPE_8455880,12.3283037,-1.4983812,335
SHAPE_8455880,12.3283117,-1.4983318,336
SHAPE_8455880,12.3283196,-1.4983105,337
SHAPE_8455880,12.3283511,-1.4982647,338
SHAPE_8455880,12.3284731,-1.4981019,339
SHAPE_8455880,12.3283335,-1.4979491,340
SHAPE_8455880,12.3281736,-1.4977837,341
SHAPE_8455880,12.3279111,-1.4975383,342
SHAPE_8455880,12.327838,-1.497466,343
SHAPE_8455880,12.3275726,-1.4972333,344
SHAPE_8455880,12.3275262,-1.4971944,345
SHAPE_8455880,12.3273831,-1.4970771,346
SHAPE_8455880,12.3270549,-1.4968316,347
SHAPE_8455880,12.3268975,-1.4967074,348
SHAPE_8455880,12.326407,-1.4963113,349
SHAPE_8455880,12.326021,-1.4959751,350
SHAPE_8455880,12.3256553,-1.4956528,351
SHAPE_8455880,12.3248544,-1.4949756,352
SHAPE_8455880,12.3243966,-1.4945779,353
SHAPE_8455880,12.3238461,-1.4941003,354
SHAPE_8455880,12.3232619,-1.4935912,355
SHAPE_8455880,12.3231649,-1.4935068,356
SHAPE_8455880,12.323069,-1.4934307,357
SHAPE_8455880,12.3227544,-1.4931661,358
SHAPE_8455880,12.3217595,-1.4922842,359
SHAPE_8455880,12.3214057,-1.4919985,360
SHAPE_8455880,12.3213289,-1.4919427,361
SHAPE_8455880,12.3212278,-1.4918872,362
SHAPE_8455880,12.3211201,-1.4918558,363
SHAPE_8455880,12.320882,-1.4916585,364
SHAPE_8455880,12.3208254,-1.491544,365
SHAPE_8455880,12.3207683,-1.4914612,366
SHAPE_8455880,12.320712,-1.4913876,367
SHAPE_8455880,12.3189316,-1.4898471,368
SHAPE_8455880,12.3187725,-1.4897121,369
SHAPE_8455880,12.316906,-1.4881071,370
SHAPE_8455880,12.3167441,-1.487966,371
SHAPE_8455880,12.3159731,-1.4873038,372
SHAPE_8455880,12.3155912,-1.4869731,373
SHAPE_8455880,12.3151873,-1.4866283,374
SHAPE_8455880,12.3150383,-1.4865016,375
SHAPE_8455880,12.3147224,-1.486233,376
SHAPE_8455880,12.314588,-1.4861178,377
SHAPE_8455880,12.3144784,-1.4860231,378
SHAPE_8455880,12.3144225,-1.4859735,379
SHAPE_8455880,12.3144143,-1.4859661,380
SHAPE_8455880,12.3141858,-1.4857681,381
SHAPE_8455880,12.3137797,-1.4854126,382
SHAPE_8455880,12.3137333,-1.485372,383
SHAPE_8455880,12.3133718,-1.4850646,384
SHAPE_8455880,12.3131784,-1.4849111,385
SHAPE_8455880,12.3127613,-1.4845348,386
SHAPE_8455880,12.3124989,-1.4843098,387
SHAPE_8455880,12.31227,-1.4841006,388
SHAPE_8455880,12.3120327,-1.4839072,389
SHAPE_8455880,12.3117379,-1.4836497,390
SHAPE_8455880,12.3112371,-1.4832154,391
SHAPE_8455880,12.3109339,-1.4829612,392
SHAPE_8455880,12.3106865,-1.4827482,393
SHAPE_8455880,12.3104447,-1.4825352,394
SHAPE_8455880,12.3101834,-1.482305,395
SHAPE_8455880,12.3100363,-1.4821855,396
SHAPE_8455880,12.3097487,-1.481936,397
SHAPE_8455880,12.3096385,-1.4818403,398
SHAPE_8455880,12.3094731,-1.4816967,399
SHAPE_8455880,12.3093855,-1.4816227,400
SHAPE_8455880,12.3089431,-1.4812454,401
SHAPE_8455880,12.3087738,-1.4810996,402
SHAPE_8455880,12.3086662,-1.4810043,403
SHAPE_8455880,12.3083077,-1.4806909,404
SHAPE_8455880,12.3079296,-1.480367,405
SHAPE_8455880,12.3076889,-1.4801716,406
SHAPE_8455880,12.3071653,-1.4797207,407
SHAPE_8455880,12.3065202,-1.4791638,408
SHAPE_8455880,12.3064651,-1.4791145,409
SHAPE_8455880,12.3060236,-1.4787373,410
SHAPE_8455880,12.3050864,-1.4779219,411
SHAPE_8455880,12.304771,-1.477637,412
SHAPE_8455880,12.3044709,-1.4773353,413
SHAPE_8455880,12.3043124,-1.4771679,414
SHAPE_8455880,12.3041922,-1.4770434,415
SHAPE_8455880,12.3040346,-1.4768789,416
SHAPE_8455880,12.3039443,-1.4767539,417
SHAPE_8455880,12.3036701,-1.4765095,418
SHAPE_8455880,12.3034335,-1.4763042,419
SHAPE_8455880,12.3031041,-1.4760188,420
SHAPE_8455880,12.3028387,-1.4757898,421
SHAPE_8455880,12.3026043,-1.4755894,422
SHAPE_8455880,12.302236,-1.4752717,423
SHAPE_8455880,12.3020986,-1.475154,424
SHAPE_8455880,12.3013353,-1.4745,425
SHAPE_8455880,12.3007672,-1.473995,426
SHAPE_8455880,12.3002521,-1.4735546,427
SHAPE_8455880,12.2999033,-1.4732511,428
SHAPE_8455880,12.2997994,-1.4731592,429
SHAPE_8455880,12.2993771,-1.472801,430
SHAPE_8455880,12.2989643,-1.4724536,431
SHAPE_8455880,12.2981791,-1.4717742,432
SHAPE_8455880,12.2979032,-1.4715346,433
SHAPE_8455880,12.2977321,-1.4713913,434
SHAPE_8455880,12.2973641,-1.4710659,435
SHAPE_8455880,12.297071,-1.4708147,436
SHAPE_8455880,12.2968789,-1.4706486,437
SHAPE_8455880,12.2965055,-1.4703199,438
SHAPE_8455880,12.2960849,-1.4699471,439
SHAPE_8455880,12.2952768,-1.469264,440
SHAPE_8455880,12.2950648,-1.4690874,441
SHAPE_8455880,12.2945846,-1.4686736,442
SHAPE_8455880,12.2942858,-1.4684129,443
SHAPE_8455880,12.2940462,-1.4682022,444
SHAPE_8455880,12.2937702,-1.4679688,445
SHAPE_8455880,12.2936349,-1.467848,446
SHAPE_8455880,12.2935899,-1.4678188,447
SHAPE_8455880,12.2932,-1.4674767,448
SHAPE_8455880,12.2931,-1.467388,449
SHAPE_8455880,12.2926588,-1.4670103,450
SHAPE_8455880,12.2920654,-1.4665008,451
SHAPE_8455880,12.291418,-1.465945,452
SHAPE_8455880,12.290639,-1.4653138,453
SHAPE_8455880,12.290796,-1.4651445,454
SHAPE_8455880,12.2910688,-1.46485,455
SHAPE_8455880,12.2914691,-1.4644182,456
SHAPE_8455880,12.2911312,-1.464,457
SHAPE_8455880,12.2909112,-1.4636443,458
SHAPE_8455880,12.2908029,-1.4634691,459
SHAPE_8455880,12.2906256,-1.4633583,460
SHAPE_8455880,12.2905993,-1.4633313,461
SHAPE_8455880,12.2905636,-1.4632945,462
SHAPE_8455880,12.2903788,-1.4630722,463
SHAPE_8455880,12.2904359,-1.4630204,464
SHAPE_8455880,12.2907792,-1.4626621,465
SHAPE_8456870,12.2927213,-1.5689318,1
SHAPE_8456870,12.2926224,-1.5687815,2
SHAPE_8456870,12.2925699,-1.5686423,3
SHAPE_8456870,12.2925494,-1.5685431,4
SHAPE_8456870,12.292543,-1.5684179,5
SHAPE_8456870,12.292557,-1.5682933,6
SHAPE_8456870,12.2925911,-1.5681729,7
SHAPE_8456870,12.2927033,-1.5679916,8
SHAPE_8456870,12.2927593,-1.5679088,9
SHAPE_8456870,12.2929081,-1.5677923,10
SHAPE_8456870,12.2930808,-1.5677182,11
SHAPE_8456870,12.2932105,-1.5676943,12
SHAPE_8456870,12.2933423,-1.5676945,13
SHAPE_8456870,12.293472,-1.5677189,14
SHAPE_8456870,12.2935952,-1.5677667,15
SHAPE_8456870,12.2936797,-1.5677767,16
SHAPE_8456870,12.2937675,-1.567778,17
SHAPE_8456870,12.2938671,-1.5677632,18
SHAPE_8456870,12.2939493,-1.5677339,19
SHAPE_8456870,12.2940208,-1.5676984,20
SHAPE_8456870,12.2940794,-1.5676694,21
SHAPE_8456870,12.2942253,-1.5675884,22
SHAPE_8456870,12.2949351,-1.5669331,23
SHAPE_8456870,12.2958241,-1.5660976,24
SHAPE_8456870,12.296204,-1.5657571,25
SHAPE_8456870,12.2967613,-1.5652552,26
SHAPE_8456870,12.2971148,-1.5649127,27
SHAPE_8456870,12.2972948,-1.5647503,28
SHAPE_8456870,12.2973813,-1.5646668,29
SHAPE_8456870,12.2975289,-1.5645307,30
SHAPE_8456870,12.2975924,-1.5644718,31
SHAPE_8456870,12.2980053,-1.5640891,32
SHAPE_8456870,12.2980827,-1.5640173,33
SHAPE_8456870,12.2982176,-1.5639016,34
SHAPE_8456870,12.2982734,-1.5638483,35
SHAPE_8456870,12.2984302,-1.5636987,36
SHAPE_8456870,12.2986084,-1.5635286,37
SHAPE_8456870,12.2989173,-1.5632397,38
SHAPE_8456870,12.2994267,-1.5627625,39
SHAPE_8456870,12.2998593,-1.5623707,40
SHAPE_8456870,12.3003284,-1.5619261,41
SHAPE_8456870,12.300732,-1.5615633,42
SHAPE_8456870,12.3010452,-1.561283,43
SHAPE_8456870,12.3013557,-1.5609839,44
SHAPE_8456870,12.3015444,-1.560811,45
SHAPE_8456870,12.3016911,-1.5606822,46
SHAPE_8456870,12.3018352,-1.5605468,47
SHAPE_8456870,12.3020659,-1.5603483,48
SHAPE_8456870,12.3023593,-1.5600774,49
SHAPE_8456870,12.3025612,-1.5599245,50
SHAPE_8456870,12.3029294,-1.5597019,51
SHAPE_8456870,12.3030958,-1.55961,52
SHAPE_8456870,12.3033061,-1.5595101,53
SHAPE_8456870,12.3034528,-1.5594437,54
SHAPE_8456870,12.3035754,-1.5593929,55
SHAPE_8456870,12.3038374,-1.5592593,56
SHAPE_8456870,12.3040248,-1.5591659,57
SHAPE_8456870,12.304697,-1.558861,58
SHAPE_8456870,12.3053198,-1.5585833,59
SHAPE_8456870,12.3053643,-1.5585632,60
SHAPE_8456870,12.3055192,-1.5584908,61
SHAPE_8456870,12.3056543,-1.5584328,62
SHAPE_8456870,12.305788,-1.5583642,63
SHAPE_8456870,12.3058675,-1.5583269,64
SHAPE_8456870,12.3062012,-1.5581757,65
SHAPE_8456870,12.3065128,-1.5580431,66
SHAPE_8456870,12.3069414,-1.5578324,67
SHAPE_8456870,12.3072089,-1.557708,68
SHAPE_8456870,12.3076556,-1.5574998,69
SHAPE_8456870,12.3081477,-1.5572535,70
SHAPE_8456870,12.3085982,-1.5570495,71
SHAPE_8456870,12.3091021,-1.5568185,72
SHAPE_8456870,12.3092342,-1.5567637,73
SHAPE_8456870,12.3095044,-1.556624,74
SHAPE_8456870,12.3096511,-1.5565677,75
SHAPE_8456870,12.3098137,-1.5564881,76
SHAPE_8456870,12.3100639,-1.5563692,77
SHAPE_8456870,12.3102919,-1.5562552,78
SHAPE_8456870,12.3106522,-1.5560903,79
SHAPE_8456870,12.3107241,-1.5560565,80
SHAPE_8456870,12.3109889,-1.555932,81
SHAPE_8456870,12.3115039,-1.5557081,82
SHAPE_8456870,12.3118435,-1.5555798,83
SHAPE_8456870,12.3120723,-1.5555079,84
SHAPE_8456870,12.3121393,-1.5554868,85
SHAPE_8456870,12.3124564,-1.5553795,86
SHAPE_8456870,12.3128403,-1.5552682,87
SHAPE_8456870,12.3133039,-1.5551318,88
SHAPE_8456870,12.3134155,-1.5550965,89
SHAPE_8456870,12.3136658,-1.5550227,90
SHAPE_8456870,12.3139789,-1.5549289,91
SHAPE_8456870,12.3141794,-1.5548725,92
SHAPE_8456870,12.3145188,-1.5547746,93
SHAPE_8456870,12.3148909,-1.5546633,94
SHAPE_8456870,12.3155041,-1.5544796,95
SHAPE_8456870,12.3157334,-1.5544112,96
SHAPE_8456870,12.3159862,-1.5543374,97
SHAPE_8456870,12.3161893,-1.5542771,98
SHAPE_8456870,12.3164238,-1.5542087,99
SHAPE_8456870,12.3167095,-1.5541242,100
SHAPE_8456870,12.3169859,-1.5540437,101
SHAPE_8456870,12.3172441,-1.5539713,102
SHAPE_8456870,12.3175834,-1.5538721,103
SHAPE_8456870,12.3180996,-1.5537179,104
SHAPE_8456870,12.3183106,-1.5536562,105
SHAPE_8456870,12.3185726,-1.5535784,106
SHAPE_8456870,12.3187862,-1.553514,107
SHAPE_8456870,12.3190102,-1.5534469,108
SHAPE_8456870,12.3193444,-1.5533464,109
SHAPE_8456870,12.3197938,-1.5532082,110
SHAPE_8456870,12.3201071,-1.5531108,111
SHAPE_8456870,12.3202982,-1.553054,112
SHAPE_8456870,12.3205612,-1.5529751,113
SHAPE_8456870,12.3206108,-1.5529603,114
SHAPE_8456870,12.3208511,-1.5528904,115
SHAPE_8456870,12.3210831,-1.5528192,116
SHAPE_8456870,12.321561,-1.5526789,117
SHAPE_8456870,12.3218795,-1.5525854,118
SHAPE_8456870,12.3220967,-1.5525216,119
SHAPE_8456870,12.3226389,-1.5523761,120
SHAPE_8456870,12.323157,-1.5522349,121
SHAPE_8456870,12.3243186,-1.5518851,122
SHAPE_8456870,12.3247677,-1.5517489,123
SHAPE_8456870,12.3252194,-1.5516208,124
SHAPE_8456870,12.3256804,-1.5514758,125
SHAPE_8456870,12.3258536,-1.5514264,126
SHAPE_8456870,12.3261582,-1.5513396,127
SHAPE_8456870,12.3266523,-1.5511839,128
SHAPE_8456870,12.3270313,-1.5510726,129
SHAPE_8456870,12.327115,-1.551048,130
SHAPE_8456870,12.3275616,-1.5509169,131
SHAPE_8456870,12.328031,-1.5507808,132
SHAPE_8456870,12.3284554,-1.5506544,133
SHAPE_8456870,12.3289192,-1.5505199,134
SHAPE_8456870,12.3294421,-1.5503719,135
SHAPE_8456870,12.3298781,-1.5502478,136
SHAPE_8456870,12.3302373,-1.5501411,137
SHAPE_8456870,12.330502,-1.5500549,138
SHAPE_8456870,12.3305505,-1.550042,139
SHAPE_8456870,12.3307377,-1.5499515,140
SHAPE_8456870,12.3308613,-1.5498465,141
SHAPE_8456870,12.3311707,-1.549871,142
SHAPE_8456870,12.3313837,-1.5498018,143
SHAPE_8456870,12.3314315,-1.5497865,144
SHAPE_8456870,12.3316668,-1.5497114,145
SHAPE_8456870,12.3320662,-1.5495942,146
SHAPE_8456870,12.3321142,-1.5495801,147
SHAPE_8456870,12.3321929,-1.549557,148
SHAPE_8456870,12.3325969,-1.5494405,149
SHAPE_8456870,12.33268,-1.5494139,150
SHAPE_8456870,12.3331884,-1.5492646,151
SHAPE_8456870,12.3336018,-1.5491433,152
SHAPE_8456870,12.3340982,-1.5490042,153
SHAPE_8456870,12.3349903,-1.5487379,154
SHAPE_8456870,12.3353192,-1.5486397,155
SHAPE_8456870,12.3354036,-1.5486149,156
SHAPE_8456870,12.3358829,-1.5484739,157
SHAPE_8456870,12.3364494,-1.5483072,158
SHAPE_8456870,12.3367185,-1.548228,159
SHAPE_8456870,12.3373762,-1.5480349,160
SHAPE_8456870,12.3378043,-1.5479092,161
SHAPE_8456870,12.3383082,-1.5477612,162
SHAPE_8456870,12.3384528,-1.5477188,163
SHAPE_8456870,12.3385682,-1.5476849,164
SHAPE_8456870,12.3387135,-1.5476425,165
SHAPE_8456870,12.3397702,-1.5473346,166
SHAPE_8456870,12.3401279,-1.5472304,167
SHAPE_8456870,12.3401867,-1.5472119,168
SHAPE_8456870,12.3404742,-1.5471295,169
SHAPE_8456870,12.3409026,-1.5469997,170
SHAPE_8456870,12.3412029,-1.5469172,171
SHAPE_8456870,12.3416932,-1.5467682,172
SHAPE_8456870,12.3424701,-1.5465376,173
SHAPE_8456870,12.3429876,-1.5463941,174
SHAPE_8456870,12.3432365,-1.5463243,175
SHAPE_8456870,12.3435112,-1.5462446,176
SHAPE_8456870,12.3439335,-1.5461245,177
SHAPE_8456870,12.343961,-1.5461151,178
SHAPE_8456870,12.3442601,-1.5460239,179
SHAPE_8456870,12.3443758,-1.5459892,180
SHAPE_8456870,12.3448676,-1.5458362,181
SHAPE_8456870,12.3452948,-1.5457093,182
SHAPE_8456870,12.3458183,-1.5455538,183
SHAPE_8456870,12.3459266,-1.5455216,184
SHAPE_8456870,12.3460349,-1.5454894,185
SHAPE_8456870,12.3466763,-1.5453022,186
SHAPE_8456870,12.3468184,-1.5456452,187
SHAPE_8456870,12.3469791,-1.5460647,188
SHAPE_8456870,12.3470316,-1.546201,189
SHAPE_8456870,12.3470391,-1.5462204,190
SHAPE_8456870,12.3471244,-1.5464555,191
SHAPE_8456870,12.3472666,-1.5468933,192
SHAPE_8456870,12.3472789,-1.5469313,193
SHAPE_8456870,12.3475069,-1.5475327,194
SHAPE_8456870,12.3476582,-1.547948,195
SHAPE_8456870,12.3479965,-1.5489321,196
SHAPE_8456870,12.348162,-1.5493889,197
SHAPE_8456870,12.3482804,-1.5497158,198
SHAPE_8456870,12.348469,-1.5501666,199
SHAPE_8456870,12.3485476,-1.5503494,200
SHAPE_8456870,12.3485937,-1.5502732,201
SHAPE_8456870,12.3487545,-1.5500075,202
SHAPE_8456870,12.3489033,-1.5497715,203
SHAPE_8456870,12.3492878,-1.5491527,204
SHAPE_8456870,12.3496795,-1.5485001,205
SHAPE_8456870,12.3498678,-1.5481754,206
SHAPE_8456870,12.3499746,-1.5479913,207
SHAPE_8456870,12.3501171,-1.5477546,208
SHAPE_8456870,12.3502459,-1.5475589,209
SHAPE_8456870,12.350998,-1.5462942,210
SHAPE_8456870,12.3517633,-1.5450247,211
SHAPE_8456870,12.3517988,-1.5449655,212
SHAPE_8456870,12.35184,-1.544896,213
SHAPE_8456870,12.3522237,-1.5442463,214
SHAPE_8456870,12.352513,-1.5437591,215
SHAPE_8456870,12.3526018,-1.5436095,216
SHAPE_8456870,12.3534023,-1.5422968,217
SHAPE_8456870,12.3542235,-1.5409334,218
SHAPE_8456870,12.3545351,-1.5403986,219
SHAPE_8456870,12.35478,-1.540004,220
SHAPE_8456870,12.3554814,-1.5388364,221
SHAPE_8456870,12.3555585,-1.5387083,222
SHAPE_8456870,12.3555302,-1.5386117,223
SHAPE_8456870,12.3555045,-1.5385003,224
SHAPE_8456870,12.3555007,-1.5384152,225
SHAPE_8456870,12.3555131,-1.5377883,226
SHAPE_8456870,12.3555393,-1.537244,227
SHAPE_8456870,12.3555499,-1.5370355,228
SHAPE_8456870,12.3555796,-1.5365803,229
SHAPE_8456870,12.3556372,-1.5358085,230
SHAPE_8456870,12.3556629,-1.5354642,231
SHAPE_8456870,12.3557003,-1.5350563,232
SHAPE_8456870,12.3557395,-1.5344589,233
SHAPE_8456870,12.3557461,-1.5343372,234
SHAPE_8456870,12.3557584,-1.5341397,235
SHAPE_8456870,12.3557789,-1.5338568,236
SHAPE_8456870,12.3557806,-1.5338009,237
SHAPE_8456870,12.3558311,-1.5331296,238
SHAPE_8456870,12.3558426,-1.5329953,239
SHAPE_8456870,12.3558853,-1.5324922,240
SHAPE_8456870,12.3558968,-1.5324039,241
SHAPE_8456870,12.3559015,-1.5323023,242
SHAPE_8456870,12.3559416,-1.5315033,243
SHAPE_8456870,12.3559928,-1.5307663,244
SHAPE_8456870,12.356089,-1.529524,245
SHAPE_8456870,12.356105,-1.5292747,246
SHAPE_8456870,12.3561255,-1.5289577,247
SHAPE_8456870,12.3561513,-1.5286136,248
SHAPE_8456870,12.3561613,-1.5284102,249
SHAPE_8456870,12.356201,-1.5278472,250
SHAPE_8456870,12.3562485,-1.5272325,251
SHAPE_8456870,12.3562538,-1.5271481,252
SHAPE_8456870,12.3565396,-1.5271654,253
SHAPE_8456870,12.3573452,-1.5272141,254
SHAPE_8456870,12.3581138,-1.5272715,255
SHAPE_8456870,12.3584433,-1.5272961,256
SHAPE_8456870,12.3597863,-1.5274462,257
SHAPE_8456870,12.3603795,-1.5275264,258
SHAPE_8456870,12.3609328,-1.5276012,259
SHAPE_8456870,12.3620616,-1.5277366,260
SHAPE_8456870,12.3623452,-1.5277668,261
SHAPE_8456870,12.3627871,-1.527828,262
SHAPE_8456870,12.3634786,-1.5279227,263
SHAPE_8456870,12.3635351,-1.5274687,264
SHAPE_8456870,12.3635968,-1.5269863,265
SHAPE_8456870,12.3636212,-1.5267375,266
SHAPE_8456870,12.3636205,-1.5267272,267
SHAPE_8456870,12.3636233,-1.5266927,268
SHAPE_8456870,12.3636268,-1.5266485,269
SHAPE_8456870,12.3637216,-1.5266606,270
SHAPE_8456870,12.363812,-1.52667,271
SHAPE_8456870,12.3639088,-1.5266865,272
SHAPE_8456870,12.3639288,-1.5266899,273
SHAPE_8456870,12.3641082,-1.5267201,274
SHAPE_8456870,12.3645569,-1.5267958,275
SHAPE_8456870,12.365021,-1.526891,276
SHAPE_8456870,12.3667427,-1.5271809,277
SHAPE_8456870,12.3668675,-1.5272053,278
SHAPE_8456870,12.3675242,-1.5273075,279
SHAPE_8456870,12.3680887,-1.5273989,280
SHAPE_8456870,12.3684206,-1.5274448,281
SHAPE_8456870,12.3684857,-1.5274657,282
SHAPE_8456870,12.3684688,-1.5275938,283
SHAPE_8456870,12.3684574,-1.5275732,284
SHAPE_8456870,12.368452,-1.5275412,285
SHAPE_8456870,12.3684622,-1.5274988,286
SHAPE_8456870,12.3684857,-1.5274657,287
SHAPE_8456870,12.3684984,-1.5274602,288
SHAPE_8456870,12.3685131,-1.5274528,289
SHAPE_8456870,12.3685295,-1.5274485,290
SHAPE_8456870,12.3685601,-1.5274498,291
SHAPE_8456870,12.3685948,-1.5274644,292
SHAPE_8456870,12.3686127,-1.5274777,293
SHAPE_8456870,12.368624,-1.5274938,294
SHAPE_8456870,12.3686312,-1.5275163,295
SHAPE_8456870,12.3686346,-1.5275458,296
SHAPE_8456870,12.3686277,-1.5275775,297
SHAPE_8456870,12.3686107,-1.5276048,298
SHAPE_8456870,12.3685937,-1.5276197,299
SHAPE_8456870,12.3685646,-1.5276326,300
SHAPE_8456870,12.368541,-1.5276352,301
SHAPE_8456870,12.3685099,-1.5276287,302
SHAPE_8456870,12.3684942,-1.5276205,303
SHAPE_8456870,12.3684688,-1.5275938,304
SHAPE_8456870,12.3686127,-1.5274777,305
SHAPE_8456870,12.3688008,-1.5274583,306
SHAPE_8456870,12.3689527,-1.5274364,307
SHAPE_8456870,12.3690599,-1.5274104,308
SHAPE_8456870,12.369149,-1.5273804,309
SHAPE_8456870,12.3692716,-1.52725,310
SHAPE_8456870,12.369486,-1.5270217,311
SHAPE_8456870,12.3695802,-1.5268972,312
SHAPE_8456870,12.3697207,-1.5266933,313
SHAPE_8456870,12.3698695,-1.5264519,314
SHAPE_8456870,12.3699581,-1.5262699,315
SHAPE_8456870,12.3699947,-1.5261287,316
SHAPE_8456870,12.3701272,-1.5255287,317
SHAPE_8456870,12.3702691,-1.5248774,318
SHAPE_8456870,12.3703483,-1.5245194,319
SHAPE_8456870,12.3705053,-1.5238732,320
SHAPE_8456870,12.3706235,-1.5232815,321
SHAPE_8456870,12.3706903,-1.5229587,322
SHAPE_8456870,12.3707516,-1.5226996,323
SHAPE_8456870,12.3707663,-1.5225982,324
SHAPE_8456870,12.3707846,-1.5225064,325
SHAPE_8456870,12.3709175,-1.5218686,326
SHAPE_8456870,12.3710059,-1.5214663,327
SHAPE_8456870,12.3711402,-1.5208406,328
SHAPE_8456870,12.3711755,-1.5206,329
SHAPE_8456870,12.3712236,-1.5203341,330
SHAPE_8456870,12.3712487,-1.5201386,331
SHAPE_8456870,12.3712779,-1.5199837,332
SHAPE_8456870,12.3712976,-1.5198667,333
SHAPE_8456870,12.3713197,-1.5197711,334
SHAPE_8456870,12.3713381,-1.5196966,335
SHAPE_8456870,12.3715022,-1.5196054,336
SHAPE_8456870,12.3714948,-1.519579,337
SHAPE_8456870,12.3714806,-1.5195557,338
SHAPE_8456870,12.3714647,-1.5195404,339
SHAPE_8456870,12.3715022,-1.5196054,340
SHAPE_8456870,12.3715034,-1.5196296,341
SHAPE_8456870,12.3714966,-1.5196578,342
SHAPE_8456870,12.3714822,-1.5196827,343
SHAPE_8456870,12.3714613,-1.5197023,344
SHAPE_8456870,12.3714422,-1.5197126,345
SHAPE_8456870,12.3714158,-1.5197187,346
SHAPE_8456870,12.3714003,-1.5197193,347
SHAPE_8456870,12.3713825,-1.5197165,348
SHAPE_8456870,12.3713604,-1.5197094,349
SHAPE_8456870,12.3713381,-1.5196966,350
SHAPE_8456870,12.3713338,-1.5196918,351
SHAPE_8456870,12.3713285,-1.5196847,352
SHAPE_8456870,12.3713167,-1.5196625,353
SHAPE_8456870,12.3713123,-1.5196364,354
SHAPE_8456870,12.3713112,-1.5196107,355
SHAPE_8456870,12.3713162,-1.5195855,356
SHAPE_8456870,12.3713269,-1.5195622,357
SHAPE_8456870,12.3713427,-1.5195423,358
SHAPE_8456870,12.3713548,-1.5195321,359
SHAPE_8456870,12.3714473,-1.5195307,360
SHAPE_8456870,12.3714647,-1.5195404,361
SHAPE_8456870,12.3714473,-1.5195307,362
SHAPE_8456870,12.3714408,-1.5195276,363
SHAPE_8456870,12.371421,-1.5195216,364
SHAPE_8456870,12.3714029,-1.5195206,365
SHAPE_8456870,12.3713812,-1.519524,366
SHAPE_8456870,12.3713548,-1.5195321,367
SHAPE_8456870,12.3714095,-1.5194332,368
SHAPE_8456870,12.3714317,-1.5193574,369
SHAPE_8456870,12.3714527,-1.5192622,370
SHAPE_8456870,12.3715084,-1.519012,371
SHAPE_8456870,12.3715346,-1.5189188,372
SHAPE_8456870,12.3716175,-1.5185628,373
SHAPE_8456870,12.3716604,-1.5183273,374
SHAPE_8456870,12.3717861,-1.5178191,375
SHAPE_8456870,12.3719138,-1.517219,376
SHAPE_8456870,12.3721404,-1.5161984,377
SHAPE_8456870,12.3722688,-1.5156003,378
SHAPE_8456870,12.3723238,-1.5153482,379
SHAPE_8456870,12.3723867,-1.5150571,380
SHAPE_8456870,12.3724947,-1.5144967,381
SHAPE_8456870,12.372624,-1.5139355,382
SHAPE_8456870,12.372734,-1.5133637,383
SHAPE_8456870,12.3728507,-1.5128359,384
SHAPE_8456870,12.3728967,-1.5128344,385
SHAPE_8456870,12.374166,-1.5131142,386
SHAPE_8456870,12.3746653,-1.5132433,387
SHAPE_8456870,12.3752702,-1.5133827,388
SHAPE_8456870,12.3756718,-1.5134733,389
SHAPE_8456871,12.3756718,-1.5134733,1
SHAPE_8456871,12.3762911,-1.5136307,2
SHAPE_8456871,12.3752767,-1.5148757,3
SHAPE_8456871,12.3748439,-1.5154089,4
SHAPE_8456871,12.3746961,-1.5155884,5
SHAPE_8456871,12.3739035,-1.5166146,6
SHAPE_8456871,12.3732308,-1.5174487,7
SHAPE_8456871,12.3730184,-1.5176956,8
SHAPE_8456871,12.3721703,-1.518778,9
SHAPE_8456871,12.3719805,-1.5190083,10
SHAPE_8456871,12.3717168,-1.5193245,11
SHAPE_8456871,12.3716831,-1.5193919,12
SHAPE_8456871,12.3715998,-1.5194983,13
SHAPE_8456871,12.3715563,-1.5195488,14
SHAPE_8456871,12.3715022,-1.5196054,15
SHAPE_8456871,12.3714948,-1.519579,16
SHAPE_8456871,12.3714806,-1.5195557,17
SHAPE_8456871,12.3714647,-1.5195404,18
SHAPE_8456871,12.3715022,-1.5196054,19
SHAPE_8456871,12.3715034,-1.5196296,20
SHAPE_8456871,12.3714966,-1.5196578,21
SHAPE_8456871,12.3714822,-1.5196827,22
SHAPE_8456871,12.3714613,-1.5197023,23
SHAPE_8456871,12.3714422,-1.5197126,24
SHAPE_8456871,12.3714158,-1.5197187,25
SHAPE_8456871,12.3714003,-1.5197193,26
SHAPE_8456871,12.3713825,-1.5197165,27
SHAPE_8456871,12.3713604,-1.5197094,28
SHAPE_8456871,12.3713381,-1.5196966,29
SHAPE_8456871,12.3713338,-1.5196918,30
SHAPE_8456871,12.3713285,-1.5196847,31
SHAPE_8456871,12.3713167,-1.5196625,32
SHAPE_8456871,12.3713123,-1.5196364,33
SHAPE_8456871,12.3713112,-1.5196107,34
SHAPE_8456871,12.3713162,-1.5195855,35
SHAPE_8456871,12.3713269,-1.5195622,36
SHAPE_8456871,12.3713427,-1.5195423,37
SHAPE_8456871,12.3713548,-1.5195321,38
SHAPE_8456871,12.3713812,-1.519524,39
SHAPE_8456871,12.3714029,-1.5195206,40
SHAPE_8456871,12.371421,-1.5195216,41
SHAPE_8456871,12.3714408,-1.5195276,42
SHAPE_8456871,12.3714473,-1.5195307,43
SHAPE_8456871,12.3714647,-1.5195404,44
SHAPE_8456871,12.3714158,-1.5197187,45
SHAPE_8456871,12.3713852,-1.5197892,46
SHAPE_8456871,12.3713495,-1.5198768,47
SHAPE_8456871,12.371305,-1.5199887,48
SHAPE_8456871,12.3712487,-1.5201386,49
SHAPE_8456871,12.3712236,-1.5203341,50
SHAPE_8456871,12.3711755,-1.5206,51
SHAPE_8456871,12.3711402,-1.5208406,52
SHAPE_8456871,12.3710059,-1.5214663,53
SHAPE_8456871,12.3709175,-1.5218686,54
SHAPE_8456871,12.3707846,-1.5225064,55
SHAPE_8456871,12.3707663,-1.5225982,56
SHAPE_8456871,12.3707516,-1.5226996,57
SHAPE_8456871,12.3706903,-1.5229587,58
SHAPE_8456871,12.3706235,-1.5232815,59
SHAPE_8456871,12.3705053,-1.5238732,60
SHAPE_8456871,12.3703483,-1.5245194,61
SHAPE_8456871,12.3702691,-1.5248774,62
SHAPE_8456871,12.3705499,-1.5249554,63
SHAPE_8456871,12.3708544,-1.52504,64
SHAPE_8456871,12.3714297,-1.5251948,65
SHAPE_8456871,12.3719257,-1.5253282,66
SHAPE_8456871,12.3721875,-1.5254,67
SHAPE_8456871,12.3726313,-1.5255218,68
SHAPE_8456871,12.3729406,-1.5257906,69
SHAPE_8456871,12.3729989,-1.5257877,70
SHAPE_8456871,12.3730585,-1.5257941,71
SHAPE_8456871,12.3731169,-1.5258082,72
SHAPE_8456871,12.3731713,-1.5258289,73
SHAPE_8456871,12.373223,-1.5258563,74
SHAPE_8456871,12.3732709,-1.5258898,75
SHAPE_8456871,12.3733146,-1.5259291,76
SHAPE_8456871,12.3733532,-1.5259736,77
SHAPE_8456871,12.3733862,-1.5260225,78
SHAPE_8456871,12.3734132,-1.5260752,79
SHAPE_8456871,12.3734338,-1.5261308,80
SHAPE_8456871,12.3734475,-1.5261886,81
SHAPE_8456871,12.3734542,-1.5262465,82
SHAPE_8456871,12.3734542,-1.5263047,83
SHAPE_8456871,12.3734473,-1.5263626,84
SHAPE_8456871,12.3734338,-1.5264192,85
SHAPE_8456871,12.3734137,-1.5264737,86
SHAPE_8456871,12.3733875,-1.5265254,87
SHAPE_8456871,12.3733554,-1.5265735,88
SHAPE_8456871,12.3733227,-1.5266124,89
SHAPE_8456871,12.3732862,-1.5266475,90
SHAPE_8456871,12.3732463,-1.5266785,91
SHAPE_8456871,12.3732034,-1.526705,92
SHAPE_8456871,12.3731454,-1.5267319,93
SHAPE_8456871,12.3730843,-1.5267506,94
SHAPE_8456871,12.3730214,-1.5267608,95
SHAPE_8456871,12.3729577,-1.5267623,96
SHAPE_8456871,12.372897,-1.5267555,97
SHAPE_8456871,12.3728377,-1.5267409,98
SHAPE_8456871,12.3727807,-1.5267186,99
SHAPE_8456871,12.3726455,-1.5267135,100
SHAPE_8456871,12.3722795,-1.5267128,101
SHAPE_8456871,12.3721258,-1.5266927,102
SHAPE_8456871,12.3718285,-1.5266364,103
SHAPE_8456871,12.3707551,-1.526342,104
SHAPE_8456871,12.3703274,-1.526222,105
SHAPE_8456871,12.3699947,-1.5261287,106
SHAPE_8456871,12.3699581,-1.5262699,107
SHAPE_8456871,12.3698695,-1.5264519,108
SHAPE_8456871,12.3697207,-1.5266933,109
SHAPE_8456871,12.3695802,-1.5268972,110
SHAPE_8456871,12.369486,-1.5270217,111
SHAPE_8456871,12.3692716,-1.52725,112
SHAPE_8456871,12.369149,-1.5273804,113
SHAPE_8456871,12.369079,-1.527451,114
SHAPE_8456871,12.3689821,-1.5275107,115
SHAPE_8456871,12.3688979,-1.5275479,116
SHAPE_8456871,12.3688224,-1.5275767,117
SHAPE_8456871,12.3687911,-1.5275841,118
SHAPE_8456871,12.3686911,-1.5275941,119
SHAPE_8456871,12.3686107,-1.5276048,120
SHAPE_8456871,12.3686127,-1.5274777,121
SHAPE_8456871,12.3685948,-1.5274644,122
SHAPE_8456871,12.3685601,-1.5274498,123
SHAPE_8456871,12.3685295,-1.5274485,124
SHAPE_8456871,12.3685131,-1.5274528,125
SHAPE_8456871,12.3684984,-1.5274602,126
SHAPE_8456871,12.3684857,-1.5274657,127
SHAPE_8456871,12.3684622,-1.5274988,128
SHAPE_8456871,12.368452,-1.5275412,129
SHAPE_8456871,12.3684574,-1.5275732,130
SHAPE_8456871,12.3684688,-1.5275938,131
SHAPE_8456871,12.3684942,-1.5276205,132
SHAPE_8456871,12.3685099,-1.5276287,133
SHAPE_8456871,12.368541,-1.5276352,134
SHAPE_8456871,12.3685646,-1.5276326,135
SHAPE_8456871,12.3685937,-1.5276197,136
SHAPE_8456871,12.3686107,-1.5276048,137
SHAPE_8456871,12.3686277,-1.5275775,138
SHAPE_8456871,12.3686346,-1.5275458,139
SHAPE_8456871,12.3686312,-1.5275163,140
SHAPE_8456871,12.368624,-1.5274938,141
SHAPE_8456871,12.3686127,-1.5274777,142
SHAPE_8456871,12.3684574,-1.5275732,143
SHAPE_8456871,12.368394,-1.527559,144
SHAPE_8456871,12.3675085,-1.5274136,145
SHAPE_8456871,12.366855,-1.527299,146
SHAPE_8456871,12.3667292,-1.5272727,147
SHAPE_8456871,12.3660021,-1.5271445,148
SHAPE_8456871,12.3658604,-1.52712,149
SHAPE_8456871,12.365002,-1.5269776,150
SHAPE_8456871,12.3645771,-1.5268833,151
SHAPE_8456871,12.3645288,-1.526875,152
SHAPE_8456871,12.3644711,-1.5268636,153
SHAPE_8456871,12.3640941,-1.5268014,154
SHAPE_8456871,12.3640028,-1.5267872,155
SHAPE_8456871,12.3639204,-1.5267786,156
SHAPE_8456871,12.363867,-1.5267727,157
SHAPE_8456871,12.3638037,-1.5267845,158
SHAPE_8456871,12.3637625,-1.5267981,159
SHAPE_8456871,12.3637211,-1.5268213,160
SHAPE_8456871,12.3636917,-1.5268437,161
SHAPE_8456871,12.3636622,-1.526877,162
SHAPE_8456871,12.3636381,-1.5269107,163
SHAPE_8456871,12.3635968,-1.5269863,164
SHAPE_8456871,12.3635351,-1.5274687,165
SHAPE_8456871,12.3634786,-1.5279227,166
SHAPE_8456871,12.3634252,-1.5283686,167
SHAPE_8456871,12.363365,-1.5288437,168
SHAPE_8456871,12.3629644,-1.5288007,169
SHAPE_8456871,12.3624056,-1.5287266,170
SHAPE_8456871,12.3621275,-1.5286942,171
SHAPE_8456871,12.3618737,-1.5286701,172
SHAPE_8456871,12.3611765,-1.5285862,173
SHAPE_8456871,12.3608136,-1.5285433,174
SHAPE_8456871,12.3604601,-1.5285097,175
SHAPE_8456871,12.3604255,-1.5285017,176
SHAPE_8456871,12.3603944,-1.528489,177
SHAPE_8456871,12.3603633,-1.5284726,178
SHAPE_8456871,12.3602778,-1.5284206,179
SHAPE_8456871,12.3600865,-1.5282784,180
SHAPE_8456871,12.3600024,-1.5282275,181
SHAPE_8456871,12.3597286,-1.5280616,182
SHAPE_8456871,12.3584433,-1.5272961,183
SHAPE_8456871,12.3581138,-1.5272715,184
SHAPE_8456871,12.3573452,-1.5272141,185
SHAPE_8456871,12.3565396,-1.5271654,186
SHAPE_8456871,12.3562538,-1.5271481,187
SHAPE_8456871,12.3562485,-1.5272325,188
SHAPE_8456871,12.356201,-1.5278472,189
SHAPE_8456871,12.3561613,-1.5284102,190
SHAPE_8456871,12.3561513,-1.5286136,191
SHAPE_8456871,12.3561255,-1.5289577,192
SHAPE_8456871,12.356105,-1.5292747,193
SHAPE_8456871,12.356089,-1.529524,194
SHAPE_8456871,12.3559928,-1.5307663,195
SHAPE_8456871,12.3559416,-1.5315033,196
SHAPE_8456871,12.3559015,-1.5323023,197
SHAPE_8456871,12.3558968,-1.5324039,198
SHAPE_8456871,12.3558853,-1.5324922,199
SHAPE_8456871,12.3558426,-1.5329953,200
SHAPE_8456871,12.3558311,-1.5331296,201
SHAPE_8456871,12.3557806,-1.5338009,202
SHAPE_8456871,12.3557789,-1.5338568,203
SHAPE_8456871,12.3557584,-1.5341397,204
SHAPE_8456871,12.3557461,-1.5343372,205
SHAPE_8456871,12.3557395,-1.5344589,206
SHAPE_8456871,12.3557003,-1.5350563,207
SHAPE_8456871,12.3556629,-1.5354642,208
SHAPE_8456871,12.3556372,-1.5358085,209
SHAPE_8456871,12.3555796,-1.5365803,210
SHAPE_8456871,12.3555499,-1.5370355,211
SHAPE_8456871,12.3555393,-1.537244,212
SHAPE_8456871,12.3555131,-1.5377883,213
SHAPE_8456871,12.3555007,-1.5384152,214
SHAPE_8456871,12.3555045,-1.5385003,215
SHAPE_8456871,12.3555302,-1.5386117,216
SHAPE_8456871,12.3555585,-1.5387083,217
SHAPE_8456871,12.3554814,-1.5388364,218
SHAPE_8456871,12.35478,-1.540004,219
SHAPE_8456871,12.3545351,-1.5403986,220
SHAPE_8456871,12.3542235,-1.5409334,221
SHAPE_8456871,12.3534023,-1.5422968,222
SHAPE_8456871,12.3526018,-1.5436095,223
SHAPE_8456871,12.352513,-1.5437591,224
SHAPE_8456871,12.3522237,-1.5442463,225
SHAPE_8456871,12.35184,-1.544896,226
SHAPE_8456871,12.3517988,-1.5449655,227
SHAPE_8456871,12.3517633,-1.5450247,228
SHAPE_8456871,12.350998,-1.5462942,229
SHAPE_8456871,12.3502459,-1.5475589,230
SHAPE_8456871,12.3501171,-1.5477546,231
SHAPE_8456871,12.3499746,-1.5479913,232
SHAPE_8456871,12.3498678,-1.5481754,233
SHAPE_8456871,12.3496795,-1.5485001,234
SHAPE_8456871,12.3492878,-1.5491527,235
SHAPE_8456871,12.3489033,-1.5497715,236
SHAPE_8456871,12.3487545,-1.5500075,237
SHAPE_8456871,12.3485937,-1.5502732,238
SHAPE_8456871,12.3485476,-1.5503494,239
SHAPE_8456871,12.348469,-1.5501666,240
SHAPE_8456871,12.3482804,-1.5497158,241
SHAPE_8456871,12.348162,-1.5493889,242
SHAPE_8456871,12.3479965,-1.5489321,243
SHAPE_8456871,12.3476582,-1.547948,244
SHAPE_8456871,12.3475069,-1.5475327,245
SHAPE_8456871,12.3472789,-1.5469313,246
SHAPE_8456871,12.3472666,-1.5468933,247
SHAPE_8456871,12.3471244,-1.5464555,248
SHAPE_8456871,12.3470391,-1.5462204,249
SHAPE_8456871,12.3470316,-1.546201,250
SHAPE_8456871,12.3469791,-1.5460647,251
SHAPE_8456871,12.3468184,-1.5456452,252
SHAPE_8456871,12.3466763,-1.5453022,253
SHAPE_8456871,12.3460349,-1.5454894,254
SHAPE_8456871,12.3459266,-1.5455216,255
SHAPE_8456871,12.3458183,-1.5455538,256
SHAPE_8456871,12.3452948,-1.5457093,257
SHAPE_8456871,12.3448676,-1.5458362,258
SHAPE_8456871,12.3443758,-1.5459892,259
SHAPE_8456871,12.3442601,-1.5460239,260
SHAPE_8456871,12.343961,-1.5461151,261
SHAPE_8456871,12.3439335,-1.5461245,262
SHAPE_8456871,12.3435112,-1.5462446,263
SHAPE_8456871,12.3432365,-1.5463243,264
SHAPE_8456871,12.3429876,-1.5463941,265
SHAPE_8456871,12.3424701,-1.5465376,266
SHAPE_8456871,12.3416932,-1.5467682,267
SHAPE_8456871,12.3412029,-1.5469172,268
SHAPE_8456871,12.3409026,-1.5469997,269
SHAPE_8456871,12.3404742,-1.5471295,270
SHAPE_8456871,12.3401867,-1.5472119,271
SHAPE_8456871,12.3401279,-1.5472304,272
SHAPE_8456871,12.3397702,-1.5473346,273
SHAPE_8456871,12.3387135,-1.5476425,274
SHAPE_8456871,12.3385682,-1.5476849,275
SHAPE_8456871,12.3384528,-1.5477188,276
SHAPE_8456871,12.3383082,-1.5477612,277
SHAPE_8456871,12.3378043,-1.5479092,278
SHAPE_8456871,12.3373762,-1.5480349,279
SHAPE_8456871,12.3367185,-1.548228,280
SHAPE_8456871,12.3364494,-1.5483072,281
SHAPE_8456871,12.3358829,-1.5484739,282
SHAPE_8456871,12.3354036,-1.5486149,283
SHAPE_8456871,12.3353192,-1.5486397,284
SHAPE_8456871,12.3349903,-1.5487379,285
SHAPE_8456871,12.3340982,-1.5490042,286
SHAPE_8456871,12.3336018,-1.5491433,287
SHAPE_8456871,12.3331884,-1.5492646,288
SHAPE_8456871,12.33268,-1.5494139,289
SHAPE_8456871,12.3325969,-1.5494405,290
SHAPE_8456871,12.3321929,-1.549557,291
SHAPE_8456871,12.3321142,-1.5495801,292
SHAPE_8456871,12.3320662,-1.5495942,293
SHAPE_8456871,12.3316668,-1.5497114,294
SHAPE_8456871,12.3314315,-1.5497865,295
SHAPE_8456871,12.3313837,-1.5498018,296
SHAPE_8456871,12.3311707,-1.549871,297
SHAPE_8456871,12.3308613,-1.5498465,298
SHAPE_8456871,12.3307377,-1.5499515,299
SHAPE_8456871,12.3305505,-1.550042,300
SHAPE_8456871,12.330502,-1.5500549,301
SHAPE_8456871,12.3302373,-1.5501411,302
SHAPE_8456871,12.3298781,-1.5502478,303
SHAPE_8456871,12.3294421,-1.5503719,304
SHAPE_8456871,12.3289192,-1.5505199,305
SHAPE_8456871,12.3284554,-1.5506544,306
SHAPE_8456871,12.328031,-1.5507808,307
SHAPE_8456871,12.3275616,-1.5509169,308
SHAPE_8456871,12.327115,-1.551048,309
SHAPE_8456871,12.3270313,-1.5510726,310
SHAPE_8456871,12.3266523,-1.5511839,311
SHAPE_8456871,12.3261582,-1.5513396,312
SHAPE_8456871,12.3258536,-1.5514264,313
SHAPE_8456871,12.3256804,-1.5514758,314
SHAPE_8456871,12.3252194,-1.5516208,315
SHAPE_8456871,12.3247677,-1.5517489,316
SHAPE_8456871,12.3243186,-1.5518851,317
SHAPE_8456871,12.323157,-1.5522349,318
SHAPE_8456871,12.3226389,-1.5523761,319
SHAPE_8456871,12.3220967,-1.5525216,320
SHAPE_8456871,12.3218795,-1.5525854,321
SHAPE_8456871,12.321561,-1.5526789,322
SHAPE_8456871,12.3210831,-1.5528192,323
SHAPE_8456871,12.3208511,-1.5528904,324
SHAPE_8456871,12.3206108,-1.5529603,325
SHAPE_8456871,12.3205612,-1.5529751,326
SHAPE_8456871,12.3202982,-1.553054,327
SHAPE_8456871,12.3201071,-1.5531108,328
SHAPE_8456871,12.3197938,-1.5532082,329
SHAPE_8456871,12.3193444,-1.5533464,330
SHAPE_8456871,12.3190102,-1.5534469,331
SHAPE_8456871,12.3187862,-1.553514,332
SHAPE_8456871,12.3185726,-1.5535784,333
SHAPE_8456871,12.3183106,-1.5536562,334
SHAPE_8456871,12.3180996,-1.5537179,335
SHAPE_8456871,12.3175834,-1.5538721,336
SHAPE_8456871,12.3172441,-1.5539713,337
SHAPE_8456871,12.3169859,-1.5540437,338
SHAPE_8456871,12.3167095,-1.5541242,339
SHAPE_8456871,12.3164238,-1.5542087,340
SHAPE_8456871,12.3161893,-1.5542771,341
SHAPE_8456871,12.3159862,-1.5543374,342
SHAPE_8456871,12.3157334,-1.5544112,343
SHAPE_8456871,12.3155041,-1.5544796,344
SHAPE_8456871,12.3148909,-1.5546633,345
SHAPE_8456871,12.3145188,-1.5547746,346
SHAPE_8456871,12.3141794,-1.5548725,347
SHAPE_8456871,12.3139789,-1.5549289,348
SHAPE_8456871,12.3136658,-1.5550227,349
SHAPE_8456871,12.3134155,-1.5550965,350
SHAPE_8456871,12.3133039,-1.5551318,351
SHAPE_8456871,12.3128403,-1.5552682,352
SHAPE_8456871,12.3124564,-1.5553795,353
SHAPE_8456871,12.3121393,-1.5554868,354
SHAPE_8456871,12.3120723,-1.5555079,355
SHAPE_8456871,12.3118435,-1.5555798,356
SHAPE_8456871,12.3115039,-1.5557081,357
SHAPE_8456871,12.3109889,-1.555932,358
SHAPE_8456871,12.3107241,-1.5560565,359
SHAPE_8456871,12.3106522,-1.5560903,360
SHAPE_8456871,12.3102919,-1.5562552,361
SHAPE_8456871,12.3100639,-1.5563692,362
SHAPE_8456871,12.3098137,-1.5564881,363
SHAPE_8456871,12.3096511,-1.5565677,364
SHAPE_8456871,12.3095044,-1.556624,365
SHAPE_8456871,12.3092342,-1.5567637,366
SHAPE_8456871,12.3091021,-1.5568185,367
SHAPE_8456871,12.3085982,-1.5570495,368
SHAPE_8456871,12.3081477,-1.5572535,369
SHAPE_8456871,12.3076556,-1.5574998,370
SHAPE_8456871,12.3072089,-1.557708,371
SHAPE_8456871,12.3069414,-1.5578324,372
SHAPE_8456871,12.3065128,-1.5580431,373
SHAPE_8456871,12.3062012,-1.5581757,374
SHAPE_8456871,12.3058675,-1.5583269,375
SHAPE_8456871,12.305788,-1.5583642,376
SHAPE_8456871,12.3056543,-1.5584328,377
SHAPE_8456871,12.3055192,-1.5584908,378
SHAPE_8456871,12.3053643,-1.5585632,379
SHAPE_8456871,12.3053198,-1.5585833,380
SHAPE_8456871,12.304697,-1.558861,381
SHAPE_8456871,12.3040248,-1.5591659,382
SHAPE_8456871,12.3038374,-1.5592593,383
SHAPE_8456871,12.3035754,-1.5593929,384
SHAPE_8456871,12.3034528,-1.5594437,385
SHAPE_8456871,12.3033061,-1.5595101,386
SHAPE_8456871,12.3030958,-1.55961,387
SHAPE_8456871,12.3029294,-1.5597019,388
SHAPE_8456871,12.3025612,-1.5599245,389
SHAPE_8456871,12.3023593,-1.5600774,390
SHAPE_8456871,12.3020659,-1.5603483,391
SHAPE_8456871,12.3018352,-1.5605468,392
SHAPE_8456871,12.3016911,-1.5606822,393
SHAPE_8456871,12.3015444,-1.560811,394
SHAPE_8456871,12.3013557,-1.5609839,395
SHAPE_8456871,12.3010452,-1.561283,396
SHAPE_8456871,12.300732,-1.5615633,397
SHAPE_8456871,12.3003284,-1.5619261,398
SHAPE_8456871,12.2998593,-1.5623707,399
SHAPE_8456871,12.2994267,-1.5627625,400
SHAPE_8456871,12.2989173,-1.5632397,401
SHAPE_8456871,12.2986084,-1.5635286,402
SHAPE_8456871,12.2984302,-1.5636987,403
SHAPE_8456871,12.2982734,-1.5638483,404
SHAPE_8456871,12.2982176,-1.5639016,405
SHAPE_8456871,12.2980827,-1.5640173,406
SHAPE_8456871,12.2980053,-1.5640891,407
SHAPE_8456871,12.2975924,-1.5644718,408
SHAPE_8456871,12.2975289,-1.5645307,409
SHAPE_8456871,12.2973813,-1.5646668,410
SHAPE_8456871,12.2972948,-1.5647503,411
SHAPE_8456871,12.2971148,-1.5649127,412
SHAPE_8456871,12.2967613,-1.5652552,413
SHAPE_8456871,12.296204,-1.5657571,414
SHAPE_8456871,12.2958241,-1.5660976,415
SHAPE_8456871,12.2949351,-1.5669331,416
SHAPE_8456871,12.2942253,-1.5675884,417
SHAPE_8456871,12.2941554,-1.5676694,418
SHAPE_8456871,12.294065,-1.5677941,419
SHAPE_8456871,12.2940178,-1.5678947,420
SHAPE_8456871,12.2939837,-1.5679966,421
SHAPE_8456871,12.2939617,-1.5681795,422
SHAPE_8456871,12.2939941,-1.5682966,423
SHAPE_8456871,12.2940074,-1.5684175,424
SHAPE_8456871,12.2940015,-1.568539,425
SHAPE_8456871,12.2939939,-1.5685866,426
SHAPE_8456871,12.2939668,-1.5686885,427
SHAPE_8456871,12.2939197,-1.5687977,428
SHAPE_8456871,12.2938562,-1.5688978,429
SHAPE_8456871,12.293778,-1.5689864,430
SHAPE_8456871,12.2936461,-1.5690877,431
SHAPE_8456871,12.2934954,-1.5691563,432
SHAPE_8456871,12.2933335,-1.5691886,433
SHAPE_8456871,12.293167,-1.5691827,434
SHAPE_8456871,12.2930061,-1.5691385,435
SHAPE_8456871,12.2928591,-1.5690583,436
SHAPE_8456871,12.2927213,-1.5689318,437
SHAPE_8458645,12.3756718,-1.5134733,1
SHAPE_8458645,12.3762911,-1.5136307,2
SHAPE_8458645,12.3752767,-1.5148757,3
SHAPE_8458645,12.3748439,-1.5154089,4
SHAPE_8458645,12.3746961,-1.5155884,5
SHAPE_8458645,12.3739035,-1.5166146,6
SHAPE_8458645,12.3732308,-1.5174487,7
SHAPE_8458645,12.3730184,-1.5176956,8
SHAPE_8458645,12.3721703,-1.518778,9
SHAPE_8458645,12.3719805,-1.5190083,10
SHAPE_8458645,12.3717168,-1.5193245,11
SHAPE_8458645,12.3716831,-1.5193919,12
SHAPE_8458645,12.3715998,-1.5194983,13
SHAPE_8458645,12.3715563,-1.5195488,14
SHAPE_8458645,12.3715022,-1.5196054,15
SHAPE_8458645,12.3714948,-1.519579,16
SHAPE_8458645,12.3714806,-1.5195557,17
SHAPE_8458645,12.3714647,-1.5195404,18
SHAPE_8458645,12.3715022,-1.5196054,19
SHAPE_8458645,12.3715034,-1.5196296,20
SHAPE_8458645,12.3714966,-1.5196578,21
SHAPE_8458645,12.3714822,-1.5196827,22
SHAPE_8458645,12.3714613,-1.5197023,23
SHAPE_8458645,12.3714422,-1.5197126,24
SHAPE_8458645,12.3714158,-1.5197187,25
SHAPE_8458645,12.3714003,-1.5197193,26
SHAPE_8458645,12.3713825,-1.5197165,27
SHAPE_8458645,12.3713604,-1.5197094,28
SHAPE_8458645,12.3713381,-1.5196966,29
SHAPE_8458645,12.3713338,-1.5196918,30
SHAPE_8458645,12.3713285,-1.5196847,31
SHAPE_8458645,12.3713167,-1.5196625,32
SHAPE_8458645,12.3713123,-1.5196364,33
SHAPE_8458645,12.3713112,-1.5196107,34
SHAPE_8458645,12.3713162,-1.5195855,35
SHAPE_8458645,12.3713269,-1.5195622,36
SHAPE_8458645,12.3713427,-1.5195423,37
SHAPE_8458645,12.3713548,-1.5195321,38
SHAPE_8458645,12.3713812,-1.519524,39
SHAPE_8458645,12.3714029,-1.5195206,40
SHAPE_8458645,12.371421,-1.5195216,41
SHAPE_8458645,12.3714408,-1.5195276,42
SHAPE_8458645,12.3714473,-1.5195307,43
SHAPE_8458645,12.3714647,-1.5195404,44
SHAPE_8458645,12.3714158,-1.5197187,45
SHAPE_8458645,12.3713852,-1.5197892,46
SHAPE_8458645,12.3713495,-1.5198768,47
SHAPE_8458645,12.371305,-1.5199887,48
SHAPE_8458645,12.3712487,-1.5201386,49
SHAPE_8458645,12.3712236,-1.5203341,50
SHAPE_8458645,12.3711755,-1.5206,51
SHAPE_8458645,12.3711402,-1.5208406,52
SHAPE_8458645,12.3710059,-1.5214663,53
SHAPE_8458645,12.3709175,-1.5218686,54
SHAPE_8458645,12.3707846,-1.5225064,55
SHAPE_8458645,12.3707663,-1.5225982,56
SHAPE_8458645,12.3707516,-1.5226996,57
SHAPE_8458645,12.3706903,-1.5229587,58
SHAPE_8458645,12.3706235,-1.5232815,59
SHAPE_8458645,12.3705053,-1.5238732,60
SHAPE_8458645,12.3703483,-1.5245194,61
SHAPE_8458645,12.3702691,-1.5248774,62
SHAPE_8458645,12.3705499,-1.5249554,63
SHAPE_8458645,12.3708544,-1.52504,64
SHAPE_8458645,12.3714297,-1.5251948,65
SHAPE_8458645,12.3719257,-1.5253282,66
SHAPE_8458645,12.3721875,-1.5254,67
SHAPE_8458645,12.3726313,-1.5255218,68
SHAPE_8458645,12.3729406,-1.5257906,69
SHAPE_8458645,12.3729989,-1.5257877,70
SHAPE_8458645,12.3730585,-1.5257941,71
SHAPE_8458645,12.3731169,-1.5258082,72
SHAPE_8458645,12.3731713,-1.5258289,73
SHAPE_8458645,12.373223,-1.5258563,74
SHAPE_8458645,12.3732709,-1.5258898,75
SHAPE_8458645,12.3733146,-1.5259291,76
SHAPE_8458645,12.3733532,-1.5259736,77
SHAPE_8458645,12.3733862,-1.5260225,78
SHAPE_8458645,12.3734132,-1.5260752,79
SHAPE_8458645,12.3734338,-1.5261308,80
SHAPE_8458645,12.3734475,-1.5261886,81
SHAPE_8458645,12.3734542,-1.5262465,82
SHAPE_8458645,12.3734542,-1.5263047,83
SHAPE_8458645,12.3734473,-1.5263626,84
SHAPE_8458645,12.3734338,-1.5264192,85
SHAPE_8458645,12.3734137,-1.5264737,86
SHAPE_8458645,12.3733875,-1.5265254,87
SHAPE_8458645,12.3733554,-1.5265735,88
SHAPE_8458645,12.3733227,-1.5266124,89
SHAPE_8458645,12.3732862,-1.5266475,90
SHAPE_8458645,12.3732463,-1.5266785,91
SHAPE_8458645,12.3732034,-1.526705,92
SHAPE_8458645,12.3731454,-1.5267319,93
SHAPE_8458645,12.3730843,-1.5267506,94
SHAPE_8458645,12.3730214,-1.5267608,95
SHAPE_8458645,12.3729577,-1.5267623,96
SHAPE_8458645,12.372897,-1.5267555,97
SHAPE_8458645,12.3728377,-1.5267409,98
SHAPE_8458645,12.3727807,-1.5267186,99
SHAPE_8458645,12.3726455,-1.5267135,100
SHAPE_8458645,12.3722795,-1.5267128,101
SHAPE_8458645,12.3721258,-1.5266927,102
SHAPE_8458645,12.3718285,-1.5266364,103
SHAPE_8458645,12.3707551,-1.526342,104
SHAPE_8458645,12.3703274,-1.526222,105
SHAPE_8458645,12.3699947,-1.5261287,106
SHAPE_8458645,12.3699581,-1.5262699,107
SHAPE_8458645,12.3698695,-1.5264519,108
SHAPE_8458645,12.3697207,-1.5266933,109
SHAPE_8458645,12.3695802,-1.5268972,110
SHAPE_8458645,12.369486,-1.5270217,111
SHAPE_8458645,12.3692716,-1.52725,112
SHAPE_8458645,12.369149,-1.5273804,113
SHAPE_8458645,12.369079,-1.527451,114
SHAPE_8458645,12.3689821,-1.5275107,115
SHAPE_8458645,12.3688979,-1.5275479,116
SHAPE_8458645,12.3688224,-1.5275767,117
SHAPE_8458645,12.3687911,-1.5275841,118
SHAPE_8458645,12.3686965,-1.5276636,119
SHAPE_8458645,12.3686182,-1.5277486,120
SHAPE_8458645,12.3685273,-1.5278567,121
SHAPE_8458645,12.3684958,-1.5279861,122
SHAPE_8458645,12.3684472,-1.5281701,123
SHAPE_8458645,12.3683843,-1.5283517,124
SHAPE_8458645,12.368344,-1.5285755,125
SHAPE_8458645,12.3682466,-1.529008,126
SHAPE_8458645,12.3682233,-1.529104,127
SHAPE_8458645,12.368202,-1.5293647,128
SHAPE_8458645,12.3681608,-1.5295734,129
SHAPE_8458645,12.3681239,-1.5298012,130
SHAPE_8458645,12.3681231,-1.5299838,131
SHAPE_8458645,12.3680928,-1.5301669,132
SHAPE_8458645,12.3679886,-1.5308036,133
SHAPE_8458645,12.3679821,-1.5308466,134
SHAPE_8458645,12.3679715,-1.5309069,135
SHAPE_8458645,12.3678933,-1.5310285,136
SHAPE_8458645,12.3678854,-1.5310266,137
SHAPE_8458645,12.3678777,-1.5310239,138
SHAPE_8458645,12.3678704,-1.5310204,139
SHAPE_8458645,12.3678634,-1.5310161,140
SHAPE_8458645,12.3678569,-1.5310111,141
SHAPE_8458645,12.367851,-1.5310054,142
SHAPE_8458645,12.3678457,-1.5309991,143
SHAPE_8458645,12.3678411,-1.5309923,144
SHAPE_8458645,12.3678372,-1.530985,145
SHAPE_8458645,12.367834,-1.5309773,146
SHAPE_8458645,12.3678317,-1.5309694,147
SHAPE_8458645,12.3678302,-1.5309612,148
SHAPE_8458645,12.3678295,-1.5309529,149
SHAPE_8458645,12.3678297,-1.5309446,150
SHAPE_8458645,12.3678933,-1.5310285,151
SHAPE_8458645,12.3679043,-1.5310297,152
SHAPE_8458645,12.3679128,-1.5310295,153
SHAPE_8458645,12.3679213,-1.5310283,154
SHAPE_8458645,12.3679296,-1.5310262,155
SHAPE_8458645,12.3679376,-1.5310232,156
SHAPE_8458645,12.3679453,-1.5310193,157
SHAPE_8458645,12.3679525,-1.5310145,158
SHAPE_8458645,12.3679591,-1.531009,159
SHAPE_8458645,12.3679651,-1.5310027,160
SHAPE_8458645,12.3679703,-1.5309958,161
SHAPE_8458645,12.3679748,-1.5309883,162
SHAPE_8458645,12.3679785,-1.5309804,163
SHAPE_8458645,12.3679813,-1.5309721,164
SHAPE_8458645,12.3679832,-1.5309636,165
SHAPE_8458645,12.3679841,-1.5309549,166
SHAPE_8458645,12.3679841,-1.5309465,167
SHAPE_8458645,12.3679833,-1.5309381,168
SHAPE_8458645,12.3679816,-1.5309299,169
SHAPE_8458645,12.367979,-1.5309219,170
SHAPE_8458645,12.3679756,-1.5309142,171
SHAPE_8458645,12.3679715,-1.5309069,172
SHAPE_8458645,12.3679659,-1.5308994,173
SHAPE_8458645,12.3679596,-1.5308925,174
SHAPE_8458645,12.3679525,-1.5308865,175
SHAPE_8458645,12.3679447,-1.5308814,176
SHAPE_8458645,12.3679364,-1.5308773,177
SHAPE_8458645,12.3679277,-1.5308742,178
SHAPE_8458645,12.3679187,-1.5308722,179
SHAPE_8458645,12.3679095,-1.5308713,180
SHAPE_8458645,12.3679003,-1.5308716,181
SHAPE_8458645,12.3678912,-1.5308729,182
SHAPE_8458645,12.3678823,-1.5308754,183
SHAPE_8458645,12.3678737,-1.5308789,184
SHAPE_8458645,12.3678656,-1.5308835,185
SHAPE_8458645,12.3678581,-1.5308889,186
SHAPE_8458645,12.3678523,-1.5308943,187
SHAPE_8458645,12.367847,-1.5309003,188
SHAPE_8458645,12.3678423,-1.5309068,189
SHAPE_8458645,12.3678383,-1.5309138,190
SHAPE_8458645,12.367835,-1.5309211,191
SHAPE_8458645,12.3678324,-1.5309287,192
SHAPE_8458645,12.3678307,-1.5309366,193
SHAPE_8458645,12.3678297,-1.5309446,194
SHAPE_8458645,12.3678933,-1.5310285,195
SHAPE_8458645,12.3678474,-1.5310891,196
SHAPE_8458645,12.3677975,-1.5311545,197
SHAPE_8458645,12.3677055,-1.531245,198
SHAPE_8458645,12.3675743,-1.5313463,199
SHAPE_8458645,12.3675581,-1.531367,200
SHAPE_8458645,12.3674134,-1.5315121,201
SHAPE_8458645,12.3672056,-1.5317471,202
SHAPE_8458645,12.3669933,-1.5319518,203
SHAPE_8458645,12.3668048,-1.5321493,204
SHAPE_8458645,12.3658586,-1.533148,205
SHAPE_8458645,12.3654955,-1.5335409,206
SHAPE_8458645,12.3654591,-1.5335794,207
SHAPE_8458645,12.3651544,-1.533912,208
SHAPE_8458645,12.3651009,-1.5339756,209
SHAPE_8458645,12.365012,-1.534103,210
SHAPE_8458645,12.3650031,-1.5341307,211
SHAPE_8458645,12.3649893,-1.5341563,212
SHAPE_8458645,12.3649712,-1.5341787,213
SHAPE_8458645,12.3649492,-1.5341974,214
SHAPE_8458645,12.3649243,-1.5342115,215
SHAPE_8458645,12.364831,-1.534267,216
SHAPE_8458645,12.3647809,-1.5343042,217
SHAPE_8458645,12.3647212,-1.5343683,218
SHAPE_8458645,12.364636,-1.5344767,219
SHAPE_8458645,12.3642906,-1.5349763,220
SHAPE_8458645,12.3642378,-1.5350527,221
SHAPE_8458645,12.3639658,-1.535478,222
SHAPE_8458645,12.3632959,-1.5365819,223
SHAPE_8458645,12.3631522,-1.5368241,224
SHAPE_8458645,12.3625,-1.5378817,225
SHAPE_8458645,12.3622455,-1.5383046,226
SHAPE_8458645,12.362064,-1.5386027,227
SHAPE_8458645,12.3620341,-1.5386535,228
SHAPE_8458645,12.3619488,-1.5387945,229
SHAPE_8458645,12.3619036,-1.5388665,230
SHAPE_8458645,12.3618362,-1.5389763,231
SHAPE_8458645,12.3616887,-1.5392339,232
SHAPE_8458645,12.3614804,-1.5395772,233
SHAPE_8458645,12.3611269,-1.5401512,234
SHAPE_8458645,12.3610221,-1.5403358,235
SHAPE_8458645,12.3609865,-1.5403986,236
SHAPE_8458645,12.360944,-1.5404684,237
SHAPE_8458645,12.3606826,-1.540909,238
SHAPE_8458645,12.3605372,-1.5411584,239
SHAPE_8458645,12.3602873,-1.5415855,240
SHAPE_8458645,12.3602717,-1.541612,241
SHAPE_8458645,12.3601677,-1.5417748,242
SHAPE_8458645,12.360062,-1.541943,243
SHAPE_8458645,12.359976,-1.5420858,244
SHAPE_8458645,12.359592,-1.542741,245
SHAPE_8458645,12.3595617,-1.5427927,246
SHAPE_8458645,12.3594889,-1.542917,247
SHAPE_8458645,12.3594331,-1.5430015,248
SHAPE_8458645,12.3591463,-1.5434728,249
SHAPE_8458645,12.3589032,-1.5438843,250
SHAPE_8458645,12.3586756,-1.5442567,251
SHAPE_8458645,12.3583783,-1.5447571,252
SHAPE_8458645,12.3580953,-1.5452319,253
SHAPE_8458645,12.3574969,-1.5462358,254
SHAPE_8458645,12.3573947,-1.5463947,255
SHAPE_8458645,12.3572968,-1.5465543,256
SHAPE_8458645,12.3570914,-1.5468684,257
SHAPE_8458645,12.3565125,-1.5478613,258
SHAPE_8458645,12.3564659,-1.547938,259
SHAPE_8458645,12.3560894,-1.548564,260
SHAPE_8458645,12.3558356,-1.5489751,261
SHAPE_8458645,12.3557569,-1.549111,262
SHAPE_8458645,12.3553963,-1.5497338,263
SHAPE_8458645,12.3543568,-1.5514398,264
SHAPE_8458645,12.3542676,-1.5515985,265
SHAPE_8458645,12.3540336,-1.5518979,266
SHAPE_8458645,12.3538615,-1.5522324,267
SHAPE_8458645,12.3530557,-1.5536445,268
SHAPE_8458645,12.3528831,-1.5539289,269
SHAPE_8458645,12.3516766,-1.5559549,270
SHAPE_8458645,12.351148,-1.5568254,271
SHAPE_8458645,12.3508747,-1.5572754,272
SHAPE_8458645,12.3503325,-1.558186,273
SHAPE_8458645,12.3493743,-1.5597352,274
SHAPE_8458645,12.349258,-1.5599329,275
SHAPE_8458645,12.349131,-1.560172,276
SHAPE_8458645,12.3490772,-1.5602769,277
SHAPE_8458645,12.348588,-1.5610455,278
SHAPE_8458645,12.3484454,-1.5612746,279
SHAPE_8458645,12.3483017,-1.5615078,280
SHAPE_8458645,12.3481535,-1.5617568,281
SHAPE_8458645,12.347897,-1.5621869,282
SHAPE_8458645,12.347584,-1.5627007,283
SHAPE_8458645,12.347497,-1.5628443,284
SHAPE_8458645,12.3474136,-1.5629835,285
SHAPE_8458645,12.3470058,-1.5636539,286
SHAPE_8458645,12.3469215,-1.5637897,287
SHAPE_8458645,12.3466696,-1.5641904,288
SHAPE_8458645,12.3463134,-1.5647989,289
SHAPE_8458645,12.346259,-1.5648733,290
SHAPE_8458645,12.3454511,-1.5662414,291
SHAPE_8458645,12.3453604,-1.5663931,292
SHAPE_8458645,12.344826,-1.5673305,293
SHAPE_8458645,12.3449649,-1.567309,294
SHAPE_8458645,12.3445215,-1.5681421,295
SHAPE_8458645,12.3443997,-1.5683753,296
SHAPE_8458645,12.3443438,-1.5684824,297
SHAPE_8458645,12.3441788,-1.5688101,298
SHAPE_8458645,12.3440435,-1.5691107,299
SHAPE_8458645,12.3439099,-1.5694346,300
SHAPE_8458645,12.3436295,-1.5701692,301
SHAPE_8458645,12.3434186,-1.570774,302
SHAPE_8458645,12.3433295,-1.5710476,303
SHAPE_8458645,12.3432011,-1.5715103,304
SHAPE_8458645,12.3431147,-1.5718362,305
SHAPE_8458645,12.342905,-1.5726824,306
SHAPE_8458645,12.3427579,-1.5736104,307
SHAPE_8458645,12.3427528,-1.573644,308
SHAPE_8458645,12.3426718,-1.5742341,309
SHAPE_8458645,12.342647,-1.5745425,310
SHAPE_8458645,12.3426011,-1.5752493,311
SHAPE_8458645,12.3425186,-1.5763108,312
SHAPE_8458645,12.3424943,-1.5765562,313
SHAPE_8458645,12.3424111,-1.577222,314
SHAPE_8458645,12.3423371,-1.5776693,315
SHAPE_8458645,12.3423122,-1.5778329,316
SHAPE_8458645,12.3421884,-1.5784284,317
SHAPE_8458645,12.3420593,-1.5789017,318
SHAPE_8458645,12.3419899,-1.5792505,319
SHAPE_8458645,12.3417718,-1.5799934,320
SHAPE_8458645,12.3415821,-1.5805483,321
SHAPE_8458645,12.3414232,-1.5809794,322
SHAPE_8458645,12.3412942,-1.581313,323
SHAPE_8458645,12.3409451,-1.5823545,324
SHAPE_8458645,12.340691,-1.5830599,325
SHAPE_8458645,12.3404997,-1.5836111,326
SHAPE_8458645,12.3399272,-1.5852445,327
SHAPE_8458645,12.339801,-1.5855798,328
SHAPE_8458645,12.3396522,-1.5855164,329
SHAPE_8458645,12.3392708,-1.5868217,330
SHAPE_8458645,12.3391216,-1.5872832,331
SHAPE_8458645,12.3379339,-1.5912137,332
SHAPE_8458645,12.3376981,-1.5919755,333
SHAPE_8458645,12.3376231,-1.592197,334
SHAPE_8458645,12.3375304,-1.5924653,335
SHAPE_8458645,12.3371936,-1.5933407,336
SHAPE_8458645,12.337005,-1.5938048,337
SHAPE_8458645,12.3361331,-1.5958719,338
SHAPE_8458645,12.3355337,-1.5973238,339
SHAPE_8458645,12.3354499,-1.5975277,340
SHAPE_8458645,12.3352936,-1.5979782,341
SHAPE_8458645,12.3349727,-1.5989441,342
SHAPE_8458645,12.3348152,-1.5994181,343
SHAPE_8458645,12.3346114,-1.6000448,344
SHAPE_8458645,12.3345879,-1.6001172,345
SHAPE_8458645,12.3343647,-1.6008091,346
SHAPE_8458645,12.3340995,-1.6016651,347
SHAPE_8458645,12.3338669,-1.6023861,348
SHAPE_8458645,12.333468,-1.6036795,349
SHAPE_8458645,12.3334269,-1.603811,350
SHAPE_8458645,12.3329664,-1.6052859,351
SHAPE_8458645,12.3328672,-1.6055854,352
SHAPE_8458645,12.3327832,-1.6058608,353
SHAPE_8458645,12.3326233,-1.6063758,354
SHAPE_8458645,12.3325188,-1.6067302,355
SHAPE_8458645,12.3323081,-1.6074446,356
SHAPE_8458645,12.3318763,-1.6089472,357
SHAPE_8458645,12.3315545,-1.6100087,358
SHAPE_8458645,12.3314786,-1.6102741,359
SHAPE_8458645,12.3314001,-1.6105488,360
SHAPE_8458645,12.3310204,-1.6118556,361
SHAPE_8458645,12.3308676,-1.6123818,362
SHAPE_8458645,12.3308033,-1.612603,363
SHAPE_8458645,12.3301836,-1.6148078,364
SHAPE_8458645,12.330086,-1.6151733,365
SHAPE_8458645,12.3299877,-1.6155206,366
SHAPE_8458645,12.3296913,-1.6165284,367
SHAPE_8458645,12.3296489,-1.6166822,368
SHAPE_8458645,12.3284539,-1.6209141,369
SHAPE_8458645,12.328424,-1.62102,370
SHAPE_8458645,12.328381,-1.6211496,371
SHAPE_8458645,12.3281227,-1.6220954,372
SHAPE_8458645,12.3280665,-1.6222916,373
SHAPE_8458645,12.3278975,-1.6228808,374
SHAPE_8458645,12.3277096,-1.6236115,375
SHAPE_8458645,12.3275319,-1.6243217,376
SHAPE_8458645,12.3272476,-1.625465,377
SHAPE_8458645,12.3271768,-1.6258056,378
SHAPE_8461594,12.3726455,-1.5267135,1
SHAPE_8461594,12.3722795,-1.5267128,2
SHAPE_8461594,12.3721258,-1.5266927,3
SHAPE_8461594,12.3718285,-1.5266364,4
SHAPE_8461594,12.3707551,-1.526342,5
SHAPE_8461594,12.3703274,-1.526222,6
SHAPE_8461594,12.3699947,-1.5261287,7
SHAPE_8461594,12.3701272,-1.5255287,8
SHAPE_8461594,12.3702691,-1.5248774,9
SHAPE_8461594,12.3703483,-1.5245194,10
SHAPE_8461594,12.3705053,-1.5238732,11
SHAPE_8461594,12.3706235,-1.5232815,12
SHAPE_8461594,12.3706903,-1.5229587,13
SHAPE_8461594,12.3707516,-1.5226996,14
SHAPE_8461594,12.3707663,-1.5225982,15
SHAPE_8461594,12.3707846,-1.5225064,16
SHAPE_8461594,12.3709175,-1.5218686,17
SHAPE_8461594,12.3701756,-1.5217176,18
SHAPE_8461594,12.3698899,-1.5216595,19
SHAPE_8461594,12.3696288,-1.5216157,20
SHAPE_8461594,12.3692642,-1.5215507,21
SHAPE_8461594,12.3688437,-1.5214837,22
SHAPE_8461594,12.3686547,-1.521453,23
SHAPE_8461594,12.3677866,-1.5212897,24
SHAPE_8461594,12.367585,-1.5212557,25
SHAPE_8461594,12.3673492,-1.5212081,26
SHAPE_8461594,12.3669692,-1.5211419,27
SHAPE_8461594,12.3667099,-1.5210982,28
SHAPE_8461594,12.3665243,-1.5210645,29
SHAPE_8461594,12.3660979,-1.520987,30
SHAPE_8461594,12.3659631,-1.5209591,31
SHAPE_8461594,12.3656311,-1.5208902,32
SHAPE_8461594,12.3648377,-1.5207516,33
SHAPE_8461594,12.3647568,-1.5207375,34
SHAPE_8461594,12.3645516,-1.5207338,35
SHAPE_8461594,12.3637919,-1.5205761,36
SHAPE_8461594,12.3632048,-1.520471,37
SHAPE_8461594,12.3626335,-1.5203705,38
SHAPE_8461594,12.3620806,-1.5202743,39
SHAPE_8461594,12.3620557,-1.5202696,40
SHAPE_8461594,12.3610507,-1.5200635,41
SHAPE_8461594,12.3609735,-1.5200548,42
SHAPE_8461594,12.3609342,-1.5200589,43
SHAPE_8461594,12.360864,-1.5200703,44
SHAPE_8461594,12.3608456,-1.5200972,45
SHAPE_8461594,12.3608228,-1.5201204,46
SHAPE_8461594,12.3607965,-1.5201391,47
SHAPE_8461594,12.3607673,-1.5201528,48
SHAPE_8461594,12.3607362,-1.520161,49
SHAPE_8461594,12.3607001,-1.5201633,50
SHAPE_8461594,12.3606642,-1.5201583,51
SHAPE_8461594,12.36063,-1.5201461,52
SHAPE_8461594,12.3605989,-1.5201272,53
SHAPE_8461594,12.360572,-1.5201023,54
SHAPE_8461594,12.3605514,-1.5200739,55
SHAPE_8461594,12.3605364,-1.5200421,56
SHAPE_8461594,12.3605275,-1.5200079,57
SHAPE_8461594,12.3604715,-1.5199853,58
SHAPE_8461594,12.3604285,-1.5199704,59
SHAPE_8461594,12.359414,-1.5197804,60
SHAPE_8461594,12.3588215,-1.5196638,61
SHAPE_8461594,12.3581229,-1.5195378,62
SHAPE_8461594,12.3569015,-1.5193174,63
SHAPE_8461594,12.3568284,-1.5197922,64
SHAPE_8461594,12.3567362,-1.5202995,65
SHAPE_8461594,12.3567157,-1.5205521,66
SHAPE_8461594,12.3566978,-1.520668,67
SHAPE_8461594,12.356681,-1.5208878,68
SHAPE_8461594,12.3566752,-1.5210374,69
SHAPE_8461594,12.3566671,-1.5211449,70
SHAPE_8461594,12.3566403,-1.5215585,71
SHAPE_8461594,12.356635,-1.5216435,72
SHAPE_8461594,12.3566305,-1.5217109,73
SHAPE_8461594,12.3565988,-1.5222033,74
SHAPE_8461594,12.3565937,-1.5222801,75
SHAPE_8461594,12.3565515,-1.5228292,76
SHAPE_8461594,12.3565497,-1.5228663,77
SHAPE_8461594,12.356518,-1.5234235,78
SHAPE_8461594,12.3565129,-1.5235004,79
SHAPE_8461594,12.3564709,-1.5240441,80
SHAPE_8461594,12.3564662,-1.5241138,81
SHAPE_8461594,12.3564409,-1.5244658,82
SHAPE_8461594,12.3564286,-1.5246361,83
SHAPE_8461594,12.3564222,-1.5247138,84
SHAPE_8461594,12.3563814,-1.5252464,85
SHAPE_8461594,12.3563753,-1.5253163,86
SHAPE_8461594,12.3563392,-1.5258704,87
SHAPE_8461594,12.3562997,-1.5264174,88
SHAPE_8461594,12.3562664,-1.527007,89
SHAPE_8461594,12.3562612,-1.5270656,90
SHAPE_8461594,12.3562538,-1.5271481,91
SHAPE_8461594,12.355566,-1.5270906,92
SHAPE_8461594,12.3551934,-1.5270656,93
SHAPE_8461594,12.3547585,-1.5270347,94
SHAPE_8461594,12.3541748,-1.5269932,95
SHAPE_8461594,12.3531325,-1.5269095,96
SHAPE_8461594,12.3520893,-1.52683,97
SHAPE_8461594,12.3514486,-1.5267914,98
SHAPE_8461594,12.3510511,-1.5267685,99
SHAPE_8461594,12.3501525,-1.5267241,100
SHAPE_8461594,12.3497182,-1.5266979,101
SHAPE_8461594,12.3492852,-1.5266725,102
SHAPE_8461594,12.3483766,-1.5266222,103
SHAPE_8461594,12.3476784,-1.526584,104
SHAPE_8461594,12.3469827,-1.5265417,105
SHAPE_8461594,12.3468727,-1.526535,106
SHAPE_8461594,12.3467738,-1.5265317,107
SHAPE_8461594,12.3461063,-1.5264921,108
SHAPE_8461594,12.3459327,-1.52648,109
SHAPE_8461594,12.345651,-1.5264646,110
SHAPE_8461594,12.3455118,-1.5264589,111
SHAPE_8461594,12.345351,-1.5264478,112
SHAPE_8461594,12.34524,-1.5264414,113
SHAPE_8461594,12.3447968,-1.5264187,114
SHAPE_8461594,12.344467,-1.5263979,115
SHAPE_8461594,12.344265,-1.5263848,116
SHAPE_8461594,12.3438123,-1.5263593,117
SHAPE_8461594,12.3434448,-1.5263466,118
SHAPE_8461594,12.342512,-1.526291,119
SHAPE_8461594,12.3418465,-1.5262534,120
SHAPE_8461594,12.3410185,-1.5262105,121
SHAPE_8461594,12.3402595,-1.5261817,122
SHAPE_8461594,12.3401432,-1.5261726,123
SHAPE_8461594,12.3398311,-1.5261451,124
SHAPE_8461594,12.3388162,-1.5260898,125
SHAPE_8461594,12.3375837,-1.5260205,126
SHAPE_8461594,12.3357806,-1.525957,127
SHAPE_8461594,12.335681,-1.525953,128
SHAPE_8461594,12.3347482,-1.5259262,129
SHAPE_8461594,12.3342604,-1.5259724,130
SHAPE_8461594,12.3336243,-1.5260508,131
SHAPE_8461594,12.3335634,-1.5260521,132
SHAPE_8461594,12.3335193,-1.5260482,133
SHAPE_8461594,12.3334482,-1.5260403,134
SHAPE_8461594,12.3334119,-1.5260625,135
SHAPE_8461594,12.3333734,-1.52608,136
SHAPE_8461594,12.333333,-1.5260927,137
SHAPE_8461594,12.3332915,-1.5261005,138
SHAPE_8461594,12.3332494,-1.526103,139
SHAPE_8461594,12.3332357,-1.5261022,140
SHAPE_8461594,12.3332073,-1.5261004,141
SHAPE_8461594,12.3331657,-1.5260927,142
SHAPE_8461594,12.3331199,-1.5260778,143
SHAPE_8461594,12.3330764,-1.5260566,144
SHAPE_8461594,12.3330362,-1.5260296,145
SHAPE_8461594,12.3329999,-1.5259972,146
SHAPE_8461594,12.3329682,-1.5259601,147
SHAPE_8461594,12.3329418,-1.5259189,148
SHAPE_8461594,12.3329211,-1.5258745,149
SHAPE_8461594,12.3329066,-1.5258275,150
SHAPE_8461594,12.3328983,-1.5257789,151
SHAPE_8461594,12.3328632,-1.5256126,152
SHAPE_8461594,12.3328392,-1.525465,153
SHAPE_8461594,12.3328078,-1.5250276,154
SHAPE_8461594,12.3328122,-1.5247805,155
SHAPE_8461594,12.332816,-1.5245622,156
SHAPE_8461594,12.3328408,-1.5237279,157
SHAPE_8461594,12.3328445,-1.5232654,158
SHAPE_8461594,12.3328374,-1.5225935,159
SHAPE_8461594,12.3328448,-1.521752,160
SHAPE_8461594,12.332849,-1.5201719,161
SHAPE_8461594,12.3328524,-1.5200477,162
SHAPE_8461594,12.332857,-1.5199324,163
SHAPE_8461594,12.3328747,-1.5179694,164
SHAPE_8461594,12.3328724,-1.5178276,165
SHAPE_8461594,12.3329075,-1.516945,166
SHAPE_8461594,12.3329102,-1.5168572,167
SHAPE_8461594,12.3329029,-1.5165262,168
SHAPE_8461594,12.3328935,-1.5162795,169
SHAPE_8461594,12.3328881,-1.5159882,170
SHAPE_8461594,12.3329005,-1.5157593,171
SHAPE_8461594,12.3329011,-1.5156902,172
SHAPE_8461594,12.3329027,-1.515555,173
SHAPE_8461594,12.3329041,-1.5154561,174
SHAPE_8461594,12.332906,-1.5153377,175
SHAPE_8461594,12.3329083,-1.5149536,176
SHAPE_8461594,12.3329105,-1.5147917,177
SHAPE_8461594,12.3329068,-1.5146595,178
SHAPE_8461594,12.3328956,-1.5145764,179
SHAPE_8461594,12.3328786,-1.5145013,180
SHAPE_8461594,12.3328491,-1.5144161,181
SHAPE_8461594,12.3328099,-1.5142887,182
SHAPE_8461594,12.3327881,-1.5142618,183
SHAPE_8461594,12.3327737,-1.5142302,184
SHAPE_8461594,12.3327675,-1.5141959,185
SHAPE_8461594,12.3327701,-1.5141611,186
SHAPE_8461594,12.3327811,-1.514128,187
SHAPE_8461594,12.3328,-1.5140989,188
SHAPE_8461594,12.3328276,-1.5140742,189
SHAPE_8461594,12.3328773,-1.5139528,190
SHAPE_8461594,12.3329006,-1.5138238,191
SHAPE_8461594,12.3329087,-1.5137335,192
SHAPE_8461594,12.332909,-1.5136376,193
SHAPE_8461594,12.332911,-1.5135471,194
SHAPE_8461594,12.332921,-1.5129341,195
SHAPE_8461594,12.3329489,-1.5093628,196
SHAPE_8461594,12.3329204,-1.508451,197
SHAPE_8461594,12.3329028,-1.5075775,198
SHAPE_8461594,12.3328997,-1.507007,199
SHAPE_8461594,12.3328937,-1.5067496,200
SHAPE_8461594,12.3328924,-1.5064996,201
SHAPE_8461594,12.3328896,-1.5064391,202
SHAPE_8461594,12.3328858,-1.5060737,203
SHAPE_8461594,12.3328732,-1.5057571,204
SHAPE_8461594,12.3328612,-1.5055417,205
SHAPE_8461594,12.3328425,-1.5053378,206
SHAPE_8461594,12.3328086,-1.5051072,207
SHAPE_8461594,12.332751,-1.5048014,208
SHAPE_8461594,12.3326857,-1.5045224,209
SHAPE_8461594,12.3326013,-1.5042059,210
SHAPE_8461594,12.3325174,-1.5039136,211
SHAPE_8461594,12.3323481,-1.5034053,212
SHAPE_8461594,12.3323262,-1.5033503,213
SHAPE_8461594,12.3321873,-1.5030204,214
SHAPE_8461594,12.3321157,-1.5028601,215
SHAPE_8461594,12.3321021,-1.502833,216
SHAPE_8461594,12.33187,-1.5023307,217
SHAPE_8461594,12.3315297,-1.5016189,218
SHAPE_8461594,12.3314079,-1.5014383,219
SHAPE_8461594,12.331256,-1.5012774,220
SHAPE_8461594,12.3311354,-1.5011862,221
SHAPE_8461594,12.3310149,-1.5011473,222
SHAPE_8461594,12.3308603,-1.5011419,223
SHAPE_8461594,12.3307502,-1.5011795,224
SHAPE_8461594,12.3306769,-1.5012251,225
SHAPE_8461594,12.3306087,-1.5012841,226
SHAPE_8461594,12.3305537,-1.5013512,227
SHAPE_8461594,12.3304987,-1.5014464,228
SHAPE_8461594,12.3304803,-1.5015751,229
SHAPE_8461594,12.3304902,-1.5018104,230
SHAPE_8461594,12.3305223,-1.5020472,231
SHAPE_8461594,12.3305721,-1.5022,232
SHAPE_8461594,12.330635,-1.5022832,233
SHAPE_8461594,12.3307057,-1.5023422,234
SHAPE_8461594,12.3308171,-1.5023932,235
SHAPE_8461594,12.3309559,-1.5024294,236
SHAPE_8461594,12.3312625,-1.5024629,237
SHAPE_8461594,12.3318337,-1.5025085,238
SHAPE_8461594,12.332309,-1.5024887,239
SHAPE_8461594,12.3324405,-1.5024768,240
SHAPE_8461594,12.3325194,-1.5024607,241
SHAPE_8461594,12.3326989,-1.5024153,242
SHAPE_8461594,12.332886,-1.5023548,243
SHAPE_8461594,12.3330552,-1.5022648,244
SHAPE_8461594,12.33319,-1.502167,245
SHAPE_8461594,12.3332851,-1.5020838,246
SHAPE_8461594,12.3333966,-1.5019809,247
SHAPE_8461594,12.3334973,-1.5018631,248
SHAPE_8461594,12.3335664,-1.5017634,249
SHAPE_8461594,12.3336261,-1.5016468,250
SHAPE_8461594,12.3339317,-1.5010848,251
SHAPE_8461594,12.3342119,-1.5006301,252
SHAPE_8461594,12.3345616,-1.5001241,253
SHAPE_8461594,12.334645,-1.5000181,254
SHAPE_8461594,12.3350613,-1.4995144,255
SHAPE_8461594,12.3355127,-1.4990056,256
SHAPE_8461594,12.3355887,-1.498917,257
SHAPE_8461594,12.3357136,-1.498805,258
SHAPE_8461594,12.3359467,-1.4986458,259
SHAPE_8461594,12.336072,-1.498585,260
SHAPE_8461594,12.3363474,-1.4984414,261
SHAPE_8461594,12.33655,-1.4983136,262
SHAPE_8461594,12.3368094,-1.4981507,263
SHAPE_8461594,12.3372754,-1.4978484,264
SHAPE_8461594,12.3382261,-1.4972237,265
SHAPE_8461594,12.3385181,-1.4970189,266
SHAPE_8461594,12.3388092,-1.4968147,267
SHAPE_8461594,12.3391013,-1.4966123,268
SHAPE_8461594,12.3391705,-1.4965625,269
SHAPE_8461594,12.3397288,-1.4961818,270
SHAPE_8461594,12.3402664,-1.495826,271
SHAPE_8461594,12.3418265,-1.4948006,272
SHAPE_8461594,12.3431374,-1.4939109,273
SHAPE_8461594,12.344533,-1.4929567,274
SHAPE_8461594,12.344581,-1.4929239,275
SHAPE_8461594,12.3446113,-1.4929048,276
SHAPE_8461594,12.34568,-1.492205,277
SHAPE_8461594,12.3457899,-1.4921367,278
SHAPE_8461594,12.3466828,-1.4915164,279
SHAPE_8461594,12.3468566,-1.4913881,280
SHAPE_8461594,12.3478653,-1.490709,281
SHAPE_8461594,12.3484155,-1.4903403,282
SHAPE_8461594,12.348808,-1.4901067,283
SHAPE_8461594,12.3490796,-1.4899237,284
SHAPE_8461594,12.3491957,-1.4898454,285
SHAPE_8461594,12.3493988,-1.4897085,286
SHAPE_8461594,12.3494967,-1.489641,287
SHAPE_8461594,12.3495007,-1.4896383,288
SHAPE_8461594,12.3496112,-1.4895611,289
SHAPE_8461594,12.3505923,-1.4888985,290
SHAPE_8461594,12.3512199,-1.4884784,291
SHAPE_8461594,12.3515626,-1.4882597,292
SHAPE_8461594,12.3516893,-1.4881503,293
SHAPE_8461594,12.3519935,-1.4879426,294
SHAPE_8461594,12.3525851,-1.4875635,295
SHAPE_8461594,12.3528653,-1.4873681,296
SHAPE_8461594,12.353605,-1.4868616,297
SHAPE_8461594,12.3540218,-1.4865687,298
SHAPE_8461594,12.353692,-1.4859768,299
SHAPE_8461594,12.3532794,-1.4852656,300
SHAPE_8461594,12.3531951,-1.4851205,301
SHAPE_8461594,12.3528912,-1.4846022,302
SHAPE_8461594,12.3526004,-1.4841177,303
SHAPE_8461594,12.3523146,-1.4836365,304
SHAPE_8461594,12.3520305,-1.483155,305
SHAPE_8461594,12.3519167,-1.482951,306
SHAPE_8461594,12.3517704,-1.4827099,307
SHAPE_8461594,12.3513577,-1.481981,308
SHAPE_8461594,12.3510506,-1.4814437,309
SHAPE_8461594,12.3508681,-1.481148,310
SHAPE_8461594,12.3507677,-1.4809875,311
SHAPE_8461594,12.350653,-1.4807865,312
SHAPE_8461594,12.3504952,-1.4805147,313
SHAPE_8461594,12.3504387,-1.4804139,314
SHAPE_8461594,12.3502602,-1.480106,315
SHAPE_8461594,12.3499529,-1.4796388,316
SHAPE_8461594,12.3494051,-1.4787299,317
SHAPE_8461594,12.3490627,-1.4782073,318
SHAPE_8461594,12.348451,-1.4772738,319
SHAPE_8461594,12.3480724,-1.4766866,320
SHAPE_8461594,12.3479831,-1.4765457,321
SHAPE_8461594,12.3475712,-1.4759221,322
SHAPE_8461594,12.346702,-1.4745918,323
SHAPE_8461594,12.3466847,-1.4745615,324
SHAPE_8461594,12.3466496,-1.4745821,325
SHAPE_8461594,12.3466106,-1.4745933,326
SHAPE_8461594,12.3465702,-1.4745946,327
SHAPE_8461594,12.3465163,-1.474579,328
SHAPE_8461594,12.3464793,-1.4745559,329
SHAPE_8461594,12.3464414,-1.4745095,330
SHAPE_8461594,12.3464178,-1.4744398,331
SHAPE_8461594,12.3464207,-1.4744059,332
SHAPE_8461594,12.3464321,-1.4743608,333
SHAPE_8461594,12.3464144,-1.4742643,334
SHAPE_8461594,12.3463883,-1.4740979,335
SHAPE_8461594,12.3462134,-1.4738258,336
SHAPE_8461594,12.3460472,-1.4735915,337
SHAPE_8461594,12.345879,-1.4733428,338
SHAPE_8461594,12.3456676,-1.4730173,339
SHAPE_8461594,12.3452787,-1.4723893,340
SHAPE_8461594,12.3449924,-1.4719364,341
SHAPE_8461594,12.3445572,-1.4712931,342
SHAPE_8461594,12.3444816,-1.4711742,343
SHAPE_8461594,12.3441952,-1.4707349,344
SHAPE_8461594,12.34388,-1.4702622,345
SHAPE_8461594,12.3437897,-1.470092,346
SHAPE_8461594,12.343627,-1.4698354,347
SHAPE_8461594,12.3435111,-1.4696494,348
SHAPE_8461594,12.3433098,-1.4693264,349
SHAPE_8461594,12.3430638,-1.4689687,350
SHAPE_8461594,12.3430233,-1.4689066,351
SHAPE_8461594,12.3428474,-1.468637,352
SHAPE_8461594,12.3426337,-1.4683065,353
SHAPE_8461594,12.3424886,-1.4680975,354
SHAPE_8461594,12.3423751,-1.4679104,355
SHAPE_8461594,12.342346,-1.4678625,356
SHAPE_8461594,12.3420052,-1.4673793,357
SHAPE_8461594,12.3419377,-1.4672837,358
SHAPE_8461594,12.3417205,-1.4669727,359
SHAPE_8461594,12.3411697,-1.4662049,360
SHAPE_8461594,12.3411071,-1.4661228,361
SHAPE_8461594,12.3408777,-1.4657946,362
SHAPE_8461594,12.3407093,-1.4655323,363
SHAPE_8461594,12.3405101,-1.4652363,364
SHAPE_8461594,12.3402429,-1.464859,365
SHAPE_8461594,12.3401171,-1.4646792,366
SHAPE_8461594,12.3400022,-1.4645104,367
SHAPE_8461594,12.3398734,-1.4643346,368
SHAPE_8461594,12.3397948,-1.4642206,369
SHAPE_8461594,12.3397332,-1.4641309,370
SHAPE_8461594,12.339504,-1.4638115,371
SHAPE_8461594,12.3393763,-1.4636211,372
SHAPE_8463451,12.4129048,-1.5133042,1
SHAPE_8463451,12.4123146,-1.5133653,2
SHAPE_8463451,12.4117455,-1.5134243,3
SHAPE_8463451,12.4102268,-1.5135912,4
SHAPE_8463451,12.4090395,-1.5137029,5
SHAPE_8463451,12.4087301,-1.513732,6
SHAPE_8463451,12.4084261,-1.5137607,7
SHAPE_8463451,12.4073593,-1.5138935,8
SHAPE_8463451,12.4054748,-1.5140983,9
SHAPE_8463451,12.4052148,-1.5141243,10
SHAPE_8463451,12.404922,-1.5141506,11
SHAPE_8463451,12.4039482,-1.5142435,12
SHAPE_8463451,12.4024095,-1.5143867,13
SHAPE_8463451,12.4014052,-1.5144107,14
SHAPE_8463451,12.4010955,-1.5144253,15
SHAPE_8463451,12.4009553,-1.5144319,16
SHAPE_8463451,12.4006541,-1.5144577,17
SHAPE_8463451,12.3996468,-1.5144948,18
SHAPE_8463451,12.3992106,-1.5145165,19
SHAPE_8463451,12.3989179,-1.514531,20
SHAPE_8463451,12.3981175,-1.5145926,21
SHAPE_8463451,12.397984,-1.5146582,22
SHAPE_8463451,12.3979211,-1.5146975,23
SHAPE_8463451,12.3978857,-1.5147373,24
SHAPE_8463451,12.397811,-1.514822,25
SHAPE_8463451,12.3977823,-1.514922,26
SHAPE_8463451,12.3977242,-1.5150077,27
SHAPE_8463451,12.3976426,-1.5150701,28
SHAPE_8463451,12.3975513,-1.5151021,29
SHAPE_8463451,12.3974548,-1.5151046,30
SHAPE_8463451,12.397362,-1.5150773,31
SHAPE_8463451,12.3972814,-1.5150228,32
SHAPE_8463451,12.3971756,-1.514992,33
SHAPE_8463451,12.3969576,-1.5149286,34
SHAPE_8463451,12.3968794,-1.5149513,35
SHAPE_8463451,12.3957604,-1.5152759,36
SHAPE_8463451,12.3952243,-1.5154303,37
SHAPE_8463451,12.3947166,-1.5155767,38
SHAPE_8463451,12.3944877,-1.5156362,39
SHAPE_8463451,12.3942687,-1.5156901,40
SHAPE_8463451,12.3939188,-1.5157911,41
SHAPE_8463451,12.3928935,-1.516081,42
SHAPE_8463451,12.3925386,-1.5161813,43
SHAPE_8463451,12.3924662,-1.5162018,44
SHAPE_8463451,12.3916682,-1.5164412,45
SHAPE_8463451,12.3915359,-1.5164861,46
SHAPE_8463451,12.3910679,-1.5166129,47
SHAPE_8463451,12.3909594,-1.5166267,48
SHAPE_8463451,12.3908746,-1.5166249,49
SHAPE_8463451,12.3907532,-1.5166106,50
SHAPE_8463451,12.390468,-1.5166358,51
SHAPE_8463451,12.3902464,-1.5166455,52
SHAPE_8463451,12.3902313,-1.5166643,53
SHAPE_8463451,12.3902097,-1.5166784,54
SHAPE_8463451,12.3901849,-1.5166848,55
SHAPE_8463451,12.3901593,-1.5166828,56
SHAPE_8463451,12.3901357,-1.5166725,57
SHAPE_8463451,12.3901165,-1.5166551,58
SHAPE_8463451,12.3900554,-1.5166425,59
SHAPE_8463451,12.3898092,-1.5166296,60
SHAPE_8463451,12.389707,-1.5165974,61
SHAPE_8463451,12.3892437,-1.5165351,62
SHAPE_8463451,12.3883483,-1.516436,63
SHAPE_8463451,12.387494,-1.5163326,64
SHAPE_8463451,12.3873301,-1.5163127,65
SHAPE_8463451,12.3848626,-1.5160453,66
SHAPE_8463451,12.3845107,-1.516006,67
SHAPE_8463451,12.384343,-1.5159819,68
SHAPE_8463451,12.3842048,-1.5159511,69
SHAPE_8463451,12.384041,-1.5159091,70
SHAPE_8463451,12.3838704,-1.5158603,71
SHAPE_8463451,12.3833759,-1.515719,72
SHAPE_8463451,12.3829926,-1.5156017,73
SHAPE_8463451,12.3829241,-1.5155807,74
SHAPE_8463451,12.3828502,-1.5155555,75
SHAPE_8463451,12.3826948,-1.5155022,76
SHAPE_8463451,12.3825125,-1.5154453,77
SHAPE_8463451,12.3819067,-1.5152688,78
SHAPE_8463451,12.3818079,-1.5156894,79
SHAPE_8463451,12.3817068,-1.5160894,80
SHAPE_8463451,12.3815962,-1.5166006,81
SHAPE_8463451,12.381464,-1.5171517,82
SHAPE_8463451,12.3813217,-1.5177346,83
SHAPE_8463451,12.3812865,-1.5178813,84
SHAPE_8463451,12.3811754,-1.518345,85
SHAPE_8463451,12.3809707,-1.5191988,86
SHAPE_8463451,12.3808933,-1.5195195,87
SHAPE_8463451,12.380831,-1.5197529,88
SHAPE_8463451,12.3807486,-1.5200961,89
SHAPE_8463451,12.3807073,-1.5202901,90
SHAPE_8463451,12.3805787,-1.5208197,91
SHAPE_8463451,12.3804533,-1.5213634,92
SHAPE_8463451,12.3803301,-1.5218921,93
SHAPE_8463451,12.3794944,-1.5216862,94
SHAPE_8463451,12.3790756,-1.5215891,95
SHAPE_8463451,12.3786089,-1.5214773,96
SHAPE_8463451,12.3781773,-1.5213742,97
SHAPE_8463451,12.3773304,-1.5211666,98
SHAPE_8463451,12.3767594,-1.52104,99
SHAPE_8463451,12.3763853,-1.5209324,100
SHAPE_8463451,12.3762857,-1.5209038,101
SHAPE_8463451,12.375843,-1.5207951,102
SHAPE_8463451,12.3757469,-1.520783,103
SHAPE_8463451,12.3754367,-1.5206768,104
SHAPE_8463451,12.3750404,-1.5205746,105
SHAPE_8463451,12.3748396,-1.5205228,106
SHAPE_8463451,12.3747826,-1.5205081,107
SHAPE_8463451,12.3747157,-1.5207778,108
SHAPE_8463451,12.3746381,-1.521091,109
SHAPE_8463451,12.3745371,-1.5215625,110
SHAPE_8463451,12.3744092,-1.5221165,111
SHAPE_8463451,12.3743784,-1.5222103,112
SHAPE_8463451,12.3743416,-1.5222893,113
SHAPE_8463451,12.3742874,-1.5223561,114
SHAPE_8463451,12.3742233,-1.5224055,115
SHAPE_8463451,12.3741552,-1.522443,116
SHAPE_8463451,12.3740714,-1.5224563,117
SHAPE_8463451,12.3739743,-1.5224436,118
SHAPE_8463451,12.3734307,-1.5223508,119
SHAPE_8463451,12.3731638,-1.5222947,120
SHAPE_8463451,12.373134,-1.5222884,121
SHAPE_8463451,12.3730613,-1.522277,122
SHAPE_8463451,12.3729637,-1.5222602,123
SHAPE_8463451,12.3728686,-1.5222454,124
SHAPE_8463451,12.3723509,-1.5221422,125
SHAPE_8463451,12.3721542,-1.5221036,126
SHAPE_8463451,12.3715339,-1.5219857,127
SHAPE_8463451,12.3709175,-1.5218686,128
SHAPE_8463451,12.3707846,-1.5225064,129
SHAPE_8463451,12.3707663,-1.5225982,130
SHAPE_8463451,12.3707516,-1.5226996,131
SHAPE_8463451,12.3706903,-1.5229587,132
SHAPE_8463451,12.3706235,-1.5232815,133
SHAPE_8463451,12.3705053,-1.5238732,134
SHAPE_8463451,12.3703483,-1.5245194,135
SHAPE_8463451,12.3702691,-1.5248774,136
SHAPE_8463451,12.3705499,-1.5249554,137
SHAPE_8463451,12.3708544,-1.52504,138
SHAPE_8463451,12.3714297,-1.5251948,139
SHAPE_8463451,12.3719257,-1.5253282,140
SHAPE_8463451,12.3721875,-1.5254,141
SHAPE_8463451,12.3726313,-1.5255218,142
SHAPE_8463451,12.3729406,-1.5257906,143
SHAPE_8463451,12.3729989,-1.5257877,144
SHAPE_8463451,12.3730585,-1.5257941,145
SHAPE_8463451,12.3731169,-1.5258082,146
SHAPE_8463451,12.3731713,-1.5258289,147
SHAPE_8463451,12.373223,-1.5258563,148
SHAPE_8463451,12.3732709,-1.5258898,149
SHAPE_8463451,12.3733146,-1.5259291,150
SHAPE_8463451,12.3733532,-1.5259736,151
SHAPE_8463451,12.3733862,-1.5260225,152
SHAPE_8463451,12.3734132,-1.5260752,153
SHAPE_8463451,12.3734338,-1.5261308,154
SHAPE_8463451,12.3734475,-1.5261886,155
SHAPE_8463451,12.3734542,-1.5262465,156
SHAPE_8463451,12.3734542,-1.5263047,157
SHAPE_8463451,12.3734473,-1.5263626,158
SHAPE_8463451,12.3734338,-1.5264192,159
SHAPE_8463451,12.3734137,-1.5264737,160
SHAPE_8463451,12.3733875,-1.5265254,161
SHAPE_8463451,12.3733554,-1.5265735,162
SHAPE_8463451,12.3733227,-1.5266124,163
SHAPE_8463451,12.3732862,-1.5266475,164
SHAPE_8463451,12.3732463,-1.5266785,165
SHAPE_8463451,12.3732034,-1.526705,166
SHAPE_8463451,12.3731454,-1.5267319,167
SHAPE_8463451,12.3730843,-1.5267506,168
SHAPE_8463451,12.3730214,-1.5267608,169
SHAPE_8463451,12.3729577,-1.5267623,170
SHAPE_8463451,12.372897,-1.5267555,171
SHAPE_8463451,12.3728377,-1.5267409,172
SHAPE_8463451,12.3727807,-1.5267186,173
SHAPE_8463451,12.3726455,-1.5267135,174
SHAPE_8463452,12.3726455,-1.5267135,1
SHAPE_8463452,12.3722795,-1.5267128,2
SHAPE_8463452,12.3721258,-1.5266927,3
SHAPE_8463452,12.3718285,-1.5266364,4
SHAPE_8463452,12.3707551,-1.526342,5
SHAPE_8463452,12.3703274,-1.526222,6
SHAPE_8463452,12.3699947,-1.5261287,7
SHAPE_8463452,12.3701272,-1.5255287,8
SHAPE_8463452,12.3702691,-1.5248774,9
SHAPE_8463452,12.3703483,-1.5245194,10
SHAPE_8463452,12.3705053,-1.5238732,11
SHAPE_8463452,12.3706235,-1.5232815,12
SHAPE_8463452,12.3706903,-1.5229587,13
SHAPE_8463452,12.3707516,-1.5226996,14
SHAPE_8463452,12.3707663,-1.5225982,15
SHAPE_8463452,12.3707846,-1.5225064,16
SHAPE_8463452,12.3709175,-1.5218686,17
SHAPE_8463452,12.3715339,-1.5219857,18
SHAPE_8463452,12.3721542,-1.5221036,19
SHAPE_8463452,12.3723509,-1.5221422,20
SHAPE_8463452,12.3728686,-1.5222454,21
SHAPE_8463452,12.3729637,-1.5222602,22
SHAPE_8463452,12.3730613,-1.522277,23
SHAPE_8463452,12.373134,-1.5222884,24
SHAPE_8463452,12.3731638,-1.5222947,25
SHAPE_8463452,12.3734307,-1.5223508,26
SHAPE_8463452,12.3739743,-1.5224436,27
SHAPE_8463452,12.3740714,-1.5224563,28
SHAPE_8463452,12.3741552,-1.522443,29
SHAPE_8463452,12.3742233,-1.5224055,30
SHAPE_8463452,12.3742874,-1.5223561,31
SHAPE_8463452,12.3743416,-1.5222893,32
SHAPE_8463452,12.3743784,-1.5222103,33
SHAPE_8463452,12.3744092,-1.5221165,34
SHAPE_8463452,12.3745371,-1.5215625,35
SHAPE_8463452,12.3746381,-1.521091,36
SHAPE_8463452,12.3747157,-1.5207778,37
SHAPE_8463452,12.3747826,-1.5205081,38
SHAPE_8463452,12.3748396,-1.5205228,39
SHAPE_8463452,12.3750404,-1.5205746,40
SHAPE_8463452,12.3754367,-1.5206768,41
SHAPE_8463452,12.3757469,-1.520783,42
SHAPE_8463452,12.375843,-1.5207951,43
SHAPE_8463452,12.3762857,-1.5209038,44
SHAPE_8463452,12.3763853,-1.5209324,45
SHAPE_8463452,12.3767594,-1.52104,46
SHAPE_8463452,12.3773304,-1.5211666,47
SHAPE_8463452,12.3781773,-1.5213742,48
SHAPE_8463452,12.3786089,-1.5214773,49
SHAPE_8463452,12.3790756,-1.5215891,50
SHAPE_8463452,12.3794944,-1.5216862,51
SHAPE_8463452,12.3803301,-1.5218921,52
SHAPE_8463452,12.3804533,-1.5213634,53
SHAPE_8463452,12.3805787,-1.5208197,54
SHAPE_8463452,12.3807073,-1.5202901,55
SHAPE_8463452,12.3807486,-1.5200961,56
SHAPE_8463452,12.380831,-1.5197529,57
SHAPE_8463452,12.3808933,-1.5195195,58
SHAPE_8463452,12.3809707,-1.5191988,59
SHAPE_8463452,12.3811754,-1.518345,60
SHAPE_8463452,12.3812865,-1.5178813,61
SHAPE_8463452,12.3813217,-1.5177346,62
SHAPE_8463452,12.381464,-1.5171517,63
SHAPE_8463452,12.3815962,-1.5166006,64
SHAPE_8463452,12.3817068,-1.5160894,65
SHAPE_8463452,12.3818079,-1.5156894,66
SHAPE_8463452,12.3819067,-1.5152688,67
SHAPE_8463452,12.3825125,-1.5154453,68
SHAPE_8463452,12.3826948,-1.5155022,69
SHAPE_8463452,12.3828502,-1.5155555,70
SHAPE_8463452,12.3829241,-1.5155807,71
SHAPE_8463452,12.3829926,-1.5156017,72
SHAPE_8463452,12.3833759,-1.515719,73
SHAPE_8463452,12.3838704,-1.5158603,74
SHAPE_8463452,12.384041,-1.5159091,75
SHAPE_8463452,12.3842048,-1.5159511,76
SHAPE_8463452,12.384343,-1.5159819,77
SHAPE_8463452,12.3845107,-1.516006,78
SHAPE_8463452,12.3848626,-1.5160453,79
SHAPE_8463452,12.3873301,-1.5163127,80
SHAPE_8463452,12.387494,-1.5163326,81
SHAPE_8463452,12.3883483,-1.516436,82
SHAPE_8463452,12.3892437,-1.5165351,83
SHAPE_8463452,12.389707,-1.5165974,84
SHAPE_8463452,12.3898134,-1.5165738,85
SHAPE_8463452,12.3900306,-1.5165663,86
SHAPE_8463452,12.390108,-1.5165655,87
SHAPE_8463452,12.3901149,-1.5165544,88
SHAPE_8463452,12.3901235,-1.5165446,89
SHAPE_8463452,12.39014,-1.5165323,90
SHAPE_8463452,12.390159,-1.5165247,91
SHAPE_8463452,12.3901793,-1.5165223,92
SHAPE_8463452,12.3901995,-1.5165253,93
SHAPE_8463452,12.3902183,-1.5165334,94
SHAPE_8463452,12.3902306,-1.5165425,95
SHAPE_8463452,12.390241,-1.5165538,96
SHAPE_8463452,12.3904733,-1.5165813,97
SHAPE_8463452,12.3907532,-1.5166106,98
SHAPE_8463452,12.3908746,-1.5166249,99
SHAPE_8463452,12.3909594,-1.5166267,100
SHAPE_8463452,12.3910679,-1.5166129,101
SHAPE_8463452,12.3915359,-1.5164861,102
SHAPE_8463452,12.3916682,-1.5164412,103
SHAPE_8463452,12.3924662,-1.5162018,104
SHAPE_8463452,12.3925386,-1.5161813,105
SHAPE_8463452,12.3928935,-1.516081,106
SHAPE_8463452,12.3939188,-1.5157911,107
SHAPE_8463452,12.3942687,-1.5156901,108
SHAPE_8463452,12.3944877,-1.5156362,109
SHAPE_8463452,12.3947166,-1.5155767,110
SHAPE_8463452,12.3952243,-1.5154303,111
SHAPE_8463452,12.3957604,-1.5152759,112
SHAPE_8463452,12.3968794,-1.5149513,113
SHAPE_8463452,12.3969576,-1.5149286,114
SHAPE_8463452,12.3971787,-1.5147466,115
SHAPE_8463452,12.3972031,-1.5146518,116
SHAPE_8463452,12.3972539,-1.5145688,117
SHAPE_8463452,12.3973265,-1.514505,118
SHAPE_8463452,12.3974144,-1.5144661,119
SHAPE_8463452,12.397495,-1.5144554,120
SHAPE_8463452,12.3975757,-1.514466,121
SHAPE_8463452,12.3976511,-1.5144972,122
SHAPE_8463452,12.3977163,-1.5145469,123
SHAPE_8463452,12.3978902,-1.5145694,124
SHAPE_8463452,12.3981175,-1.5145926,125
SHAPE_8463452,12.3989179,-1.514531,126
SHAPE_8463452,12.3992106,-1.5145165,127
SHAPE_8463452,12.3996468,-1.5144948,128
SHAPE_8463452,12.4006541,-1.5144577,129
SHAPE_8463452,12.4009553,-1.5144319,130
SHAPE_8463452,12.4010955,-1.5144253,131
SHAPE_8463452,12.4014052,-1.5144107,132
SHAPE_8463452,12.4024095,-1.5143867,133
SHAPE_8463452,12.4039482,-1.5142435,134
SHAPE_8463452,12.404922,-1.5141506,135
SHAPE_8463452,12.4052148,-1.5141243,136
SHAPE_8463452,12.4054748,-1.5140983,137
SHAPE_8463452,12.4073593,-1.5138935,138
SHAPE_8463452,12.4084261,-1.5137607,139
SHAPE_8463452,12.4087301,-1.513732,140
SHAPE_8463452,12.4090395,-1.5137029,141
SHAPE_8463452,12.4102268,-1.5135912,142
SHAPE_8463452,12.4117455,-1.5134243,143
SHAPE_8463452,12.4123146,-1.5133653,144
SHAPE_8463452,12.4129048,-1.5133042,145
SHAPE_8463672,12.3726455,-1.5267135,1
SHAPE_8463672,12.3722795,-1.5267128,2
SHAPE_8463672,12.3721258,-1.5266927,3
SHAPE_8463672,12.3718285,-1.5266364,4
SHAPE_8463672,12.3707551,-1.526342,5
SHAPE_8463672,12.3703274,-1.526222,6
SHAPE_8463672,12.3699947,-1.5261287,7
SHAPE_8463672,12.3701272,-1.5255287,8
SHAPE_8463672,12.3702691,-1.5248774,9
SHAPE_8463672,12.3703483,-1.5245194,10
SHAPE_8463672,12.3705053,-1.5238732,11
SHAPE_8463672,12.3706235,-1.5232815,12
SHAPE_8463672,12.3706903,-1.5229587,13
SHAPE_8463672,12.3707516,-1.5226996,14
SHAPE_8463672,12.3707663,-1.5225982,15
SHAPE_8463672,12.3707846,-1.5225064,16
SHAPE_8463672,12.3709175,-1.5218686,17
SHAPE_8463672,12.3710059,-1.5214663,18
SHAPE_8463672,12.3711402,-1.5208406,19
SHAPE_8463672,12.3711755,-1.5206,20
SHAPE_8463672,12.3712236,-1.5203341,21
SHAPE_8463672,12.3712487,-1.5201386,22
SHAPE_8463672,12.3712779,-1.5199837,23
SHAPE_8463672,12.3712976,-1.5198667,24
SHAPE_8463672,12.3713197,-1.5197711,25
SHAPE_8463672,12.3713381,-1.5196966,26
SHAPE_8463672,12.3715022,-1.5196054,27
SHAPE_8463672,12.3714948,-1.519579,28
SHAPE_8463672,12.3714806,-1.5195557,29
SHAPE_8463672,12.3714647,-1.5195404,30
SHAPE_8463672,12.3715022,-1.5196054,31
SHAPE_8463672,12.3715034,-1.5196296,32
SHAPE_8463672,12.3714966,-1.5196578,33
SHAPE_8463672,12.3714822,-1.5196827,34
SHAPE_8463672,12.3714613,-1.5197023,35
SHAPE_8463672,12.3714422,-1.5197126,36
SHAPE_8463672,12.3714158,-1.5197187,37
SHAPE_8463672,12.3714003,-1.5197193,38
SHAPE_8463672,12.3713825,-1.5197165,39
SHAPE_8463672,12.3713604,-1.5197094,40
SHAPE_8463672,12.3713381,-1.5196966,41
SHAPE_8463672,12.3713338,-1.5196918,42
SHAPE_8463672,12.3713285,-1.5196847,43
SHAPE_8463672,12.3713167,-1.5196625,44
SHAPE_8463672,12.3713123,-1.5196364,45
SHAPE_8463672,12.3713112,-1.5196107,46
SHAPE_8463672,12.3713162,-1.5195855,47
SHAPE_8463672,12.3713269,-1.5195622,48
SHAPE_8463672,12.3713427,-1.5195423,49
SHAPE_8463672,12.3713548,-1.5195321,50
SHAPE_8463672,12.3714473,-1.5195307,51
SHAPE_8463672,12.3714647,-1.5195404,52
SHAPE_8463672,12.3714473,-1.5195307,53
SHAPE_8463672,12.3714408,-1.5195276,54
SHAPE_8463672,12.371421,-1.5195216,55
SHAPE_8463672,12.3714029,-1.5195206,56
SHAPE_8463672,12.3713812,-1.519524,57
SHAPE_8463672,12.3713548,-1.5195321,58
SHAPE_8463672,12.3714095,-1.5194332,59
SHAPE_8463672,12.3714317,-1.5193574,60
SHAPE_8463672,12.3714527,-1.5192622,61
SHAPE_8463672,12.3715084,-1.519012,62
SHAPE_8463672,12.3715346,-1.5189188,63
SHAPE_8463672,12.3716175,-1.5185628,64
SHAPE_8463672,12.3716604,-1.5183273,65
SHAPE_8463672,12.3717861,-1.5178191,66
SHAPE_8463672,12.3719138,-1.517219,67
SHAPE_8463672,12.3721404,-1.5161984,68
SHAPE_8463672,12.3722688,-1.5156003,69
SHAPE_8463672,12.3723238,-1.5153482,70
SHAPE_8463672,12.3723867,-1.5150571,71
SHAPE_8463672,12.3724947,-1.5144967,72
SHAPE_8463672,12.372624,-1.5139355,73
SHAPE_8463672,12.372734,-1.5133637,74
SHAPE_8463672,12.3728507,-1.5128359,75
SHAPE_8463672,12.3729684,-1.5122094,76
SHAPE_8463672,12.3730822,-1.51169,77
SHAPE_8463672,12.3731595,-1.5113539,78
SHAPE_8463672,12.3732575,-1.5109276,79
SHAPE_8463672,12.3733643,-1.5103713,80
SHAPE_8463672,12.3734164,-1.5102269,81
SHAPE_8463672,12.3734718,-1.5101447,82
SHAPE_8463672,12.3735336,-1.5100852,83
SHAPE_8463672,12.3736658,-1.5100314,84
SHAPE_8463672,12.373812,-1.5100218,85
SHAPE_8463672,12.3741391,-1.510084,86
SHAPE_8463672,12.3742209,-1.5101004,87
SHAPE_8463672,12.3743321,-1.5101706,88
SHAPE_8463672,12.3747955,-1.5102668,89
SHAPE_8463672,12.3758001,-1.5104937,90
SHAPE_8463672,12.3758931,-1.5105147,91
SHAPE_8463672,12.3759276,-1.5105227,92
SHAPE_8463672,12.3762926,-1.5106063,93
SHAPE_8463672,12.3764767,-1.5106467,94
SHAPE_8463672,12.3777317,-1.5109222,95
SHAPE_8463672,12.3783457,-1.5110898,96
SHAPE_8463672,12.3790796,-1.5101599,97
SHAPE_8463672,12.3791472,-1.5100406,98
SHAPE_8463672,12.3793322,-1.5098005,99
SHAPE_8463672,12.379374,-1.5097462,100
SHAPE_8463672,12.3794165,-1.5096431,101
SHAPE_8463672,12.3795507,-1.5094221,102
SHAPE_8463672,12.3795331,-1.5093908,103
SHAPE_8463672,12.3795267,-1.5093591,104
SHAPE_8463672,12.3795301,-1.509327,105
SHAPE_8463672,12.379543,-1.5092976,106
SHAPE_8463672,12.3795642,-1.5092737,107
SHAPE_8463672,12.3795916,-1.5092576,108
SHAPE_8463672,12.3796224,-1.509251,109
SHAPE_8463672,12.3797198,-1.5091589,110
SHAPE_8463672,12.3804696,-1.5081981,111
SHAPE_8463672,12.3810732,-1.5074966,112
SHAPE_8463672,12.3817855,-1.5066273,113
SHAPE_8463672,12.3827268,-1.5053586,114
SHAPE_8463672,12.3829666,-1.5050373,115
SHAPE_8463672,12.3830774,-1.504888,116
SHAPE_8463672,12.3833814,-1.5043739,117
SHAPE_8463672,12.3837389,-1.5038611,118
SHAPE_8463672,12.3839332,-1.5035847,119
SHAPE_8463672,12.3841793,-1.503265,120
SHAPE_8463672,12.3842849,-1.5031081,121
SHAPE_8463672,12.3843952,-1.5028792,122
SHAPE_8463672,12.3844422,-1.5028045,123
SHAPE_8463672,12.3844982,-1.502737,124
SHAPE_8463672,12.3846036,-1.5026316,125
SHAPE_8463672,12.3846306,-1.5026969,126
SHAPE_8463672,12.3846751,-1.5027513,127
SHAPE_8463672,12.3847333,-1.5027899,128
SHAPE_8463672,12.3847999,-1.5028094,129
SHAPE_8463672,12.3848692,-1.502808,130
SHAPE_8463672,12.3849404,-1.502783,131
SHAPE_8463672,12.3850002,-1.5027362,132
SHAPE_8463672,12.3850361,-1.5026871,133
SHAPE_8463672,12.3850629,-1.502593,134
SHAPE_8463672,12.3850561,-1.5025113,135
SHAPE_8463672,12.3850227,-1.5024367,136
SHAPE_8463672,12.3849823,-1.5023906,137
SHAPE_8463672,12.3849317,-1.5023567,138
SHAPE_8463672,12.3848743,-1.5023372,139
SHAPE_8463672,12.3848138,-1.5023334,140
SHAPE_8463672,12.3847545,-1.5023457,141
SHAPE_8463672,12.3846928,-1.5023784,142
SHAPE_8463672,12.3846432,-1.5024283,143
SHAPE_8463672,12.3846102,-1.502491,144
SHAPE_8463672,12.3845966,-1.5025608,145
SHAPE_8463672,12.3846036,-1.5026316,146
SHAPE_8463672,12.3850227,-1.5024367,147
SHAPE_8463672,12.3851997,-1.502469,148
SHAPE_8463672,12.3853439,-1.5024703,149
SHAPE_8463672,12.3855622,-1.5024482,150
SHAPE_8463672,12.3857408,-1.5024322,151
SHAPE_8463672,12.3858774,-1.5024162,152
SHAPE_8463672,12.386023,-1.5023889,153
SHAPE_8463672,12.3861878,-1.5023495,154
SHAPE_8463672,12.3865507,-1.502273,155
SHAPE_8463672,12.386941,-1.5021886,156
SHAPE_8463672,12.387592,-1.502033,157
SHAPE_8463672,12.3881578,-1.5019096,158
SHAPE_8463672,12.3886353,-1.501813,159
SHAPE_8463672,12.389152,-1.5017097,160
SHAPE_8463672,12.3897746,-1.5015834,161
SHAPE_8463672,12.3900482,-1.5015152,162
SHAPE_8463672,12.3901956,-1.5014791,163
SHAPE_8463672,12.3903763,-1.5014233,164
SHAPE_8463672,12.3905355,-1.5013745,165
SHAPE_8463672,12.3906438,-1.5013325,166
SHAPE_8463672,12.39601,-1.4984147,167
SHAPE_8463672,12.3961393,-1.4982614,168
SHAPE_8463672,12.396286,-1.4980904,169
SHAPE_8463672,12.39601,-1.4984147,170
SHAPE_8463672,12.3959607,-1.4984522,171
SHAPE_8463672,12.3957093,-1.4986239,172
SHAPE_8463672,12.3955403,-1.4987419,173
SHAPE_8463672,12.3953687,-1.4988559,174
SHAPE_8463672,12.3951906,-1.4989673,175
SHAPE_8463672,12.3949726,-1.4991027,176
SHAPE_8463672,12.3948149,-1.4991931,177
SHAPE_8463672,12.3947478,-1.4992315,178
SHAPE_8463672,12.3944858,-1.4993736,179
SHAPE_8463672,12.394375,-1.4994254,180
SHAPE_8463672,12.3940182,-1.4995962,181
SHAPE_8463672,12.3938087,-1.4996954,182
SHAPE_8463672,12.3934982,-1.4998509,183
SHAPE_8463672,12.3933764,-1.4999207,184
SHAPE_8463672,12.3930629,-1.5000777,185
SHAPE_8463672,12.3928049,-1.5002078,186
SHAPE_8463672,12.3920294,-1.5006141,187
SHAPE_8463672,12.3918002,-1.5007416,188
SHAPE_8463672,12.391381,-1.5009615,189
SHAPE_8463672,12.3911086,-1.5010983,190
SHAPE_8463672,12.3908335,-1.5012391,191
SHAPE_8463672,12.3906438,-1.5013325,192
SHAPE_8463672,12.39601,-1.4984147,193
SHAPE_8463672,12.3961875,-1.4983376,194
SHAPE_8463672,12.3964021,-1.4982635,195
SHAPE_8463672,12.3964811,-1.4979531,196
SHAPE_8463672,12.3968248,-1.4977442,197
SHAPE_8463672,12.3964811,-1.4979531,198
SHAPE_8463672,12.3964368,-1.497948,199
SHAPE_8463672,12.3963929,-1.4979559,200
SHAPE_8463672,12.3963529,-1.4979761,201
SHAPE_8463672,12.3963201,-1.498007,202
SHAPE_8463672,12.3962972,-1.4980462,203
SHAPE_8463672,12.396286,-1.4980904,204
SHAPE_8463672,12.3962873,-1.498136,205
SHAPE_8463672,12.3963012,-1.4981794,206
SHAPE_8463672,12.3963265,-1.498217,207
SHAPE_8463672,12.396361,-1.4982458,208
SHAPE_8463672,12.3964021,-1.4982635,209
SHAPE_8463672,12.3964464,-1.4982686,210
SHAPE_8463672,12.3964904,-1.4982607,211
SHAPE_8463672,12.3965303,-1.4982405,212
SHAPE_8463672,12.3965631,-1.4982095,213
SHAPE_8463672,12.396586,-1.4981704,214
SHAPE_8463672,12.3965973,-1.4981262,215
SHAPE_8463672,12.3965959,-1.4980806,216
SHAPE_8463672,12.396582,-1.4980372,217
SHAPE_8463672,12.3965568,-1.4979996,218
SHAPE_8463672,12.3965222,-1.4979708,219
SHAPE_8463672,12.3964811,-1.4979531,220
SHAPE_8463672,12.3965959,-1.4980806,221
SHAPE_8463672,12.3968248,-1.4977442,222
SHAPE_8463672,12.3968635,-1.497708,223
SHAPE_8463672,12.3969846,-1.497606,224
SHAPE_8463672,12.397164,-1.4974317,225
SHAPE_8463672,12.3973762,-1.4972158,226
SHAPE_8463672,12.3976198,-1.4969542,227
SHAPE_8463672,12.3978425,-1.4966941,228
SHAPE_8463672,12.3979374,-1.4965815,229
SHAPE_8463672,12.3980758,-1.4964136,230
SHAPE_8463672,12.3983434,-1.496104,231
SHAPE_8463672,12.398466,-1.4959619,232
SHAPE_8463672,12.3990218,-1.495294,233
SHAPE_8463672,12.3991654,-1.495121,234
SHAPE_8463672,12.3993414,-1.4949104,235
SHAPE_8463672,12.3998523,-1.4942962,236
SHAPE_8463672,12.4002465,-1.4938255,237
SHAPE_8463672,12.4005713,-1.4934271,238
SHAPE_8463672,12.4009303,-1.4929966,239
SHAPE_8463672,12.401083,-1.4928183,240
SHAPE_8463672,12.4012537,-1.4926212,241
SHAPE_8463672,12.4013012,-1.4925672,242
SHAPE_8463672,12.4015553,-1.4922624,243
SHAPE_8463672,12.401655,-1.4921295,244
SHAPE_8463672,12.4018204,-1.4919279,245
SHAPE_8463672,12.4021204,-1.4915738,246
SHAPE_8463672,12.4024214,-1.4912186,247
SHAPE_8463672,12.4028295,-1.4907315,248
SHAPE_8463672,12.4032486,-1.4902232,249
SHAPE_8463672,12.4034944,-1.4899215,250
SHAPE_8463672,12.4036712,-1.4897163,251
SHAPE_8463672,12.4038222,-1.4895405,252
SHAPE_8463672,12.4041078,-1.4891892,253
SHAPE_8463672,12.4041931,-1.4890967,254
SHAPE_8463672,12.4043266,-1.4889337,255
SHAPE_8463672,12.4045676,-1.4886542,256
SHAPE_8463672,12.4050114,-1.4881137,257
SHAPE_8463672,12.4054238,-1.4876246,258
SHAPE_8463672,12.405983,-1.486951,259
SHAPE_8463672,12.4066306,-1.4861845,260
SHAPE_8463672,12.4073661,-1.4853168,261
SHAPE_8463672,12.4080865,-1.4844625,262
SHAPE_8463672,12.4084485,-1.484043,263
SHAPE_8463672,12.4088023,-1.483625,264
SHAPE_8463672,12.4089745,-1.4834138,265
SHAPE_8463672,12.4092142,-1.4831288,266
SHAPE_8463672,12.4093252,-1.4829954,267
SHAPE_8463672,12.4094519,-1.4828431,268
SHAPE_8463672,12.4101893,-1.4819667,269
SHAPE_8463672,12.4106836,-1.4813656,270
SHAPE_8463672,12.4110342,-1.480949,271
SHAPE_8463672,12.4112325,-1.4807135,272
SHAPE_8463672,12.4112574,-1.4806835,273
SHAPE_8463672,12.4117726,-1.480063,274
SHAPE_8463672,12.4127238,-1.4789211,275
SHAPE_8463672,12.4128046,-1.4787716,276
SHAPE_8463672,12.4129061,-1.47861,277
SHAPE_8463672,12.4131672,-1.4782752,278
SHAPE_8463672,12.413199,-1.4782309,279
SHAPE_8463672,12.4132644,-1.478158,280
SHAPE_8463672,12.4133236,-1.4780588,281
SHAPE_8463672,12.4133511,-1.4780004,282
SHAPE_8463672,12.4133717,-1.4779044,283
SHAPE_8463672,12.4136855,-1.4775326,284
SHAPE_8463672,12.4137217,-1.4775465,285
SHAPE_8463672,12.4137555,-1.4775657,286
SHAPE_8463672,12.4137862,-1.4775898,287
SHAPE_8463672,12.4138131,-1.4776183,288
SHAPE_8463672,12.4138357,-1.4776504,289
SHAPE_8463672,12.4138534,-1.4776856,290
SHAPE_8463672,12.4136855,-1.4775326,291
SHAPE_8463672,12.4136688,-1.4775281,292
SHAPE_8463672,12.4136531,-1.477525,293
SHAPE_8463672,12.4136153,-1.4775216,294
SHAPE_8463672,12.4135775,-1.4775237,295
SHAPE_8463672,12.4135404,-1.4775314,296
SHAPE_8463672,12.4135047,-1.4775445,297
SHAPE_8463672,12.4134712,-1.4775626,298
SHAPE_8463672,12.4134406,-1.4775855,299
SHAPE_8463672,12.4134135,-1.4776127,300
SHAPE_8463672,12.4133905,-1.4776435,301
SHAPE_8463672,12.4133721,-1.4776774,302
SHAPE_8463672,12.4133586,-1.4777137,303
SHAPE_8463672,12.4133503,-1.4777515,304
SHAPE_8463672,12.4133475,-1.4777902,305
SHAPE_8463672,12.41335,-1.4778289,306
SHAPE_8463672,12.4133563,-1.4778605,307
SHAPE_8463672,12.4133631,-1.4778828,308
SHAPE_8463672,12.4133717,-1.4779044,309
SHAPE_8463672,12.4133915,-1.4779407,310
SHAPE_8463672,12.4134166,-1.4779735,311
SHAPE_8463672,12.4134462,-1.4780019,312
SHAPE_8463672,12.4134798,-1.4780254,313
SHAPE_8463672,12.4135165,-1.4780432,314
SHAPE_8463672,12.4135554,-1.4780551,315
SHAPE_8463672,12.4135861,-1.4780599,316
SHAPE_8463672,12.4136171,-1.4780611,317
SHAPE_8463672,12.4136563,-1.4780571,318
SHAPE_8463672,12.4136944,-1.4780473,319
SHAPE_8463672,12.4137307,-1.4780317,320
SHAPE_8463672,12.4137651,-1.47801,321
SHAPE_8463672,12.4137946,-1.4779849,322
SHAPE_8463672,12.4138207,-1.4779547,323
SHAPE_8463672,12.4138443,-1.477921,324
SHAPE_8463672,12.4138584,-1.4778842,325
SHAPE_8463672,12.4138691,-1.4778454,326
SHAPE_8463672,12.4138741,-1.4778054,327
SHAPE_8463672,12.4138758,-1.4777651,328
SHAPE_8463672,12.4138663,-1.4777246,329
SHAPE_8463672,12.4138534,-1.4776856,330
SHAPE_8463672,12.4136855,-1.4775326,331
SHAPE_8463672,12.4137856,-1.4774728,332
SHAPE_8463672,12.413827,-1.4774465,333
SHAPE_8463672,12.4138672,-1.4774178,334
SHAPE_8463672,12.4139139,-1.477367,335
SHAPE_8463672,12.4144948,-1.4766727,336
SHAPE_8463672,12.4146366,-1.476514,337
SHAPE_8463672,12.4150147,-1.476075,338
SHAPE_8463672,12.4153758,-1.4756399,339
SHAPE_8463672,12.4155538,-1.4754255,340
SHAPE_8463672,12.4156268,-1.4753428,341
SHAPE_8463672,12.4162369,-1.474602,342
SHAPE_8463672,12.4169324,-1.4737657,343
SHAPE_8463672,12.4173762,-1.4732245,344
SHAPE_8463672,12.4176784,-1.472856,345
SHAPE_8463672,12.4180222,-1.4724537,346
SHAPE_8463672,12.4181729,-1.4722792,347
SHAPE_8463672,12.4183113,-1.472103,348
SHAPE_8463672,12.4189968,-1.4712793,349
SHAPE_8463672,12.419091,-1.4711661,350
SHAPE_8463672,12.4195884,-1.4705854,351
SHAPE_8463672,12.4198531,-1.4702689,352
SHAPE_8463672,12.4199903,-1.4701,353
SHAPE_8463672,12.4208104,-1.4691505,354
SHAPE_8463672,12.4209152,-1.4690177,355
SHAPE_8463672,12.421054,-1.4688487,356
SHAPE_8463672,12.4213678,-1.4684719,357
SHAPE_8463672,12.4214409,-1.4684041,358
SHAPE_8463672,12.4216882,-1.4681205,359
SHAPE_8463672,12.4218259,-1.4679575,360
SHAPE_8463672,12.4222004,-1.4675149,361
SHAPE_8463672,12.42249,-1.4671519,362
SHAPE_8463672,12.4225942,-1.4670213,363
SHAPE_8463672,12.4228705,-1.4666633,364
SHAPE_8463672,12.4231308,-1.4663262,365
SHAPE_8463672,12.4235821,-1.4658064,366
SHAPE_8463672,12.4236417,-1.465726,367
SHAPE_8463672,12.423902,-1.4654201,368
SHAPE_8463672,12.4239618,-1.4653564,369
SHAPE_8463672,12.4242468,-1.4650186,370
SHAPE_8463672,12.4242933,-1.4649635,371
SHAPE_8463672,12.4249063,-1.4642319,372
SHAPE_8463672,12.4250621,-1.4640388,373
SHAPE_8463672,12.4252381,-1.4638255,374
SHAPE_8463672,12.4259128,-1.4630345,375
SHAPE_8463672,12.4260457,-1.4628788,376
SHAPE_8463672,12.4263682,-1.4625138,377
SHAPE_8463672,12.4264889,-1.462373,378
SHAPE_8463672,12.4266033,-1.4622397,379
SHAPE_8463672,12.4267071,-1.462117,380
SHAPE_8463672,12.4276005,-1.4610655,381
SHAPE_8463672,12.4280387,-1.4605763,382
SHAPE_8463672,12.4281803,-1.4604073,383
SHAPE_8463672,12.4298785,-1.4584229,384
SHAPE_8463672,12.4299846,-1.4582964,385
SHAPE_8463672,12.4301383,-1.4581239,386
SHAPE_8463672,12.4306271,-1.4575164,387
SHAPE_8463672,12.431004,-1.457074,388
SHAPE_8463672,12.4313111,-1.4567031,389
SHAPE_8463672,12.43143,-1.4565595,390
SHAPE_8463672,12.4315738,-1.4563744,391
SHAPE_8463672,12.4320897,-1.455769,392
SHAPE_8463672,12.432211,-1.4556237,393
SHAPE_8463672,12.4322589,-1.4555664,394
SHAPE_8463672,12.4323554,-1.4554392,395
SHAPE_8463672,12.4332195,-1.4544344,396
SHAPE_8463672,12.433271,-1.4543714,397
SHAPE_8463672,12.4333653,-1.4542557,398
SHAPE_8463672,12.4334711,-1.454127,399
SHAPE_8463672,12.4337427,-1.4537964,400
SHAPE_8463672,12.4343582,-1.4530592,401
SHAPE_8463672,12.4345752,-1.4527751,402
SHAPE_8463672,12.4347023,-1.4526253,403
SHAPE_8463672,12.4347859,-1.4525231,404
SHAPE_8463672,12.4349448,-1.4523425,405
SHAPE_8463672,12.4357176,-1.4514044,406
SHAPE_8463672,12.435982,-1.4511165,407
SHAPE_8463672,12.4361119,-1.4509544,408
SHAPE_8463672,12.436248,-1.4507828,409
SHAPE_8463672,12.4367754,-1.4501536,410
SHAPE_8463672,12.437203,-1.4496386,411
SHAPE_8463672,12.4378126,-1.4489032,412
SHAPE_8463672,12.4379251,-1.4487675,413
SHAPE_8463672,12.43801,-1.4486655,414
SHAPE_8463672,12.4380712,-1.4485857,415
SHAPE_8463672,12.4389391,-1.4475439,416
SHAPE_8463672,12.4395267,-1.4467751,417
SHAPE_8463672,12.4395699,-1.4467186,418
SHAPE_8463672,12.4396528,-1.4466173,419
SHAPE_8463672,12.43979,-1.4464566,420
SHAPE_8463672,12.4410104,-1.4450263,421
SHAPE_8463672,12.4415245,-1.4444237,422
SHAPE_8463672,12.4419695,-1.4439021,423
SHAPE_8463672,12.4420883,-1.4437628,424
SHAPE_8463672,12.4424032,-1.443386,425
SHAPE_8463672,12.4427129,-1.4430059,426
SHAPE_8463672,12.4427992,-1.4428944,427
SHAPE_8463672,12.4430614,-1.4425712,428
SHAPE_8463672,12.4433053,-1.4422851,429
SHAPE_8463672,12.4435922,-1.4419485,430
SHAPE_8463672,12.4438391,-1.4416549,431
SHAPE_8463672,12.4440957,-1.4413579,432
SHAPE_8463672,12.4444819,-1.4408906,433
SHAPE_8463672,12.4449738,-1.4403057,434
SHAPE_8463672,12.4451451,-1.4401019,435
SHAPE_8463672,12.4452892,-1.4399306,436
SHAPE_8463672,12.4455051,-1.4396738,437
SHAPE_8463672,12.4456152,-1.439543,438
SHAPE_8463672,12.4457634,-1.4393666,439
SHAPE_8463672,12.4459677,-1.4391238,440
SHAPE_8463672,12.4460854,-1.4389838,441
SHAPE_8463672,12.4461629,-1.4388916,442
SHAPE_8463672,12.4463044,-1.4387234,443
SHAPE_8463672,12.4464239,-1.4385961,444
SHAPE_8463672,12.446618,-1.4383922,445
SHAPE_8463672,12.4467391,-1.4382602,446
SHAPE_8463672,12.4469624,-1.4380442,447
SHAPE_8463672,12.4471019,-1.4379192,448
SHAPE_8463672,12.4473265,-1.4377184,449
SHAPE_8463672,12.447589,-1.4374931,450
SHAPE_8463672,12.4477842,-1.4373174,451
SHAPE_8463672,12.4480815,-1.4370719,452
SHAPE_8463672,12.4482327,-1.4369566,453
SHAPE_8463672,12.4483747,-1.4368479,454
SHAPE_8463672,12.4485974,-1.4366824,455
SHAPE_8463672,12.44915,-1.4362666,456
SHAPE_8463672,12.4494486,-1.4360373,457
SHAPE_8463672,12.4497446,-1.4358053,458
SHAPE_8463672,12.4502959,-1.4353761,459
SHAPE_8463672,12.4505775,-1.4351629,460
SHAPE_8463672,12.4508614,-1.4349424,461
SHAPE_8463672,12.4510445,-1.4347955,462
SHAPE_8463672,12.4515321,-1.4344394,463
SHAPE_8463672,12.4520459,-1.4340655,464
SHAPE_8463672,12.4519957,-1.4339398,465
SHAPE_8463672,12.4519593,-1.4338947,466
SHAPE_8463672,12.4519228,-1.4338516,467
SHAPE_8463672,12.4518623,-1.4337927,468
SHAPE_8463672,12.4515985,-1.4335363,469
SHAPE_8463672,12.4515928,-1.4335308,470
SHAPE_8463672,12.4515667,-1.4335055,471
SHAPE_8463672,12.451434,-1.4333766,472
SHAPE_8463672,12.4512129,-1.4331617,473
SHAPE_8463672,12.4506908,-1.432525,474
SHAPE_8463688,12.4506908,-1.432525,1
SHAPE_8463688,12.4512129,-1.4331617,2
SHAPE_8463688,12.451434,-1.4333766,3
SHAPE_8463688,12.4515667,-1.4335055,4
SHAPE_8463688,12.4515928,-1.4335308,5
SHAPE_8463688,12.4515985,-1.4335363,6
SHAPE_8463688,12.4518623,-1.4337927,7
SHAPE_8463688,12.4519228,-1.4338516,8
SHAPE_8463688,12.4519593,-1.4338947,9
SHAPE_8463688,12.4519957,-1.4339398,10
SHAPE_8463688,12.4520459,-1.4340655,11
SHAPE_8463688,12.4520788,-1.43413,12
SHAPE_8463688,12.4515439,-1.4345245,13
SHAPE_8463688,12.451503,-1.434559,14
SHAPE_8463688,12.4504779,-1.4353345,15
SHAPE_8463688,12.4494421,-1.4361419,16
SHAPE_8463688,12.4486498,-1.43674,17
SHAPE_8463688,12.4482478,-1.4370405,18
SHAPE_8463688,12.4481377,-1.4371358,19
SHAPE_8463688,12.4478929,-1.4373395,20
SHAPE_8463688,12.4474043,-1.4377592,21
SHAPE_8463688,12.4471247,-1.4380024,22
SHAPE_8463688,12.4468831,-1.4382286,23
SHAPE_8463688,12.4466212,-1.438513,24
SHAPE_8463688,12.4464287,-1.4387128,25
SHAPE_8463688,12.4462291,-1.4389406,26
SHAPE_8463688,12.4461821,-1.4389943,27
SHAPE_8463688,12.4459442,-1.4392707,28
SHAPE_8463688,12.4455513,-1.4397387,29
SHAPE_8463688,12.4454799,-1.4398159,30
SHAPE_8463688,12.4451099,-1.4402605,31
SHAPE_8463688,12.4449188,-1.4404938,32
SHAPE_8463688,12.4445495,-1.4409229,33
SHAPE_8463688,12.4443567,-1.4411457,34
SHAPE_8463688,12.4441852,-1.4413503,35
SHAPE_8463688,12.4440937,-1.4414633,36
SHAPE_8463688,12.443891,-1.4416985,37
SHAPE_8463688,12.4435756,-1.4420872,38
SHAPE_8463688,12.4433355,-1.4423687,39
SHAPE_8463688,12.4430985,-1.4426435,40
SHAPE_8463688,12.4428438,-1.4429394,41
SHAPE_8463688,12.4425584,-1.4432955,42
SHAPE_8463688,12.442221,-1.4437165,43
SHAPE_8463688,12.4415007,-1.4445975,44
SHAPE_8463688,12.4410738,-1.4450883,45
SHAPE_8463688,12.440474,-1.4457871,46
SHAPE_8463688,12.4398736,-1.4465249,47
SHAPE_8463688,12.439734,-1.4466964,48
SHAPE_8463688,12.4396576,-1.4467945,49
SHAPE_8463688,12.4396174,-1.4468437,50
SHAPE_8463688,12.4393084,-1.4472208,51
SHAPE_8463688,12.4389875,-1.4476124,52
SHAPE_8463688,12.4381333,-1.4486371,53
SHAPE_8463688,12.4379921,-1.4488142,54
SHAPE_8463688,12.4378703,-1.4489627,55
SHAPE_8463688,12.436325,-1.4508472,56
SHAPE_8463688,12.4361772,-1.4510429,57
SHAPE_8463688,12.4360583,-1.4511909,58
SHAPE_8463688,12.4355765,-1.4517533,59
SHAPE_8463688,12.4350273,-1.4524121,60
SHAPE_8463688,12.4348684,-1.4525814,61
SHAPE_8463688,12.4347835,-1.4526886,62
SHAPE_8463688,12.4346589,-1.4528358,63
SHAPE_8463688,12.4341337,-1.4534847,64
SHAPE_8463688,12.4340092,-1.4536448,65
SHAPE_8463688,12.4335538,-1.4541885,66
SHAPE_8463688,12.4334363,-1.4543288,67
SHAPE_8463688,12.4333466,-1.4544312,68
SHAPE_8463688,12.4332812,-1.4545066,69
SHAPE_8463688,12.4331205,-1.454692,70
SHAPE_8463688,12.4326411,-1.4552673,71
SHAPE_8463688,12.4324347,-1.4555073,72
SHAPE_8463688,12.4323402,-1.4556173,73
SHAPE_8463688,12.4322861,-1.455677,74
SHAPE_8463688,12.4321627,-1.4558223,75
SHAPE_8463688,12.4316357,-1.4564426,76
SHAPE_8463688,12.4315003,-1.4566205,77
SHAPE_8463688,12.431382,-1.4567623,78
SHAPE_8463688,12.4304536,-1.4578745,79
SHAPE_8463688,12.4303451,-1.4580031,80
SHAPE_8463688,12.4301974,-1.4581759,81
SHAPE_8463688,12.4300465,-1.4583526,82
SHAPE_8463688,12.4299366,-1.4584726,83
SHAPE_8463688,12.4282511,-1.4604722,84
SHAPE_8463688,12.4281099,-1.4606414,85
SHAPE_8463688,12.4276868,-1.4611248,86
SHAPE_8463688,12.427078,-1.4618175,87
SHAPE_8463688,12.4265733,-1.4624355,88
SHAPE_8463688,12.4264528,-1.4625831,89
SHAPE_8463688,12.4261444,-1.4629536,90
SHAPE_8463688,12.4260104,-1.4631117,91
SHAPE_8463688,12.4257194,-1.4634548,92
SHAPE_8463688,12.4253245,-1.4638921,93
SHAPE_8463688,12.4251463,-1.4641204,94
SHAPE_8463688,12.4249818,-1.4643075,95
SHAPE_8463688,12.4243704,-1.4650364,96
SHAPE_8463688,12.4243258,-1.465087,97
SHAPE_8463688,12.4240339,-1.4654182,98
SHAPE_8463688,12.4239886,-1.4654717,99
SHAPE_8463688,12.4237189,-1.4658007,100
SHAPE_8463688,12.4236526,-1.4658796,101
SHAPE_8463688,12.4229421,-1.4667261,102
SHAPE_8463688,12.4228134,-1.4669066,103
SHAPE_8463688,12.4225655,-1.4672203,104
SHAPE_8463688,12.4222801,-1.4675814,105
SHAPE_8463688,12.4219066,-1.4680299,106
SHAPE_8463688,12.421772,-1.4681876,107
SHAPE_8463688,12.4215254,-1.4684765,108
SHAPE_8463688,12.4214604,-1.4685485,109
SHAPE_8463688,12.4211334,-1.4689339,110
SHAPE_8463688,12.4208854,-1.4692128,111
SHAPE_8463688,12.420085,-1.4701898,112
SHAPE_8463688,12.4199543,-1.4703521,113
SHAPE_8463688,12.4196782,-1.4706724,114
SHAPE_8463688,12.4191848,-1.4712356,115
SHAPE_8463688,12.4190799,-1.471357,116
SHAPE_8463688,12.4189436,-1.4715248,117
SHAPE_8463688,12.4183917,-1.47218,118
SHAPE_8463688,12.4181229,-1.4725329,119
SHAPE_8463688,12.4174845,-1.4733169,120
SHAPE_8463688,12.4170405,-1.4738622,121
SHAPE_8463688,12.4163509,-1.4746982,122
SHAPE_8463688,12.4157366,-1.475443,123
SHAPE_8463688,12.4156661,-1.4755247,124
SHAPE_8463688,12.4154935,-1.4757189,125
SHAPE_8463688,12.4154271,-1.4757939,126
SHAPE_8463688,12.4149169,-1.4763563,127
SHAPE_8463688,12.4147166,-1.4765859,128
SHAPE_8463688,12.4145751,-1.4767465,129
SHAPE_8463688,12.414105,-1.4772786,130
SHAPE_8463688,12.4139005,-1.4775137,131
SHAPE_8463688,12.4138792,-1.4775568,132
SHAPE_8463688,12.4138612,-1.4776075,133
SHAPE_8463688,12.4138534,-1.4776856,134
SHAPE_8463688,12.4138357,-1.4776504,135
SHAPE_8463688,12.4138131,-1.4776183,136
SHAPE_8463688,12.4137862,-1.4775898,137
SHAPE_8463688,12.4137555,-1.4775657,138
SHAPE_8463688,12.4137217,-1.4775465,139
SHAPE_8463688,12.4136855,-1.4775326,140
SHAPE_8463688,12.4136688,-1.4775281,141
SHAPE_8463688,12.4136531,-1.477525,142
SHAPE_8463688,12.4136153,-1.4775216,143
SHAPE_8463688,12.4135775,-1.4775237,144
SHAPE_8463688,12.4135404,-1.4775314,145
SHAPE_8463688,12.4135047,-1.4775445,146
SHAPE_8463688,12.4134712,-1.4775626,147
SHAPE_8463688,12.4134406,-1.4775855,148
SHAPE_8463688,12.4134135,-1.4776127,149
SHAPE_8463688,12.4133905,-1.4776435,150
SHAPE_8463688,12.4133721,-1.4776774,151
SHAPE_8463688,12.4133586,-1.4777137,152
SHAPE_8463688,12.4133503,-1.4777515,153
SHAPE_8463688,12.4133475,-1.4777902,154
SHAPE_8463688,12.41335,-1.4778289,155
SHAPE_8463688,12.4133563,-1.4778605,156
SHAPE_8463688,12.4133631,-1.4778828,157
SHAPE_8463688,12.4133717,-1.4779044,158
SHAPE_8463688,12.4133915,-1.4779407,159
SHAPE_8463688,12.4134166,-1.4779735,160
SHAPE_8463688,12.4134462,-1.4780019,161
SHAPE_8463688,12.4134798,-1.4780254,162
SHAPE_8463688,12.4135165,-1.4780432,163
SHAPE_8463688,12.4135554,-1.4780551,164
SHAPE_8463688,12.4135861,-1.4780599,165
SHAPE_8463688,12.4136171,-1.4780611,166
SHAPE_8463688,12.4136563,-1.4780571,167
SHAPE_8463688,12.4136944,-1.4780473,168
SHAPE_8463688,12.4137307,-1.4780317,169
SHAPE_8463688,12.4137651,-1.47801,170
SHAPE_8463688,12.4137946,-1.4779849,171
SHAPE_8463688,12.4138207,-1.4779547,172
SHAPE_8463688,12.4138443,-1.477921,173
SHAPE_8463688,12.4138584,-1.4778842,174
SHAPE_8463688,12.4138691,-1.4778454,175
SHAPE_8463688,12.4138741,-1.4778054,176
SHAPE_8463688,12.4138758,-1.4777651,177
SHAPE_8463688,12.4138663,-1.4777246,178
SHAPE_8463688,12.4138534,-1.4776856,179
SHAPE_8463688,12.4135554,-1.4780551,180
SHAPE_8463688,12.4135168,-1.4780551,181
SHAPE_8463688,12.4134831,-1.4780687,182
SHAPE_8463688,12.4134514,-1.4780914,183
SHAPE_8463688,12.4134095,-1.4781236,184
SHAPE_8463688,12.4133595,-1.4781748,185
SHAPE_8463688,12.4129605,-1.4786721,186
SHAPE_8463688,12.4127238,-1.4789211,187
SHAPE_8463688,12.4117726,-1.480063,188
SHAPE_8463688,12.4112574,-1.4806835,189
SHAPE_8463688,12.4112325,-1.4807135,190
SHAPE_8463688,12.4110342,-1.480949,191
SHAPE_8463688,12.4106836,-1.4813656,192
SHAPE_8463688,12.4101893,-1.4819667,193
SHAPE_8463688,12.4094519,-1.4828431,194
SHAPE_8463688,12.4093252,-1.4829954,195
SHAPE_8463688,12.4092142,-1.4831288,196
SHAPE_8463688,12.4089745,-1.4834138,197
SHAPE_8463688,12.4088023,-1.483625,198
SHAPE_8463688,12.4084485,-1.484043,199
SHAPE_8463688,12.4080865,-1.4844625,200
SHAPE_8463688,12.4073661,-1.4853168,201
SHAPE_8463688,12.4066306,-1.4861845,202
SHAPE_8463688,12.405983,-1.486951,203
SHAPE_8463688,12.4054238,-1.4876246,204
SHAPE_8463688,12.4050114,-1.4881137,205
SHAPE_8463688,12.4045676,-1.4886542,206
SHAPE_8463688,12.4043266,-1.4889337,207
SHAPE_8463688,12.4041931,-1.4890967,208
SHAPE_8463688,12.4041078,-1.4891892,209
SHAPE_8463688,12.4038222,-1.4895405,210
SHAPE_8463688,12.4036712,-1.4897163,211
SHAPE_8463688,12.4034944,-1.4899215,212
SHAPE_8463688,12.4032486,-1.4902232,213
SHAPE_8463688,12.4028295,-1.4907315,214
SHAPE_8463688,12.4024214,-1.4912186,215
SHAPE_8463688,12.4021204,-1.4915738,216
SHAPE_8463688,12.4018204,-1.4919279,217
SHAPE_8463688,12.401655,-1.4921295,218
SHAPE_8463688,12.4015553,-1.4922624,219
SHAPE_8463688,12.4013012,-1.4925672,220
SHAPE_8463688,12.4012537,-1.4926212,221
SHAPE_8463688,12.401083,-1.4928183,222
SHAPE_8463688,12.4009303,-1.4929966,223
SHAPE_8463688,12.4005713,-1.4934271,224
SHAPE_8463688,12.4002465,-1.4938255,225
SHAPE_8463688,12.3998523,-1.4942962,226
SHAPE_8463688,12.3993414,-1.4949104,227
SHAPE_8463688,12.3991654,-1.495121,228
SHAPE_8463688,12.3990218,-1.495294,229
SHAPE_8463688,12.398466,-1.4959619,230
SHAPE_8463688,12.3983434,-1.496104,231
SHAPE_8463688,12.3980758,-1.4964136,232
SHAPE_8463688,12.3979374,-1.4965815,233
SHAPE_8463688,12.3978425,-1.4966941,234
SHAPE_8463688,12.3976198,-1.4969542,235
SHAPE_8463688,12.3973762,-1.4972158,236
SHAPE_8463688,12.397164,-1.4974317,237
SHAPE_8463688,12.3969846,-1.497606,238
SHAPE_8463688,12.3968635,-1.497708,239
SHAPE_8463688,12.3968248,-1.4977442,240
SHAPE_8463688,12.3964811,-1.4979531,241
SHAPE_8463688,12.3964368,-1.497948,242
SHAPE_8463688,12.3963929,-1.4979559,243
SHAPE_8463688,12.3963529,-1.4979761,244
SHAPE_8463688,12.3963201,-1.498007,245
SHAPE_8463688,12.3962972,-1.4980462,246
SHAPE_8463688,12.396286,-1.4980904,247
SHAPE_8463688,12.3962873,-1.498136,248
SHAPE_8463688,12.3963012,-1.4981794,249
SHAPE_8463688,12.3963265,-1.498217,250
SHAPE_8463688,12.396361,-1.4982458,251
SHAPE_8463688,12.3964021,-1.4982635,252
SHAPE_8463688,12.3964464,-1.4982686,253
SHAPE_8463688,12.3964904,-1.4982607,254
SHAPE_8463688,12.3965303,-1.4982405,255
SHAPE_8463688,12.3965631,-1.4982095,256
SHAPE_8463688,12.396586,-1.4981704,257
SHAPE_8463688,12.3965973,-1.4981262,258
SHAPE_8463688,12.3965959,-1.4980806,259
SHAPE_8463688,12.396582,-1.4980372,260
SHAPE_8463688,12.3965568,-1.4979996,261
SHAPE_8463688,12.3965222,-1.4979708,262
SHAPE_8463688,12.3964811,-1.4979531,263
SHAPE_8463688,12.3965959,-1.4980806,264
SHAPE_8463688,12.3968248,-1.4977442,265
SHAPE_8463688,12.396286,-1.4980904,266
SHAPE_8463688,12.3961393,-1.4982614,267
SHAPE_8463688,12.39601,-1.4984147,268
SHAPE_8463688,12.3959607,-1.4984522,269
SHAPE_8463688,12.3957093,-1.4986239,270
SHAPE_8463688,12.3955403,-1.4987419,271
SHAPE_8463688,12.3953687,-1.4988559,272
SHAPE_8463688,12.3951906,-1.4989673,273
SHAPE_8463688,12.3949726,-1.4991027,274
SHAPE_8463688,12.3948149,-1.4991931,275
SHAPE_8463688,12.3947478,-1.4992315,276
SHAPE_8463688,12.3944858,-1.4993736,277
SHAPE_8463688,12.394375,-1.4994254,278
SHAPE_8463688,12.3940182,-1.4995962,279
SHAPE_8463688,12.3938087,-1.4996954,280
SHAPE_8463688,12.3934982,-1.4998509,281
SHAPE_8463688,12.3933764,-1.4999207,282
SHAPE_8463688,12.3930629,-1.5000777,283
SHAPE_8463688,12.3928049,-1.5002078,284
SHAPE_8463688,12.3920294,-1.5006141,285
SHAPE_8463688,12.3918002,-1.5007416,286
SHAPE_8463688,12.391381,-1.5009615,287
SHAPE_8463688,12.3911086,-1.5010983,288
SHAPE_8463688,12.3908335,-1.5012391,289
SHAPE_8463688,12.3906438,-1.5013325,290
SHAPE_8463688,12.39601,-1.4984147,291
SHAPE_8463688,12.3961875,-1.4983376,292
SHAPE_8463688,12.3964021,-1.4982635,293
SHAPE_8463688,12.3906438,-1.5013325,294
SHAPE_8463688,12.3905355,-1.5013745,295
SHAPE_8463688,12.3903763,-1.5014233,296
SHAPE_8463688,12.3901956,-1.5014791,297
SHAPE_8463688,12.3900482,-1.5015152,298
SHAPE_8463688,12.3897746,-1.5015834,299
SHAPE_8463688,12.389152,-1.5017097,300
SHAPE_8463688,12.3886353,-1.501813,301
SHAPE_8463688,12.3881578,-1.5019096,302
SHAPE_8463688,12.387592,-1.502033,303
SHAPE_8463688,12.386941,-1.5021886,304
SHAPE_8463688,12.3865507,-1.502273,305
SHAPE_8463688,12.3861878,-1.5023495,306
SHAPE_8463688,12.386023,-1.5023889,307
SHAPE_8463688,12.3858774,-1.5024162,308
SHAPE_8463688,12.3857466,-1.5024736,309
SHAPE_8463688,12.3855499,-1.5025187,310
SHAPE_8463688,12.3853516,-1.5025932,311
SHAPE_8463688,12.3852625,-1.5026436,312
SHAPE_8463688,12.3852054,-1.5027219,313
SHAPE_8463688,12.3851445,-1.5028633,314
SHAPE_8463688,12.3850989,-1.5029615,315
SHAPE_8463688,12.3850266,-1.5030461,316
SHAPE_8463688,12.3849502,-1.5030842,317
SHAPE_8463688,12.3847683,-1.503154,318
SHAPE_8463688,12.3846919,-1.5032027,319
SHAPE_8463688,12.3841691,-1.5038754,320
SHAPE_8463688,12.3839191,-1.5041568,321
SHAPE_8463688,12.3836587,-1.5044551,322
SHAPE_8463688,12.38362,-1.5045061,323
SHAPE_8463688,12.3831965,-1.5050686,324
SHAPE_8463688,12.3828756,-1.5054303,325
SHAPE_8463688,12.382639,-1.5056251,326
SHAPE_8463688,12.3826742,-1.5055789,327
SHAPE_8463688,12.3830469,-1.5050945,328
SHAPE_8463688,12.3831571,-1.5049497,329
SHAPE_8463688,12.3826742,-1.5055789,330
SHAPE_8463688,12.382639,-1.5056251,331
SHAPE_8463688,12.3822236,-1.5061704,332
SHAPE_8463688,12.3818335,-1.5066559,333
SHAPE_8463688,12.3817678,-1.5067377,334
SHAPE_8463688,12.3810156,-1.5077221,335
SHAPE_8463688,12.3806937,-1.508105,336
SHAPE_8463688,12.3806206,-1.5081919,337
SHAPE_8463688,12.3805508,-1.5082751,338
SHAPE_8463688,12.3803868,-1.5084701,339
SHAPE_8463688,12.3801326,-1.5087724,340
SHAPE_8463688,12.3797059,-1.5092895,341
SHAPE_8463688,12.3796323,-1.5094572,342
SHAPE_8463688,12.3794558,-1.5096773,343
SHAPE_8463688,12.379374,-1.5097462,344
SHAPE_8463688,12.3796323,-1.5094572,345
SHAPE_8463688,12.3796631,-1.5094506,346
SHAPE_8463688,12.3796905,-1.5094346,347
SHAPE_8463688,12.3797117,-1.5094106,348
SHAPE_8463688,12.3797246,-1.5093812,349
SHAPE_8463688,12.379728,-1.5093491,350
SHAPE_8463688,12.3797216,-1.5093175,351
SHAPE_8463688,12.3797059,-1.5092895,352
SHAPE_8463688,12.379374,-1.5097462,353
SHAPE_8463688,12.3793322,-1.5098005,354
SHAPE_8463688,12.3791472,-1.5100406,355
SHAPE_8463688,12.3790796,-1.5101599,356
SHAPE_8463688,12.3783457,-1.5110898,357
SHAPE_8463688,12.3777317,-1.5109222,358
SHAPE_8463688,12.3764767,-1.5106467,359
SHAPE_8463688,12.3762926,-1.5106063,360
SHAPE_8463688,12.3759276,-1.5105227,361
SHAPE_8463688,12.3758931,-1.5105147,362
SHAPE_8463688,12.3758001,-1.5104937,363
SHAPE_8463688,12.3747955,-1.5102668,364
SHAPE_8463688,12.3743321,-1.5101706,365
SHAPE_8463688,12.3741711,-1.5101728,366
SHAPE_8463688,12.3740882,-1.5101548,367
SHAPE_8463688,12.3737877,-1.5101033,368
SHAPE_8463688,12.3736661,-1.510109,369
SHAPE_8463688,12.3735783,-1.5101477,370
SHAPE_8463688,12.3734908,-1.5102505,371
SHAPE_8463688,12.3734488,-1.5103633,372
SHAPE_8463688,12.3733212,-1.5109381,373
SHAPE_8463688,12.3732307,-1.5113678,374
SHAPE_8463688,12.3731601,-1.5117032,375
SHAPE_8463688,12.3730313,-1.512237,376
SHAPE_8463688,12.3728967,-1.5128344,377
SHAPE_8463688,12.3728013,-1.5133837,378
SHAPE_8463688,12.3726725,-1.5139529,379
SHAPE_8463688,12.3725621,-1.5145126,380
SHAPE_8463688,12.3724402,-1.5150665,381
SHAPE_8463688,12.3723791,-1.5153803,382
SHAPE_8463688,12.3723271,-1.5156161,383
SHAPE_8463688,12.3722104,-1.5162119,384
SHAPE_8463688,12.3719878,-1.5172297,385
SHAPE_8463688,12.3718594,-1.5178318,386
SHAPE_8463688,12.3717622,-1.5182695,387
SHAPE_8463688,12.3716897,-1.518581,388
SHAPE_8463688,12.3715152,-1.5192933,389
SHAPE_8463688,12.3715056,-1.5193639,390
SHAPE_8463688,12.371497,-1.5194182,391
SHAPE_8463688,12.3714473,-1.5195307,392
SHAPE_8463688,12.3714647,-1.5195404,393
SHAPE_8463688,12.3714806,-1.5195557,394
SHAPE_8463688,12.3714948,-1.519579,395
SHAPE_8463688,12.3715022,-1.5196054,396
SHAPE_8463688,12.3715034,-1.5196296,397
SHAPE_8463688,12.3714966,-1.5196578,398
SHAPE_8463688,12.3714822,-1.5196827,399
SHAPE_8463688,12.3714613,-1.5197023,400
SHAPE_8463688,12.3714422,-1.5197126,401
SHAPE_8463688,12.3714158,-1.5197187,402
SHAPE_8463688,12.3714003,-1.5197193,403
SHAPE_8463688,12.3713825,-1.5197165,404
SHAPE_8463688,12.3713604,-1.5197094,405
SHAPE_8463688,12.3713381,-1.5196966,406
SHAPE_8463688,12.3713338,-1.5196918,407
SHAPE_8463688,12.3713285,-1.5196847,408
SHAPE_8463688,12.3713167,-1.5196625,409
SHAPE_8463688,12.3713123,-1.5196364,410
SHAPE_8463688,12.3713112,-1.5196107,411
SHAPE_8463688,12.3713162,-1.5195855,412
SHAPE_8463688,12.3713269,-1.5195622,413
SHAPE_8463688,12.3713427,-1.5195423,414
SHAPE_8463688,12.3713548,-1.5195321,415
SHAPE_8463688,12.3713812,-1.519524,416
SHAPE_8463688,12.3714029,-1.5195206,417
SHAPE_8463688,12.371421,-1.5195216,418
SHAPE_8463688,12.3714408,-1.5195276,419
SHAPE_8463688,12.3714473,-1.5195307,420
SHAPE_8463688,12.3714647,-1.5195404,421
SHAPE_8463688,12.3714158,-1.5197187,422
SHAPE_8463688,12.3713852,-1.5197892,423
SHAPE_8463688,12.3713495,-1.5198768,424
SHAPE_8463688,12.371305,-1.5199887,425
SHAPE_8463688,12.3712487,-1.5201386,426
SHAPE_8463688,12.3712236,-1.5203341,427
SHAPE_8463688,12.3711755,-1.5206,428
SHAPE_8463688,12.3711402,-1.5208406,429
SHAPE_8463688,12.3710059,-1.5214663,430
SHAPE_8463688,12.3709175,-1.5218686,431
SHAPE_8463688,12.3707846,-1.5225064,432
SHAPE_8463688,12.3707663,-1.5225982,433
SHAPE_8463688,12.3707516,-1.5226996,434
SHAPE_8463688,12.3706903,-1.5229587,435
SHAPE_8463688,12.3706235,-1.5232815,436
SHAPE_8463688,12.3705053,-1.5238732,437
SHAPE_8463688,12.3703483,-1.5245194,438
SHAPE_8463688,12.3702691,-1.5248774,439
SHAPE_8463688,12.3705499,-1.5249554,440
SHAPE_8463688,12.3708544,-1.52504,441
SHAPE_8463688,12.3714297,-1.5251948,442
SHAPE_8463688,12.3719257,-1.5253282,443
SHAPE_8463688,12.3721875,-1.5254,444
SHAPE_8463688,12.3726313,-1.5255218,445
SHAPE_8463688,12.3729406,-1.5257906,446
SHAPE_8463688,12.3729989,-1.5257877,447
SHAPE_8463688,12.3730585,-1.5257941,448
SHAPE_8463688,12.3731169,-1.5258082,449
SHAPE_8463688,12.3731713,-1.5258289,450
SHAPE_8463688,12.373223,-1.5258563,451
SHAPE_8463688,12.3732709,-1.5258898,452
SHAPE_8463688,12.3733146,-1.5259291,453
SHAPE_8463688,12.3733532,-1.5259736,454
SHAPE_8463688,12.3733862,-1.5260225,455
SHAPE_8463688,12.3734132,-1.5260752,456
SHAPE_8463688,12.3734338,-1.5261308,457
SHAPE_8463688,12.3734475,-1.5261886,458
SHAPE_8463688,12.3734542,-1.5262465,459
SHAPE_8463688,12.3734542,-1.5263047,460
SHAPE_8463688,12.3734473,-1.5263626,461
SHAPE_8463688,12.3734338,-1.5264192,462
SHAPE_8463688,12.3734137,-1.5264737,463
SHAPE_8463688,12.3733875,-1.5265254,464
SHAPE_8463688,12.3733554,-1.5265735,465
SHAPE_8463688,12.3733227,-1.5266124,466
SHAPE_8463688,12.3732862,-1.5266475,467
SHAPE_8463688,12.3732463,-1.5266785,468
SHAPE_8463688,12.3732034,-1.526705,469
SHAPE_8463688,12.3731454,-1.5267319,470
SHAPE_8463688,12.3730843,-1.5267506,471
SHAPE_8463688,12.3730214,-1.5267608,472
SHAPE_8463688,12.3729577,-1.5267623,473
SHAPE_8463688,12.372897,-1.5267555,474
SHAPE_8463688,12.3728377,-1.5267409,475
SHAPE_8463688,12.3727807,-1.5267186,476
SHAPE_8463688,12.3726455,-1.5267135,477
SHAPE_8488262,12.3986406,-1.6135485,1
SHAPE_8488262,12.3983459,-1.6130099,2
SHAPE_8488262,12.3981097,-1.6126114,3
SHAPE_8488262,12.397841,-1.6121482,4
SHAPE_8488262,12.3975495,-1.6116728,5
SHAPE_8488262,12.3973636,-1.6113576,6
SHAPE_8488262,12.3970728,-1.6108735,7
SHAPE_8488262,12.3969136,-1.6106046,8
SHAPE_8488262,12.3965948,-1.61007,9
SHAPE_8488262,12.3965406,-1.6099828,10
SHAPE_8488262,12.3964309,-1.609794,11
SHAPE_8488262,12.3962777,-1.6095293,12
SHAPE_8488262,12.3961638,-1.6093352,13
SHAPE_8488262,12.3958691,-1.6088404,14
SHAPE_8488262,12.395605,-1.6083915,15
SHAPE_8488262,12.3955765,-1.6083444,16
SHAPE_8488262,12.3954604,-1.608143,17
SHAPE_8488262,12.3952115,-1.6077166,18
SHAPE_8488262,12.3950425,-1.6074295,19
SHAPE_8488262,12.3949667,-1.6072997,20
SHAPE_8488262,12.3948906,-1.6071747,21
SHAPE_8488262,12.3948329,-1.6070769,22
SHAPE_8488262,12.3947559,-1.6069496,23
SHAPE_8488262,12.3947082,-1.6068708,24
SHAPE_8488262,12.3946141,-1.6067185,25
SHAPE_8488262,12.3945015,-1.6065377,26
SHAPE_8488262,12.3944225,-1.6064058,27
SHAPE_8488262,12.394309,-1.6062092,28
SHAPE_8488262,12.394097,-1.6058226,29
SHAPE_8488262,12.3940077,-1.6056833,30
SHAPE_8488262,12.3938259,-1.6053716,31
SHAPE_8488262,12.3936344,-1.605037,32
SHAPE_8488262,12.3935286,-1.6048688,33
SHAPE_8488262,12.39348,-1.6047802,34
SHAPE_8488262,12.3933319,-1.6045368,35
SHAPE_8488262,12.3929558,-1.6039157,36
SHAPE_8488262,12.3929049,-1.6038312,37
SHAPE_8488262,12.3926181,-1.6033445,38
SHAPE_8488262,12.3923462,-1.6028787,39
SHAPE_8488262,12.3919766,-1.6022613,40
SHAPE_8488262,12.3917521,-1.6018774,41
SHAPE_8488262,12.3916054,-1.601636,42
SHAPE_8488262,12.3914597,-1.6014002,43
SHAPE_8488262,12.3914369,-1.6013547,44
SHAPE_8488262,12.3912192,-1.6009326,45
SHAPE_8488262,12.3910378,-1.6006448,46
SHAPE_8488262,12.3909959,-1.6005707,47
SHAPE_8488262,12.3909854,-1.6005499,48
SHAPE_8488262,12.3909253,-1.6004294,49
SHAPE_8488262,12.3908616,-1.6002833,50
SHAPE_8488262,12.3907817,-1.6000628,51
SHAPE_8488262,12.3906337,-1.5996537,52
SHAPE_8488262,12.3905525,-1.599399,53
SHAPE_8488262,12.3904805,-1.5991642,54
SHAPE_8488262,12.3904231,-1.5989304,55
SHAPE_8488262,12.3903573,-1.5986291,56
SHAPE_8488262,12.3903337,-1.5984695,57
SHAPE_8488262,12.3903115,-1.5983046,58
SHAPE_8488262,12.3902785,-1.5979696,59
SHAPE_8488262,12.3902486,-1.5978222,60
SHAPE_8488262,12.3902396,-1.5976874,61
SHAPE_8488262,12.3902292,-1.5974853,62
SHAPE_8488262,12.3902165,-1.5971374,63
SHAPE_8488262,12.3902109,-1.5968433,64
SHAPE_8488262,12.3902157,-1.5967062,65
SHAPE_8488262,12.3901904,-1.5958621,66
SHAPE_8488262,12.3901783,-1.5955575,67
SHAPE_8488262,12.390175,-1.595382,68
SHAPE_8488262,12.3901684,-1.59467,69
SHAPE_8488262,12.3901656,-1.5941736,70
SHAPE_8488262,12.3901572,-1.5935304,71
SHAPE_8488262,12.3901491,-1.5934172,72
SHAPE_8488262,12.3901502,-1.593043,73
SHAPE_8488262,12.3901431,-1.592685,74
SHAPE_8488262,12.3901243,-1.5920458,75
SHAPE_8488262,12.3901246,-1.5917312,76
SHAPE_8488262,12.3901237,-1.5916412,77
SHAPE_8488262,12.3901256,-1.5912701,78
SHAPE_8488262,12.3901171,-1.5911863,79
SHAPE_8488262,12.3900889,-1.5909254,80
SHAPE_8488262,12.3900743,-1.5905575,81
SHAPE_8488262,12.3900679,-1.5900202,82
SHAPE_8488262,12.3900567,-1.5895307,83
SHAPE_8488262,12.3900502,-1.5886697,84
SHAPE_8488262,12.3900554,-1.5883935,85
SHAPE_8488262,12.3900603,-1.588146,86
SHAPE_8488262,12.3900869,-1.5875968,87
SHAPE_8488262,12.390113,-1.5871435,88
SHAPE_8488262,12.3901223,-1.5869122,89
SHAPE_8488262,12.3901301,-1.5867171,90
SHAPE_8488262,12.3901366,-1.5864716,91
SHAPE_8488262,12.3901379,-1.5862302,92
SHAPE_8488262,12.3901392,-1.5859821,93
SHAPE_8488262,12.3901393,-1.5854926,94
SHAPE_8488262,12.3901294,-1.5849254,95
SHAPE_8488262,12.3900862,-1.5832684,96
SHAPE_8488262,12.390074,-1.5827195,97
SHAPE_8488262,12.3900678,-1.5824631,98
SHAPE_8488262,12.3900423,-1.5814103,99
SHAPE_8488262,12.3900378,-1.5812004,100
SHAPE_8488262,12.390026,-1.5808927,101
SHAPE_8488262,12.3899978,-1.5803576,102
SHAPE_8488262,12.389969,-1.5800169,103
SHAPE_8488262,12.3899546,-1.5798359,104
SHAPE_8488262,12.3899369,-1.579687,105
SHAPE_8488262,12.3897018,-1.5779362,106
SHAPE_8488262,12.389656,-1.5775875,107
SHAPE_8488262,12.3894666,-1.5761337,108
SHAPE_8488262,12.3893298,-1.5751648,109
SHAPE_8488262,12.389305,-1.5750043,110
SHAPE_8488262,12.3889309,-1.5725791,111
SHAPE_8488262,12.3888464,-1.5720635,112
SHAPE_8488262,12.3886434,-1.5708813,113
SHAPE_8488262,12.3885591,-1.570395,114
SHAPE_8488262,12.3884037,-1.5694858,115
SHAPE_8488262,12.3883723,-1.5693525,116
SHAPE_8488262,12.388327,-1.5692442,117
SHAPE_8488262,12.3882569,-1.5691219,118
SHAPE_8488262,12.3881888,-1.5690333,119
SHAPE_8488262,12.3880301,-1.568892,120
SHAPE_8488262,12.3884579,-1.5681897,121
SHAPE_8488262,12.3884987,-1.5682136,122
SHAPE_8488262,12.3885365,-1.5682422,123
SHAPE_8488262,12.3885709,-1.5682751,124
SHAPE_8488262,12.3885986,-1.5683082,125
SHAPE_8488262,12.3886228,-1.568344,126
SHAPE_8488262,12.3886431,-1.5683823,127
SHAPE_8488262,12.3886595,-1.5684225,128
SHAPE_8488262,12.3886716,-1.5684643,129
SHAPE_8488262,12.3886795,-1.5685072,130
SHAPE_8488262,12.3886828,-1.5685506,131
SHAPE_8488262,12.3886818,-1.5685942,132
SHAPE_8488262,12.3886762,-1.5686374,133
SHAPE_8488262,12.3886639,-1.5686879,134
SHAPE_8488262,12.3886455,-1.5687364,135
SHAPE_8488262,12.3886213,-1.5687821,136
SHAPE_8488262,12.3885918,-1.5688245,137
SHAPE_8488262,12.3885573,-1.5688627,138
SHAPE_8488262,12.3885173,-1.568897,139
SHAPE_8488262,12.3884733,-1.5689258,140
SHAPE_8488262,12.388426,-1.5689486,141
SHAPE_8488262,12.3883763,-1.568965,142
SHAPE_8488262,12.388325,-1.5689747,143
SHAPE_8488262,12.3882729,-1.5689776,144
SHAPE_8488262,12.3882208,-1.5689737,145
SHAPE_8488262,12.3881696,-1.5689629,146
SHAPE_8488262,12.3881203,-1.5689455,147
SHAPE_8488262,12.3880735,-1.5689217,148
SHAPE_8488262,12.3880301,-1.568892,149
SHAPE_8488262,12.3880036,-1.5688694,150
SHAPE_8488262,12.3879791,-1.5688445,151
SHAPE_8488262,12.3879568,-1.5688176,152
SHAPE_8488262,12.3879308,-1.5687793,153
SHAPE_8488262,12.3879092,-1.5687382,154
SHAPE_8488262,12.3878922,-1.5686949,155
SHAPE_8488262,12.38788,-1.5686499,156
SHAPE_8488262,12.3878729,-1.5686038,157
SHAPE_8488262,12.3878709,-1.5685572,158
SHAPE_8488262,12.387874,-1.5685106,159
SHAPE_8488262,12.3878846,-1.5684545,160
SHAPE_8488262,12.3879028,-1.5684003,161
SHAPE_8488262,12.387928,-1.5683493,162
SHAPE_8488262,12.3879598,-1.5683023,163
SHAPE_8488262,12.3879904,-1.5682673,164
SHAPE_8488262,12.3880248,-1.568236,165
SHAPE_8488262,12.3880623,-1.5682089,166
SHAPE_8488262,12.3881026,-1.5681864,167
SHAPE_8488262,12.3881452,-1.5681686,168
SHAPE_8488262,12.3881894,-1.5681559,169
SHAPE_8488262,12.3882348,-1.5681484,170
SHAPE_8488262,12.3882806,-1.5681462,171
SHAPE_8488262,12.3883265,-1.5681493,172
SHAPE_8488262,12.3883717,-1.5681576,173
SHAPE_8488262,12.3884157,-1.5681712,174
SHAPE_8488262,12.3884579,-1.5681897,175
SHAPE_8488262,12.3879598,-1.5683023,176
SHAPE_8488262,12.388066,-1.5681038,177
SHAPE_8488262,12.3880868,-1.5680261,178
SHAPE_8488262,12.3880924,-1.5679307,179
SHAPE_8488262,12.3880632,-1.5677497,180
SHAPE_8488262,12.3880118,-1.5674528,181
SHAPE_8488262,12.3879922,-1.5673397,182
SHAPE_8488262,12.3879278,-1.5669128,183
SHAPE_8488262,12.3878315,-1.5663167,184
SHAPE_8488262,12.38775,-1.5657855,185
SHAPE_8488262,12.3876614,-1.5652363,186
SHAPE_8488262,12.3875474,-1.5645958,187
SHAPE_8488262,12.3874179,-1.5640344,188
SHAPE_8488262,12.3873169,-1.5636299,189
SHAPE_8488262,12.3870512,-1.5627138,190
SHAPE_8488262,12.3867699,-1.5617556,191
SHAPE_8488262,12.3865402,-1.5609948,192
SHAPE_8488262,12.386188,-1.5598055,193
SHAPE_8488262,12.3860588,-1.5593692,194
SHAPE_8488262,12.3856662,-1.5579478,195
SHAPE_8488262,12.385602,-1.5577152,196
SHAPE_8488262,12.385345,-1.5567389,197
SHAPE_8488262,12.3852216,-1.5562031,198
SHAPE_8488262,12.3851626,-1.5559929,199
SHAPE_8488262,12.385125,-1.555859,200
SHAPE_8488262,12.3850438,-1.5555834,201
SHAPE_8488262,12.3849267,-1.5552721,202
SHAPE_8488262,12.3847807,-1.554947,203
SHAPE_8488262,12.3847379,-1.5548702,204
SHAPE_8488262,12.3846979,-1.5547982,205
SHAPE_8488262,12.3845821,-1.5546003,206
SHAPE_8488262,12.3844602,-1.5544234,207
SHAPE_8488262,12.3843836,-1.5543143,208
SHAPE_8488262,12.3842654,-1.5541614,209
SHAPE_8488262,12.3842125,-1.55409,210
SHAPE_8488262,12.3840003,-1.5538403,211
SHAPE_8488262,12.3837837,-1.553606,212
SHAPE_8488262,12.3832433,-1.5530264,213
SHAPE_8488262,12.3829433,-1.5526537,214
SHAPE_8488262,12.3821257,-1.5516031,215
SHAPE_8488262,12.3820546,-1.5515141,216
SHAPE_8488262,12.3819914,-1.5514327,217
SHAPE_8488262,12.3811986,-1.5504118,218
SHAPE_8488262,12.3806203,-1.5496291,219
SHAPE_8488262,12.3801815,-1.5489862,220
SHAPE_8488262,12.3801643,-1.5489706,221
SHAPE_8488262,12.3798914,-1.5485909,222
SHAPE_8488262,12.3796588,-1.548273,223
SHAPE_8488262,12.379441,-1.5479648,224
SHAPE_8488262,12.3791715,-1.5475823,225
SHAPE_8488262,12.3789171,-1.5472294,226
SHAPE_8488262,12.378781,-1.5470217,227
SHAPE_8488262,12.378748,-1.5469666,228
SHAPE_8488262,12.3786171,-1.5467805,229
SHAPE_8488262,12.3785085,-1.5465831,230
SHAPE_8488262,12.3784707,-1.5465155,231
SHAPE_8488262,12.3784396,-1.5464358,232
SHAPE_8488262,12.3781618,-1.5460611,233
SHAPE_8488262,12.3780709,-1.5459123,234
SHAPE_8488262,12.3778773,-1.5456268,235
SHAPE_8488262,12.3777125,-1.5453455,236
SHAPE_8488262,12.3775972,-1.545225,237
SHAPE_8488262,12.3771151,-1.5445068,238
SHAPE_8488262,12.3770672,-1.5444417,239
SHAPE_8488262,12.3766909,-1.5438804,240
SHAPE_8488262,12.3766326,-1.5438035,241
SHAPE_8488262,12.3762848,-1.5432871,242
SHAPE_8488262,12.3761123,-1.5430477,243
SHAPE_8488262,12.3759567,-1.5428032,244
SHAPE_8488262,12.3756583,-1.5423694,245
SHAPE_8488262,12.3755963,-1.5422787,246
SHAPE_8488262,12.3754776,-1.5421052,247
SHAPE_8488262,12.3753223,-1.5418887,248
SHAPE_8488262,12.3752501,-1.5417849,249
SHAPE_8488262,12.3748121,-1.5411323,250
SHAPE_8488262,12.3746502,-1.5408945,251
SHAPE_8488262,12.3744911,-1.5406515,252
SHAPE_8488262,12.3743041,-1.5403783,253
SHAPE_8488262,12.3741539,-1.5401609,254
SHAPE_8488262,12.3738455,-1.5397043,255
SHAPE_8488262,12.3736902,-1.5394912,256
SHAPE_8488262,12.3735021,-1.5391977,257
SHAPE_8488262,12.3733449,-1.5389711,258
SHAPE_8488262,12.3730876,-1.5386103,259
SHAPE_8488262,12.3730036,-1.5384776,260
SHAPE_8488262,12.3727986,-1.5381768,261
SHAPE_8488262,12.3727455,-1.5381001,262
SHAPE_8488262,12.3727085,-1.5380377,263
SHAPE_8488262,12.3726391,-1.5379334,264
SHAPE_8488262,12.372572,-1.5378345,265
SHAPE_8488262,12.372424,-1.5376142,266
SHAPE_8488262,12.3722104,-1.5373004,267
SHAPE_8488262,12.3717575,-1.5366359,268
SHAPE_8488262,12.3717208,-1.5365863,269
SHAPE_8488262,12.3716347,-1.5364603,270
SHAPE_8488262,12.3713533,-1.5360533,271
SHAPE_8488262,12.3711807,-1.5358378,272
SHAPE_8488262,12.3709672,-1.5355262,273
SHAPE_8488262,12.3706648,-1.5350849,274
SHAPE_8488262,12.3704872,-1.5348229,275
SHAPE_8488262,12.3701935,-1.5343897,276
SHAPE_8488262,12.3696599,-1.5335888,277
SHAPE_8488262,12.3693838,-1.5331638,278
SHAPE_8488262,12.3693692,-1.5331196,279
SHAPE_8488262,12.3689133,-1.5324802,280
SHAPE_8488262,12.3684812,-1.5318381,281
SHAPE_8488262,12.3684192,-1.5317442,282
SHAPE_8488262,12.3683107,-1.5315857,283
SHAPE_8488262,12.368219,-1.5314505,284
SHAPE_8488262,12.3680504,-1.5312209,285
SHAPE_8488262,12.3679813,-1.5311242,286
SHAPE_8488262,12.3679604,-1.5310986,287
SHAPE_8488262,12.3679043,-1.5310297,288
SHAPE_8488262,12.3678933,-1.5310285,289
SHAPE_8488262,12.3678854,-1.5310266,290
SHAPE_8488262,12.3678777,-1.5310239,291
SHAPE_8488262,12.3678704,-1.5310204,292
SHAPE_8488262,12.3678634,-1.5310161,293
SHAPE_8488262,12.3678569,-1.5310111,294
SHAPE_8488262,12.367851,-1.5310054,295
SHAPE_8488262,12.3678457,-1.5309991,296
SHAPE_8488262,12.3678411,-1.5309923,297
SHAPE_8488262,12.3678372,-1.530985,298
SHAPE_8488262,12.367834,-1.5309773,299
SHAPE_8488262,12.3678317,-1.5309694,300
SHAPE_8488262,12.3678302,-1.5309612,301
SHAPE_8488262,12.3678295,-1.5309529,302
SHAPE_8488262,12.3678297,-1.5309446,303
SHAPE_8488262,12.3678933,-1.5310285,304
SHAPE_8488262,12.3679043,-1.5310297,305
SHAPE_8488262,12.3679128,-1.5310295,306
SHAPE_8488262,12.3679213,-1.5310283,307
SHAPE_8488262,12.3679296,-1.5310262,308
SHAPE_8488262,12.3679376,-1.5310232,309
SHAPE_8488262,12.3679453,-1.5310193,310
SHAPE_8488262,12.3679525,-1.5310145,311
SHAPE_8488262,12.3679591,-1.531009,312
SHAPE_8488262,12.3679651,-1.5310027,313
SHAPE_8488262,12.3679703,-1.5309958,314
SHAPE_8488262,12.3679748,-1.5309883,315
SHAPE_8488262,12.3679785,-1.5309804,316
SHAPE_8488262,12.3679813,-1.5309721,317
SHAPE_8488262,12.3679832,-1.5309636,318
SHAPE_8488262,12.3679841,-1.5309549,319
SHAPE_8488262,12.3679841,-1.5309465,320
SHAPE_8488262,12.3679833,-1.5309381,321
SHAPE_8488262,12.3679816,-1.5309299,322
SHAPE_8488262,12.367979,-1.5309219,323
SHAPE_8488262,12.3679756,-1.5309142,324
SHAPE_8488262,12.3679715,-1.5309069,325
SHAPE_8488262,12.3679659,-1.5308994,326
SHAPE_8488262,12.3679596,-1.5308925,327
SHAPE_8488262,12.3679525,-1.5308865,328
SHAPE_8488262,12.3679447,-1.5308814,329
SHAPE_8488262,12.3679364,-1.5308773,330
SHAPE_8488262,12.3679277,-1.5308742,331
SHAPE_8488262,12.3679187,-1.5308722,332
SHAPE_8488262,12.3679095,-1.5308713,333
SHAPE_8488262,12.3679003,-1.5308716,334
SHAPE_8488262,12.3678912,-1.5308729,335
SHAPE_8488262,12.3678823,-1.5308754,336
SHAPE_8488262,12.3678737,-1.5308789,337
SHAPE_8488262,12.3678656,-1.5308835,338
SHAPE_8488262,12.3678581,-1.5308889,339
SHAPE_8488262,12.3678523,-1.5308943,340
SHAPE_8488262,12.367847,-1.5309003,341
SHAPE_8488262,12.3678423,-1.5309068,342
SHAPE_8488262,12.3678383,-1.5309138,343
SHAPE_8488262,12.367835,-1.5309211,344
SHAPE_8488262,12.3678324,-1.5309287,345
SHAPE_8488262,12.3678307,-1.5309366,346
SHAPE_8488262,12.3678297,-1.5309446,347
SHAPE_8488262,12.3678581,-1.5308889,348
SHAPE_8488262,12.3678895,-1.5308413,349
SHAPE_8488262,12.3679083,-1.5308013,350
SHAPE_8488262,12.3680275,-1.530145,351
SHAPE_8488262,12.3680486,-1.5300585,352
SHAPE_8488262,12.3680698,-1.5299782,353
SHAPE_8488262,12.3681239,-1.5298012,354
SHAPE_8488262,12.3681608,-1.5295734,355
SHAPE_8488262,12.368202,-1.5293647,356
SHAPE_8488262,12.3682233,-1.529104,357
SHAPE_8488262,12.3682466,-1.529008,358
SHAPE_8488262,12.368344,-1.5285755,359
SHAPE_8488262,12.3683843,-1.5283517,360
SHAPE_8488262,12.3684018,-1.5281631,361
SHAPE_8488262,12.3684146,-1.5279768,362
SHAPE_8488262,12.3684334,-1.5278426,363
SHAPE_8488262,12.3684688,-1.5275938,364
SHAPE_8488262,12.3684574,-1.5275732,365
SHAPE_8488262,12.368452,-1.5275412,366
SHAPE_8488262,12.3684622,-1.5274988,367
SHAPE_8488262,12.3684857,-1.5274657,368
SHAPE_8488262,12.3684984,-1.5274602,369
SHAPE_8488262,12.3685131,-1.5274528,370
SHAPE_8488262,12.3685295,-1.5274485,371
SHAPE_8488262,12.3685601,-1.5274498,372
SHAPE_8488262,12.3685948,-1.5274644,373
SHAPE_8488262,12.3686127,-1.5274777,374
SHAPE_8488262,12.368624,-1.5274938,375
SHAPE_8488262,12.3686312,-1.5275163,376
SHAPE_8488262,12.3686346,-1.5275458,377
SHAPE_8488262,12.3686277,-1.5275775,378
SHAPE_8488262,12.3686107,-1.5276048,379
SHAPE_8488262,12.3685937,-1.5276197,380
SHAPE_8488262,12.3685646,-1.5276326,381
SHAPE_8488262,12.368541,-1.5276352,382
SHAPE_8488262,12.3685099,-1.5276287,383
SHAPE_8488262,12.3684942,-1.5276205,384
SHAPE_8488262,12.3684688,-1.5275938,385
SHAPE_8488262,12.3686127,-1.5274777,386
SHAPE_8488262,12.3688008,-1.5274583,387
SHAPE_8488262,12.3689527,-1.5274364,388
SHAPE_8488262,12.3690599,-1.5274104,389
SHAPE_8488262,12.369149,-1.5273804,390
SHAPE_8488262,12.3692716,-1.52725,391
SHAPE_8488262,12.369486,-1.5270217,392
SHAPE_8488262,12.3695802,-1.5268972,393
SHAPE_8488262,12.3697207,-1.5266933,394
SHAPE_8488262,12.3698695,-1.5264519,395
SHAPE_8488262,12.3699581,-1.5262699,396
SHAPE_8488262,12.3699947,-1.5261287,397
SHAPE_8488262,12.3701272,-1.5255287,398
SHAPE_8488262,12.3702691,-1.5248774,399
SHAPE_8488262,12.3703483,-1.5245194,400
SHAPE_8488262,12.3705053,-1.5238732,401
SHAPE_8488262,12.3706235,-1.5232815,402
SHAPE_8488262,12.3706903,-1.5229587,403
SHAPE_8488262,12.3707516,-1.5226996,404
SHAPE_8488262,12.3707663,-1.5225982,405
SHAPE_8488262,12.3707846,-1.5225064,406
SHAPE_8488262,12.3709175,-1.5218686,407
SHAPE_8488262,12.3710059,-1.5214663,408
SHAPE_8488262,12.3711402,-1.5208406,409
SHAPE_8488262,12.3711755,-1.5206,410
SHAPE_8488262,12.3712236,-1.5203341,411
SHAPE_8488262,12.3712487,-1.5201386,412
SHAPE_8488262,12.3712779,-1.5199837,413
SHAPE_8488262,12.3712976,-1.5198667,414
SHAPE_8488262,12.3713197,-1.5197711,415
SHAPE_8488262,12.3713381,-1.5196966,416
SHAPE_8488262,12.3715022,-1.5196054,417
SHAPE_8488262,12.3714948,-1.519579,418
SHAPE_8488262,12.3714806,-1.5195557,419
SHAPE_8488262,12.3714647,-1.5195404,420
SHAPE_8488262,12.3715022,-1.5196054,421
SHAPE_8488262,12.3715034,-1.5196296,422
SHAPE_8488262,12.3714966,-1.5196578,423
SHAPE_8488262,12.3714822,-1.5196827,424
SHAPE_8488262,12.3714613,-1.5197023,425
SHAPE_8488262,12.3714422,-1.5197126,426
SHAPE_8488262,12.3714158,-1.5197187,427
SHAPE_8488262,12.3714003,-1.5197193,428
SHAPE_8488262,12.3713825,-1.5197165,429
SHAPE_8488262,12.3713604,-1.5197094,430
SHAPE_8488262,12.3713381,-1.5196966,431
SHAPE_8488262,12.3713338,-1.5196918,432
SHAPE_8488262,12.3713285,-1.5196847,433
SHAPE_8488262,12.3713167,-1.5196625,434
SHAPE_8488262,12.3713123,-1.5196364,435
SHAPE_8488262,12.3713112,-1.5196107,436
SHAPE_8488262,12.3713162,-1.5195855,437
SHAPE_8488262,12.3713269,-1.5195622,438
SHAPE_8488262,12.3713427,-1.5195423,439
SHAPE_8488262,12.3713548,-1.5195321,440
SHAPE_8488262,12.3714473,-1.5195307,441
SHAPE_8488262,12.3714647,-1.5195404,442
SHAPE_8488262,12.3714473,-1.5195307,443
SHAPE_8488262,12.3714408,-1.5195276,444
SHAPE_8488262,12.371421,-1.5195216,445
SHAPE_8488262,12.3714029,-1.5195206,446
SHAPE_8488262,12.3713812,-1.519524,447
SHAPE_8488262,12.3713548,-1.5195321,448
SHAPE_8488262,12.3714095,-1.5194332,449
SHAPE_8488262,12.3714317,-1.5193574,450
SHAPE_8488262,12.3714527,-1.5192622,451
SHAPE_8488262,12.3715084,-1.519012,452
SHAPE_8488262,12.3715346,-1.5189188,453
SHAPE_8488262,12.3716175,-1.5185628,454
SHAPE_8488262,12.3716604,-1.5183273,455
SHAPE_8488262,12.3717861,-1.5178191,456
SHAPE_8488262,12.3719138,-1.517219,457
SHAPE_8488262,12.3721404,-1.5161984,458
SHAPE_8488262,12.3722688,-1.5156003,459
SHAPE_8488262,12.3723238,-1.5153482,460
SHAPE_8488262,12.3723867,-1.5150571,461
SHAPE_8488262,12.3724947,-1.5144967,462
SHAPE_8488262,12.372624,-1.5139355,463
SHAPE_8488262,12.372734,-1.5133637,464
SHAPE_8488262,12.3728507,-1.5128359,465
SHAPE_8488262,12.3728967,-1.5128344,466
SHAPE_8488262,12.374166,-1.5131142,467
SHAPE_8488262,12.3746653,-1.5132433,468
SHAPE_8488262,12.3752702,-1.5133827,469
SHAPE_8488262,12.3756718,-1.5134733,470
SHAPE_8488263,12.3756718,-1.5134733,1
SHAPE_8488263,12.3762911,-1.5136307,2
SHAPE_8488263,12.3752767,-1.5148757,3
SHAPE_8488263,12.3748439,-1.5154089,4
SHAPE_8488263,12.3746961,-1.5155884,5
SHAPE_8488263,12.3739035,-1.5166146,6
SHAPE_8488263,12.3732308,-1.5174487,7
SHAPE_8488263,12.3730184,-1.5176956,8
SHAPE_8488263,12.3721703,-1.518778,9
SHAPE_8488263,12.3719805,-1.5190083,10
SHAPE_8488263,12.3717168,-1.5193245,11
SHAPE_8488263,12.3716831,-1.5193919,12
SHAPE_8488263,12.3715998,-1.5194983,13
SHAPE_8488263,12.3715563,-1.5195488,14
SHAPE_8488263,12.3715022,-1.5196054,15
SHAPE_8488263,12.3714948,-1.519579,16
SHAPE_8488263,12.3714806,-1.5195557,17
SHAPE_8488263,12.3714647,-1.5195404,18
SHAPE_8488263,12.3715022,-1.5196054,19
SHAPE_8488263,12.3715034,-1.5196296,20
SHAPE_8488263,12.3714966,-1.5196578,21
SHAPE_8488263,12.3714822,-1.5196827,22
SHAPE_8488263,12.3714613,-1.5197023,23
SHAPE_8488263,12.3714422,-1.5197126,24
SHAPE_8488263,12.3714158,-1.5197187,25
SHAPE_8488263,12.3714003,-1.5197193,26
SHAPE_8488263,12.3713825,-1.5197165,27
SHAPE_8488263,12.3713604,-1.5197094,28
SHAPE_8488263,12.3713381,-1.5196966,29
SHAPE_8488263,12.3713338,-1.5196918,30
SHAPE_8488263,12.3713285,-1.5196847,31
SHAPE_8488263,12.3713167,-1.5196625,32
SHAPE_8488263,12.3713123,-1.5196364,33
SHAPE_8488263,12.3713112,-1.5196107,34
SHAPE_8488263,12.3713162,-1.5195855,35
SHAPE_8488263,12.3713269,-1.5195622,36
SHAPE_8488263,12.3713427,-1.5195423,37
SHAPE_8488263,12.3713548,-1.5195321,38
SHAPE_8488263,12.3713812,-1.519524,39
SHAPE_8488263,12.3714029,-1.5195206,40
SHAPE_8488263,12.371421,-1.5195216,41
SHAPE_8488263,12.3714408,-1.5195276,42
SHAPE_8488263,12.3714473,-1.5195307,43
SHAPE_8488263,12.3714647,-1.5195404,44
SHAPE_8488263,12.3714158,-1.5197187,45
SHAPE_8488263,12.3713852,-1.5197892,46
SHAPE_8488263,12.3713495,-1.5198768,47
SHAPE_8488263,12.371305,-1.5199887,48
SHAPE_8488263,12.3712487,-1.5201386,49
SHAPE_8488263,12.3712236,-1.5203341,50
SHAPE_8488263,12.3711755,-1.5206,51
SHAPE_8488263,12.3711402,-1.5208406,52
SHAPE_8488263,12.3710059,-1.5214663,53
SHAPE_8488263,12.3709175,-1.5218686,54
SHAPE_8488263,12.3707846,-1.5225064,55
SHAPE_8488263,12.3707663,-1.5225982,56
SHAPE_8488263,12.3707516,-1.5226996,57
SHAPE_8488263,12.3706903,-1.5229587,58
SHAPE_8488263,12.3706235,-1.5232815,59
SHAPE_8488263,12.3705053,-1.5238732,60
SHAPE_8488263,12.3703483,-1.5245194,61
SHAPE_8488263,12.3702691,-1.5248774,62
SHAPE_8488263,12.3705499,-1.5249554,63
SHAPE_8488263,12.3708544,-1.52504,64
SHAPE_8488263,12.3714297,-1.5251948,65
SHAPE_8488263,12.3719257,-1.5253282,66
SHAPE_8488263,12.3721875,-1.5254,67
SHAPE_8488263,12.3726313,-1.5255218,68
SHAPE_8488263,12.3729406,-1.5257906,69
SHAPE_8488263,12.3729989,-1.5257877,70
SHAPE_8488263,12.3730585,-1.5257941,71
SHAPE_8488263,12.3731169,-1.5258082,72
SHAPE_8488263,12.3731713,-1.5258289,73
SHAPE_8488263,12.373223,-1.5258563,74
SHAPE_8488263,12.3732709,-1.5258898,75
SHAPE_8488263,12.3733146,-1.5259291,76
SHAPE_8488263,12.3733532,-1.5259736,77
SHAPE_8488263,12.3733862,-1.5260225,78
SHAPE_8488263,12.3734132,-1.5260752,79
SHAPE_8488263,12.3734338,-1.5261308,80
SHAPE_8488263,12.3734475,-1.5261886,81
SHAPE_8488263,12.3734542,-1.5262465,82
SHAPE_8488263,12.3734542,-1.5263047,83
SHAPE_8488263,12.3734473,-1.5263626,84
SHAPE_8488263,12.3734338,-1.5264192,85
SHAPE_8488263,12.3734137,-1.5264737,86
SHAPE_8488263,12.3733875,-1.5265254,87
SHAPE_8488263,12.3733554,-1.5265735,88
SHAPE_8488263,12.3733227,-1.5266124,89
SHAPE_8488263,12.3732862,-1.5266475,90
SHAPE_8488263,12.3732463,-1.5266785,91
SHAPE_8488263,12.3732034,-1.526705,92
SHAPE_8488263,12.3731454,-1.5267319,93
SHAPE_8488263,12.3730843,-1.5267506,94
SHAPE_8488263,12.3730214,-1.5267608,95
SHAPE_8488263,12.3729577,-1.5267623,96
SHAPE_8488263,12.372897,-1.5267555,97
SHAPE_8488263,12.3728377,-1.5267409,98
SHAPE_8488263,12.3727807,-1.5267186,99
SHAPE_8488263,12.3726455,-1.5267135,100
SHAPE_8488263,12.3722795,-1.5267128,101
SHAPE_8488263,12.3721258,-1.5266927,102
SHAPE_8488263,12.3718285,-1.5266364,103
SHAPE_8488263,12.3707551,-1.526342,104
SHAPE_8488263,12.3703274,-1.526222,105
SHAPE_8488263,12.3699947,-1.5261287,106
SHAPE_8488263,12.3699581,-1.5262699,107
SHAPE_8488263,12.3698695,-1.5264519,108
SHAPE_8488263,12.3697207,-1.5266933,109
SHAPE_8488263,12.3695802,-1.5268972,110
SHAPE_8488263,12.369486,-1.5270217,111
SHAPE_8488263,12.3692716,-1.52725,112
SHAPE_8488263,12.369149,-1.5273804,113
SHAPE_8488263,12.369079,-1.527451,114
SHAPE_8488263,12.3689821,-1.5275107,115
SHAPE_8488263,12.3688979,-1.5275479,116
SHAPE_8488263,12.3688224,-1.5275767,117
SHAPE_8488263,12.3687911,-1.5275841,118
SHAPE_8488263,12.3686965,-1.5276636,119
SHAPE_8488263,12.3686182,-1.5277486,120
SHAPE_8488263,12.3685273,-1.5278567,121
SHAPE_8488263,12.3684958,-1.5279861,122
SHAPE_8488263,12.3684472,-1.5281701,123
SHAPE_8488263,12.3683843,-1.5283517,124
SHAPE_8488263,12.368344,-1.5285755,125
SHAPE_8488263,12.3682466,-1.529008,126
SHAPE_8488263,12.3682233,-1.529104,127
SHAPE_8488263,12.368202,-1.5293647,128
SHAPE_8488263,12.3681608,-1.5295734,129
SHAPE_8488263,12.3681239,-1.5298012,130
SHAPE_8488263,12.3681231,-1.5299838,131
SHAPE_8488263,12.3680928,-1.5301669,132
SHAPE_8488263,12.3679886,-1.5308036,133
SHAPE_8488263,12.3679821,-1.5308466,134
SHAPE_8488263,12.3679715,-1.5309069,135
SHAPE_8488263,12.3678933,-1.5310285,136
SHAPE_8488263,12.3678854,-1.5310266,137
SHAPE_8488263,12.3678777,-1.5310239,138
SHAPE_8488263,12.3678704,-1.5310204,139
SHAPE_8488263,12.3678634,-1.5310161,140
SHAPE_8488263,12.3678569,-1.5310111,141
SHAPE_8488263,12.367851,-1.5310054,142
SHAPE_8488263,12.3678457,-1.5309991,143
SHAPE_8488263,12.3678411,-1.5309923,144
SHAPE_8488263,12.3678372,-1.530985,145
SHAPE_8488263,12.367834,-1.5309773,146
SHAPE_8488263,12.3678317,-1.5309694,147
SHAPE_8488263,12.3678302,-1.5309612,148
SHAPE_8488263,12.3678295,-1.5309529,149
SHAPE_8488263,12.3678297,-1.5309446,150
SHAPE_8488263,12.3678933,-1.5310285,151
SHAPE_8488263,12.3679043,-1.5310297,152
SHAPE_8488263,12.3679128,-1.5310295,153
SHAPE_8488263,12.3679213,-1.5310283,154
SHAPE_8488263,12.3679296,-1.5310262,155
SHAPE_8488263,12.3679376,-1.5310232,156
SHAPE_8488263,12.3679453,-1.5310193,157
SHAPE_8488263,12.3679525,-1.5310145,158
SHAPE_8488263,12.3679591,-1.531009,159
SHAPE_8488263,12.3679651,-1.5310027,160
SHAPE_8488263,12.3679703,-1.5309958,161
SHAPE_8488263,12.3679748,-1.5309883,162
SHAPE_8488263,12.3679785,-1.5309804,163
SHAPE_8488263,12.3679813,-1.5309721,164
SHAPE_8488263,12.3679832,-1.5309636,165
SHAPE_8488263,12.3679841,-1.5309549,166
SHAPE_8488263,12.3679841,-1.5309465,167
SHAPE_8488263,12.3679833,-1.5309381,168
SHAPE_8488263,12.3679816,-1.5309299,169
SHAPE_8488263,12.367979,-1.5309219,170
SHAPE_8488263,12.3679756,-1.5309142,171
SHAPE_8488263,12.3679715,-1.5309069,172
SHAPE_8488263,12.3679659,-1.5308994,173
SHAPE_8488263,12.3679596,-1.5308925,174
SHAPE_8488263,12.3679525,-1.5308865,175
SHAPE_8488263,12.3679447,-1.5308814,176
SHAPE_8488263,12.3679364,-1.5308773,177
SHAPE_8488263,12.3679277,-1.5308742,178
SHAPE_8488263,12.3679187,-1.5308722,179
SHAPE_8488263,12.3679095,-1.5308713,180
SHAPE_8488263,12.3679003,-1.5308716,181
SHAPE_8488263,12.3678912,-1.5308729,182
SHAPE_8488263,12.3678823,-1.5308754,183
SHAPE_8488263,12.3678737,-1.5308789,184
SHAPE_8488263,12.3678656,-1.5308835,185
SHAPE_8488263,12.3678581,-1.5308889,186
SHAPE_8488263,12.3678523,-1.5308943,187
SHAPE_8488263,12.367847,-1.5309003,188
SHAPE_8488263,12.3678423,-1.5309068,189
SHAPE_8488263,12.3678383,-1.5309138,190
SHAPE_8488263,12.367835,-1.5309211,191
SHAPE_8488263,12.3678324,-1.5309287,192
SHAPE_8488263,12.3678307,-1.5309366,193
SHAPE_8488263,12.3678297,-1.5309446,194
SHAPE_8488263,12.3679841,-1.5309549,195
SHAPE_8488263,12.3680356,-1.5310532,196
SHAPE_8488263,12.3680708,-1.5311205,197
SHAPE_8488263,12.368219,-1.5314505,198
SHAPE_8488263,12.3683107,-1.5315857,199
SHAPE_8488263,12.3684192,-1.5317442,200
SHAPE_8488263,12.3684812,-1.5318381,201
SHAPE_8488263,12.3689133,-1.5324802,202
SHAPE_8488263,12.3693692,-1.5331196,203
SHAPE_8488263,12.3693838,-1.5331638,204
SHAPE_8488263,12.3696599,-1.5335888,205
SHAPE_8488263,12.3701935,-1.5343897,206
SHAPE_8488263,12.3704872,-1.5348229,207
SHAPE_8488263,12.3706648,-1.5350849,208
SHAPE_8488263,12.3709672,-1.5355262,209
SHAPE_8488263,12.3711807,-1.5358378,210
SHAPE_8488263,12.3713533,-1.5360533,211
SHAPE_8488263,12.3716347,-1.5364603,212
SHAPE_8488263,12.3717208,-1.5365863,213
SHAPE_8488263,12.3717575,-1.5366359,214
SHAPE_8488263,12.3722104,-1.5373004,215
SHAPE_8488263,12.372424,-1.5376142,216
SHAPE_8488263,12.372572,-1.5378345,217
SHAPE_8488263,12.3726391,-1.5379334,218
SHAPE_8488263,12.3727085,-1.5380377,219
SHAPE_8488263,12.3727455,-1.5381001,220
SHAPE_8488263,12.3727986,-1.5381768,221
SHAPE_8488263,12.3730036,-1.5384776,222
SHAPE_8488263,12.3730876,-1.5386103,223
SHAPE_8488263,12.3733449,-1.5389711,224
SHAPE_8488263,12.3735021,-1.5391977,225
SHAPE_8488263,12.3736902,-1.5394912,226
SHAPE_8488263,12.3738455,-1.5397043,227
SHAPE_8488263,12.3741539,-1.5401609,228
SHAPE_8488263,12.3743041,-1.5403783,229
SHAPE_8488263,12.3744911,-1.5406515,230
SHAPE_8488263,12.3746502,-1.5408945,231
SHAPE_8488263,12.3748121,-1.5411323,232
SHAPE_8488263,12.3752501,-1.5417849,233
SHAPE_8488263,12.3753223,-1.5418887,234
SHAPE_8488263,12.3754776,-1.5421052,235
SHAPE_8488263,12.3755963,-1.5422787,236
SHAPE_8488263,12.3756583,-1.5423694,237
SHAPE_8488263,12.3759567,-1.5428032,238
SHAPE_8488263,12.3761123,-1.5430477,239
SHAPE_8488263,12.3762848,-1.5432871,240
SHAPE_8488263,12.3766326,-1.5438035,241
SHAPE_8488263,12.3766909,-1.5438804,242
SHAPE_8488263,12.3770672,-1.5444417,243
SHAPE_8488263,12.3771151,-1.5445068,244
SHAPE_8488263,12.3775972,-1.545225,245
SHAPE_8488263,12.3777125,-1.5453455,246
SHAPE_8488263,12.3778773,-1.5456268,247
SHAPE_8488263,12.3780709,-1.5459123,248
SHAPE_8488263,12.3781618,-1.5460611,249
SHAPE_8488263,12.3784396,-1.5464358,250
SHAPE_8488263,12.3785061,-1.5464886,251
SHAPE_8488263,12.3785501,-1.5465342,252
SHAPE_8488263,12.3786179,-1.546641,253
SHAPE_8488263,12.3786655,-1.5467079,254
SHAPE_8488263,12.378813,-1.5469252,255
SHAPE_8488263,12.3788359,-1.5469833,256
SHAPE_8488263,12.3791375,-1.5474214,257
SHAPE_8488263,12.3794574,-1.5478799,258
SHAPE_8488263,12.3796837,-1.5481952,259
SHAPE_8488263,12.3799207,-1.5485198,260
SHAPE_8488263,12.3799473,-1.5485745,261
SHAPE_8488263,12.3806819,-1.549597,262
SHAPE_8488263,12.3812133,-1.5503213,263
SHAPE_8488263,12.3816499,-1.5508788,264
SHAPE_8488263,12.3820969,-1.5514474,265
SHAPE_8488263,12.3821723,-1.5515584,266
SHAPE_8488263,12.3823153,-1.5517401,267
SHAPE_8488263,12.3827891,-1.5523577,268
SHAPE_8488263,12.382997,-1.5526337,269
SHAPE_8488263,12.3832914,-1.5529775,270
SHAPE_8488263,12.3835761,-1.5532594,271
SHAPE_8488263,12.3838954,-1.5535938,272
SHAPE_8488263,12.3842626,-1.5540409,273
SHAPE_8488263,12.3844166,-1.5542056,274
SHAPE_8488263,12.3845424,-1.5543606,275
SHAPE_8488263,12.3846766,-1.554546,276
SHAPE_8488263,12.3848405,-1.5548235,277
SHAPE_8488263,12.3849676,-1.555055,278
SHAPE_8488263,12.3850824,-1.5553017,279
SHAPE_8488263,12.385171,-1.5555587,280
SHAPE_8488263,12.3852831,-1.5559054,281
SHAPE_8488263,12.3853743,-1.5562565,282
SHAPE_8488263,12.3855725,-1.5571146,283
SHAPE_8488263,12.3861534,-1.5593179,284
SHAPE_8488263,12.3862838,-1.5597741,285
SHAPE_8488263,12.3868798,-1.5617239,286
SHAPE_8488263,12.3870968,-1.5625026,287
SHAPE_8488263,12.3873309,-1.5632631,288
SHAPE_8488263,12.3874037,-1.5635399,289
SHAPE_8488263,12.3874997,-1.5639269,290
SHAPE_8488263,12.3876539,-1.5645692,291
SHAPE_8488263,12.3877656,-1.5651878,292
SHAPE_8488263,12.387863,-1.5657569,293
SHAPE_8488263,12.387893,-1.5658866,294
SHAPE_8488263,12.3879463,-1.5662336,295
SHAPE_8488263,12.3881145,-1.5673283,296
SHAPE_8488263,12.3881678,-1.5676788,297
SHAPE_8488263,12.3881914,-1.5677754,298
SHAPE_8488263,12.3882405,-1.567926,299
SHAPE_8488263,12.3882853,-1.5680125,300
SHAPE_8488263,12.3883406,-1.5680815,301
SHAPE_8488263,12.3883905,-1.5681294,302
SHAPE_8488263,12.3884579,-1.5681897,303
SHAPE_8488263,12.3884987,-1.5682136,304
SHAPE_8488263,12.3885365,-1.5682422,305
SHAPE_8488263,12.3885709,-1.5682751,306
SHAPE_8488263,12.3885986,-1.5683082,307
SHAPE_8488263,12.3886228,-1.568344,308
SHAPE_8488263,12.3886431,-1.5683823,309
SHAPE_8488263,12.3886595,-1.5684225,310
SHAPE_8488263,12.3886716,-1.5684643,311
SHAPE_8488263,12.3886795,-1.5685072,312
SHAPE_8488263,12.3886828,-1.5685506,313
SHAPE_8488263,12.3886818,-1.5685942,314
SHAPE_8488263,12.3886762,-1.5686374,315
SHAPE_8488263,12.3886639,-1.5686879,316
SHAPE_8488263,12.3886455,-1.5687364,317
SHAPE_8488263,12.3886213,-1.5687821,318
SHAPE_8488263,12.3885918,-1.5688245,319
SHAPE_8488263,12.3885573,-1.5688627,320
SHAPE_8488263,12.3885173,-1.568897,321
SHAPE_8488263,12.3884733,-1.5689258,322
SHAPE_8488263,12.388426,-1.5689486,323
SHAPE_8488263,12.3883763,-1.568965,324
SHAPE_8488263,12.388325,-1.5689747,325
SHAPE_8488263,12.3882729,-1.5689776,326
SHAPE_8488263,12.3882208,-1.5689737,327
SHAPE_8488263,12.3881696,-1.5689629,328
SHAPE_8488263,12.3881203,-1.5689455,329
SHAPE_8488263,12.3880735,-1.5689217,330
SHAPE_8488263,12.3880301,-1.568892,331
SHAPE_8488263,12.3880036,-1.5688694,332
SHAPE_8488263,12.3879791,-1.5688445,333
SHAPE_8488263,12.3879568,-1.5688176,334
SHAPE_8488263,12.3879308,-1.5687793,335
SHAPE_8488263,12.3879092,-1.5687382,336
SHAPE_8488263,12.3878922,-1.5686949,337
SHAPE_8488263,12.38788,-1.5686499,338
SHAPE_8488263,12.3878729,-1.5686038,339
SHAPE_8488263,12.3878709,-1.5685572,340
SHAPE_8488263,12.387874,-1.5685106,341
SHAPE_8488263,12.3878846,-1.5684545,342
SHAPE_8488263,12.3879028,-1.5684003,343
SHAPE_8488263,12.387928,-1.5683493,344
SHAPE_8488263,12.3879598,-1.5683023,345
SHAPE_8488263,12.3879904,-1.5682673,346
SHAPE_8488263,12.3880248,-1.568236,347
SHAPE_8488263,12.3880623,-1.5682089,348
SHAPE_8488263,12.3881026,-1.5681864,349
SHAPE_8488263,12.3881452,-1.5681686,350
SHAPE_8488263,12.3881894,-1.5681559,351
SHAPE_8488263,12.3882348,-1.5681484,352
SHAPE_8488263,12.3882806,-1.5681462,353
SHAPE_8488263,12.3883265,-1.5681493,354
SHAPE_8488263,12.3883717,-1.5681576,355
SHAPE_8488263,12.3884157,-1.5681712,356
SHAPE_8488263,12.3884579,-1.5681897,357
SHAPE_8488263,12.3885573,-1.5688627,358
SHAPE_8488263,12.3885062,-1.568986,359
SHAPE_8488263,12.3884839,-1.5690797,360
SHAPE_8488263,12.3884735,-1.5691883,361
SHAPE_8488263,12.38847,-1.5692811,362
SHAPE_8488263,12.3884855,-1.5694597,363
SHAPE_8488263,12.3885877,-1.5700479,364
SHAPE_8488263,12.3886377,-1.57038,365
SHAPE_8488263,12.3889257,-1.572044,366
SHAPE_8488263,12.3890016,-1.5725671,367
SHAPE_8488263,12.389034,-1.5727768,368
SHAPE_8488263,12.3892879,-1.5744205,369
SHAPE_8488263,12.38939,-1.5751544,370
SHAPE_8488263,12.389523,-1.5760969,371
SHAPE_8488263,12.389597,-1.5766373,372
SHAPE_8488263,12.3896297,-1.5768854,373
SHAPE_8488263,12.3897273,-1.5775741,374
SHAPE_8488263,12.3897928,-1.5779604,375
SHAPE_8488263,12.3900096,-1.5796746,376
SHAPE_8488263,12.3900148,-1.5797299,377
SHAPE_8488263,12.3900504,-1.5801573,378
SHAPE_8488263,12.390077,-1.5804776,379
SHAPE_8488263,12.3901,-1.5808538,380
SHAPE_8488263,12.3901091,-1.5812118,381
SHAPE_8488263,12.390141,-1.5824578,382
SHAPE_8488263,12.3901491,-1.5826354,383
SHAPE_8488263,12.3901681,-1.5832577,384
SHAPE_8488263,12.3902015,-1.5849233,385
SHAPE_8488263,12.3902146,-1.5854973,386
SHAPE_8488263,12.3902198,-1.5860023,387
SHAPE_8488263,12.3902185,-1.5862638,388
SHAPE_8488263,12.3902146,-1.5864898,389
SHAPE_8488263,12.3902087,-1.586709,390
SHAPE_8488263,12.3901989,-1.5869015,391
SHAPE_8488263,12.390159,-1.587407,392
SHAPE_8488263,12.3901353,-1.5881614,393
SHAPE_8488263,12.3901298,-1.5883821,394
SHAPE_8488263,12.3901255,-1.5886791,395
SHAPE_8488263,12.3901288,-1.5890734,396
SHAPE_8488263,12.3901314,-1.5894422,397
SHAPE_8488263,12.3901321,-1.5900008,398
SHAPE_8488263,12.3901342,-1.5905443,399
SHAPE_8488263,12.3901425,-1.590932,400
SHAPE_8488263,12.3901419,-1.5911595,401
SHAPE_8488263,12.3901256,-1.5912701,402
SHAPE_8488263,12.3901237,-1.5916412,403
SHAPE_8488263,12.3901246,-1.5917312,404
SHAPE_8488263,12.3901243,-1.5920458,405
SHAPE_8488263,12.3901431,-1.592685,406
SHAPE_8488263,12.3901502,-1.593043,407
SHAPE_8488263,12.3901491,-1.5934172,408
SHAPE_8488263,12.3901572,-1.5935304,409
SHAPE_8488263,12.3901656,-1.5941736,410
SHAPE_8488263,12.3901684,-1.59467,411
SHAPE_8488263,12.390175,-1.595382,412
SHAPE_8488263,12.3901783,-1.5955575,413
SHAPE_8488263,12.3901904,-1.5958621,414
SHAPE_8488263,12.3902157,-1.5967062,415
SHAPE_8488263,12.3902109,-1.5968433,416
SHAPE_8488263,12.3902165,-1.5971374,417
SHAPE_8488263,12.3902292,-1.5974853,418
SHAPE_8488263,12.3902396,-1.5976874,419
SHAPE_8488263,12.3902486,-1.5978222,420
SHAPE_8488263,12.3902785,-1.5979696,421
SHAPE_8488263,12.3903115,-1.5983046,422
SHAPE_8488263,12.3903337,-1.5984695,423
SHAPE_8488263,12.3903573,-1.5986291,424
SHAPE_8488263,12.3904231,-1.5989304,425
SHAPE_8488263,12.3904805,-1.5991642,426
SHAPE_8488263,12.3905525,-1.599399,427
SHAPE_8488263,12.3906337,-1.5996537,428
SHAPE_8488263,12.3907817,-1.6000628,429
SHAPE_8488263,12.3908616,-1.6002833,430
SHAPE_8488263,12.3909253,-1.6004294,431
SHAPE_8488263,12.3909854,-1.6005499,432
SHAPE_8488263,12.3909959,-1.6005707,433
SHAPE_8488263,12.3910378,-1.6006448,434
SHAPE_8488263,12.3912192,-1.6009326,435
SHAPE_8488263,12.3914369,-1.6013547,436
SHAPE_8488263,12.3914597,-1.6014002,437
SHAPE_8488263,12.3916054,-1.601636,438
SHAPE_8488263,12.3917521,-1.6018774,439
SHAPE_8488263,12.3919766,-1.6022613,440
SHAPE_8488263,12.3923462,-1.6028787,441
SHAPE_8488263,12.3926181,-1.6033445,442
SHAPE_8488263,12.3929049,-1.6038312,443
SHAPE_8488263,12.3929558,-1.6039157,444
SHAPE_8488263,12.3933319,-1.6045368,445
SHAPE_8488263,12.39348,-1.6047802,446
SHAPE_8488263,12.3935286,-1.6048688,447
SHAPE_8488263,12.3936344,-1.605037,448
SHAPE_8488263,12.3938259,-1.6053716,449
SHAPE_8488263,12.3940077,-1.6056833,450
SHAPE_8488263,12.394097,-1.6058226,451
SHAPE_8488263,12.394309,-1.6062092,452
SHAPE_8488263,12.3944225,-1.6064058,453
SHAPE_8488263,12.3945015,-1.6065377,454
SHAPE_8488263,12.3946141,-1.6067185,455
SHAPE_8488263,12.3947082,-1.6068708,456
SHAPE_8488263,12.3947559,-1.6069496,457
SHAPE_8488263,12.3948329,-1.6070769,458
SHAPE_8488263,12.3948906,-1.6071747,459
SHAPE_8488263,12.3949667,-1.6072997,460
SHAPE_8488263,12.3950425,-1.6074295,461
SHAPE_8488263,12.3952115,-1.6077166,462
SHAPE_8488263,12.3954604,-1.608143,463
SHAPE_8488263,12.3955765,-1.6083444,464
SHAPE_8488263,12.395605,-1.6083915,465
SHAPE_8488263,12.3958691,-1.6088404,466
SHAPE_8488263,12.3961638,-1.6093352,467
SHAPE_8488263,12.3962777,-1.6095293,468
SHAPE_8488263,12.3964309,-1.609794,469
SHAPE_8488263,12.3965406,-1.6099828,470
SHAPE_8488263,12.3965948,-1.61007,471
SHAPE_8488263,12.3969136,-1.6106046,472
SHAPE_8488263,12.3970728,-1.6108735,473
SHAPE_8488263,12.3973636,-1.6113576,474
SHAPE_8488263,12.3975495,-1.6116728,475
SHAPE_8488263,12.397841,-1.6121482,476
SHAPE_8488263,12.3981097,-1.6126114,477
SHAPE_8488263,12.3983459,-1.6130099,478
SHAPE_8488263,12.3986406,-1.6135485,479
SHAPE_8513929,12.3495362,-1.4896967,1
SHAPE_8513929,12.3494447,-1.4897581,2
SHAPE_8513929,12.3492312,-1.489904,3
SHAPE_8513929,12.3491189,-1.4899808,4
SHAPE_8513929,12.3484441,-1.4904547,5
SHAPE_8513929,12.3484814,-1.4906081,6
SHAPE_8513929,12.3485135,-1.4906926,7
SHAPE_8513929,12.3494625,-1.492158,8
SHAPE_8513929,12.3498898,-1.4928186,9
SHAPE_8513929,12.3502985,-1.493452,10
SHAPE_8513929,12.3506152,-1.4939535,11
SHAPE_8513929,12.3510236,-1.4936808,12
SHAPE_8513929,12.3520573,-1.4929688,13
SHAPE_8513929,12.3534836,-1.4920122,14
SHAPE_8513929,12.3541743,-1.4915416,15
SHAPE_8513929,12.3548757,-1.491034,16
SHAPE_8513929,12.3561479,-1.4902322,17
SHAPE_8513929,12.3561918,-1.4903016,18
SHAPE_8513929,12.3564504,-1.4907563,19
SHAPE_8513929,12.357124,-1.4918997,20
SHAPE_8513929,12.3573715,-1.4923214,21
SHAPE_8513929,12.3575245,-1.4925835,22
SHAPE_8513929,12.3579641,-1.4933364,23
SHAPE_8513929,12.3579699,-1.4933571,24
SHAPE_8513929,12.3581914,-1.493727,25
SHAPE_8513929,12.3582558,-1.4938485,26
SHAPE_8513929,12.3584698,-1.4942036,27
SHAPE_8513929,12.3585604,-1.4942668,28
SHAPE_8513929,12.3586442,-1.4943003,29
SHAPE_8513929,12.3587675,-1.4943224,30
SHAPE_8513929,12.3589114,-1.4943177,31
SHAPE_8513929,12.3590386,-1.4943157,32
SHAPE_8513929,12.3591717,-1.4943099,33
SHAPE_8513929,12.3592596,-1.494336,34
SHAPE_8513929,12.3593378,-1.4943847,35
SHAPE_8513929,12.3594009,-1.4944526,36
SHAPE_8513929,12.3594446,-1.4945349,37
SHAPE_8513929,12.3594657,-1.4946261,38
SHAPE_8513929,12.359463,-1.4947198,39
SHAPE_8513929,12.3594364,-1.4948094,40
SHAPE_8513929,12.359388,-1.4948889,41
SHAPE_8513929,12.3593381,-1.4949394,42
SHAPE_8513929,12.3592793,-1.4949787,43
SHAPE_8513929,12.3591158,-1.4951302,44
SHAPE_8513929,12.3593286,-1.4955139,45
SHAPE_8513929,12.3594521,-1.4957461,46
SHAPE_8513929,12.3600825,-1.4968611,47
SHAPE_8513929,12.3604569,-1.4974989,48
SHAPE_8513929,12.3605718,-1.4976402,49
SHAPE_8513929,12.3606812,-1.4977569,50
SHAPE_8513929,12.3607689,-1.497826,51
SHAPE_8513929,12.3609024,-1.4978792,52
SHAPE_8513929,12.3609554,-1.4978792,53
SHAPE_8513929,12.3611941,-1.4979114,54
SHAPE_8513929,12.3614417,-1.4979129,55
SHAPE_8513929,12.3616436,-1.4979017,56
SHAPE_8513929,12.3618046,-1.4979015,57
SHAPE_8513929,12.3621967,-1.4978697,58
SHAPE_8513929,12.3625059,-1.497864,59
SHAPE_8513929,12.3631224,-1.4978452,60
SHAPE_8513929,12.3637071,-1.4978232,61
SHAPE_8513929,12.3639266,-1.497815,62
SHAPE_8513929,12.3643912,-1.4977915,63
SHAPE_8513929,12.3650474,-1.497766,64
SHAPE_8513929,12.3655538,-1.4977495,65
SHAPE_8513929,12.3659078,-1.4977346,66
SHAPE_8513929,12.3662733,-1.4977193,67
SHAPE_8513929,12.3667206,-1.4977006,68
SHAPE_8513929,12.3674273,-1.4976847,69
SHAPE_8513929,12.3678747,-1.4976718,70
SHAPE_8513929,12.3684038,-1.4976494,71
SHAPE_8513929,12.3685999,-1.4976411,72
SHAPE_8513929,12.3686887,-1.497636,73
SHAPE_8513929,12.3688989,-1.49763,74
SHAPE_8513929,12.3690775,-1.4976168,75
SHAPE_8513929,12.3693752,-1.4976101,76
SHAPE_8513929,12.3696488,-1.4975971,77
SHAPE_8513929,12.3698369,-1.4975899,78
SHAPE_8513929,12.3705331,-1.4975604,79
SHAPE_8513929,12.3706251,-1.4975551,80
SHAPE_8513929,12.3710312,-1.4975386,81
SHAPE_8513929,12.3714697,-1.4975189,82
SHAPE_8513929,12.3721515,-1.4974942,83
SHAPE_8513929,12.3726211,-1.4974833,84
SHAPE_8513929,12.3732478,-1.4974585,85
SHAPE_8513929,12.3733595,-1.4974313,86
SHAPE_8513929,12.3735262,-1.4973949,87
SHAPE_8513929,12.3737069,-1.4973434,88
SHAPE_8513929,12.3743653,-1.4971343,89
SHAPE_8513929,12.3748382,-1.4969652,90
SHAPE_8513929,12.3755233,-1.4967573,91
SHAPE_8513929,12.3759594,-1.4966226,92
SHAPE_8513929,12.3761091,-1.4965852,93
SHAPE_8513929,12.37621,-1.496575,94
SHAPE_8513929,12.3762101,-1.4966876,95
SHAPE_8513929,12.376215,-1.4970844,96
SHAPE_8513929,12.3762029,-1.4974095,97
SHAPE_8513929,12.3761961,-1.4975693,98
SHAPE_8513929,12.376183,-1.4977217,99
SHAPE_8513929,12.3761576,-1.4978995,100
SHAPE_8513929,12.3761458,-1.4979545,101
SHAPE_8513929,12.3759358,-1.498994,102
SHAPE_8513929,12.3757311,-1.4999247,103
SHAPE_8513929,12.3755233,-1.5008658,104
SHAPE_8513929,12.3754646,-1.5011389,105
SHAPE_8513929,12.3753584,-1.5016488,106
SHAPE_8513929,12.3749353,-1.5036289,107
SHAPE_8513929,12.3747594,-1.5043639,108
SHAPE_8513929,12.3745942,-1.5051561,109
SHAPE_8513929,12.3740267,-1.5077267,110
SHAPE_8513929,12.3739974,-1.5079822,111
SHAPE_8513929,12.3748429,-1.5081639,112
SHAPE_8513929,12.3762844,-1.5084738,113
SHAPE_8513929,12.3763994,-1.5084985,114
SHAPE_8513929,12.3767662,-1.5085835,115
SHAPE_8513929,12.3768124,-1.5085941,116
SHAPE_8513929,12.3773963,-1.5087277,117
SHAPE_8513929,12.3785831,-1.5090246,118
SHAPE_8513929,12.3790735,-1.509125,119
SHAPE_8513929,12.3791707,-1.5091449,120
SHAPE_8513929,12.3792728,-1.509153,121
SHAPE_8513929,12.3795213,-1.5092254,122
SHAPE_8513929,12.3795916,-1.5092576,123
SHAPE_8513929,12.3797216,-1.5093175,124
SHAPE_8513929,12.3799078,-1.5095195,125
SHAPE_8513929,12.3799522,-1.5095888,126
SHAPE_8513929,12.3798756,-1.5095613,127
SHAPE_8513929,12.3796631,-1.5094506,128
SHAPE_8513929,12.3799078,-1.5095195,129
SHAPE_8513929,12.3799522,-1.5095888,130
SHAPE_8513929,12.3796631,-1.5094506,131
SHAPE_8513929,12.3796905,-1.5094346,132
SHAPE_8513929,12.3797117,-1.5094106,133
SHAPE_8513929,12.3797246,-1.5093812,134
SHAPE_8513929,12.379728,-1.5093491,135
SHAPE_8513929,12.3797216,-1.5093175,136
SHAPE_8513929,12.3797059,-1.5092895,137
SHAPE_8513929,12.3796826,-1.5092678,138
SHAPE_8513929,12.3796538,-1.5092545,139
SHAPE_8513929,12.3796224,-1.509251,140
SHAPE_8513929,12.3795916,-1.5092576,141
SHAPE_8513929,12.3795642,-1.5092737,142
SHAPE_8513929,12.379543,-1.5092976,143
SHAPE_8513929,12.3795301,-1.509327,144
SHAPE_8513929,12.3795267,-1.5093591,145
SHAPE_8513929,12.3795331,-1.5093908,146
SHAPE_8513929,12.3795507,-1.5094221,147
SHAPE_8513929,12.3795721,-1.5094405,148
SHAPE_8513929,12.3796009,-1.5094537,149
SHAPE_8513929,12.3796323,-1.5094572,150
SHAPE_8513929,12.3796631,-1.5094506,151
SHAPE_8513929,12.3795267,-1.5093591,152
SHAPE_8513929,12.3794298,-1.5092803,153
SHAPE_8513929,12.3792662,-1.5091998,154
SHAPE_8513929,12.3791707,-1.5091449,155
SHAPE_8513929,12.3799522,-1.5095888,156
SHAPE_8513929,12.3801408,-1.5097323,157
SHAPE_8513929,12.3802954,-1.5098503,158
SHAPE_8513929,12.3805626,-1.5100515,159
SHAPE_8513929,12.3807958,-1.5102876,160
SHAPE_8513929,12.3810279,-1.5105517,161
SHAPE_8513929,12.3812516,-1.5108508,162
SHAPE_8513929,12.3814664,-1.5111525,163
SHAPE_8513929,12.3815451,-1.5112746,164
SHAPE_8513929,12.3816839,-1.5115401,165
SHAPE_8513929,12.3818306,-1.51187,166
SHAPE_8513929,12.3819464,-1.5122246,167
SHAPE_8513929,12.3820035,-1.5124333,168
SHAPE_8513929,12.3820403,-1.5126227,169
SHAPE_8513929,12.3821031,-1.5129617,170
SHAPE_8513929,12.382143,-1.513314,171
SHAPE_8513929,12.3821591,-1.5135496,172
SHAPE_8513929,12.3821634,-1.5137556,173
SHAPE_8513929,12.3821529,-1.513938,174
SHAPE_8513929,12.3821398,-1.5141365,175
SHAPE_8513929,12.3821104,-1.5144213,176
SHAPE_8513929,12.3820023,-1.5148543,177
SHAPE_8513929,12.3819067,-1.5152688,178
SHAPE_8513929,12.3818079,-1.5156894,179
SHAPE_8513929,12.3817068,-1.5160894,180
SHAPE_8513929,12.3815962,-1.5166006,181
SHAPE_8513929,12.381464,-1.5171517,182
SHAPE_8513929,12.3813217,-1.5177346,183
SHAPE_8513929,12.3812865,-1.5178813,184
SHAPE_8513929,12.3811754,-1.518345,185
SHAPE_8513929,12.3809707,-1.5191988,186
SHAPE_8513929,12.3808933,-1.5195195,187
SHAPE_8513929,12.380831,-1.5197529,188
SHAPE_8513929,12.3807486,-1.5200961,189
SHAPE_8513929,12.3807073,-1.5202901,190
SHAPE_8513929,12.3805787,-1.5208197,191
SHAPE_8513929,12.3804533,-1.5213634,192
SHAPE_8513929,12.3803301,-1.5218921,193
SHAPE_8513929,12.3802058,-1.5224384,194
SHAPE_8513929,12.3800662,-1.522973,195
SHAPE_8513929,12.379816,-1.5240392,196
SHAPE_8513929,12.3795678,-1.5251032,197
SHAPE_8513929,12.3795068,-1.5253468,198
SHAPE_8513929,12.3794388,-1.525614,199
SHAPE_8513929,12.3792879,-1.5261923,200
SHAPE_8513929,12.3792305,-1.5264625,201
SHAPE_8513929,12.3790329,-1.5273114,202
SHAPE_8513929,12.3789237,-1.5277397,203
SHAPE_8513929,12.3788582,-1.5279967,204
SHAPE_8513929,12.3788414,-1.5280687,205
SHAPE_8513929,12.3787922,-1.5282789,206
SHAPE_8513929,12.3787601,-1.5284164,207
SHAPE_8513929,12.3786479,-1.5288665,208
SHAPE_8513929,12.3785009,-1.5295022,209
SHAPE_8513929,12.3783633,-1.5300608,210
SHAPE_8513929,12.3782339,-1.5305863,211
SHAPE_8513929,12.3781168,-1.5310685,212
SHAPE_8513929,12.3780107,-1.5315274,213
SHAPE_8513929,12.3778967,-1.5319907,214
SHAPE_8513929,12.3778379,-1.5322353,215
SHAPE_8513929,12.3777767,-1.53249,216
SHAPE_8513929,12.3777291,-1.5326855,217
SHAPE_8513929,12.3776969,-1.5328342,218
SHAPE_8513929,12.3775142,-1.533562,219
SHAPE_8513929,12.3773897,-1.5340877,220
SHAPE_8513929,12.3772729,-1.5345812,221
SHAPE_8513929,12.3771809,-1.5349809,222
SHAPE_8513929,12.3771208,-1.5352291,223
SHAPE_8513929,12.3770576,-1.5355094,224
SHAPE_8513929,12.3767592,-1.5367531,225
SHAPE_8513929,12.3766309,-1.5372922,226
SHAPE_8513929,12.3765591,-1.5376,227
SHAPE_8513929,12.3765015,-1.5378467,228
SHAPE_8513929,12.3763639,-1.5383772,229
SHAPE_8513929,12.3762326,-1.5389223,230
SHAPE_8513929,12.3760897,-1.5395022,231
SHAPE_8513929,12.3759581,-1.540061,232
SHAPE_8513929,12.3758199,-1.5406357,233
SHAPE_8513929,12.375694,-1.541194,234
SHAPE_8513929,12.3756716,-1.5412815,235
SHAPE_8513929,12.3755675,-1.541747,236
SHAPE_8513929,12.3755365,-1.5418704,237
SHAPE_8513929,12.3754776,-1.5421052,238
SHAPE_8513929,12.3754352,-1.5423216,239
SHAPE_8513929,12.3753142,-1.5428621,240
SHAPE_8513929,12.3752522,-1.5431178,241
SHAPE_8513929,12.3751783,-1.5434092,242
SHAPE_8513929,12.3751133,-1.5436837,243
SHAPE_8513929,12.3750453,-1.5439659,244
SHAPE_8513929,12.3749699,-1.5442805,245
SHAPE_8513929,12.3749102,-1.5445448,246
SHAPE_8513929,12.3748127,-1.5449177,247
SHAPE_8513929,12.3747875,-1.5450196,248
SHAPE_8513929,12.3747292,-1.5452686,249
SHAPE_8513929,12.3746453,-1.5456368,250
SHAPE_8513929,12.3746243,-1.5457211,251
SHAPE_8513929,12.3745671,-1.5459602,252
SHAPE_8513929,12.3745081,-1.5462126,253
SHAPE_8513929,12.3744889,-1.5463031,254
SHAPE_8513929,12.3727598,-1.5459649,255
SHAPE_8513929,12.371978,-1.5458223,256
SHAPE_8513929,12.3712242,-1.545649,257
SHAPE_8513929,12.3710807,-1.5456051,258
SHAPE_8513929,12.3710254,-1.5455913,259
SHAPE_8513929,12.370784,-1.5455346,260
SHAPE_8513929,12.3705527,-1.5454802,261
SHAPE_8513929,12.3687608,-1.5450698,262
SHAPE_8513929,12.3686488,-1.545043,263
SHAPE_8513929,12.3685499,-1.5450315,264
SHAPE_8513929,12.3684893,-1.5450252,265
SHAPE_8513929,12.3684469,-1.5450282,266
SHAPE_8513929,12.3684058,-1.5450336,267
SHAPE_8513929,12.3683462,-1.5450583,268
SHAPE_8513929,12.3682666,-1.5450959,269
SHAPE_8513929,12.368192,-1.5451311,270
SHAPE_8513929,12.3681705,-1.5451691,271
SHAPE_8513929,12.3681325,-1.5452149,272
SHAPE_8513929,12.3680836,-1.5452483,273
SHAPE_8513929,12.3679734,-1.5453842,274
SHAPE_8513929,12.3679354,-1.5454379,275
SHAPE_8513929,12.3678994,-1.5455063,276
SHAPE_8513929,12.3677448,-1.54626,277
SHAPE_8513929,12.3676891,-1.5465119,278
SHAPE_8513929,12.367536,-1.5472044,279
SHAPE_8513929,12.3674828,-1.5474448,280
SHAPE_8513929,12.3673233,-1.5482029,281
SHAPE_8513929,12.3672365,-1.548674,282
SHAPE_8513929,12.3671749,-1.5492158,283
SHAPE_8513929,12.3671409,-1.549771,284
SHAPE_8513929,12.3671027,-1.550378,285
SHAPE_8513929,12.3671006,-1.550412,286
SHAPE_8513929,12.3670983,-1.5504476,287
SHAPE_8513929,12.3670623,-1.5512046,288
SHAPE_8513930,12.3670623,-1.5512046,1
SHAPE_8513930,12.3670983,-1.5504476,2
SHAPE_8513930,12.3671006,-1.550412,3
SHAPE_8513930,12.3671027,-1.550378,4
SHAPE_8513930,12.3671409,-1.549771,5
SHAPE_8513930,12.3671749,-1.5492158,6
SHAPE_8513930,12.3672365,-1.548674,7
SHAPE_8513930,12.3673233,-1.5482029,8
SHAPE_8513930,12.3674828,-1.5474448,9
SHAPE_8513930,12.367536,-1.5472044,10
SHAPE_8513930,12.3676891,-1.5465119,11
SHAPE_8513930,12.3677448,-1.54626,12
SHAPE_8513930,12.3678994,-1.5455063,13
SHAPE_8513930,12.3678935,-1.5454157,14
SHAPE_8513930,12.3678895,-1.5453648,15
SHAPE_8513930,12.3678817,-1.5453051,16
SHAPE_8513930,12.3678649,-1.5452265,17
SHAPE_8513930,12.3678487,-1.545213,18
SHAPE_8513930,12.3678204,-1.5451801,19
SHAPE_8513930,12.3677991,-1.5451421,20
SHAPE_8513930,12.3677857,-1.5451004,21
SHAPE_8513930,12.3677809,-1.5450414,22
SHAPE_8513930,12.3677918,-1.5449833,23
SHAPE_8513930,12.3678154,-1.5449338,24
SHAPE_8513930,12.3678502,-1.544892,25
SHAPE_8513930,12.3678942,-1.5448603,26
SHAPE_8513930,12.3679446,-1.544841,27
SHAPE_8513930,12.367998,-1.5448352,28
SHAPE_8513930,12.3680389,-1.5448424,29
SHAPE_8513930,12.3680767,-1.5448541,30
SHAPE_8513930,12.3705718,-1.5453965,31
SHAPE_8513930,12.3707944,-1.5454528,32
SHAPE_8513930,12.3710515,-1.5455178,33
SHAPE_8513930,12.3710757,-1.5455248,34
SHAPE_8513930,12.3710919,-1.5455303,35
SHAPE_8513930,12.3712386,-1.5455759,36
SHAPE_8513930,12.3719924,-1.5457432,37
SHAPE_8513930,12.372778,-1.5458813,38
SHAPE_8513930,12.3745081,-1.5462126,39
SHAPE_8513930,12.3745671,-1.5459602,40
SHAPE_8513930,12.3746243,-1.5457211,41
SHAPE_8513930,12.3746453,-1.5456368,42
SHAPE_8513930,12.3747292,-1.5452686,43
SHAPE_8513930,12.3747875,-1.5450196,44
SHAPE_8513930,12.3748127,-1.5449177,45
SHAPE_8513930,12.3749102,-1.5445448,46
SHAPE_8513930,12.3749699,-1.5442805,47
SHAPE_8513930,12.3750453,-1.5439659,48
SHAPE_8513930,12.3751133,-1.5436837,49
SHAPE_8513930,12.3751783,-1.5434092,50
SHAPE_8513930,12.3752522,-1.5431178,51
SHAPE_8513930,12.3753142,-1.5428621,52
SHAPE_8513930,12.3754352,-1.5423216,53
SHAPE_8513930,12.3754776,-1.5421052,54
SHAPE_8513930,12.3755365,-1.5418704,55
SHAPE_8513930,12.3755675,-1.541747,56
SHAPE_8513930,12.3756716,-1.5412815,57
SHAPE_8513930,12.375694,-1.541194,58
SHAPE_8513930,12.3758199,-1.5406357,59
SHAPE_8513930,12.3759581,-1.540061,60
SHAPE_8513930,12.3760897,-1.5395022,61
SHAPE_8513930,12.3762326,-1.5389223,62
SHAPE_8513930,12.3763639,-1.5383772,63
SHAPE_8513930,12.3765015,-1.5378467,64
SHAPE_8513930,12.3765591,-1.5376,65
SHAPE_8513930,12.3766309,-1.5372922,66
SHAPE_8513930,12.3767592,-1.5367531,67
SHAPE_8513930,12.3770576,-1.5355094,68
SHAPE_8513930,12.3771208,-1.5352291,69
SHAPE_8513930,12.3771809,-1.5349809,70
SHAPE_8513930,12.3772729,-1.5345812,71
SHAPE_8513930,12.3773897,-1.5340877,72
SHAPE_8513930,12.3775142,-1.533562,73
SHAPE_8513930,12.3776969,-1.5328342,74
SHAPE_8513930,12.3777291,-1.5326855,75
SHAPE_8513930,12.3777767,-1.53249,76
SHAPE_8513930,12.3778379,-1.5322353,77
SHAPE_8513930,12.3778967,-1.5319907,78
SHAPE_8513930,12.3780107,-1.5315274,79
SHAPE_8513930,12.3781168,-1.5310685,80
SHAPE_8513930,12.3782339,-1.5305863,81
SHAPE_8513930,12.3783633,-1.5300608,82
SHAPE_8513930,12.3785009,-1.5295022,83
SHAPE_8513930,12.3786479,-1.5288665,84
SHAPE_8513930,12.3787601,-1.5284164,85
SHAPE_8513930,12.3787922,-1.5282789,86
SHAPE_8513930,12.3788414,-1.5280687,87
SHAPE_8513930,12.3788582,-1.5279967,88
SHAPE_8513930,12.3789237,-1.5277397,89
SHAPE_8513930,12.3790329,-1.5273114,90
SHAPE_8513930,12.3792305,-1.5264625,91
SHAPE_8513930,12.3792879,-1.5261923,92
SHAPE_8513930,12.3794388,-1.525614,93
SHAPE_8513930,12.3795068,-1.5253468,94
SHAPE_8513930,12.3795678,-1.5251032,95
SHAPE_8513930,12.379816,-1.5240392,96
SHAPE_8513930,12.3800662,-1.522973,97
SHAPE_8513930,12.3802058,-1.5224384,98
SHAPE_8513930,12.3803301,-1.5218921,99
SHAPE_8513930,12.3804533,-1.5213634,100
SHAPE_8513930,12.3805787,-1.5208197,101
SHAPE_8513930,12.3807073,-1.5202901,102
SHAPE_8513930,12.3807486,-1.5200961,103
SHAPE_8513930,12.380831,-1.5197529,104
SHAPE_8513930,12.3808933,-1.5195195,105
SHAPE_8513930,12.3809707,-1.5191988,106
SHAPE_8513930,12.3811754,-1.518345,107
SHAPE_8513930,12.3812865,-1.5178813,108
SHAPE_8513930,12.3813217,-1.5177346,109
SHAPE_8513930,12.381464,-1.5171517,110
SHAPE_8513930,12.3815962,-1.5166006,111
SHAPE_8513930,12.3817068,-1.5160894,112
SHAPE_8513930,12.3818079,-1.5156894,113
SHAPE_8513930,12.3819067,-1.5152688,114
SHAPE_8513930,12.3799078,-1.5095195,115
SHAPE_8513930,12.3797216,-1.5093175,116
SHAPE_8513930,12.3796631,-1.5094506,117
SHAPE_8513930,12.3798756,-1.5095613,118
SHAPE_8513930,12.3799522,-1.5095888,119
SHAPE_8513930,12.3799078,-1.5095195,120
SHAPE_8513930,12.3796631,-1.5094506,121
SHAPE_8513930,12.3796905,-1.5094346,122
SHAPE_8513930,12.3797117,-1.5094106,123
SHAPE_8513930,12.3797246,-1.5093812,124
SHAPE_8513930,12.379728,-1.5093491,125
SHAPE_8513930,12.3797216,-1.5093175,126
SHAPE_8513930,12.3797059,-1.5092895,127
SHAPE_8513930,12.3796826,-1.5092678,128
SHAPE_8513930,12.3796538,-1.5092545,129
SHAPE_8513930,12.3796224,-1.509251,130
SHAPE_8513930,12.3795916,-1.5092576,131
SHAPE_8513930,12.3795642,-1.5092737,132
SHAPE_8513930,12.379543,-1.5092976,133
SHAPE_8513930,12.3795301,-1.509327,134
SHAPE_8513930,12.3795267,-1.5093591,135
SHAPE_8513930,12.3795916,-1.5092576,136
SHAPE_8513930,12.3795213,-1.5092254,137
SHAPE_8513930,12.3792728,-1.509153,138
SHAPE_8513930,12.3791707,-1.5091449,139
SHAPE_8513930,12.3799522,-1.5095888,140
SHAPE_8513930,12.3801408,-1.5097323,141
SHAPE_8513930,12.3802954,-1.5098503,142
SHAPE_8513930,12.3805626,-1.5100515,143
SHAPE_8513930,12.3807958,-1.5102876,144
SHAPE_8513930,12.3810279,-1.5105517,145
SHAPE_8513930,12.3812516,-1.5108508,146
SHAPE_8513930,12.3814664,-1.5111525,147
SHAPE_8513930,12.3815451,-1.5112746,148
SHAPE_8513930,12.3816839,-1.5115401,149
SHAPE_8513930,12.3818306,-1.51187,150
SHAPE_8513930,12.3819464,-1.5122246,151
SHAPE_8513930,12.3820035,-1.5124333,152
SHAPE_8513930,12.3820403,-1.5126227,153
SHAPE_8513930,12.3821031,-1.5129617,154
SHAPE_8513930,12.382143,-1.513314,155
SHAPE_8513930,12.3821591,-1.5135496,156
SHAPE_8513930,12.3821634,-1.5137556,157
SHAPE_8513930,12.3821529,-1.513938,158
SHAPE_8513930,12.3821398,-1.5141365,159
SHAPE_8513930,12.3821104,-1.5144213,160
SHAPE_8513930,12.3820023,-1.5148543,161
SHAPE_8513930,12.3819067,-1.5152688,162
SHAPE_8513930,12.3791707,-1.5091449,163
SHAPE_8513930,12.3790735,-1.509125,164
SHAPE_8513930,12.3785831,-1.5090246,165
SHAPE_8513930,12.3773963,-1.5087277,166
SHAPE_8513930,12.3768124,-1.5085941,167
SHAPE_8513930,12.3767662,-1.5085835,168
SHAPE_8513930,12.3763994,-1.5084985,169
SHAPE_8513930,12.3762844,-1.5084738,170
SHAPE_8513930,12.3748429,-1.5081639,171
SHAPE_8513930,12.3739974,-1.5079822,172
SHAPE_8513930,12.3739245,-1.507957,173
SHAPE_8513930,12.3739274,-1.5078239,174
SHAPE_8513930,12.373954,-1.5077213,175
SHAPE_8513930,12.3744229,-1.5055416,176
SHAPE_8513930,12.3745079,-1.5051301,177
SHAPE_8513930,12.3746692,-1.5043404,178
SHAPE_8513930,12.37502,-1.5027353,179
SHAPE_8513930,12.3751467,-1.5021555,180
SHAPE_8513930,12.3752611,-1.501632,181
SHAPE_8513930,12.3753709,-1.5011202,182
SHAPE_8513930,12.3754285,-1.5008384,183
SHAPE_8513930,12.375756,-1.4993628,184
SHAPE_8513930,12.3758391,-1.4989694,185
SHAPE_8513930,12.3759158,-1.4986064,186
SHAPE_8513930,12.3760388,-1.4980918,187
SHAPE_8513930,12.376064,-1.4978679,188
SHAPE_8513930,12.3760881,-1.4976802,189
SHAPE_8513930,12.3761046,-1.4974967,190
SHAPE_8513930,12.3761154,-1.4972702,191
SHAPE_8513930,12.3761124,-1.4967121,192
SHAPE_8513930,12.3759984,-1.4967356,193
SHAPE_8513930,12.3755219,-1.4968474,194
SHAPE_8513930,12.3743706,-1.4972151,195
SHAPE_8513930,12.3737146,-1.4974256,196
SHAPE_8513930,12.3733285,-1.4975289,197
SHAPE_8513930,12.3732552,-1.4975403,198
SHAPE_8513930,12.3726221,-1.4975879,199
SHAPE_8513930,12.3721507,-1.4976003,200
SHAPE_8513930,12.3714687,-1.4976252,201
SHAPE_8513930,12.3710309,-1.4976332,202
SHAPE_8513930,12.3709749,-1.4976329,203
SHAPE_8513930,12.3705753,-1.4976402,204
SHAPE_8513930,12.3705024,-1.4976395,205
SHAPE_8513930,12.3698385,-1.4976692,206
SHAPE_8513930,12.3693934,-1.4976875,207
SHAPE_8513930,12.3692534,-1.4976932,208
SHAPE_8513930,12.3688873,-1.4977131,209
SHAPE_8513930,12.3686919,-1.4977237,210
SHAPE_8513930,12.3686035,-1.4977251,211
SHAPE_8513930,12.3678762,-1.4977479,212
SHAPE_8513930,12.3669529,-1.4977719,213
SHAPE_8513930,12.3667234,-1.4977811,214
SHAPE_8513930,12.3662791,-1.4977988,215
SHAPE_8513930,12.3660134,-1.4978094,216
SHAPE_8513930,12.3656416,-1.4978242,217
SHAPE_8513930,12.3655562,-1.4978275,218
SHAPE_8513930,12.3650469,-1.497847,219
SHAPE_8513930,12.3643939,-1.4978797,220
SHAPE_8513930,12.3637132,-1.4978988,221
SHAPE_8513930,12.3631264,-1.4979271,222
SHAPE_8513930,12.3625079,-1.4979399,223
SHAPE_8513930,12.3623489,-1.4979412,224
SHAPE_8513930,12.3621872,-1.4979425,225
SHAPE_8513930,12.3620509,-1.4979463,226
SHAPE_8513930,12.3616094,-1.4979712,227
SHAPE_8513930,12.3614783,-1.4979786,228
SHAPE_8513930,12.3612442,-1.4980513,229
SHAPE_8513930,12.3610652,-1.4981273,230
SHAPE_8513930,12.3610301,-1.4981763,231
SHAPE_8513930,12.3609819,-1.4982116,232
SHAPE_8513930,12.3609253,-1.4982297,233
SHAPE_8513930,12.3608659,-1.4982286,234
SHAPE_8513930,12.3608196,-1.4982137,235
SHAPE_8513930,12.3607786,-1.498187,236
SHAPE_8513930,12.3607457,-1.4981504,237
SHAPE_8513930,12.3607232,-1.4981063,238
SHAPE_8513930,12.3607124,-1.4980578,239
SHAPE_8513930,12.360615,-1.4979243,240
SHAPE_8513930,12.3605778,-1.4978663,241
SHAPE_8513930,12.3603714,-1.4975229,242
SHAPE_8513930,12.3601908,-1.4972098,243
SHAPE_8513930,12.3600064,-1.4968914,244
SHAPE_8513930,12.3598415,-1.4966056,245
SHAPE_8513930,12.3596679,-1.496323,246
SHAPE_8513930,12.3593563,-1.4957821,247
SHAPE_8513930,12.359154,-1.4954526,248
SHAPE_8513930,12.359011,-1.4951835,249
SHAPE_8513930,12.3589481,-1.4950485,250
SHAPE_8513930,12.358923,-1.495001,251
SHAPE_8513930,12.3588622,-1.4949021,252
SHAPE_8513930,12.3587965,-1.4947949,253
SHAPE_8513930,12.358673,-1.4945591,254
SHAPE_8513930,12.3584997,-1.4942653,255
SHAPE_8513930,12.3584698,-1.4942036,256
SHAPE_8513930,12.3582558,-1.4938485,257
SHAPE_8513930,12.3581914,-1.493727,258
SHAPE_8513930,12.3579699,-1.4933571,259
SHAPE_8513930,12.3579641,-1.4933364,260
SHAPE_8513930,12.3575245,-1.4925835,261
SHAPE_8513930,12.3573715,-1.4923214,262
SHAPE_8513930,12.357124,-1.4918997,263
SHAPE_8513930,12.3564504,-1.4907563,264
SHAPE_8513930,12.3561918,-1.4903016,265
SHAPE_8513930,12.3561479,-1.4902322,266
SHAPE_8513930,12.355892,-1.4897716,267
SHAPE_8513930,12.3554293,-1.4889628,268
SHAPE_8513930,12.3549573,-1.4881763,269
SHAPE_8513930,12.3544001,-1.4871955,270
SHAPE_8513930,12.354214,-1.4868955,271
SHAPE_8513930,12.3541599,-1.486864,272
SHAPE_8513930,12.3541049,-1.4868452,273
SHAPE_8513930,12.354021,-1.4868278,274
SHAPE_8513930,12.353911,-1.4868452,275
SHAPE_8513930,12.3537341,-1.4868853,276
SHAPE_8513930,12.3536519,-1.4869398,277
SHAPE_8513930,12.3526358,-1.4876225,278
SHAPE_8513930,12.3521975,-1.4879052,279
SHAPE_8513930,12.3520489,-1.4880013,280
SHAPE_8513930,12.3517647,-1.4881964,281
SHAPE_8513930,12.3516163,-1.4883028,282
SHAPE_8513930,12.3512679,-1.4885515,283
SHAPE_8513930,12.3506552,-1.48894,284
SHAPE_8513930,12.3500325,-1.4893633,285
SHAPE_8513930,12.3495362,-1.4896967,286
SHAPE_8513930,12.3796323,-1.5094572,287
SHAPE_8513930,12.3796631,-1.5094506,288
SHAPE_8513930,12.3796323,-1.5094572,289
SHAPE_8513930,12.3796009,-1.5094537,290
SHAPE_8513930,12.3795721,-1.5094405,291
SHAPE_8513930,12.3795507,-1.5094221,292
SHAPE_8513930,12.3795331,-1.5093908,293
SHAPE_8513930,12.3795267,-1.5093591,294
SHAPE_8513930,12.3794298,-1.5092803,295
SHAPE_8513930,12.3792662,-1.5091998,296
SHAPE_8513930,12.3791707,-1.5091449,297
SHAPE_10328167,12.3726455,-1.5267135,1
SHAPE_10328167,12.3722795,-1.5267128,2
SHAPE_10328167,12.3721258,-1.5266927,3
SHAPE_10328167,12.3718285,-1.5266364,4
SHAPE_10328167,12.3707551,-1.526342,5
SHAPE_10328167,12.3703274,-1.526222,6
SHAPE_10328167,12.3699947,-1.5261287,7
SHAPE_10328167,12.3701272,-1.5255287,8
SHAPE_10328167,12.3702691,-1.5248774,9
SHAPE_10328167,12.3703483,-1.5245194,10
SHAPE_10328167,12.3705053,-1.5238732,11
SHAPE_10328167,12.3706235,-1.5232815,12
SHAPE_10328167,12.3706903,-1.5229587,13
SHAPE_10328167,12.3707516,-1.5226996,14
SHAPE_10328167,12.3707663,-1.5225982,15
SHAPE_10328167,12.3707846,-1.5225064,16
SHAPE_10328167,12.3709175,-1.5218686,17
SHAPE_10328167,12.3710059,-1.5214663,18
SHAPE_10328167,12.3711402,-1.5208406,19
SHAPE_10328167,12.3711755,-1.5206,20
SHAPE_10328167,12.3712236,-1.5203341,21
SHAPE_10328167,12.3712487,-1.5201386,22
SHAPE_10328167,12.3712779,-1.5199837,23
SHAPE_10328167,12.3712976,-1.5198667,24
SHAPE_10328167,12.3713197,-1.5197711,25
SHAPE_10328167,12.3713381,-1.5196966,26
SHAPE_10328167,12.3713338,-1.5196918,27
SHAPE_10328167,12.3713285,-1.5196847,28
SHAPE_10328167,12.3713167,-1.5196625,29
SHAPE_10328167,12.3713123,-1.5196364,30
SHAPE_10328167,12.3713112,-1.5196107,31
SHAPE_10328167,12.3713162,-1.5195855,32
SHAPE_10328167,12.3713269,-1.5195622,33
SHAPE_10328167,12.3713427,-1.5195423,34
SHAPE_10328167,12.3713548,-1.5195321,35
SHAPE_10328167,12.3714095,-1.5194332,36
SHAPE_10328167,12.3714317,-1.5193574,37
SHAPE_10328167,12.3714527,-1.5192622,38
SHAPE_10328167,12.3715084,-1.519012,39
SHAPE_10328167,12.3715346,-1.5189188,40
SHAPE_10328167,12.3716175,-1.5185628,41
SHAPE_10328167,12.3716604,-1.5183273,42
SHAPE_10328167,12.3717861,-1.5178191,43
SHAPE_10328167,12.3719138,-1.517219,44
SHAPE_10328167,12.3721404,-1.5161984,45
SHAPE_10328167,12.3722688,-1.5156003,46
SHAPE_10328167,12.3723238,-1.5153482,47
SHAPE_10328167,12.3723867,-1.5150571,48
SHAPE_10328167,12.3724947,-1.5144967,49
SHAPE_10328167,12.372624,-1.5139355,50
SHAPE_10328167,12.372734,-1.5133637,51
SHAPE_10328167,12.3728507,-1.5128359,52
SHAPE_10328167,12.3729684,-1.5122094,53
SHAPE_10328167,12.3730822,-1.51169,54
SHAPE_10328167,12.3731595,-1.5113539,55
SHAPE_10328167,12.3732575,-1.5109276,56
SHAPE_10328167,12.3733643,-1.5103713,57
SHAPE_10328167,12.3734164,-1.5102269,58
SHAPE_10328167,12.3734718,-1.5101447,59
SHAPE_10328167,12.3735336,-1.5100852,60
SHAPE_10328167,12.3736658,-1.5100314,61
SHAPE_10328167,12.373812,-1.5100218,62
SHAPE_10328167,12.3741391,-1.510084,63
SHAPE_10328167,12.3742209,-1.5101004,64
SHAPE_10328167,12.3743321,-1.5101706,65
SHAPE_10328167,12.3747955,-1.5102668,66
SHAPE_10328167,12.3758001,-1.5104937,67
SHAPE_10328167,12.3758931,-1.5105147,68
SHAPE_10328167,12.3759276,-1.5105227,69
SHAPE_10328167,12.3762926,-1.5106063,70
SHAPE_10328167,12.3764767,-1.5106467,71
SHAPE_10328167,12.3777317,-1.5109222,72
SHAPE_10328167,12.3783457,-1.5110898,73
SHAPE_10328167,12.3790796,-1.5101599,74
SHAPE_10328167,12.3791472,-1.5100406,75
SHAPE_10328167,12.3793322,-1.5098005,76
SHAPE_10328167,12.379374,-1.5097462,77
SHAPE_10328167,12.3794165,-1.5096431,78
SHAPE_10328167,12.3795507,-1.5094221,79
SHAPE_10328167,12.3795331,-1.5093908,80
SHAPE_10328167,12.3795267,-1.5093591,81
SHAPE_10328167,12.3795301,-1.509327,82
SHAPE_10328167,12.379543,-1.5092976,83
SHAPE_10328167,12.3795642,-1.5092737,84
SHAPE_10328167,12.3795916,-1.5092576,85
SHAPE_10328167,12.3796224,-1.509251,86
SHAPE_10328167,12.3797198,-1.5091589,87
SHAPE_10328167,12.3804696,-1.5081981,88
SHAPE_10328167,12.3810732,-1.5074966,89
SHAPE_10328167,12.3817855,-1.5066273,90
SHAPE_10328167,12.3827268,-1.5053586,91
SHAPE_10328167,12.3829666,-1.5050373,92
SHAPE_10328167,12.3830774,-1.504888,93
SHAPE_10328167,12.3833814,-1.5043739,94
SHAPE_10328167,12.3837389,-1.5038611,95
SHAPE_10328167,12.3839332,-1.5035847,96
SHAPE_10328167,12.3841793,-1.503265,97
SHAPE_10328167,12.3842849,-1.5031081,98
SHAPE_10328167,12.3843952,-1.5028792,99
SHAPE_10328167,12.3844422,-1.5028045,100
SHAPE_10328167,12.3844982,-1.502737,101
SHAPE_10328167,12.3846036,-1.5026316,102
SHAPE_10328167,12.3845966,-1.5025608,103
SHAPE_10328167,12.3846102,-1.502491,104
SHAPE_10328167,12.3846432,-1.5024283,105
SHAPE_10328167,12.3846928,-1.5023784,106
SHAPE_10328167,12.3847545,-1.5023457,107
SHAPE_10328167,12.3848138,-1.5023334,108
SHAPE_10328167,12.3848743,-1.5023372,109
SHAPE_10328167,12.3849317,-1.5023567,110
SHAPE_10328167,12.3849823,-1.5023906,111
SHAPE_10328167,12.3850227,-1.5024367,112
SHAPE_10328167,12.3851997,-1.502469,113
SHAPE_10328167,12.3853439,-1.5024703,114
SHAPE_10328167,12.3855622,-1.5024482,115
SHAPE_10328167,12.3857408,-1.5024322,116
SHAPE_10328167,12.3858774,-1.5024162,117
SHAPE_10328167,12.386023,-1.5023889,118
SHAPE_10328167,12.3861878,-1.5023495,119
SHAPE_10328167,12.3865507,-1.502273,120
SHAPE_10328167,12.386941,-1.5021886,121
SHAPE_10328167,12.387592,-1.502033,122
SHAPE_10328167,12.3881578,-1.5019096,123
SHAPE_10328167,12.3886353,-1.501813,124
SHAPE_10328167,12.389152,-1.5017097,125
SHAPE_10328167,12.3897746,-1.5015834,126
SHAPE_10328167,12.3900482,-1.5015152,127
SHAPE_10328167,12.3901956,-1.5014791,128
SHAPE_10328167,12.3903763,-1.5014233,129
SHAPE_10328167,12.3905355,-1.5013745,130
SHAPE_10328167,12.3906438,-1.5013325,131
SHAPE_10328167,12.39601,-1.4984147,132
SHAPE_10328167,12.3961393,-1.4982614,133
SHAPE_10328167,12.396286,-1.4980904,134
SHAPE_10328167,12.39601,-1.4984147,135
SHAPE_10328167,12.3959607,-1.4984522,136
SHAPE_10328167,12.3957093,-1.4986239,137
SHAPE_10328167,12.3955403,-1.4987419,138
SHAPE_10328167,12.3953687,-1.4988559,139
SHAPE_10328167,12.3951906,-1.4989673,140
SHAPE_10328167,12.3949726,-1.4991027,141
SHAPE_10328167,12.3948149,-1.4991931,142
SHAPE_10328167,12.3947478,-1.4992315,143
SHAPE_10328167,12.3944858,-1.4993736,144
SHAPE_10328167,12.394375,-1.4994254,145
SHAPE_10328167,12.3940182,-1.4995962,146
SHAPE_10328167,12.3938087,-1.4996954,147
SHAPE_10328167,12.3934982,-1.4998509,148
SHAPE_10328167,12.3933764,-1.4999207,149
SHAPE_10328167,12.3930629,-1.5000777,150
SHAPE_10328167,12.3928049,-1.5002078,151
SHAPE_10328167,12.3920294,-1.5006141,152
SHAPE_10328167,12.3918002,-1.5007416,153
SHAPE_10328167,12.391381,-1.5009615,154
SHAPE_10328167,12.3911086,-1.5010983,155
SHAPE_10328167,12.3908335,-1.5012391,156
SHAPE_10328167,12.3906438,-1.5013325,157
SHAPE_10328167,12.39601,-1.4984147,158
SHAPE_10328167,12.3961875,-1.4983376,159
SHAPE_10328167,12.3964021,-1.4982635,160
SHAPE_10328167,12.3964811,-1.4979531,161
SHAPE_10328167,12.3968248,-1.4977442,162
SHAPE_10328167,12.3964811,-1.4979531,163
SHAPE_10328167,12.3964368,-1.497948,164
SHAPE_10328167,12.3963929,-1.4979559,165
SHAPE_10328167,12.3963529,-1.4979761,166
SHAPE_10328167,12.3963201,-1.498007,167
SHAPE_10328167,12.3962972,-1.4980462,168
SHAPE_10328167,12.396286,-1.4980904,169
SHAPE_10328167,12.3962873,-1.498136,170
SHAPE_10328167,12.3963012,-1.4981794,171
SHAPE_10328167,12.3963265,-1.498217,172
SHAPE_10328167,12.396361,-1.4982458,173
SHAPE_10328167,12.3964021,-1.4982635,174
SHAPE_10328167,12.3964464,-1.4982686,175
SHAPE_10328167,12.3964904,-1.4982607,176
SHAPE_10328167,12.3965303,-1.4982405,177
SHAPE_10328167,12.3965631,-1.4982095,178
SHAPE_10328167,12.396586,-1.4981704,179
SHAPE_10328167,12.3965973,-1.4981262,180
SHAPE_10328167,12.3965959,-1.4980806,181
SHAPE_10328167,12.396582,-1.4980372,182
SHAPE_10328167,12.3965568,-1.4979996,183
SHAPE_10328167,12.3965222,-1.4979708,184
SHAPE_10328167,12.3964811,-1.4979531,185
SHAPE_10328167,12.3965959,-1.4980806,186
SHAPE_10328167,12.3968248,-1.4977442,187
SHAPE_10328167,12.3968635,-1.497708,188
SHAPE_10328167,12.3969846,-1.497606,189
SHAPE_10328167,12.397164,-1.4974317,190
SHAPE_10328167,12.3973762,-1.4972158,191
SHAPE_10328167,12.3976198,-1.4969542,192
SHAPE_10328167,12.3978425,-1.4966941,193
SHAPE_10328167,12.3979374,-1.4965815,194
SHAPE_10328167,12.3980758,-1.4964136,195
SHAPE_10328167,12.3983434,-1.496104,196
SHAPE_10328167,12.398466,-1.4959619,197
SHAPE_10328167,12.3990218,-1.495294,198
SHAPE_10328167,12.3991654,-1.495121,199
SHAPE_10328167,12.3993414,-1.4949104,200
SHAPE_10328167,12.3998523,-1.4942962,201
SHAPE_10328167,12.4002465,-1.4938255,202
SHAPE_10328167,12.4005713,-1.4934271,203
SHAPE_10328167,12.4009303,-1.4929966,204
SHAPE_10328167,12.401083,-1.4928183,205
SHAPE_10328167,12.4012537,-1.4926212,206
SHAPE_10328167,12.4013012,-1.4925672,207
SHAPE_10328167,12.4015553,-1.4922624,208
SHAPE_10328167,12.401655,-1.4921295,209
SHAPE_10328167,12.4018204,-1.4919279,210
SHAPE_10328167,12.4021204,-1.4915738,211
SHAPE_10328167,12.4024214,-1.4912186,212
SHAPE_10328167,12.4028295,-1.4907315,213
SHAPE_10328167,12.4032486,-1.4902232,214
SHAPE_10328167,12.4034944,-1.4899215,215
SHAPE_10328167,12.4036712,-1.4897163,216
SHAPE_10328167,12.4038222,-1.4895405,217
SHAPE_10328167,12.4041078,-1.4891892,218
SHAPE_10328167,12.4041931,-1.4890967,219
SHAPE_10328167,12.4043266,-1.4889337,220
SHAPE_10328167,12.4045676,-1.4886542,221
SHAPE_10328167,12.4050114,-1.4881137,222
SHAPE_10328167,12.4054238,-1.4876246,223
SHAPE_10328167,12.405983,-1.486951,224
SHAPE_10328167,12.4066306,-1.4861845,225
SHAPE_10328167,12.4073661,-1.4853168,226
SHAPE_10328167,12.4080865,-1.4844625,227
SHAPE_10328167,12.4084485,-1.484043,228
SHAPE_10328167,12.4088023,-1.483625,229
SHAPE_10328167,12.4089745,-1.4834138,230
SHAPE_10328167,12.4092142,-1.4831288,231
SHAPE_10328167,12.4093252,-1.4829954,232
SHAPE_10328167,12.4094519,-1.4828431,233
SHAPE_10328167,12.4101893,-1.4819667,234
SHAPE_10328167,12.4106836,-1.4813656,235
SHAPE_10328167,12.4110342,-1.480949,236
SHAPE_10328167,12.4112325,-1.4807135,237
SHAPE_10328167,12.4112574,-1.4806835,238
SHAPE_10328167,12.4117726,-1.480063,239
SHAPE_10328167,12.4127238,-1.4789211,240
SHAPE_10328167,12.4128046,-1.4787716,241
SHAPE_10328167,12.4129061,-1.47861,242
SHAPE_10328167,12.4131672,-1.4782752,243
SHAPE_10328167,12.413199,-1.4782309,244
SHAPE_10328167,12.4132644,-1.478158,245
SHAPE_10328167,12.4133236,-1.4780588,246
SHAPE_10328167,12.4133511,-1.4780004,247
SHAPE_10328167,12.4133717,-1.4779044,248
SHAPE_10328167,12.4133631,-1.4778828,249
SHAPE_10328167,12.4133563,-1.4778605,250
SHAPE_10328167,12.41335,-1.4778289,251
SHAPE_10328167,12.4133475,-1.4777902,252
SHAPE_10328167,12.4133503,-1.4777515,253
SHAPE_10328167,12.4133586,-1.4777137,254
SHAPE_10328167,12.4133721,-1.4776774,255
SHAPE_10328167,12.4133905,-1.4776435,256
SHAPE_10328167,12.4134135,-1.4776127,257
SHAPE_10328167,12.4134406,-1.4775855,258
SHAPE_10328167,12.4134712,-1.4775626,259
SHAPE_10328167,12.4135047,-1.4775445,260
SHAPE_10328167,12.4135404,-1.4775314,261
SHAPE_10328167,12.4135775,-1.4775237,262
SHAPE_10328167,12.4136153,-1.4775216,263
SHAPE_10328167,12.4136531,-1.477525,264
SHAPE_10328167,12.4136688,-1.4775281,265
SHAPE_10328167,12.4136855,-1.4775326,266
SHAPE_10328167,12.4137856,-1.4774728,267
SHAPE_10328167,12.413827,-1.4774465,268
SHAPE_10328167,12.4138672,-1.4774178,269
SHAPE_10328167,12.4139139,-1.477367,270
SHAPE_10328167,12.4144948,-1.4766727,271
SHAPE_10328167,12.4146366,-1.476514,272
SHAPE_10328167,12.4150147,-1.476075,273
SHAPE_10328167,12.4153758,-1.4756399,274
SHAPE_10328167,12.4155538,-1.4754255,275
SHAPE_10328167,12.4156268,-1.4753428,276
SHAPE_10328167,12.4162369,-1.474602,277
SHAPE_10328167,12.4169324,-1.4737657,278
SHAPE_10328167,12.4173762,-1.4732245,279
SHAPE_10328167,12.4176784,-1.472856,280
SHAPE_10328167,12.4180222,-1.4724537,281
SHAPE_10328167,12.4181729,-1.4722792,282
SHAPE_10328167,12.4183113,-1.472103,283
SHAPE_10328167,12.4189968,-1.4712793,284
SHAPE_10328167,12.419091,-1.4711661,285
SHAPE_10328167,12.4195884,-1.4705854,286
SHAPE_10328167,12.4198531,-1.4702689,287
SHAPE_10328167,12.4199903,-1.4701,288
SHAPE_10328167,12.4208104,-1.4691505,289
SHAPE_10328167,12.4209152,-1.4690177,290
SHAPE_10328167,12.421054,-1.4688487,291
SHAPE_10328167,12.4213678,-1.4684719,292
SHAPE_10328167,12.4214409,-1.4684041,293
SHAPE_10328167,12.4216882,-1.4681205,294
SHAPE_10328167,12.4218259,-1.4679575,295
SHAPE_10328167,12.4222004,-1.4675149,296
SHAPE_10328167,12.42249,-1.4671519,297
SHAPE_10328167,12.4225942,-1.4670213,298
SHAPE_10328167,12.4228705,-1.4666633,299
SHAPE_10328167,12.4231308,-1.4663262,300
SHAPE_10328167,12.4235821,-1.4658064,301
SHAPE_10328167,12.4236417,-1.465726,302
SHAPE_10328167,12.423902,-1.4654201,303
SHAPE_10328167,12.4239618,-1.4653564,304
SHAPE_10328167,12.4242468,-1.4650186,305
SHAPE_10328167,12.4242933,-1.4649635,306
SHAPE_10328167,12.4249063,-1.4642319,307
SHAPE_10328167,12.4250621,-1.4640388,308
SHAPE_10328167,12.4252381,-1.4638255,309
SHAPE_10328167,12.4259128,-1.4630345,310
SHAPE_10328167,12.4260457,-1.4628788,311
SHAPE_10328167,12.4263682,-1.4625138,312
SHAPE_10328167,12.4264889,-1.462373,313
SHAPE_10328167,12.4266033,-1.4622397,314
SHAPE_10328167,12.4267071,-1.462117,315
SHAPE_10328167,12.4276005,-1.4610655,316
SHAPE_10328167,12.4280387,-1.4605763,317
SHAPE_10328167,12.4281803,-1.4604073,318
SHAPE_10328167,12.4298785,-1.4584229,319
SHAPE_10328167,12.4299846,-1.4582964,320
SHAPE_10328167,12.4301383,-1.4581239,321
SHAPE_10328167,12.4306271,-1.4575164,322
SHAPE_10328167,12.431004,-1.457074,323
SHAPE_10328167,12.4313111,-1.4567031,324
SHAPE_10328167,12.43143,-1.4565595,325
SHAPE_10328167,12.4315738,-1.4563744,326
SHAPE_10328167,12.4320897,-1.455769,327
SHAPE_10328167,12.432211,-1.4556237,328
SHAPE_10328167,12.4322589,-1.4555664,329
SHAPE_10328167,12.4323554,-1.4554392,330
SHAPE_10328167,12.4332195,-1.4544344,331
SHAPE_10328167,12.433271,-1.4543714,332
SHAPE_10328167,12.4333653,-1.4542557,333
SHAPE_10328167,12.4334711,-1.454127,334
SHAPE_10328167,12.4337427,-1.4537964,335
SHAPE_10328167,12.4343582,-1.4530592,336
SHAPE_10328167,12.4345752,-1.4527751,337
SHAPE_10328167,12.4347023,-1.4526253,338
SHAPE_10328167,12.4347859,-1.4525231,339
SHAPE_10328167,12.4349448,-1.4523425,340
SHAPE_10328167,12.4357176,-1.4514044,341
SHAPE_10328167,12.435982,-1.4511165,342
SHAPE_10328167,12.4361119,-1.4509544,343
SHAPE_10328167,12.436248,-1.4507828,344
SHAPE_10328167,12.4367754,-1.4501536,345
SHAPE_10328167,12.437203,-1.4496386,346
SHAPE_10328167,12.4378126,-1.4489032,347
SHAPE_10328167,12.4379251,-1.4487675,348
SHAPE_10328167,12.43801,-1.4486655,349
SHAPE_10328167,12.4380712,-1.4485857,350
SHAPE_10328167,12.4389391,-1.4475439,351
SHAPE_10328167,12.4395267,-1.4467751,352
SHAPE_10328167,12.4395699,-1.4467186,353
SHAPE_10328167,12.4396528,-1.4466173,354
SHAPE_10328167,12.43979,-1.4464566,355
SHAPE_10328167,12.4410104,-1.4450263,356
SHAPE_10328167,12.4415245,-1.4444237,357
SHAPE_10328167,12.4419695,-1.4439021,358
SHAPE_10328167,12.4420883,-1.4437628,359
SHAPE_10328167,12.4424032,-1.443386,360
SHAPE_10328167,12.4427129,-1.4430059,361
SHAPE_10328167,12.4427992,-1.4428944,362
SHAPE_10328167,12.4430614,-1.4425712,363
SHAPE_10328167,12.4433053,-1.4422851,364
SHAPE_10328167,12.4435922,-1.4419485,365
SHAPE_10328167,12.4438391,-1.4416549,366
SHAPE_10328167,12.4440957,-1.4413579,367
SHAPE_10328167,12.4444819,-1.4408906,368
SHAPE_10328167,12.4449738,-1.4403057,369
SHAPE_10328167,12.4451451,-1.4401019,370
SHAPE_10328167,12.4452892,-1.4399306,371
SHAPE_10328167,12.4455051,-1.4396738,372
SHAPE_10328167,12.4456152,-1.439543,373
SHAPE_10328167,12.4457634,-1.4393666,374
SHAPE_10328167,12.4459677,-1.4391238,375
SHAPE_10328167,12.4460854,-1.4389838,376
SHAPE_10328167,12.4461629,-1.4388916,377
SHAPE_10328167,12.4463044,-1.4387234,378
SHAPE_10328167,12.4464239,-1.4385961,379
SHAPE_10328167,12.446618,-1.4383922,380
SHAPE_10328167,12.4467391,-1.4382602,381
SHAPE_10328167,12.4469624,-1.4380442,382
SHAPE_10328167,12.4471019,-1.4379192,383
SHAPE_10328167,12.4473265,-1.4377184,384
SHAPE_10328167,12.447589,-1.4374931,385
SHAPE_10328167,12.4477842,-1.4373174,386
SHAPE_10328167,12.4480815,-1.4370719,387
SHAPE_10328167,12.4482327,-1.4369566,388
SHAPE_10328167,12.4483747,-1.4368479,389
SHAPE_10328167,12.4485974,-1.4366824,390
SHAPE_10328167,12.44915,-1.4362666,391
SHAPE_10328167,12.4494486,-1.4360373,392
SHAPE_10328167,12.4497446,-1.4358053,393
SHAPE_10328167,12.4502959,-1.4353761,394
SHAPE_10328167,12.4505775,-1.4351629,395
SHAPE_10328167,12.4508614,-1.4349424,396
SHAPE_10328167,12.4510445,-1.4347955,397
SHAPE_10328167,12.4515321,-1.4344394,398
SHAPE_10328167,12.4520459,-1.4340655,399
SHAPE_10328167,12.4526191,-1.4336072,400
SHAPE_10328167,12.4529019,-1.4333886,401
SHAPE_10328167,12.4531758,-1.4331755,402
SHAPE_10328167,12.4560496,-1.4309534,403
SHAPE_10328167,12.4569846,-1.4302304,404
SHAPE_10328167,12.4574398,-1.4298921,405
SHAPE_10328167,12.4578808,-1.4295544,406
SHAPE_10328167,12.4583143,-1.4292137,407
SHAPE_10328167,12.4594509,-1.428342,408
SHAPE_10328167,12.460018,-1.4279088,409
SHAPE_10328167,12.4605704,-1.4274845,410
SHAPE_10328167,12.4609269,-1.4272196,411
SHAPE_10328167,12.4614586,-1.426801,412
SHAPE_10328167,12.4618094,-1.4265248,413
SHAPE_10328167,12.4621341,-1.4262754,414
SHAPE_10328167,12.4623879,-1.4260524,415
SHAPE_10328167,12.4630414,-1.425478,416
SHAPE_10328167,12.4649908,-1.4236863,417
SHAPE_10328167,12.4651389,-1.4235804,418
SHAPE_10328167,12.4652891,-1.4234983,419
SHAPE_10328167,12.4656062,-1.4234085,420
SHAPE_10328167,12.4656111,-1.4233342,421
SHAPE_10328167,12.4656368,-1.4232645,422
SHAPE_10328167,12.4656685,-1.4232186,423
SHAPE_10328167,12.4657092,-1.4231809,424
SHAPE_10328167,12.4657569,-1.4231532,425
SHAPE_10328167,12.4658177,-1.4231355,426
SHAPE_10328167,12.4658808,-1.4231339,427
SHAPE_10328167,12.4659423,-1.4231485,428
SHAPE_10328167,12.4660331,-1.4230021,429
SHAPE_10328167,12.4661144,-1.422841,430
SHAPE_10328167,12.4662184,-1.4227352,431
SHAPE_10328167,12.4663082,-1.422644,432
SHAPE_10328167,12.4671178,-1.4220769,433
SHAPE_10328167,12.4672421,-1.4219899,434
SHAPE_10328167,12.4682799,-1.4213058,435
SHAPE_10328167,12.4696107,-1.4204104,436
SHAPE_10328167,12.4699753,-1.420165,437
SHAPE_10328167,12.4702747,-1.4199265,438
SHAPE_10328167,12.4706856,-1.4196057,439
SHAPE_10328167,12.4711232,-1.419264,440
SHAPE_10328167,12.4719109,-1.4186527,441
SHAPE_10328167,12.4722205,-1.4184124,442
SHAPE_10328167,12.4727003,-1.4180297,443
SHAPE_10328167,12.4729106,-1.417862,444
SHAPE_10328167,12.4732435,-1.417601,445
SHAPE_10328167,12.4736727,-1.4172644,446
SHAPE_10328167,12.4765522,-1.4149859,447
SHAPE_10328167,12.4775041,-1.4142617,448
SHAPE_10328167,12.4789537,-1.4131191,449
SHAPE_10328167,12.4805216,-1.4118987,450
SHAPE_10328167,12.481298,-1.4113006,451
SHAPE_10328167,12.4818315,-1.4108849,452
SHAPE_10328167,12.482923,-1.4100346,453
SHAPE_10328167,12.4842774,-1.408965,454
SHAPE_10328167,12.4845004,-1.4087888,455
SHAPE_10328167,12.4849744,-1.4084145,456
SHAPE_10328167,12.4856108,-1.4079173,457
SHAPE_10328167,12.4878865,-1.4059443,458
SHAPE_10328167,12.4882975,-1.4055955,459
SHAPE_10328167,12.4885186,-1.4054133,460
SHAPE_10328167,12.488669,-1.4052895,461
SHAPE_10328167,12.4887962,-1.4051847,462
SHAPE_10328167,12.4889749,-1.4050375,463
SHAPE_10328167,12.4893047,-1.4047496,464
SHAPE_10328167,12.4897593,-1.4043202,465
SHAPE_10328167,12.489864,-1.404208,466
SHAPE_10328167,12.4902236,-1.4037864,467
SHAPE_10328167,12.4906261,-1.4033103,468
SHAPE_10328167,12.4920999,-1.4014676,469
SHAPE_10328167,12.4927834,-1.4006307,470
SHAPE_10328167,12.4934931,-1.399751,471
SHAPE_10328167,12.4939671,-1.3991689,472
SHAPE_10328167,12.4940881,-1.3990236,473
SHAPE_10328167,12.494259,-1.3988183,474
SHAPE_10328167,12.4943886,-1.39867,475
SHAPE_10328167,12.4950172,-1.3978761,476
SHAPE_10328167,12.4953942,-1.397447,477
SHAPE_10328167,12.4955199,-1.3973102,478
SHAPE_10328167,12.4956718,-1.39716,479
SHAPE_10328167,12.4958132,-1.3970151,480
SHAPE_10328167,12.4960175,-1.39683,481
SHAPE_10328167,12.4964011,-1.3965045,482
SHAPE_10328167,12.4967503,-1.396263,483
SHAPE_10328167,12.4970746,-1.3960388,484
SHAPE_10328167,12.4973339,-1.3958807,485
SHAPE_10328167,12.4978401,-1.3955721,486
SHAPE_10328167,12.4982933,-1.3953239,487
SHAPE_10328167,12.4984083,-1.3952609,488
SHAPE_10328167,12.4987985,-1.3950464,489
SHAPE_10328167,12.4993877,-1.3947326,490
SHAPE_10328167,12.4998172,-1.3944858,491
SHAPE_10328167,12.5001681,-1.3942927,492
SHAPE_10328167,12.5005582,-1.3940781,493
SHAPE_10328167,12.5006585,-1.3940251,494
SHAPE_10328167,12.5009746,-1.3938582,495
SHAPE_10328167,12.5012331,-1.3937154,496
SHAPE_10328167,12.5017052,-1.3934585,497
SHAPE_10328167,12.5022019,-1.3931152,498
SHAPE_10328167,12.502584,-1.3928435,499
SHAPE_10328167,12.5034387,-1.3920477,500
SHAPE_10328167,12.5043099,-1.3910285,501
SHAPE_10328167,12.5047319,-1.3904764,502
SHAPE_10328167,12.5050258,-1.3900918,503
SHAPE_10328167,12.5050533,-1.3900586,504
SHAPE_10328167,12.5053646,-1.3896816,505
SHAPE_10328167,12.5055023,-1.3895149,506
SHAPE_10328167,12.508253,-1.3861441,507
SHAPE_10328167,12.5091411,-1.3850334,508
SHAPE_10328167,12.5093948,-1.3847176,509
SHAPE_10328167,12.5094274,-1.384677,510
SHAPE_10328167,12.509924,-1.3840667,511
SHAPE_10328167,12.5128144,-1.3805142,512
SHAPE_10328167,12.5136144,-1.3795057,513
SHAPE_10328167,12.5143763,-1.3785669,514
SHAPE_10328167,12.5144572,-1.3784649,515
SHAPE_10328167,12.5146932,-1.3781672,516
SHAPE_10328167,12.5149902,-1.3778186,517
SHAPE_10328167,12.5153243,-1.3774206,518
SHAPE_10328167,12.515698,-1.3769878,519
SHAPE_10328167,12.5161674,-1.3763809,520
SHAPE_10328167,12.5162047,-1.3763355,521
SHAPE_10328167,12.5162393,-1.3762934,522
SHAPE_10328167,12.5164998,-1.3759765,523
SHAPE_10328167,12.5169059,-1.3754683,524
SHAPE_10328167,12.5172466,-1.3750608,525
SHAPE_10328167,12.5181836,-1.3739025,526
SHAPE_10328167,12.5183283,-1.3737196,527
SHAPE_10328167,12.5186937,-1.3732575,528
SHAPE_10328167,12.5192042,-1.3726394,529
SHAPE_10328167,12.5194308,-1.3723739,530
SHAPE_10328167,12.5198751,-1.3718533,531
SHAPE_10328167,12.5204695,-1.3712203,532
SHAPE_10328167,12.5208872,-1.3707849,533
SHAPE_10328167,12.521221,-1.3704371,534
SHAPE_10328167,12.5213973,-1.3702643,535
SHAPE_10328167,12.5215909,-1.3700745,536
SHAPE_10328167,12.522559,-1.3691255,537
SHAPE_10328167,12.5226811,-1.3689865,538
SHAPE_10328167,12.5227526,-1.3687997,539
SHAPE_10328167,12.5228019,-1.3686336,540
SHAPE_10328167,12.5228009,-1.3685777,541
SHAPE_10328167,12.5228129,-1.3685231,542
SHAPE_10328167,12.5228372,-1.368473,543
SHAPE_10328167,12.5228725,-1.3684304,544
SHAPE_10328167,12.5229167,-1.3683975,545
SHAPE_10328167,12.5229673,-1.3683764,546
SHAPE_10328167,12.5229895,-1.3683731,547
SHAPE_10328167,12.5230213,-1.3683683,548
SHAPE_10328167,12.5230757,-1.3683735,549
SHAPE_10328167,12.5231273,-1.3683919,550
SHAPE_10328167,12.5232638,-1.3683088,551
SHAPE_10328167,12.5234637,-1.3681555,552
SHAPE_10328167,12.5236416,-1.3679808,553
SHAPE_10328167,12.5241265,-1.3674846,554
SHAPE_10328167,12.5246665,-1.3669499,555
SHAPE_10328167,12.5256225,-1.3659659,556
SHAPE_10328167,12.526099,-1.3654697,557
SHAPE_10328167,12.5261058,-1.3654627,558
SHAPE_10328167,12.5264423,-1.3651132,559
SHAPE_10328167,12.5288214,-1.3626423,560
SHAPE_10328167,12.5299244,-1.3615349,561
SHAPE_10328167,12.5301981,-1.3612392,562
SHAPE_10328167,12.5318934,-1.3595232,563
SHAPE_10328167,12.5331423,-1.3582449,564
SHAPE_10328167,12.5339185,-1.3574505,565
SHAPE_10328167,12.5344681,-1.356888,566
SHAPE_10328167,12.534598,-1.356755,567
SHAPE_10328167,12.5351904,-1.3561472,568
SHAPE_10328167,12.5372424,-1.3540419,569
SHAPE_10328167,12.5401742,-1.351077,570
SHAPE_10328167,12.5403675,-1.3508613,571
SHAPE_10328167,12.5407738,-1.3503595,572
SHAPE_10328167,12.5411383,-1.3498533,573
SHAPE_10328167,12.5413899,-1.3493955,574
SHAPE_10328167,12.5415202,-1.3491585,575
SHAPE_10328167,12.5415752,-1.3490584,576
SHAPE_10328167,12.5416797,-1.3488469,577
SHAPE_10328167,12.5422037,-1.347787,578
SHAPE_10328167,12.5445645,-1.3429402,579
SHAPE_10328167,12.5448362,-1.3423823,580
SHAPE_10328167,12.5448852,-1.3422815,581
SHAPE_10328167,12.5473546,-1.3371503,582
SHAPE_10328167,12.5477915,-1.3362424,583
SHAPE_10328167,12.5480843,-1.3356339,584
SHAPE_10328167,12.5481247,-1.3355515,585
SHAPE_10328167,12.5485544,-1.3346751,586
SHAPE_10328167,12.5489878,-1.333791,587
SHAPE_10328167,12.5490097,-1.3337463,588
SHAPE_10328167,12.549174,-1.3334131,589
SHAPE_10328167,12.5493807,-1.3330376,590
SHAPE_10328167,12.5494642,-1.3328941,591
SHAPE_10328167,12.5495379,-1.3327735,592
SHAPE_10328167,12.5495983,-1.3326824,593
SHAPE_10328167,12.5496768,-1.3325644,594
SHAPE_10328167,12.549794,-1.3323981,595
SHAPE_10328167,12.5498837,-1.3322733,596
SHAPE_10328167,12.5499589,-1.3321676,597
SHAPE_10328167,12.549991,-1.3321225,598
SHAPE_10328167,12.5501082,-1.3319696,599
SHAPE_10328167,12.5502626,-1.3317744,600
SHAPE_10328167,12.5503733,-1.331647,601
SHAPE_10328167,12.5504232,-1.3315877,602
SHAPE_10328167,12.5505081,-1.3314868,603
SHAPE_10328167,12.5506554,-1.3313372,604
SHAPE_10328167,12.5507869,-1.3312005,605
SHAPE_10328167,12.5509479,-1.3310429,606
SHAPE_10328167,12.5510803,-1.3309205,607
SHAPE_10328167,12.5511372,-1.3308679,608
SHAPE_10328167,12.5514182,-1.3306081,609
SHAPE_10328167,12.552402,-1.3296985,610
SHAPE_10328167,12.5528814,-1.3292552,611
SHAPE_10328167,12.5531352,-1.3290362,612
SHAPE_10328167,12.5532257,-1.3289581,613
SHAPE_10328167,12.5535098,-1.3287167,614
SHAPE_10328167,12.5537162,-1.3285532,615
SHAPE_10328167,12.5538102,-1.3284787,616
SHAPE_10328167,12.5541577,-1.3281957,617
SHAPE_10328167,12.5575867,-1.3254616,618
SHAPE_10328167,12.5586427,-1.3246249,619
SHAPE_10328167,12.5600223,-1.3235215,620
SHAPE_10328167,12.5602781,-1.3233169,621
SHAPE_10328167,12.5625422,-1.3215062,622
SHAPE_10328167,12.5633667,-1.3208108,623
SHAPE_10328167,12.5636654,-1.3205513,624
SHAPE_10328167,12.563906,-1.3203398,625
SHAPE_10328167,12.5641059,-1.3201636,626
SHAPE_10328167,12.5643542,-1.319941,627
SHAPE_10328167,12.564624,-1.3197067,628
SHAPE_10328167,12.5648947,-1.3194512,629
SHAPE_10328167,12.5651216,-1.3192456,630
SHAPE_10328167,12.567064,-1.3174479,631
SHAPE_10328167,12.569099,-1.3156033,632
SHAPE_10328167,12.5692751,-1.3154438,633
SHAPE_10328167,12.5709503,-1.3139253,634
SHAPE_10328167,12.5727896,-1.3122401,635
SHAPE_10328167,12.5729261,-1.3121299,636
SHAPE_10328167,12.5730896,-1.3120079,637
SHAPE_10328167,12.5734517,-1.3117471,638
SHAPE_10328167,12.5739088,-1.3114405,639
SHAPE_10328167,12.5742507,-1.3112362,640
SHAPE_10328167,12.5746156,-1.3110267,641
SHAPE_10328167,12.5749614,-1.3108282,642
SHAPE_10328167,12.575326,-1.3106379,643
SHAPE_10328167,12.5754844,-1.3105552,644
SHAPE_10328167,12.575921,-1.310312,645
SHAPE_10328167,12.5777541,-1.309307,646
SHAPE_10328167,12.5792581,-1.3084891,647
SHAPE_10328167,12.5793207,-1.3084544,648
SHAPE_10328167,12.5800377,-1.3080636,649
SHAPE_10328167,12.580575,-1.3077776,650
SHAPE_10328167,12.5813953,-1.3073101,651
SHAPE_10328167,12.5818492,-1.3070617,652
SHAPE_10328167,12.582142,-1.3069047,653
SHAPE_10328167,12.5825641,-1.3066783,654
SHAPE_10328167,12.5828708,-1.3065113,655
SHAPE_10328167,12.5830093,-1.3064264,656
SHAPE_10328167,12.5836306,-1.3061019,657
SHAPE_10328167,12.5843663,-1.3056933,658
SHAPE_10328167,12.5850535,-1.3053152,659
SHAPE_10328167,12.5853293,-1.3051415,660
SHAPE_10328167,12.5855426,-1.3050072,661
SHAPE_10328167,12.5858422,-1.3047856,662
SHAPE_10328167,12.5860686,-1.3046023,663
SHAPE_10328167,12.586439,-1.3042512,664
SHAPE_10328167,12.5866764,-1.3039918,665
SHAPE_10328167,12.5869358,-1.3036706,666
SHAPE_10328167,12.58718,-1.3033369,667
SHAPE_10328167,12.5874213,-1.3029451,668
SHAPE_10328167,12.5877411,-1.3024279,669
SHAPE_10328167,12.5880872,-1.3018744,670
SHAPE_10328167,12.5882382,-1.3016329,671
SHAPE_10328167,12.5883555,-1.3014469,672
SHAPE_10328167,12.5884592,-1.3012809,673
SHAPE_10328167,12.5887598,-1.30078,674
SHAPE_10328167,12.5897885,-1.2991042,675
SHAPE_10328167,12.5899313,-1.2988585,676
SHAPE_10328167,12.590261,-1.2983603,677
SHAPE_10328167,12.5905678,-1.2978513,678
SHAPE_10328167,12.5908342,-1.2974164,679
SHAPE_10328167,12.5909285,-1.2972627,680
SHAPE_10328167,12.591414,-1.2964702,681
SHAPE_10328167,12.5920716,-1.2954266,682
SHAPE_10328167,12.5927206,-1.2943245,683
SHAPE_10328167,12.5929854,-1.2938342,684
SHAPE_10328167,12.5930828,-1.2936375,685
SHAPE_10328167,12.5931921,-1.2934201,686
SHAPE_10328167,12.5933151,-1.2931825,687
SHAPE_10328167,12.5935961,-1.292574,688
SHAPE_10328167,12.5937425,-1.2922171,689
SHAPE_10328167,12.5938849,-1.2918955,690
SHAPE_10328167,12.5944725,-1.2906254,691
SHAPE_10328167,12.593648,-1.2900844,692
SHAPE_10328167,12.592468,-1.2892561,693
SHAPE_10328167,12.5921779,-1.2890529,694
SHAPE_10328167,12.5919875,-1.2889188,695
SHAPE_10328167,12.5917778,-1.2887692,696
SHAPE_10328167,12.5910901,-1.2882888,697
SHAPE_10328167,12.5906087,-1.287951,698
SHAPE_10328167,12.5891272,-1.286919,699
SHAPE_10328167,12.5902534,-1.2852091,700
SHAPE_10328167,12.5909169,-1.2840714,701
SHAPE_10328167,12.5910098,-1.2839121,702
SHAPE_10328167,12.5912803,-1.283448,703
SHAPE_10328167,12.5914775,-1.2830682,704
SHAPE_10328167,12.5921364,-1.2818003,705
SHAPE_10328167,12.5924344,-1.2812127,706
SHAPE_10328167,12.5923777,-1.2811215,707
SHAPE_10328167,12.5912204,-1.2807807,708
SHAPE_10328167,12.591054,-1.2806695,709
SHAPE_10328167,12.5909713,-1.2805819,710
SHAPE_10328167,12.590837,-1.2801507,711
SHAPE_10328167,12.5907752,-1.27993,712
SHAPE_10328167,12.5906702,-1.2795655,713
SHAPE_10399450,12.332849,-1.5201719,1
SHAPE_10399450,12.3326877,-1.520183,2
SHAPE_10399450,12.332849,-1.5201719,3
SHAPE_10399450,12.3328524,-1.5200477,4
SHAPE_10399450,12.332857,-1.5199324,5
SHAPE_10399450,12.3328747,-1.5179694,6
SHAPE_10399450,12.3328724,-1.5178276,7
SHAPE_10399450,12.3329075,-1.516945,8
SHAPE_10399450,12.3329102,-1.5168572,9
SHAPE_10399450,12.3329029,-1.5165262,10
SHAPE_10399450,12.3328935,-1.5162795,11
SHAPE_10399450,12.3328881,-1.5159882,12
SHAPE_10399450,12.3329005,-1.5157593,13
SHAPE_10399450,12.3329011,-1.5156902,14
SHAPE_10399450,12.3329027,-1.515555,15
SHAPE_10399450,12.3329041,-1.5154561,16
SHAPE_10399450,12.332906,-1.5153377,17
SHAPE_10399450,12.3329083,-1.5149536,18
SHAPE_10399450,12.3329105,-1.5147917,19
SHAPE_10399450,12.3329068,-1.5146595,20
SHAPE_10399450,12.3328956,-1.5145764,21
SHAPE_10399450,12.3328786,-1.5145013,22
SHAPE_10399450,12.3328491,-1.5144161,23
SHAPE_10399450,12.3328099,-1.5142887,24
SHAPE_10399450,12.3327881,-1.5142618,25
SHAPE_10399450,12.3327737,-1.5142302,26
SHAPE_10399450,12.3327675,-1.5141959,27
SHAPE_10399450,12.3327701,-1.5141611,28
SHAPE_10399450,12.3327811,-1.514128,29
SHAPE_10399450,12.3328,-1.5140989,30
SHAPE_10399450,12.3328276,-1.5140742,31
SHAPE_10399450,12.3328773,-1.5139528,32
SHAPE_10399450,12.3329006,-1.5138238,33
SHAPE_10399450,12.3329087,-1.5137335,34
SHAPE_10399450,12.332909,-1.5136376,35
SHAPE_10399450,12.332911,-1.5135471,36
SHAPE_10399450,12.332921,-1.5129341,37
SHAPE_10399450,12.3329489,-1.5093628,38
SHAPE_10399450,12.3329204,-1.508451,39
SHAPE_10399450,12.3329028,-1.5075775,40
SHAPE_10399450,12.3328997,-1.507007,41
SHAPE_10399450,12.3328937,-1.5067496,42
SHAPE_10399450,12.3328924,-1.5064996,43
SHAPE_10399450,12.3328896,-1.5064391,44
SHAPE_10399450,12.3328858,-1.5060737,45
SHAPE_10399450,12.3328732,-1.5057571,46
SHAPE_10399450,12.3328612,-1.5055417,47
SHAPE_10399450,12.3328425,-1.5053378,48
SHAPE_10399450,12.3328086,-1.5051072,49
SHAPE_10399450,12.332751,-1.5048014,50
SHAPE_10399450,12.3326857,-1.5045224,51
SHAPE_10399450,12.3326013,-1.5042059,52
SHAPE_10399450,12.3325174,-1.5039136,53
SHAPE_10399450,12.3323481,-1.5034053,54
SHAPE_10399450,12.3323262,-1.5033503,55
SHAPE_10399450,12.3321873,-1.5030204,56
SHAPE_10399450,12.3321157,-1.5028601,57
SHAPE_10399450,12.3321021,-1.502833,58
SHAPE_10399450,12.33187,-1.5023307,59
SHAPE_10399450,12.3315297,-1.5016189,60
SHAPE_10399450,12.331275,-1.5011737,61
SHAPE_10399450,12.3311027,-1.5009374,62
SHAPE_10399450,12.3309397,-1.5007326,63
SHAPE_10399450,12.3308872,-1.5006752,64
SHAPE_10399450,12.3308186,-1.5006029,65
SHAPE_10399450,12.3307392,-1.5005177,66
SHAPE_10399450,12.3306457,-1.5004144,67
SHAPE_10399450,12.3305468,-1.5003055,68
SHAPE_10399450,12.3302021,-1.499942,69
SHAPE_10399450,12.3299512,-1.4997033,70
SHAPE_10399450,12.3298791,-1.4996262,71
SHAPE_10399450,12.3297894,-1.4995306,72
SHAPE_10399450,12.3291749,-1.4988718,73
SHAPE_10399450,12.3290411,-1.4987234,74
SHAPE_10399450,12.3286543,-1.4982947,75
SHAPE_10399450,12.3286233,-1.4982603,76
SHAPE_10399450,12.3285298,-1.4981599,77
SHAPE_10399450,12.3284731,-1.4981019,78
SHAPE_10399450,12.3283335,-1.4979491,79
SHAPE_10399450,12.3281736,-1.4977837,80
SHAPE_10399450,12.3279111,-1.4975383,81
SHAPE_10399450,12.327838,-1.497466,82
SHAPE_10399450,12.3275726,-1.4972333,83
SHAPE_10399450,12.3275262,-1.4971944,84
SHAPE_10399450,12.3273831,-1.4970771,85
SHAPE_10399450,12.3270549,-1.4968316,86
SHAPE_10399450,12.3268975,-1.4967074,87
SHAPE_10399450,12.326407,-1.4963113,88
SHAPE_10399450,12.326021,-1.4959751,89
SHAPE_10399450,12.3256553,-1.4956528,90
SHAPE_10399450,12.3248544,-1.4949756,91
SHAPE_10399450,12.3243966,-1.4945779,92
SHAPE_10399450,12.3238461,-1.4941003,93
SHAPE_10399450,12.3232619,-1.4935912,94
SHAPE_10399450,12.3231649,-1.4935068,95
SHAPE_10399450,12.323069,-1.4934307,96
SHAPE_10399450,12.3227544,-1.4931661,97
SHAPE_10399450,12.3217595,-1.4922842,98
SHAPE_10399450,12.3214057,-1.4919985,99
SHAPE_10399450,12.3213289,-1.4919427,100
SHAPE_10399450,12.3212278,-1.4918872,101
SHAPE_10399450,12.3211201,-1.4918558,102
SHAPE_10399450,12.320882,-1.4916585,103
SHAPE_10399450,12.3208254,-1.491544,104
SHAPE_10399450,12.3207683,-1.4914612,105
SHAPE_10399450,12.320712,-1.4913876,106
SHAPE_10399450,12.3189316,-1.4898471,107
SHAPE_10399450,12.3187725,-1.4897121,108
SHAPE_10399450,12.316906,-1.4881071,109
SHAPE_10399450,12.3167441,-1.487966,110
SHAPE_10399450,12.3159731,-1.4873038,111
SHAPE_10399450,12.3155912,-1.4869731,112
SHAPE_10399450,12.3151873,-1.4866283,113
SHAPE_10399450,12.3150383,-1.4865016,114
SHAPE_10399450,12.3147224,-1.486233,115
SHAPE_10399450,12.314588,-1.4861178,116
SHAPE_10399450,12.3144784,-1.4860231,117
SHAPE_10399450,12.3144225,-1.4859735,118
SHAPE_10399450,12.3144143,-1.4859661,119
SHAPE_10399450,12.3141858,-1.4857681,120
SHAPE_10399450,12.3137797,-1.4854126,121
SHAPE_10399450,12.3137333,-1.485372,122
SHAPE_10399450,12.3133718,-1.4850646,123
SHAPE_10399450,12.3131784,-1.4849111,124
SHAPE_10399450,12.3127613,-1.4845348,125
SHAPE_10399450,12.3124989,-1.4843098,126
SHAPE_10399450,12.31227,-1.4841006,127
SHAPE_10399450,12.3120327,-1.4839072,128
SHAPE_10399450,12.3117379,-1.4836497,129
SHAPE_10399450,12.3112371,-1.4832154,130
SHAPE_10399450,12.3109339,-1.4829612,131
SHAPE_10399450,12.3106865,-1.4827482,132
SHAPE_10399450,12.3104447,-1.4825352,133
SHAPE_10399450,12.3101834,-1.482305,134
SHAPE_10399450,12.3100363,-1.4821855,135
SHAPE_10399450,12.3097487,-1.481936,136
SHAPE_10399450,12.3096385,-1.4818403,137
SHAPE_10399450,12.3094731,-1.4816967,138
SHAPE_10399450,12.3093855,-1.4816227,139
SHAPE_10399450,12.3089431,-1.4812454,140
SHAPE_10399450,12.3087738,-1.4810996,141
SHAPE_10399450,12.3086662,-1.4810043,142
SHAPE_10399450,12.3083077,-1.4806909,143
SHAPE_10399450,12.3079296,-1.480367,144
SHAPE_10399450,12.3076889,-1.4801716,145
SHAPE_10399450,12.3071653,-1.4797207,146
SHAPE_10399450,12.3065202,-1.4791638,147
SHAPE_10399450,12.3064651,-1.4791145,148
SHAPE_10399450,12.3060236,-1.4787373,149
SHAPE_10399450,12.3050864,-1.4779219,150
SHAPE_10399450,12.304771,-1.477637,151
SHAPE_10399450,12.3044709,-1.4773353,152
SHAPE_10399450,12.3043124,-1.4771679,153
SHAPE_10399450,12.3041922,-1.4770434,154
SHAPE_10399450,12.3040346,-1.4768789,155
SHAPE_10399450,12.3039443,-1.4767539,156
SHAPE_10399450,12.3036701,-1.4765095,157
SHAPE_10399450,12.3034335,-1.4763042,158
SHAPE_10399450,12.3031041,-1.4760188,159
SHAPE_10399450,12.3028387,-1.4757898,160
SHAPE_10399450,12.3026043,-1.4755894,161
SHAPE_10399450,12.302236,-1.4752717,162
SHAPE_10399450,12.3020986,-1.475154,163
SHAPE_10399450,12.3013353,-1.4745,164
SHAPE_10399450,12.3007672,-1.473995,165
SHAPE_10399450,12.3002521,-1.4735546,166
SHAPE_10399450,12.2999033,-1.4732511,167
SHAPE_10399450,12.2997994,-1.4731592,168
SHAPE_10399450,12.2993771,-1.472801,169
SHAPE_10399450,12.2989643,-1.4724536,170
SHAPE_10399450,12.2981791,-1.4717742,171
SHAPE_10399450,12.2979032,-1.4715346,172
SHAPE_10399450,12.2977321,-1.4713913,173
SHAPE_10399450,12.2973641,-1.4710659,174
SHAPE_10399450,12.297071,-1.4708147,175
SHAPE_10399450,12.2968789,-1.4706486,176
SHAPE_10399450,12.2965055,-1.4703199,177
SHAPE_10399450,12.2960849,-1.4699471,178
SHAPE_10399450,12.2952768,-1.469264,179
SHAPE_10399450,12.2950648,-1.4690874,180
SHAPE_10399450,12.2945846,-1.4686736,181
SHAPE_10399450,12.2942858,-1.4684129,182
SHAPE_10399450,12.2940462,-1.4682022,183
SHAPE_10399450,12.2937702,-1.4679688,184
SHAPE_10399450,12.2936349,-1.467848,185
SHAPE_10399450,12.2935899,-1.4678188,186
SHAPE_10399450,12.2932,-1.4674767,187
SHAPE_10399450,12.2931,-1.467388,188
SHAPE_10399450,12.2926588,-1.4670103,189
SHAPE_10399450,12.2920654,-1.4665008,190
SHAPE_10399450,12.291418,-1.465945,191
SHAPE_10399450,12.290639,-1.4653138,192
SHAPE_10399450,12.290523,-1.4652204,193
SHAPE_10399450,12.2901859,-1.4649227,194
SHAPE_10399450,12.2900173,-1.4647809,195
SHAPE_10399450,12.2899506,-1.4647245,196
SHAPE_10399450,12.2890135,-1.463922,197
SHAPE_10399450,12.2888507,-1.4637834,198
SHAPE_10399450,12.2883845,-1.4633844,199
SHAPE_10399450,12.2879156,-1.4629827,200
SHAPE_10399450,12.287252,-1.462436,201
SHAPE_10399450,12.2865775,-1.4618984,202
SHAPE_10399450,12.2862162,-1.4616161,203
SHAPE_10399450,12.2858437,-1.4613258,204
SHAPE_10399450,12.285307,-1.4609048,205
SHAPE_10399450,12.2852514,-1.4608618,206
SHAPE_10399450,12.2849994,-1.4606588,207
SHAPE_10399450,12.2847796,-1.4604903,208
SHAPE_10399450,12.2845674,-1.4603227,209
SHAPE_10399450,12.2843209,-1.4601268,210
SHAPE_10399450,12.2842933,-1.460105,211
SHAPE_10399450,12.2837628,-1.459687,212
SHAPE_10399450,12.2832491,-1.4592739,213
SHAPE_10399450,12.2825742,-1.4587429,214
SHAPE_10399450,12.2824117,-1.4586195,215
SHAPE_10399450,12.2817814,-1.458126,216
SHAPE_10399450,12.281463,-1.4578679,217
SHAPE_10399450,12.2814355,-1.4578457,218
SHAPE_10399450,12.2813956,-1.4578122,219
SHAPE_10399450,12.2809978,-1.4575037,220
SHAPE_10399450,12.2805012,-1.4571107,221
SHAPE_10399450,12.2797949,-1.4565569,222
SHAPE_10399450,12.2794068,-1.4562578,223
SHAPE_10399450,12.2792814,-1.4561611,224
SHAPE_10399450,12.2787206,-1.4557182,225
SHAPE_10399450,12.2777342,-1.4549361,226
SHAPE_10399450,12.2769132,-1.4542917,227
SHAPE_10399450,12.2763222,-1.4538358,228
SHAPE_10399450,12.2758088,-1.4534248,229
SHAPE_10399450,12.2754835,-1.4531706,230
SHAPE_10399450,12.2751402,-1.452897,231
SHAPE_10399450,12.2742945,-1.4522311,232
SHAPE_10399450,12.2742098,-1.4521647,233
SHAPE_10399450,12.2739857,-1.451985,234
SHAPE_10399450,12.2737537,-1.4518013,235
SHAPE_10399450,12.2735169,-1.4516263,236
SHAPE_10399450,12.2733839,-1.451528,237
SHAPE_10399450,12.2731418,-1.4513392,238
SHAPE_10399450,12.2730787,-1.45129,239
SHAPE_10399450,12.2727773,-1.4510551,240
SHAPE_10399450,12.271885,-1.4503502,241
SHAPE_10399450,12.2711839,-1.4497923,242
SHAPE_10399450,12.2710359,-1.4496824,243
SHAPE_10399450,12.2708589,-1.4495482,244
SHAPE_10399450,12.2707515,-1.4494544,245
SHAPE_10399450,12.2699862,-1.4488643,246
SHAPE_10399450,12.2695979,-1.4485423,247
SHAPE_10399450,12.2692064,-1.4482286,248
SHAPE_10399450,12.2689449,-1.4480279,249
SHAPE_10399450,12.2682737,-1.4475128,250
SHAPE_10399450,12.2679809,-1.4473,251
SHAPE_10399450,12.2676069,-1.446998,252
SHAPE_10399450,12.267528,-1.4469337,253
SHAPE_10399450,12.2671595,-1.4466287,254
SHAPE_10399450,12.2667847,-1.446335,255
SHAPE_10399450,12.2666589,-1.4462411,256
SHAPE_10399450,12.2662015,-1.4458857,257
SHAPE_10399450,12.2660662,-1.4457745,258
SHAPE_10399450,12.2653418,-1.4452004,259
SHAPE_10399450,12.2651819,-1.445072,260
SHAPE_10399450,12.265043,-1.4449715,261
SHAPE_10399450,12.2648307,-1.44479,262
SHAPE_10399450,12.2643982,-1.4444609,263
SHAPE_10399450,12.2643093,-1.4443933,264
SHAPE_10399450,12.2640884,-1.4442285,265
SHAPE_10399450,12.2637189,-1.4439367,266
SHAPE_10399450,12.2632895,-1.4436004,267
SHAPE_10399450,12.2631722,-1.4435105,268
SHAPE_10399450,12.2625981,-1.4430582,269
SHAPE_10399450,12.2621845,-1.4427238,270
SHAPE_10399450,12.2619778,-1.4425611,271
SHAPE_10399450,12.2614588,-1.4421373,272
SHAPE_10399450,12.2609189,-1.4417189,273
SHAPE_10399450,12.2603013,-1.4412893,274
SHAPE_10399450,12.2601824,-1.4412066,275
SHAPE_10399450,12.2600364,-1.4411071,276
SHAPE_10399450,12.2597344,-1.4409277,277
SHAPE_10399450,12.2593672,-1.4407184,278
SHAPE_10399450,12.2591392,-1.4405924,279
SHAPE_10399450,12.2588194,-1.4404046,280
SHAPE_10399450,12.2583416,-1.4401481,281
SHAPE_10399450,12.2577736,-1.4398145,282
SHAPE_10399450,12.2570476,-1.4394149,283
SHAPE_10399450,12.2562845,-1.4389908,284
SHAPE_10399450,12.2556452,-1.4386223,285
SHAPE_10399450,12.2555903,-1.4385941,286
SHAPE_10399450,12.2554907,-1.4385405,287
SHAPE_10399450,12.2551713,-1.438356,288
SHAPE_10399450,12.255129,-1.4383286,289
SHAPE_10399450,12.2541839,-1.4377773,290
SHAPE_10399450,12.2538821,-1.4376077,291
SHAPE_10399450,12.2528947,-1.4370644,292
SHAPE_10399450,12.252808,-1.4370183,293
SHAPE_10399450,12.2523243,-1.4367434,294
SHAPE_10399450,12.2515526,-1.4363102,295
SHAPE_10399450,12.2512434,-1.4361367,296
SHAPE_10399450,12.2511976,-1.436111,297
SHAPE_10399450,12.250663,-1.4358126,298
SHAPE_10399450,12.2506406,-1.4358001,299
SHAPE_10399450,12.2501773,-1.4355415,300
SHAPE_10399450,12.2497382,-1.4352964,301
SHAPE_10399450,12.2495578,-1.4351958,302
SHAPE_10399450,12.2491517,-1.4349681,303
SHAPE_10399450,12.2481847,-1.4344259,304
SHAPE_10399450,12.2467008,-1.4335938,305
SHAPE_10399450,12.2466357,-1.4335577,306
SHAPE_10399450,12.2453058,-1.43282,307
SHAPE_10399450,12.2452184,-1.4327707,308
SHAPE_10399450,12.2450841,-1.4326949,309
SHAPE_10399450,12.2448173,-1.4325443,310
SHAPE_10399450,12.2444112,-1.432315,311
SHAPE_10399450,12.2430791,-1.4315681,312
SHAPE_10399450,12.2425643,-1.4312829,313
SHAPE_10399450,12.2419713,-1.430946,314
SHAPE_10399450,12.2419134,-1.4309131,315
SHAPE_10399450,12.241727,-1.4308076,316
SHAPE_10399450,12.2413822,-1.4306138,317
SHAPE_10399450,12.2410725,-1.430441,318
SHAPE_10399450,12.2407248,-1.4302469,319
SHAPE_10399450,12.2400665,-1.429885,320
SHAPE_10399450,12.2389279,-1.4292456,321
SHAPE_10399450,12.2388567,-1.4292037,322
SHAPE_10399450,12.2385966,-1.4290599,323
SHAPE_10399450,12.2378306,-1.4286364,324
SHAPE_10399450,12.2377034,-1.4285654,325
SHAPE_10399450,12.2376221,-1.4285171,326
SHAPE_10399450,12.2371542,-1.4282582,327
SHAPE_10399450,12.2361793,-1.4277152,328
SHAPE_10399450,12.2349308,-1.4270198,329
SHAPE_10399450,12.2345839,-1.4268266,330
SHAPE_10399450,12.2338692,-1.4264327,331
SHAPE_10399450,12.2330138,-1.4259574,332
SHAPE_10399450,12.2326755,-1.4257683,333
SHAPE_10399450,12.2315732,-1.4251559,334
SHAPE_10399450,12.2306587,-1.424655,335
SHAPE_10399450,12.2297571,-1.4241736,336
SHAPE_10399450,12.2297271,-1.4241576,337
SHAPE_10399450,12.2291852,-1.4238522,338
SHAPE_10399450,12.2275819,-1.4229798,339
SHAPE_10399450,12.2274002,-1.42288,340
SHAPE_10399450,12.2266249,-1.422454,341
SHAPE_10399450,12.2263349,-1.4222947,342
SHAPE_10399450,12.2262277,-1.4222358,343
SHAPE_10399450,12.2261854,-1.4222127,344
SHAPE_10399450,12.225917,-1.4220663,345
SHAPE_10399450,12.2252983,-1.4217287,346
SHAPE_10399450,12.2246805,-1.4213916,347
SHAPE_10399450,12.2238973,-1.4209643,348
SHAPE_10399450,12.2238051,-1.420914,349
SHAPE_10399450,12.2235073,-1.4207515,350
SHAPE_10399450,12.2228509,-1.4203934,351
SHAPE_10399450,12.2228078,-1.4203698,352
SHAPE_10399450,12.2218701,-1.4198577,353
SHAPE_10399450,12.2213493,-1.4195496,354
SHAPE_10399450,12.2189697,-1.4180427,355
SHAPE_10399450,12.2181057,-1.4174906,356
SHAPE_10399450,12.2179376,-1.4174024,357
SHAPE_10399450,12.2178569,-1.4173703,358
SHAPE_10399450,12.2177853,-1.4173569,359
SHAPE_10399450,12.2176419,-1.4173388,360
SHAPE_10399450,12.2175577,-1.4172997,361
SHAPE_10399450,12.2174781,-1.4172514,362
SHAPE_10399450,12.2174335,-1.4172211,363
SHAPE_10399450,12.2173714,-1.4171732,364
SHAPE_10399450,12.2173137,-1.4171234,365
SHAPE_10399450,12.2172429,-1.4170964,366
SHAPE_10399450,12.2172014,-1.4170958,367
SHAPE_10399450,12.2170537,-1.4170397,368
SHAPE_10399450,12.2169304,-1.4169446,369
SHAPE_10399450,12.2167459,-1.4167663,370
SHAPE_10399450,12.2160345,-1.4164515,371
SHAPE_10399450,12.2151583,-1.416018,372
SHAPE_10399450,12.2143024,-1.415625,373
SHAPE_10399450,12.2130231,-1.4150416,374
SHAPE_10399450,12.2121347,-1.4145742,375
SHAPE_10399450,12.2120264,-1.4145144,376
SHAPE_10399450,12.2115209,-1.4142366,377
SHAPE_10399450,12.2110886,-1.413999,378
SHAPE_10399450,12.2103518,-1.4135959,379
SHAPE_10399450,12.2100169,-1.4134127,380
SHAPE_10399450,12.209522,-1.4131419,381
SHAPE_10399450,12.209256,-1.4129964,382
SHAPE_10399450,12.2085018,-1.4125889,383
SHAPE_10399450,12.2074631,-1.4120175,384
SHAPE_10399450,12.2064786,-1.4114771,385
SHAPE_10399450,12.2063114,-1.4113852,386
SHAPE_10399450,12.2062853,-1.4113708,387
SHAPE_10399450,12.2058539,-1.4111337,388
SHAPE_10399450,12.2052575,-1.410806,389
SHAPE_10399450,12.2047058,-1.4105028,390
SHAPE_10399450,12.2040526,-1.4101438,391
SHAPE_10399450,12.2036832,-1.4099408,392
SHAPE_10399450,12.2034569,-1.4098144,393
SHAPE_10399450,12.202841,-1.409478,394
SHAPE_10399450,12.2027892,-1.409448,395
SHAPE_10399450,12.2020175,-1.4090346,396
SHAPE_10399450,12.2017561,-1.4088985,397
SHAPE_10399450,12.2015949,-1.4088097,398
SHAPE_10399450,12.2013511,-1.4086754,399
SHAPE_10399450,12.2012151,-1.4086005,400
SHAPE_10399450,12.2006421,-1.4082993,401
SHAPE_10399450,12.2003749,-1.4081589,402
SHAPE_10399450,12.1995525,-1.4077248,403
SHAPE_10399450,12.1994346,-1.4076626,404
SHAPE_10399450,12.1988312,-1.4073441,405
SHAPE_10399450,12.1986779,-1.4072613,406
SHAPE_10399450,12.1972074,-1.406467,407
SHAPE_10399450,12.196782,-1.4062372,408
SHAPE_10399450,12.1963252,-1.4059896,409
SHAPE_10399450,12.1960823,-1.405849,410
SHAPE_10399450,12.1956532,-1.4056183,411
SHAPE_10399450,12.1954451,-1.4054994,412
SHAPE_10399450,12.1952952,-1.4054189,413
SHAPE_10399450,12.1946748,-1.4050854,414
SHAPE_10399450,12.1946489,-1.4050715,415
SHAPE_10399450,12.1918467,-1.403509,416
SHAPE_10399450,12.1900738,-1.4025204,417
SHAPE_10399450,12.1891651,-1.4020376,418
SHAPE_10399450,12.189014,-1.4019552,419
SHAPE_10399450,12.1882857,-1.4015582,420
SHAPE_10399450,12.1881973,-1.40151,421
SHAPE_10399450,12.1873748,-1.4010615,422
SHAPE_10399450,12.1870455,-1.400882,423
SHAPE_10399450,12.1866802,-1.4006828,424
SHAPE_10399450,12.1863081,-1.4004799,425
SHAPE_10399470,12.1863081,-1.4004799,1
SHAPE_10399470,12.1866802,-1.4006828,2
SHAPE_10399470,12.1870455,-1.400882,3
SHAPE_10399470,12.1873748,-1.4010615,4
SHAPE_10399470,12.1881973,-1.40151,5
SHAPE_10399470,12.1882857,-1.4015582,6
SHAPE_10399470,12.189014,-1.4019552,7
SHAPE_10399470,12.1891651,-1.4020376,8
SHAPE_10399470,12.1900738,-1.4025204,9
SHAPE_10399470,12.1918467,-1.403509,10
SHAPE_10399470,12.1946489,-1.4050715,11
SHAPE_10399470,12.1946748,-1.4050854,12
SHAPE_10399470,12.1952952,-1.4054189,13
SHAPE_10399470,12.1954451,-1.4054994,14
SHAPE_10399470,12.1956532,-1.4056183,15
SHAPE_10399470,12.1960823,-1.405849,16
SHAPE_10399470,12.1963252,-1.4059896,17
SHAPE_10399470,12.196782,-1.4062372,18
SHAPE_10399470,12.1972074,-1.406467,19
SHAPE_10399470,12.1986779,-1.4072613,20
SHAPE_10399470,12.1988312,-1.4073441,21
SHAPE_10399470,12.1994346,-1.4076626,22
SHAPE_10399470,12.1995525,-1.4077248,23
SHAPE_10399470,12.2003749,-1.4081589,24
SHAPE_10399470,12.2006421,-1.4082993,25
SHAPE_10399470,12.2012151,-1.4086005,26
SHAPE_10399470,12.2013511,-1.4086754,27
SHAPE_10399470,12.2015949,-1.4088097,28
SHAPE_10399470,12.2017561,-1.4088985,29
SHAPE_10399470,12.2020175,-1.4090346,30
SHAPE_10399470,12.2027892,-1.409448,31
SHAPE_10399470,12.202841,-1.409478,32
SHAPE_10399470,12.2034569,-1.4098144,33
SHAPE_10399470,12.2036832,-1.4099408,34
SHAPE_10399470,12.2040526,-1.4101438,35
SHAPE_10399470,12.2047058,-1.4105028,36
SHAPE_10399470,12.2052575,-1.410806,37
SHAPE_10399470,12.2058539,-1.4111337,38
SHAPE_10399470,12.2062853,-1.4113708,39
SHAPE_10399470,12.2063114,-1.4113852,40
SHAPE_10399470,12.2064786,-1.4114771,41
SHAPE_10399470,12.2074631,-1.4120175,42
SHAPE_10399470,12.2085018,-1.4125889,43
SHAPE_10399470,12.209256,-1.4129964,44
SHAPE_10399470,12.209522,-1.4131419,45
SHAPE_10399470,12.2100169,-1.4134127,46
SHAPE_10399470,12.2103518,-1.4135959,47
SHAPE_10399470,12.2110886,-1.413999,48
SHAPE_10399470,12.2115209,-1.4142366,49
SHAPE_10399470,12.2120264,-1.4145144,50
SHAPE_10399470,12.2121347,-1.4145742,51
SHAPE_10399470,12.2130231,-1.4150416,52
SHAPE_10399470,12.2143024,-1.415625,53
SHAPE_10399470,12.2151583,-1.416018,54
SHAPE_10399470,12.2160345,-1.4164515,55
SHAPE_10399470,12.2167459,-1.4167663,56
SHAPE_10399470,12.2169304,-1.4169446,57
SHAPE_10399470,12.2170537,-1.4170397,58
SHAPE_10399470,12.2172014,-1.4170958,59
SHAPE_10399470,12.2172429,-1.4170964,60
SHAPE_10399470,12.2173137,-1.4171234,61
SHAPE_10399470,12.2173714,-1.4171732,62
SHAPE_10399470,12.2174335,-1.4172211,63
SHAPE_10399470,12.2174781,-1.4172514,64
SHAPE_10399470,12.2175577,-1.4172997,65
SHAPE_10399470,12.2176419,-1.4173388,66
SHAPE_10399470,12.2177853,-1.4173569,67
SHAPE_10399470,12.2178569,-1.4173703,68
SHAPE_10399470,12.2179376,-1.4174024,69
SHAPE_10399470,12.2181057,-1.4174906,70
SHAPE_10399470,12.2189697,-1.4180427,71
SHAPE_10399470,12.2213493,-1.4195496,72
SHAPE_10399470,12.2218701,-1.4198577,73
SHAPE_10399470,12.2228078,-1.4203698,74
SHAPE_10399470,12.2228509,-1.4203934,75
SHAPE_10399470,12.2235073,-1.4207515,76
SHAPE_10399470,12.2238051,-1.420914,77
SHAPE_10399470,12.2238973,-1.4209643,78
SHAPE_10399470,12.2246805,-1.4213916,79
SHAPE_10399470,12.2252983,-1.4217287,80
SHAPE_10399470,12.225917,-1.4220663,81
SHAPE_10399470,12.2261854,-1.4222127,82
SHAPE_10399470,12.2262277,-1.4222358,83
SHAPE_10399470,12.2263349,-1.4222947,84
SHAPE_10399470,12.2266249,-1.422454,85
SHAPE_10399470,12.2274002,-1.42288,86
SHAPE_10399470,12.2275819,-1.4229798,87
SHAPE_10399470,12.2291852,-1.4238522,88
SHAPE_10399470,12.2297271,-1.4241576,89
SHAPE_10399470,12.2297571,-1.4241736,90
SHAPE_10399470,12.2306587,-1.424655,91
SHAPE_10399470,12.2315732,-1.4251559,92
SHAPE_10399470,12.2326755,-1.4257683,93
SHAPE_10399470,12.2330138,-1.4259574,94
SHAPE_10399470,12.2338692,-1.4264327,95
SHAPE_10399470,12.2345839,-1.4268266,96
SHAPE_10399470,12.2349308,-1.4270198,97
SHAPE_10399470,12.2361793,-1.4277152,98
SHAPE_10399470,12.2371542,-1.4282582,99
SHAPE_10399470,12.2376221,-1.4285171,100
SHAPE_10399470,12.2377034,-1.4285654,101
SHAPE_10399470,12.2378306,-1.4286364,102
SHAPE_10399470,12.2385966,-1.4290599,103
SHAPE_10399470,12.2388567,-1.4292037,104
SHAPE_10399470,12.2389279,-1.4292456,105
SHAPE_10399470,12.2400665,-1.429885,106
SHAPE_10399470,12.2407248,-1.4302469,107
SHAPE_10399470,12.2410725,-1.430441,108
SHAPE_10399470,12.2413822,-1.4306138,109
SHAPE_10399470,12.241727,-1.4308076,110
SHAPE_10399470,12.2419134,-1.4309131,111
SHAPE_10399470,12.2419713,-1.430946,112
SHAPE_10399470,12.2425643,-1.4312829,113
SHAPE_10399470,12.2430791,-1.4315681,114
SHAPE_10399470,12.2444112,-1.432315,115
SHAPE_10399470,12.2448173,-1.4325443,116
SHAPE_10399470,12.2450841,-1.4326949,117
SHAPE_10399470,12.2452184,-1.4327707,118
SHAPE_10399470,12.2453058,-1.43282,119
SHAPE_10399470,12.2466357,-1.4335577,120
SHAPE_10399470,12.2467008,-1.4335938,121
SHAPE_10399470,12.2481847,-1.4344259,122
SHAPE_10399470,12.2491517,-1.4349681,123
SHAPE_10399470,12.2495578,-1.4351958,124
SHAPE_10399470,12.2497382,-1.4352964,125
SHAPE_10399470,12.2501773,-1.4355415,126
SHAPE_10399470,12.2506406,-1.4358001,127
SHAPE_10399470,12.250663,-1.4358126,128
SHAPE_10399470,12.2511976,-1.436111,129
SHAPE_10399470,12.2512434,-1.4361367,130
SHAPE_10399470,12.2515526,-1.4363102,131
SHAPE_10399470,12.2523243,-1.4367434,132
SHAPE_10399470,12.252808,-1.4370183,133
SHAPE_10399470,12.2528947,-1.4370644,134
SHAPE_10399470,12.2538821,-1.4376077,135
SHAPE_10399470,12.2541839,-1.4377773,136
SHAPE_10399470,12.255129,-1.4383286,137
SHAPE_10399470,12.2551713,-1.438356,138
SHAPE_10399470,12.2554907,-1.4385405,139
SHAPE_10399470,12.2555903,-1.4385941,140
SHAPE_10399470,12.2556452,-1.4386223,141
SHAPE_10399470,12.2562845,-1.4389908,142
SHAPE_10399470,12.2570476,-1.4394149,143
SHAPE_10399470,12.2577736,-1.4398145,144
SHAPE_10399470,12.2583416,-1.4401481,145
SHAPE_10399470,12.2588194,-1.4404046,146
SHAPE_10399470,12.2591392,-1.4405924,147
SHAPE_10399470,12.2593672,-1.4407184,148
SHAPE_10399470,12.2597344,-1.4409277,149
SHAPE_10399470,12.2600364,-1.4411071,150
SHAPE_10399470,12.2601824,-1.4412066,151
SHAPE_10399470,12.2603013,-1.4412893,152
SHAPE_10399470,12.2609189,-1.4417189,153
SHAPE_10399470,12.2614588,-1.4421373,154
SHAPE_10399470,12.2619778,-1.4425611,155
SHAPE_10399470,12.2621845,-1.4427238,156
SHAPE_10399470,12.2625981,-1.4430582,157
SHAPE_10399470,12.2631722,-1.4435105,158
SHAPE_10399470,12.2632895,-1.4436004,159
SHAPE_10399470,12.2637189,-1.4439367,160
SHAPE_10399470,12.2640884,-1.4442285,161
SHAPE_10399470,12.2643093,-1.4443933,162
SHAPE_10399470,12.2643982,-1.4444609,163
SHAPE_10399470,12.2648307,-1.44479,164
SHAPE_10399470,12.265043,-1.4449715,165
SHAPE_10399470,12.2651819,-1.445072,166
SHAPE_10399470,12.2653418,-1.4452004,167
SHAPE_10399470,12.2660662,-1.4457745,168
SHAPE_10399470,12.2662015,-1.4458857,169
SHAPE_10399470,12.2666589,-1.4462411,170
SHAPE_10399470,12.2667847,-1.446335,171
SHAPE_10399470,12.2671595,-1.4466287,172
SHAPE_10399470,12.267528,-1.4469337,173
SHAPE_10399470,12.2676069,-1.446998,174
SHAPE_10399470,12.2679809,-1.4473,175
SHAPE_10399470,12.2682737,-1.4475128,176
SHAPE_10399470,12.2689449,-1.4480279,177
SHAPE_10399470,12.2692064,-1.4482286,178
SHAPE_10399470,12.2695979,-1.4485423,179
SHAPE_10399470,12.2699862,-1.4488643,180
SHAPE_10399470,12.2707515,-1.4494544,181
SHAPE_10399470,12.2708589,-1.4495482,182
SHAPE_10399470,12.2710359,-1.4496824,183
SHAPE_10399470,12.2711839,-1.4497923,184
SHAPE_10399470,12.271885,-1.4503502,185
SHAPE_10399470,12.2727773,-1.4510551,186
SHAPE_10399470,12.2730787,-1.45129,187
SHAPE_10399470,12.2731418,-1.4513392,188
SHAPE_10399470,12.2733839,-1.451528,189
SHAPE_10399470,12.2735169,-1.4516263,190
SHAPE_10399470,12.2737537,-1.4518013,191
SHAPE_10399470,12.2739857,-1.451985,192
SHAPE_10399470,12.2742098,-1.4521647,193
SHAPE_10399470,12.2742945,-1.4522311,194
SHAPE_10399470,12.2751402,-1.452897,195
SHAPE_10399470,12.2754835,-1.4531706,196
SHAPE_10399470,12.2758088,-1.4534248,197
SHAPE_10399470,12.2763222,-1.4538358,198
SHAPE_10399470,12.2769132,-1.4542917,199
SHAPE_10399470,12.2777342,-1.4549361,200
SHAPE_10399470,12.2787206,-1.4557182,201
SHAPE_10399470,12.2792814,-1.4561611,202
SHAPE_10399470,12.2794068,-1.4562578,203
SHAPE_10399470,12.2797949,-1.4565569,204
SHAPE_10399470,12.2805012,-1.4571107,205
SHAPE_10399470,12.2809978,-1.4575037,206
SHAPE_10399470,12.2813956,-1.4578122,207
SHAPE_10399470,12.2814355,-1.4578457,208
SHAPE_10399470,12.281463,-1.4578679,209
SHAPE_10399470,12.2817814,-1.458126,210
SHAPE_10399470,12.2824117,-1.4586195,211
SHAPE_10399470,12.2825742,-1.4587429,212
SHAPE_10399470,12.2832491,-1.4592739,213
SHAPE_10399470,12.2837628,-1.459687,214
SHAPE_10399470,12.2842933,-1.460105,215
SHAPE_10399470,12.2843209,-1.4601268,216
SHAPE_10399470,12.2845674,-1.4603227,217
SHAPE_10399470,12.2847796,-1.4604903,218
SHAPE_10399470,12.2849994,-1.4606588,219
SHAPE_10399470,12.2852514,-1.4608618,220
SHAPE_10399470,12.285307,-1.4609048,221
SHAPE_10399470,12.2858437,-1.4613258,222
SHAPE_10399470,12.2862162,-1.4616161,223
SHAPE_10399470,12.2865775,-1.4618984,224
SHAPE_10399470,12.287252,-1.462436,225
SHAPE_10399470,12.2879156,-1.4629827,226
SHAPE_10399470,12.2883845,-1.4633844,227
SHAPE_10399470,12.2888507,-1.4637834,228
SHAPE_10399470,12.2890135,-1.463922,229
SHAPE_10399470,12.2899506,-1.4647245,230
SHAPE_10399470,12.2900173,-1.4647809,231
SHAPE_10399470,12.2901859,-1.4649227,232
SHAPE_10399470,12.290523,-1.4652204,233
SHAPE_10399470,12.290639,-1.4653138,234
SHAPE_10399470,12.291418,-1.465945,235
SHAPE_10399470,12.2920654,-1.4665008,236
SHAPE_10399470,12.2926588,-1.4670103,237
SHAPE_10399470,12.2931,-1.467388,238
SHAPE_10399470,12.2932,-1.4674767,239
SHAPE_10399470,12.2935899,-1.4678188,240
SHAPE_10399470,12.2936349,-1.467848,241
SHAPE_10399470,12.2937702,-1.4679688,242
SHAPE_10399470,12.2940462,-1.4682022,243
SHAPE_10399470,12.2942858,-1.4684129,244
SHAPE_10399470,12.2945846,-1.4686736,245
SHAPE_10399470,12.2950648,-1.4690874,246
SHAPE_10399470,12.2952768,-1.469264,247
SHAPE_10399470,12.2960849,-1.4699471,248
SHAPE_10399470,12.2965055,-1.4703199,249
SHAPE_10399470,12.2968789,-1.4706486,250
SHAPE_10399470,12.297071,-1.4708147,251
SHAPE_10399470,12.2973641,-1.4710659,252
SHAPE_10399470,12.2977321,-1.4713913,253
SHAPE_10399470,12.2979032,-1.4715346,254
SHAPE_10399470,12.2981791,-1.4717742,255
SHAPE_10399470,12.2989643,-1.4724536,256
SHAPE_10399470,12.2993771,-1.472801,257
SHAPE_10399470,12.2997994,-1.4731592,258
SHAPE_10399470,12.2999033,-1.4732511,259
SHAPE_10399470,12.3002521,-1.4735546,260
SHAPE_10399470,12.3007672,-1.473995,261
SHAPE_10399470,12.3013353,-1.4745,262
SHAPE_10399470,12.3020986,-1.475154,263
SHAPE_10399470,12.302236,-1.4752717,264
SHAPE_10399470,12.3026043,-1.4755894,265
SHAPE_10399470,12.3028387,-1.4757898,266
SHAPE_10399470,12.3031041,-1.4760188,267
SHAPE_10399470,12.3034335,-1.4763042,268
SHAPE_10399470,12.3036701,-1.4765095,269
SHAPE_10399470,12.3039443,-1.4767539,270
SHAPE_10399470,12.3040621,-1.4768357,271
SHAPE_10399470,12.3042336,-1.4769972,272
SHAPE_10399470,12.3044737,-1.4772249,273
SHAPE_10399470,12.3048564,-1.4775947,274
SHAPE_10399470,12.3051163,-1.4778294,275
SHAPE_10399470,12.3061033,-1.478679,276
SHAPE_10399470,12.3065738,-1.4791069,277
SHAPE_10399470,12.3072234,-1.4796463,278
SHAPE_10399470,12.3075143,-1.4799046,279
SHAPE_10399470,12.3079794,-1.4803,280
SHAPE_10399470,12.3084727,-1.4807211,281
SHAPE_10399470,12.3087194,-1.4809374,282
SHAPE_10399470,12.3091338,-1.4812964,283
SHAPE_10399470,12.3092964,-1.4814375,284
SHAPE_10399470,12.3095516,-1.4816389,285
SHAPE_10399470,12.3097873,-1.4818414,286
SHAPE_10399470,12.3098668,-1.4819136,287
SHAPE_10399470,12.3100405,-1.4820776,288
SHAPE_10399470,12.3102323,-1.4822483,289
SHAPE_10399470,12.310733,-1.4826858,290
SHAPE_10399470,12.3108011,-1.4827438,291
SHAPE_10399470,12.3111201,-1.483007,292
SHAPE_10399470,12.3112831,-1.4831403,293
SHAPE_10399470,12.3115445,-1.4833635,294
SHAPE_10399470,12.3118139,-1.4835974,295
SHAPE_10399470,12.3120839,-1.4838374,296
SHAPE_10399470,12.3123363,-1.484051,297
SHAPE_10399470,12.312567,-1.4842521,298
SHAPE_10399470,12.3127627,-1.4844135,299
SHAPE_10399470,12.3128411,-1.4844852,300
SHAPE_10399470,12.3131706,-1.4847763,301
SHAPE_10399470,12.3134216,-1.4850016,302
SHAPE_10399470,12.3137071,-1.4852489,303
SHAPE_10399470,12.3138221,-1.4853574,304
SHAPE_10399470,12.3141263,-1.4856057,305
SHAPE_10399470,12.314349,-1.4857902,306
SHAPE_10399470,12.3144676,-1.4858956,307
SHAPE_10399470,12.3145351,-1.4859534,308
SHAPE_10399470,12.3146673,-1.4860624,309
SHAPE_10399470,12.3147463,-1.4861303,310
SHAPE_10399470,12.3149238,-1.4862775,311
SHAPE_10399470,12.3152206,-1.4865237,312
SHAPE_10399470,12.3155853,-1.4868611,313
SHAPE_10399470,12.3157648,-1.4870141,314
SHAPE_10399470,12.3160147,-1.4872322,315
SHAPE_10399470,12.3162981,-1.4874795,316
SHAPE_10399470,12.3165234,-1.4876631,317
SHAPE_10399470,12.3167957,-1.4879076,318
SHAPE_10399470,12.3188223,-1.4896608,319
SHAPE_10399470,12.3189711,-1.4897839,320
SHAPE_10399470,12.3195245,-1.4902603,321
SHAPE_10399470,12.3207895,-1.4913238,322
SHAPE_10399470,12.3208746,-1.491384,323
SHAPE_10399470,12.3209655,-1.4914382,324
SHAPE_10399470,12.3210563,-1.4914564,325
SHAPE_10399470,12.3212774,-1.4916676,326
SHAPE_10399470,12.3213288,-1.4917585,327
SHAPE_10399470,12.3214052,-1.4918526,328
SHAPE_10399470,12.321483,-1.4919349,329
SHAPE_10399470,12.3225462,-1.4928615,330
SHAPE_10399470,12.3231236,-1.4933516,331
SHAPE_10399470,12.3232242,-1.4934438,332
SHAPE_10399470,12.323524,-1.4937126,333
SHAPE_10399470,12.3240295,-1.4941432,334
SHAPE_10399470,12.3245401,-1.4945796,335
SHAPE_10399470,12.3249008,-1.4948969,336
SHAPE_10399470,12.3252705,-1.4952119,337
SHAPE_10399470,12.3257106,-1.4955874,338
SHAPE_10399470,12.3260472,-1.4958833,339
SHAPE_10399470,12.3264346,-1.4962144,340
SHAPE_10399470,12.3269421,-1.4966363,341
SHAPE_10399470,12.3269977,-1.4966872,342
SHAPE_10399470,12.3275686,-1.4971163,343
SHAPE_10399470,12.3276219,-1.4971614,344
SHAPE_10399470,12.3278096,-1.4973205,345
SHAPE_10399470,12.3279465,-1.497447,346
SHAPE_10399470,12.3283993,-1.4979062,347
SHAPE_10399470,12.3285235,-1.4980364,348
SHAPE_10399470,12.3285807,-1.4980944,349
SHAPE_10399470,12.3286141,-1.4981315,350
SHAPE_10399470,12.328964,-1.4985205,351
SHAPE_10399470,12.3291812,-1.4987593,352
SHAPE_10399470,12.3294356,-1.4990328,353
SHAPE_10399470,12.3300007,-1.4996104,354
SHAPE_10399470,12.3304167,-1.5000297,355
SHAPE_10399470,12.3305722,-1.5001834,356
SHAPE_10399470,12.330676,-1.5002918,357
SHAPE_10399470,12.3308358,-1.5004625,358
SHAPE_10399470,12.330897,-1.5005339,359
SHAPE_10399470,12.3309705,-1.5006179,360
SHAPE_10399470,12.331027,-1.5006866,361
SHAPE_10399470,12.3311205,-1.5008033,362
SHAPE_10399470,12.3313367,-1.5010903,363
SHAPE_10399470,12.3315437,-1.5014282,364
SHAPE_10399470,12.3316641,-1.5016431,365
SHAPE_10399470,12.331891,-1.5021301,366
SHAPE_10399470,12.3319805,-1.5023311,367
SHAPE_10399470,12.3320883,-1.5025602,368
SHAPE_10399470,12.3322245,-1.502851,369
SHAPE_10399470,12.3324434,-1.5033669,370
SHAPE_10399470,12.3324585,-1.5034032,371
SHAPE_10399470,12.3325577,-1.5036732,372
SHAPE_10399470,12.332694,-1.5041238,373
SHAPE_10399470,12.3327337,-1.5042749,374
SHAPE_10399470,12.3328161,-1.5046083,375
SHAPE_10399470,12.3328643,-1.5048574,376
SHAPE_10399470,12.3329238,-1.5051654,377
SHAPE_10399470,12.3329569,-1.5054096,378
SHAPE_10399470,12.3329767,-1.5055804,379
SHAPE_10399470,12.33299,-1.5058024,380
SHAPE_10399470,12.3330131,-1.5063284,381
SHAPE_10399470,12.3330058,-1.5065215,382
SHAPE_10399470,12.3329955,-1.5070276,383
SHAPE_10399470,12.3329927,-1.5071733,384
SHAPE_10399470,12.3329841,-1.5072465,385
SHAPE_10399470,12.3329907,-1.5074735,386
SHAPE_10399470,12.3330096,-1.5084972,387
SHAPE_10399470,12.3330202,-1.5088096,388
SHAPE_10399470,12.3330257,-1.5100005,389
SHAPE_10399470,12.3330277,-1.5103606,390
SHAPE_10399470,12.3330192,-1.5135431,391
SHAPE_10399470,12.3330203,-1.5139037,392
SHAPE_10399470,12.3330214,-1.513928,393
SHAPE_10399470,12.3330183,-1.514123,394
SHAPE_10399470,12.3330313,-1.5141581,395
SHAPE_10399470,12.3330345,-1.5141955,396
SHAPE_10399470,12.3330287,-1.5142293,397
SHAPE_10399470,12.3330148,-1.5142605,398
SHAPE_10399470,12.3330094,-1.5144919,399
SHAPE_10399470,12.3330024,-1.514791,400
SHAPE_10399470,12.3329952,-1.5154669,401
SHAPE_10399470,12.3329926,-1.5155541,402
SHAPE_10399470,12.3329892,-1.5156931,403
SHAPE_10399470,12.3329877,-1.5157591,404
SHAPE_10399470,12.3329836,-1.5160099,405
SHAPE_10399470,12.3329815,-1.5165149,406
SHAPE_10399470,12.3329762,-1.516855,407
SHAPE_10399470,12.3329749,-1.5169417,408
SHAPE_10399470,12.332961,-1.5180976,409
SHAPE_10399470,12.3329591,-1.5182912,410
SHAPE_10399470,12.3329554,-1.519361,411
SHAPE_10399470,12.3329542,-1.5199313,412
SHAPE_10399470,12.3329558,-1.5200369,413
SHAPE_10488050,12.4136435,-1.4146705,1
SHAPE_10488050,12.4132862,-1.4154244,2
SHAPE_10488050,12.412299,-1.4175059,3
SHAPE_10488050,12.4119684,-1.4182025,4
SHAPE_10488050,12.4116412,-1.4188919,5
SHAPE_10488050,12.4111144,-1.419996,6
SHAPE_10488050,12.4109844,-1.420289,7
SHAPE_10488050,12.4109168,-1.4204414,8
SHAPE_10488050,12.4109046,-1.4204628,9
SHAPE_10488050,12.410879,-1.4205078,10
SHAPE_10488050,12.4106681,-1.4209545,11
SHAPE_10488050,12.4105483,-1.4211968,12
SHAPE_10488050,12.4099979,-1.4223735,13
SHAPE_10488050,12.4091623,-1.4241596,14
SHAPE_10488050,12.4087977,-1.4249115,15
SHAPE_10488050,12.4084494,-1.4256531,16
SHAPE_10488050,12.4077994,-1.4270338,17
SHAPE_10488050,12.4076538,-1.427325,18
SHAPE_10488050,12.4076005,-1.4274502,19
SHAPE_10488050,12.4075401,-1.4275749,20
SHAPE_10488050,12.4075149,-1.427628,21
SHAPE_10488050,12.407311,-1.4280583,22
SHAPE_10488050,12.4069889,-1.4287276,23
SHAPE_10488050,12.4069191,-1.4288726,24
SHAPE_10488050,12.4066605,-1.4293953,25
SHAPE_10488050,12.4066383,-1.4294456,26
SHAPE_10488050,12.4064781,-1.4298139,27
SHAPE_10488050,12.4064384,-1.429899,28
SHAPE_10488050,12.4057498,-1.4313468,29
SHAPE_10488050,12.4056895,-1.4314671,30
SHAPE_10488050,12.4055088,-1.4318544,31
SHAPE_10488050,12.4053287,-1.4322564,32
SHAPE_10488050,12.4051761,-1.4325766,33
SHAPE_10488050,12.4048464,-1.4332578,34
SHAPE_10488050,12.4047711,-1.4334097,35
SHAPE_10488050,12.4046894,-1.4335813,36
SHAPE_10488050,12.4045148,-1.4339481,37
SHAPE_10488050,12.4044814,-1.4340232,38
SHAPE_10488050,12.4042349,-1.4345441,39
SHAPE_10488050,12.4040489,-1.4349464,40
SHAPE_10488050,12.4037661,-1.4355579,41
SHAPE_10488050,12.4036823,-1.4357363,42
SHAPE_10488050,12.4033702,-1.4363994,43
SHAPE_10488050,12.4032025,-1.4367665,44
SHAPE_10488050,12.4031325,-1.4369029,45
SHAPE_10488050,12.403051,-1.4370844,46
SHAPE_10488050,12.4025599,-1.4381298,47
SHAPE_10488050,12.4025411,-1.4381738,48
SHAPE_10488050,12.4025122,-1.438249,49
SHAPE_10488050,12.4024541,-1.4383713,50
SHAPE_10488050,12.4023151,-1.4386609,51
SHAPE_10488050,12.4022288,-1.438841,52
SHAPE_10488050,12.4022092,-1.4388831,53
SHAPE_10488050,12.4019637,-1.4394014,54
SHAPE_10488050,12.4017102,-1.439969,55
SHAPE_10488050,12.4014592,-1.4405104,56
SHAPE_10488050,12.4012357,-1.440997,57
SHAPE_10488050,12.4011849,-1.4411146,58
SHAPE_10488050,12.4009752,-1.441562,59
SHAPE_10488050,12.4009399,-1.4416389,60
SHAPE_10488050,12.4007294,-1.4420698,61
SHAPE_10488050,12.4006977,-1.4421386,62
SHAPE_10488050,12.4004862,-1.4426009,63
SHAPE_10488050,12.4004412,-1.4426972,64
SHAPE_10488050,12.4003289,-1.4429426,65
SHAPE_10488050,12.4002546,-1.4431044,66
SHAPE_10488050,12.4002229,-1.4431733,67
SHAPE_10488050,12.4000548,-1.4435292,68
SHAPE_10488050,12.3999517,-1.4437511,69
SHAPE_10488050,12.3998829,-1.443891,70
SHAPE_10488050,12.3997457,-1.4441013,71
SHAPE_10488050,12.3996627,-1.4442447,72
SHAPE_10488050,12.3995771,-1.4444232,73
SHAPE_10488050,12.3968369,-1.4532238,74
SHAPE_10488050,12.3967145,-1.4537379,75
SHAPE_10488050,12.3964656,-1.4547438,76
SHAPE_10488050,12.3961853,-1.4559092,77
SHAPE_10488050,12.3961469,-1.4560777,78
SHAPE_10488050,12.3961147,-1.4562193,79
SHAPE_10488050,12.3959888,-1.456738,80
SHAPE_10488050,12.3958618,-1.4573201,81
SHAPE_10488050,12.3957976,-1.4575225,82
SHAPE_10488050,12.3956326,-1.4581743,83
SHAPE_10488050,12.3955356,-1.4585726,84
SHAPE_10488050,12.395402,-1.4591305,85
SHAPE_10488050,12.3953703,-1.4592766,86
SHAPE_10488050,12.395333,-1.4594382,87
SHAPE_10488050,12.3952043,-1.460003,88
SHAPE_10488050,12.3950553,-1.460609,89
SHAPE_10488050,12.3947667,-1.4617202,90
SHAPE_10488050,12.3943921,-1.4632088,91
SHAPE_10488050,12.3941053,-1.4643394,92
SHAPE_10488050,12.3939979,-1.4647779,93
SHAPE_10488050,12.3937443,-1.4658297,94
SHAPE_10488050,12.396881,-1.4529767,95
SHAPE_10488050,12.3969424,-1.452767,96
SHAPE_10488050,12.3970348,-1.4524666,97
SHAPE_10488050,12.3973406,-1.4511362,98
SHAPE_10488050,12.3974925,-1.4505166,99
SHAPE_10488050,12.3976491,-1.4498867,100
SHAPE_10488050,12.39773,-1.4495622,101
SHAPE_10488050,12.3978064,-1.4492886,102
SHAPE_10488050,12.3983284,-1.4476777,103
SHAPE_10488050,12.3988464,-1.4461678,104
SHAPE_10488050,12.3989864,-1.4457614,105
SHAPE_10488050,12.3991115,-1.4454459,106
SHAPE_10488050,12.3992241,-1.4451884,107
SHAPE_10488050,12.3993538,-1.4449027,108
SHAPE_10488050,12.3993823,-1.444842,109
SHAPE_10488050,12.3994102,-1.4447805,110
SHAPE_10488050,12.3995195,-1.4445497,111
SHAPE_10488050,12.3995771,-1.4444232,112
SHAPE_10488050,12.3937443,-1.4658297,113
SHAPE_10488050,12.3937243,-1.4659238,114
SHAPE_10488050,12.3936576,-1.4662976,115
SHAPE_10488050,12.3934899,-1.4666782,116
SHAPE_10488050,12.3933995,-1.4669812,117
SHAPE_10488050,12.3933092,-1.467279,118
SHAPE_10488050,12.3926989,-1.4697667,119
SHAPE_10488050,12.3926751,-1.4698656,120
SHAPE_10488050,12.3926568,-1.4699189,121
SHAPE_10488050,12.3926216,-1.4699694,122
SHAPE_10488050,12.3925969,-1.4699802,123
SHAPE_10488050,12.3925766,-1.4699918,124
SHAPE_10488050,12.3925331,-1.4700227,125
SHAPE_10488050,12.3924959,-1.4700613,126
SHAPE_10488050,12.3924662,-1.4701062,127
SHAPE_10488050,12.3924451,-1.4701559,128
SHAPE_10488050,12.3924332,-1.4702087,129
SHAPE_10488050,12.392431,-1.4702628,130
SHAPE_10488050,12.3924386,-1.4703165,131
SHAPE_10488050,12.3924607,-1.470404,132
SHAPE_10488050,12.3924815,-1.4704327,133
SHAPE_10488050,12.3924889,-1.4704936,134
SHAPE_10488050,12.3924812,-1.4705774,135
SHAPE_10488050,12.3924682,-1.470673,136
SHAPE_10488050,12.3922689,-1.4714761,137
SHAPE_10488050,12.3920989,-1.4721997,138
SHAPE_10488050,12.3919665,-1.4727592,139
SHAPE_10488050,12.3918604,-1.4733173,140
SHAPE_10488050,12.3917876,-1.4737262,141
SHAPE_10488050,12.3917526,-1.4739754,142
SHAPE_10488050,12.3916763,-1.4742684,143
SHAPE_10488050,12.391544,-1.4747768,144
SHAPE_10488050,12.3913102,-1.4757533,145
SHAPE_10488050,12.3909249,-1.4772461,146
SHAPE_10488050,12.3908923,-1.4773312,147
SHAPE_10488050,12.3908708,-1.4773374,148
SHAPE_10488050,12.3908425,-1.4773571,149
SHAPE_10488050,12.3908176,-1.4773852,150
SHAPE_10488050,12.3908022,-1.4774114,151
SHAPE_10488050,12.3907965,-1.4774281,152
SHAPE_10488050,12.3907926,-1.4774558,153
SHAPE_10488050,12.390794,-1.4774938,154
SHAPE_10488050,12.3908048,-1.47753,155
SHAPE_10488050,12.3908244,-1.4775623,156
SHAPE_10488050,12.3908513,-1.4775883,157
SHAPE_10488050,12.3908293,-1.4776847,158
SHAPE_10488050,12.3907193,-1.4782024,159
SHAPE_10488050,12.3904763,-1.4791814,160
SHAPE_10488050,12.3901586,-1.4804609,161
SHAPE_10488050,12.3901196,-1.4806183,162
SHAPE_10488050,12.390054,-1.4807523,163
SHAPE_10488050,12.3900265,-1.4807696,164
SHAPE_10488050,12.3900035,-1.4807926,165
SHAPE_10488050,12.389986,-1.4808204,166
SHAPE_10488050,12.389975,-1.4808514,167
SHAPE_10488050,12.389971,-1.4808842,168
SHAPE_10488050,12.3899743,-1.480917,169
SHAPE_10488050,12.3899846,-1.4809483,170
SHAPE_10488050,12.3900014,-1.4809764,171
SHAPE_10488050,12.3900024,-1.4810937,172
SHAPE_10488050,12.3899834,-1.481203,173
SHAPE_10488050,12.3898234,-1.4818622,174
SHAPE_10488050,12.3896111,-1.4828024,175
SHAPE_10488050,12.3893579,-1.4839509,176
SHAPE_10488050,12.3889195,-1.4857032,177
SHAPE_10488050,12.3887925,-1.4862222,178
SHAPE_10488050,12.388579,-1.4870805,179
SHAPE_10488050,12.3884074,-1.4877778,180
SHAPE_10488050,12.3882856,-1.4882807,181
SHAPE_10488050,12.3880302,-1.4894702,182
SHAPE_10488050,12.3877467,-1.4905907,183
SHAPE_10488050,12.3877117,-1.490601,184
SHAPE_10488050,12.3876843,-1.4906264,185
SHAPE_10488050,12.387666,-1.4906592,186
SHAPE_10488050,12.3876585,-1.4906962,187
SHAPE_10488050,12.3876625,-1.4907337,188
SHAPE_10488050,12.3876776,-1.4907682,189
SHAPE_10488050,12.3877024,-1.4907961,190
SHAPE_10488050,12.3874826,-1.4917797,191
SHAPE_10488050,12.3870749,-1.4935383,192
SHAPE_10488050,12.3868615,-1.4945075,193
SHAPE_10488050,12.3867984,-1.4947806,194
SHAPE_10488050,12.3865945,-1.4956206,195
SHAPE_10488050,12.3865001,-1.4960221,196
SHAPE_10488050,12.3863378,-1.4966063,197
SHAPE_10488050,12.386309,-1.4967009,198
SHAPE_10488050,12.3862833,-1.4967295,199
SHAPE_10488050,12.3862675,-1.4967649,200
SHAPE_10488050,12.3862629,-1.4968035,201
SHAPE_10488050,12.3862701,-1.4968417,202
SHAPE_10488050,12.3862884,-1.4968758,203
SHAPE_10488050,12.3862068,-1.4973131,204
SHAPE_10488050,12.3861326,-1.4975913,205
SHAPE_10488050,12.3857365,-1.4990716,206
SHAPE_10488050,12.3855223,-1.499738,207
SHAPE_10488050,12.3852852,-1.5005719,208
SHAPE_10488050,12.3851804,-1.500991,209
SHAPE_10488050,12.3851467,-1.5011335,210
SHAPE_10488050,12.3850357,-1.5016045,211
SHAPE_10488050,12.3849608,-1.5018067,212
SHAPE_10488050,12.3848661,-1.5019771,213
SHAPE_10488050,12.3847908,-1.5021108,214
SHAPE_10488050,12.384759,-1.5022266,215
SHAPE_10488050,12.3847545,-1.5023457,216
SHAPE_10488050,12.3846928,-1.5023784,217
SHAPE_10488050,12.3846432,-1.5024283,218
SHAPE_10488050,12.3846102,-1.502491,219
SHAPE_10488050,12.3845966,-1.5025608,220
SHAPE_10488050,12.3846036,-1.5026316,221
SHAPE_10488050,12.3844982,-1.502737,222
SHAPE_10488050,12.3844422,-1.5028045,223
SHAPE_10488050,12.3843952,-1.5028792,224
SHAPE_10488050,12.3842849,-1.5031081,225
SHAPE_10488050,12.3841793,-1.503265,226
SHAPE_10488050,12.3839332,-1.5035847,227
SHAPE_10488050,12.3837389,-1.5038611,228
SHAPE_10488050,12.3833814,-1.5043739,229
SHAPE_10488050,12.3830774,-1.504888,230
SHAPE_10488050,12.3829666,-1.5050373,231
SHAPE_10488050,12.3827268,-1.5053586,232
SHAPE_10488050,12.3817855,-1.5066273,233
SHAPE_10488050,12.3810732,-1.5074966,234
SHAPE_10488050,12.3804696,-1.5081981,235
SHAPE_10488050,12.3797198,-1.5091589,236
SHAPE_10488050,12.3796224,-1.509251,237
SHAPE_10488050,12.3795916,-1.5092576,238
SHAPE_10488050,12.3795642,-1.5092737,239
SHAPE_10488050,12.379543,-1.5092976,240
SHAPE_10488050,12.3795301,-1.509327,241
SHAPE_10488050,12.3795267,-1.5093591,242
SHAPE_10488050,12.3795331,-1.5093908,243
SHAPE_10488050,12.3795507,-1.5094221,244
SHAPE_10488050,12.3794165,-1.5096431,245
SHAPE_10488050,12.379374,-1.5097462,246
SHAPE_10488050,12.3793322,-1.5098005,247
SHAPE_10488050,12.3791472,-1.5100406,248
SHAPE_10488050,12.3790796,-1.5101599,249
SHAPE_10488050,12.3783457,-1.5110898,250
SHAPE_10488050,12.3777317,-1.5109222,251
SHAPE_10488050,12.3764767,-1.5106467,252
SHAPE_10488050,12.3762926,-1.5106063,253
SHAPE_10488050,12.3759276,-1.5105227,254
SHAPE_10488050,12.3758931,-1.5105147,255
SHAPE_10488050,12.3758001,-1.5104937,256
SHAPE_10488050,12.3747955,-1.5102668,257
SHAPE_10488050,12.3743321,-1.5101706,258
SHAPE_10488050,12.3742209,-1.5101004,259
SHAPE_10488050,12.3741391,-1.510084,260
SHAPE_10488050,12.373812,-1.5100218,261
SHAPE_10488050,12.3736658,-1.5100314,262
SHAPE_10488050,12.3735336,-1.5100852,263
SHAPE_10488050,12.3734718,-1.5101447,264
SHAPE_10488050,12.3734164,-1.5102269,265
SHAPE_10488050,12.3733643,-1.5103713,266
SHAPE_10488050,12.3732575,-1.5109276,267
SHAPE_10488050,12.3731595,-1.5113539,268
SHAPE_10488050,12.3730822,-1.51169,269
SHAPE_10488050,12.3729684,-1.5122094,270
SHAPE_10488050,12.3728507,-1.5128359,271
SHAPE_10488050,12.372734,-1.5133637,272
SHAPE_10488050,12.372624,-1.5139355,273
SHAPE_10488050,12.3724947,-1.5144967,274
SHAPE_10488050,12.3723867,-1.5150571,275
SHAPE_10488050,12.3723238,-1.5153482,276
SHAPE_10488050,12.3722688,-1.5156003,277
SHAPE_10488050,12.3721404,-1.5161984,278
SHAPE_10488050,12.3719138,-1.517219,279
SHAPE_10488050,12.3717861,-1.5178191,280
SHAPE_10488050,12.3716604,-1.5183273,281
SHAPE_10488050,12.3716175,-1.5185628,282
SHAPE_10488050,12.3715346,-1.5189188,283
SHAPE_10488050,12.3715084,-1.519012,284
SHAPE_10488050,12.3714527,-1.5192622,285
SHAPE_10488050,12.3714317,-1.5193574,286
SHAPE_10488050,12.3714095,-1.5194332,287
SHAPE_10488050,12.3713548,-1.5195321,288
SHAPE_10488050,12.3713427,-1.5195423,289
SHAPE_10488050,12.3713269,-1.5195622,290
SHAPE_10488050,12.3713162,-1.5195855,291
SHAPE_10488050,12.3713112,-1.5196107,292
SHAPE_10488050,12.3713123,-1.5196364,293
SHAPE_10488050,12.3713167,-1.5196625,294
SHAPE_10488050,12.3713285,-1.5196847,295
SHAPE_10488050,12.3713338,-1.5196918,296
SHAPE_10488050,12.3713381,-1.5196966,297
SHAPE_10488050,12.3713197,-1.5197711,298
SHAPE_10488050,12.3712976,-1.5198667,299
SHAPE_10488050,12.3712779,-1.5199837,300
SHAPE_10488050,12.3712487,-1.5201386,301
SHAPE_10488050,12.3712236,-1.5203341,302
SHAPE_10488050,12.3711755,-1.5206,303
SHAPE_10488050,12.3711402,-1.5208406,304
SHAPE_10488050,12.3710059,-1.5214663,305
SHAPE_10488050,12.3709175,-1.5218686,306
SHAPE_10488050,12.3707846,-1.5225064,307
SHAPE_10488050,12.3707663,-1.5225982,308
SHAPE_10488050,12.3707516,-1.5226996,309
SHAPE_10488050,12.3706903,-1.5229587,310
SHAPE_10488050,12.3706235,-1.5232815,311
SHAPE_10488050,12.3705053,-1.5238732,312
SHAPE_10488050,12.3703483,-1.5245194,313
SHAPE_10488050,12.3702691,-1.5248774,314
SHAPE_10488050,12.3701272,-1.5255287,315
SHAPE_10488050,12.3699947,-1.5261287,316
SHAPE_10488050,12.3703274,-1.526222,317
SHAPE_10488050,12.3707551,-1.526342,318
SHAPE_10488050,12.3718285,-1.5266364,319
SHAPE_10488050,12.3721258,-1.5266927,320
SHAPE_10488050,12.3722795,-1.5267128,321
SHAPE_10488050,12.3726455,-1.5267135,322
SHAPE_10514456,12.4136435,-1.4146705,1
SHAPE_10514456,12.4132862,-1.4154244,2
SHAPE_10514456,12.412299,-1.4175059,3
SHAPE_10514456,12.4119684,-1.4182025,4
SHAPE_10514456,12.4116412,-1.4188919,5
SHAPE_10514456,12.4111144,-1.419996,6
SHAPE_10514456,12.4109844,-1.420289,7
SHAPE_10514456,12.4109168,-1.4204414,8
SHAPE_10514456,12.4109046,-1.4204628,9
SHAPE_10514456,12.410879,-1.4205078,10
SHAPE_10514456,12.4106681,-1.4209545,11
SHAPE_10514456,12.4105483,-1.4211968,12
SHAPE_10514456,12.4099979,-1.4223735,13
SHAPE_10514456,12.4091623,-1.4241596,14
SHAPE_10514456,12.4087977,-1.4249115,15
SHAPE_10514456,12.4084494,-1.4256531,16
SHAPE_10514456,12.4077994,-1.4270338,17
SHAPE_10514456,12.4076538,-1.427325,18
SHAPE_10514456,12.4076005,-1.4274502,19
SHAPE_10514456,12.4075401,-1.4275749,20
SHAPE_10514456,12.4075149,-1.427628,21
SHAPE_10514456,12.407311,-1.4280583,22
SHAPE_10514456,12.4069889,-1.4287276,23
SHAPE_10514456,12.4069191,-1.4288726,24
SHAPE_10514456,12.4066605,-1.4293953,25
SHAPE_10514456,12.4066383,-1.4294456,26
SHAPE_10514456,12.4064781,-1.4298139,27
SHAPE_10514456,12.4064384,-1.429899,28
SHAPE_10514456,12.4057498,-1.4313468,29
SHAPE_10514456,12.4056895,-1.4314671,30
SHAPE_10514456,12.4055088,-1.4318544,31
SHAPE_10514456,12.4053287,-1.4322564,32
SHAPE_10514456,12.4051761,-1.4325766,33
SHAPE_10514456,12.4048464,-1.4332578,34
SHAPE_10514456,12.4047711,-1.4334097,35
SHAPE_10514456,12.4046894,-1.4335813,36
SHAPE_10514456,12.4045148,-1.4339481,37
SHAPE_10514456,12.4044814,-1.4340232,38
SHAPE_10514456,12.4042349,-1.4345441,39
SHAPE_10514456,12.4040489,-1.4349464,40
SHAPE_10514456,12.4037661,-1.4355579,41
SHAPE_10514456,12.4036823,-1.4357363,42
SHAPE_10514456,12.4033702,-1.4363994,43
SHAPE_10514456,12.4032025,-1.4367665,44
SHAPE_10514456,12.4031325,-1.4369029,45
SHAPE_10514456,12.403051,-1.4370844,46
SHAPE_10514456,12.4025599,-1.4381298,47
SHAPE_10514456,12.4025411,-1.4381738,48
SHAPE_10514456,12.4025122,-1.438249,49
SHAPE_10514456,12.4024541,-1.4383713,50
SHAPE_10514456,12.4023151,-1.4386609,51
SHAPE_10514456,12.4022288,-1.438841,52
SHAPE_10514456,12.4022092,-1.4388831,53
SHAPE_10514456,12.4019637,-1.4394014,54
SHAPE_10514456,12.4017102,-1.439969,55
SHAPE_10514456,12.4014592,-1.4405104,56
SHAPE_10514456,12.4012357,-1.440997,57
SHAPE_10514456,12.4011849,-1.4411146,58
SHAPE_10514456,12.4009752,-1.441562,59
SHAPE_10514456,12.4009399,-1.4416389,60
SHAPE_10514456,12.4007294,-1.4420698,61
SHAPE_10514456,12.4006977,-1.4421386,62
SHAPE_10514456,12.4004862,-1.4426009,63
SHAPE_10514456,12.4004412,-1.4426972,64
SHAPE_10514456,12.4003289,-1.4429426,65
SHAPE_10514456,12.4002546,-1.4431044,66
SHAPE_10514456,12.4002229,-1.4431733,67
SHAPE_10514456,12.4000548,-1.4435292,68
SHAPE_10514456,12.3999517,-1.4437511,69
SHAPE_10514456,12.3998829,-1.443891,70
SHAPE_10514456,12.3998155,-1.4440766,71
SHAPE_10514456,12.3997926,-1.4441356,72
SHAPE_10514456,12.3997297,-1.4442898,73
SHAPE_10514456,12.399621,-1.4445299,74
SHAPE_10514456,12.3995123,-1.4447606,75
SHAPE_10514456,12.3993983,-1.4450234,76
SHAPE_10514456,12.3992411,-1.4453748,77
SHAPE_10514456,12.3991849,-1.445517,78
SHAPE_10514456,12.3990591,-1.4458791,79
SHAPE_10514456,12.3985244,-1.4473942,80
SHAPE_10514456,12.3984681,-1.4475522,81
SHAPE_10514456,12.3980806,-1.4487289,82
SHAPE_10514456,12.3979392,-1.4491621,83
SHAPE_10514456,12.39787,-1.4494134,84
SHAPE_10514456,12.3978294,-1.4495811,85
SHAPE_10514456,12.3977705,-1.4498466,86
SHAPE_10514456,12.397701,-1.4501323,87
SHAPE_10514456,12.3976303,-1.4504219,88
SHAPE_10514456,12.397574,-1.4506593,89
SHAPE_10514456,12.3974849,-1.4510268,90
SHAPE_10514456,12.3973827,-1.4514304,91
SHAPE_10514456,12.3972884,-1.4518033,92
SHAPE_10514456,12.3970553,-1.4527997,93
SHAPE_10514456,12.3969939,-1.4530097,94
SHAPE_10514456,12.3968071,-1.4530193,95
SHAPE_10514456,12.3968406,-1.4529917,96
SHAPE_10514456,12.396881,-1.4529767,97
SHAPE_10514456,12.3969113,-1.4529745,98
SHAPE_10514456,12.3969413,-1.4529796,99
SHAPE_10514456,12.3969693,-1.4529915,100
SHAPE_10514456,12.3969939,-1.4530097,101
SHAPE_10514456,12.3970218,-1.4530471,102
SHAPE_10514456,12.3970355,-1.4530921,103
SHAPE_10514456,12.3970331,-1.4531391,104
SHAPE_10514456,12.3970151,-1.4531824,105
SHAPE_10514456,12.3969836,-1.4532167,106
SHAPE_10514456,12.3969425,-1.4532378,107
SHAPE_10514456,12.3968882,-1.4532423,108
SHAPE_10514456,12.3968369,-1.4532238,109
SHAPE_10514456,12.396802,-1.4531922,110
SHAPE_10514456,12.3967795,-1.4531442,111
SHAPE_10514456,12.3967739,-1.453103,112
SHAPE_10514456,12.3967841,-1.4530565,113
SHAPE_10514456,12.3968071,-1.4530193,114
SHAPE_10514456,12.3969425,-1.4532378,115
SHAPE_10514456,12.3968162,-1.4537673,116
SHAPE_10514456,12.396716,-1.4542025,117
SHAPE_10514456,12.3965765,-1.4547752,118
SHAPE_10514456,12.3962943,-1.4559453,119
SHAPE_10514456,12.3962596,-1.4561056,120
SHAPE_10514456,12.3962252,-1.4562424,121
SHAPE_10514456,12.3961482,-1.4565367,122
SHAPE_10514456,12.3961004,-1.4567425,123
SHAPE_10514456,12.395959,-1.4572985,124
SHAPE_10514456,12.3959059,-1.4575486,125
SHAPE_10514456,12.395716,-1.4583197,126
SHAPE_10514456,12.3955103,-1.459168,127
SHAPE_10514456,12.3954769,-1.4593048,128
SHAPE_10514456,12.3954409,-1.4594657,129
SHAPE_10514456,12.3953721,-1.4597956,130
SHAPE_10514456,12.3948603,-1.4617484,131
SHAPE_10514456,12.3946476,-1.4626026,132
SHAPE_10514456,12.3944864,-1.463241,133
SHAPE_10514456,12.3941056,-1.4647599,134
SHAPE_10514456,12.3939639,-1.4653527,135
SHAPE_10514456,12.3938404,-1.4658443,136
SHAPE_10514456,12.3938178,-1.4659514,137
SHAPE_10514456,12.3937493,-1.4664468,138
SHAPE_10514456,12.3936311,-1.4670625,139
SHAPE_10514456,12.3935391,-1.4675045,140
SHAPE_10514456,12.3929722,-1.4697577,141
SHAPE_10514456,12.3929519,-1.4698571,142
SHAPE_10514456,12.392948,-1.4699513,143
SHAPE_10514456,12.3929556,-1.4700818,144
SHAPE_10514456,12.3929817,-1.4701303,145
SHAPE_10514456,12.3929986,-1.4701829,146
SHAPE_10514456,12.3930053,-1.470232,147
SHAPE_10514456,12.3930039,-1.4702816,148
SHAPE_10514456,12.3929943,-1.4703303,149
SHAPE_10514456,12.3929769,-1.4703766,150
SHAPE_10514456,12.3929521,-1.4704192,151
SHAPE_10514456,12.3929207,-1.470457,152
SHAPE_10514456,12.3928872,-1.4704862,153
SHAPE_10514456,12.3928496,-1.4705099,154
SHAPE_10514456,12.392809,-1.4705273,155
SHAPE_10514456,12.392782,-1.4705882,156
SHAPE_10514456,12.3927612,-1.4706618,157
SHAPE_10514456,12.392735,-1.4707476,158
SHAPE_10514456,12.3926828,-1.4709656,159
SHAPE_10514456,12.392522,-1.471637,160
SHAPE_10514456,12.3923622,-1.4722807,161
SHAPE_10514456,12.3922213,-1.4728163,162
SHAPE_10514456,12.3921762,-1.4729781,163
SHAPE_10514456,12.3920109,-1.4735507,164
SHAPE_10514456,12.391827,-1.4741166,165
SHAPE_10514456,12.3916724,-1.4747456,166
SHAPE_10514456,12.3916322,-1.4748944,167
SHAPE_10514456,12.391401,-1.4757418,168
SHAPE_10514456,12.3912112,-1.476545,169
SHAPE_10514456,12.3910382,-1.4772734,170
SHAPE_10514456,12.39103,-1.4773576,171
SHAPE_10514456,12.391052,-1.477382,172
SHAPE_10514456,12.3910682,-1.4774108,173
SHAPE_10514456,12.3910775,-1.4774425,174
SHAPE_10514456,12.3910798,-1.4774757,175
SHAPE_10514456,12.3910742,-1.4775104,176
SHAPE_10514456,12.3910607,-1.4775428,177
SHAPE_10514456,12.3910401,-1.477571,178
SHAPE_10514456,12.3910135,-1.4775934,179
SHAPE_10514456,12.3909825,-1.4776087,180
SHAPE_10514456,12.3908662,-1.4780648,181
SHAPE_10514456,12.3905712,-1.4792106,182
SHAPE_10514456,12.3902427,-1.4804868,183
SHAPE_10514456,12.3902231,-1.4806451,184
SHAPE_10514456,12.3902286,-1.4807953,185
SHAPE_10514456,12.3902454,-1.4808234,186
SHAPE_10514456,12.3902557,-1.4808547,187
SHAPE_10514456,12.390259,-1.4808876,188
SHAPE_10514456,12.390255,-1.4809203,189
SHAPE_10514456,12.390244,-1.4809513,190
SHAPE_10514456,12.3902265,-1.4809791,191
SHAPE_10514456,12.3902035,-1.4810022,192
SHAPE_10514456,12.390176,-1.4810194,193
SHAPE_10514456,12.3901209,-1.4811011,194
SHAPE_10514456,12.3900829,-1.481211,195
SHAPE_10514456,12.3899546,-1.4816884,196
SHAPE_10514456,12.3897654,-1.4825255,197
SHAPE_10514456,12.3895183,-1.4836679,198
SHAPE_10514456,12.3886907,-1.4870705,199
SHAPE_10514456,12.3884203,-1.488399,200
SHAPE_10514456,12.3882085,-1.489196,201
SHAPE_10514456,12.388154,-1.4894423,202
SHAPE_10514456,12.387919,-1.4903842,203
SHAPE_10514456,12.3878913,-1.4906444,204
SHAPE_10514456,12.387894,-1.4907079,205
SHAPE_10514456,12.3878865,-1.4907449,206
SHAPE_10514456,12.3878682,-1.490778,207
SHAPE_10514456,12.38749,-1.4924359,208
SHAPE_10514456,12.3872053,-1.4936266,209
SHAPE_10514456,12.3869673,-1.4946339,210
SHAPE_10514456,12.3865542,-1.4962984,211
SHAPE_10514456,12.3864767,-1.4967152,212
SHAPE_10514456,12.3864977,-1.4967486,213
SHAPE_10514456,12.3865075,-1.496787,214
SHAPE_10514456,12.386505,-1.4968267,215
SHAPE_10514456,12.3864906,-1.4968636,216
SHAPE_10514456,12.3864656,-1.496894,217
SHAPE_10514456,12.3864325,-1.4969149,218
SHAPE_10514456,12.3863696,-1.4971034,219
SHAPE_10514456,12.3863083,-1.4973975,220
SHAPE_10514456,12.3858647,-1.499076,221
SHAPE_10514456,12.3857067,-1.499798,222
SHAPE_10514456,12.3855887,-1.5003486,223
SHAPE_10514456,12.3854944,-1.5007845,224
SHAPE_10514456,12.3853232,-1.5016494,225
SHAPE_10514456,12.3852995,-1.5017808,226
SHAPE_10514456,12.3852458,-1.5019993,227
SHAPE_10514456,12.385188,-1.5022452,228
SHAPE_10514456,12.3851592,-1.502326,229
SHAPE_10514456,12.3851087,-1.5023878,230
SHAPE_10514456,12.3850227,-1.5024367,231
SHAPE_10514456,12.3850561,-1.5025113,232
SHAPE_10514456,12.3850629,-1.502593,233
SHAPE_10514456,12.3850361,-1.5026871,234
SHAPE_10514456,12.3850648,-1.5027477,235
SHAPE_10514456,12.3850875,-1.5028091,236
SHAPE_10514456,12.3850978,-1.5028789,237
SHAPE_10514456,12.3850989,-1.5029615,238
SHAPE_10514456,12.3850266,-1.5030461,239
SHAPE_10514456,12.3849502,-1.5030842,240
SHAPE_10514456,12.3847683,-1.503154,241
SHAPE_10514456,12.3846919,-1.5032027,242
SHAPE_10514456,12.3841691,-1.5038754,243
SHAPE_10514456,12.3839191,-1.5041568,244
SHAPE_10514456,12.3836587,-1.5044551,245
SHAPE_10514456,12.38362,-1.5045061,246
SHAPE_10514456,12.3831965,-1.5050686,247
SHAPE_10514456,12.3828756,-1.5054303,248
SHAPE_10514456,12.382639,-1.5056251,249
SHAPE_10514456,12.3822236,-1.5061704,250
SHAPE_10514456,12.3818335,-1.5066559,251
SHAPE_10514456,12.3817678,-1.5067377,252
SHAPE_10514456,12.3810156,-1.5077221,253
SHAPE_10514456,12.3806937,-1.508105,254
SHAPE_10514456,12.3806206,-1.5081919,255
SHAPE_10514456,12.3805508,-1.5082751,256
SHAPE_10514456,12.3803868,-1.5084701,257
SHAPE_10514456,12.3801326,-1.5087724,258
SHAPE_10514456,12.3797059,-1.5092895,259
SHAPE_10514456,12.3797216,-1.5093175,260
SHAPE_10514456,12.379728,-1.5093491,261
SHAPE_10514456,12.3797246,-1.5093812,262
SHAPE_10514456,12.3797117,-1.5094106,263
SHAPE_10514456,12.3796905,-1.5094346,264
SHAPE_10514456,12.3796631,-1.5094506,265
SHAPE_10514456,12.3796323,-1.5094572,266
SHAPE_10514456,12.3794558,-1.5096773,267
SHAPE_10514456,12.379374,-1.5097462,268
SHAPE_10514456,12.3793322,-1.5098005,269
SHAPE_10514456,12.3791472,-1.5100406,270
SHAPE_10514456,12.3790796,-1.5101599,271
SHAPE_10514456,12.3783457,-1.5110898,272
SHAPE_10514456,12.3777317,-1.5109222,273
SHAPE_10514456,12.3764767,-1.5106467,274
SHAPE_10514456,12.3762926,-1.5106063,275
SHAPE_10514456,12.3759276,-1.5105227,276
SHAPE_10514456,12.3758931,-1.5105147,277
SHAPE_10514456,12.3758001,-1.5104937,278
SHAPE_10514456,12.3747955,-1.5102668,279
SHAPE_10514456,12.3743321,-1.5101706,280
SHAPE_10514456,12.3741711,-1.5101728,281
SHAPE_10514456,12.3740882,-1.5101548,282
SHAPE_10514456,12.3737877,-1.5101033,283
SHAPE_10514456,12.3736661,-1.510109,284
SHAPE_10514456,12.3735783,-1.5101477,285
SHAPE_10514456,12.3734908,-1.5102505,286
SHAPE_10514456,12.3734488,-1.5103633,287
SHAPE_10514456,12.3733212,-1.5109381,288
SHAPE_10514456,12.3732307,-1.5113678,289
SHAPE_10514456,12.3731601,-1.5117032,290
SHAPE_10514456,12.3730313,-1.512237,291
SHAPE_10514456,12.3728967,-1.5128344,292
SHAPE_10514456,12.3728013,-1.5133837,293
SHAPE_10514456,12.3726725,-1.5139529,294
SHAPE_10514456,12.3725621,-1.5145126,295
SHAPE_10514456,12.3724402,-1.5150665,296
SHAPE_10514456,12.3723791,-1.5153803,297
SHAPE_10514456,12.3723271,-1.5156161,298
SHAPE_10514456,12.3722104,-1.5162119,299
SHAPE_10514456,12.3719878,-1.5172297,300
SHAPE_10514456,12.3718594,-1.5178318,301
SHAPE_10514456,12.3717622,-1.5182695,302
SHAPE_10514456,12.3716897,-1.518581,303
SHAPE_10514456,12.3715152,-1.5192933,304
SHAPE_10514456,12.3715056,-1.5193639,305
SHAPE_10514456,12.371497,-1.5194182,306
SHAPE_10514456,12.3714473,-1.5195307,307
SHAPE_10514456,12.3714647,-1.5195404,308
SHAPE_10514456,12.3714806,-1.5195557,309
SHAPE_10514456,12.3714948,-1.519579,310
SHAPE_10514456,12.3715022,-1.5196054,311
SHAPE_10514456,12.3715034,-1.5196296,312
SHAPE_10514456,12.3714966,-1.5196578,313
SHAPE_10514456,12.3714822,-1.5196827,314
SHAPE_10514456,12.3714613,-1.5197023,315
SHAPE_10514456,12.3714422,-1.5197126,316
SHAPE_10514456,12.3714158,-1.5197187,317
SHAPE_10514456,12.3713852,-1.5197892,318
SHAPE_10514456,12.3713495,-1.5198768,319
SHAPE_10514456,12.371305,-1.5199887,320
SHAPE_10514456,12.3712487,-1.5201386,321
SHAPE_10514456,12.3712236,-1.5203341,322
SHAPE_10514456,12.3711755,-1.5206,323
SHAPE_10514456,12.3711402,-1.5208406,324
SHAPE_10514456,12.3710059,-1.5214663,325
SHAPE_10514456,12.3709175,-1.5218686,326
SHAPE_10514456,12.3707846,-1.5225064,327
SHAPE_10514456,12.3707663,-1.5225982,328
SHAPE_10514456,12.3707516,-1.5226996,329
SHAPE_10514456,12.3706903,-1.5229587,330
SHAPE_10514456,12.3706235,-1.5232815,331
SHAPE_10514456,12.3705053,-1.5238732,332
SHAPE_10514456,12.3703483,-1.5245194,333
SHAPE_10514456,12.3702691,-1.5248774,334
SHAPE_10514456,12.3705499,-1.5249554,335
SHAPE_10514456,12.3708544,-1.52504,336
SHAPE_10514456,12.3714297,-1.5251948,337
SHAPE_10514456,12.3719257,-1.5253282,338
SHAPE_10514456,12.3721875,-1.5254,339
SHAPE_10514456,12.3726313,-1.5255218,340
SHAPE_10514456,12.3729406,-1.5257906,341
SHAPE_10514456,12.3729989,-1.5257877,342
SHAPE_10514456,12.3730585,-1.5257941,343
SHAPE_10514456,12.3731169,-1.5258082,344
SHAPE_10514456,12.3731713,-1.5258289,345
SHAPE_10514456,12.373223,-1.5258563,346
SHAPE_10514456,12.3732709,-1.5258898,347
SHAPE_10514456,12.3733146,-1.5259291,348
SHAPE_10514456,12.3733532,-1.5259736,349
SHAPE_10514456,12.3733862,-1.5260225,350
SHAPE_10514456,12.3734132,-1.5260752,351
SHAPE_10514456,12.3734338,-1.5261308,352
SHAPE_10514456,12.3734475,-1.5261886,353
SHAPE_10514456,12.3734542,-1.5262465,354
SHAPE_10514456,12.3734542,-1.5263047,355
SHAPE_10514456,12.3734473,-1.5263626,356
SHAPE_10514456,12.3734338,-1.5264192,357
SHAPE_10514456,12.3734137,-1.5264737,358
SHAPE_10514456,12.3733875,-1.5265254,359
SHAPE_10514456,12.3733554,-1.5265735,360
SHAPE_10514456,12.3733227,-1.5266124,361
SHAPE_10514456,12.3732862,-1.5266475,362
SHAPE_10514456,12.3732463,-1.5266785,363
SHAPE_10514456,12.3732034,-1.526705,364
SHAPE_10514456,12.3731454,-1.5267319,365
SHAPE_10514456,12.3730843,-1.5267506,366
SHAPE_10514456,12.3730214,-1.5267608,367
SHAPE_10514456,12.3729577,-1.5267623,368
SHAPE_10514456,12.372897,-1.5267555,369
SHAPE_10514456,12.3728377,-1.5267409,370
SHAPE_10514456,12.3727807,-1.5267186,371
SHAPE_10528059,12.3726455,-1.5267135,1
SHAPE_10528059,12.3722795,-1.5267128,2
SHAPE_10528059,12.3721258,-1.5266927,3
SHAPE_10528059,12.3718285,-1.5266364,4
SHAPE_10528059,12.3707551,-1.526342,5
SHAPE_10528059,12.3703274,-1.526222,6
SHAPE_10528059,12.3699947,-1.5261287,7
SHAPE_10528059,12.3701272,-1.5255287,8
SHAPE_10528059,12.3702691,-1.5248774,9
SHAPE_10528059,12.3703483,-1.5245194,10
SHAPE_10528059,12.3705053,-1.5238732,11
SHAPE_10528059,12.3706235,-1.5232815,12
SHAPE_10528059,12.3706903,-1.5229587,13
SHAPE_10528059,12.3707516,-1.5226996,14
SHAPE_10528059,12.3707663,-1.5225982,15
SHAPE_10528059,12.3707846,-1.5225064,16
SHAPE_10528059,12.3709175,-1.5218686,17
SHAPE_10528059,12.3710059,-1.5214663,18
SHAPE_10528059,12.3711402,-1.5208406,19
SHAPE_10528059,12.3711755,-1.5206,20
SHAPE_10528059,12.3712236,-1.5203341,21
SHAPE_10528059,12.3712487,-1.5201386,22
SHAPE_10528059,12.3712779,-1.5199837,23
SHAPE_10528059,12.3712976,-1.5198667,24
SHAPE_10528059,12.3713197,-1.5197711,25
SHAPE_10528059,12.3713381,-1.5196966,26
SHAPE_10528059,12.3713338,-1.5196918,27
SHAPE_10528059,12.3713285,-1.5196847,28
SHAPE_10528059,12.3713167,-1.5196625,29
SHAPE_10528059,12.3713123,-1.5196364,30
SHAPE_10528059,12.3713112,-1.5196107,31
SHAPE_10528059,12.3713162,-1.5195855,32
SHAPE_10528059,12.3713269,-1.5195622,33
SHAPE_10528059,12.3713427,-1.5195423,34
SHAPE_10528059,12.3713548,-1.5195321,35
SHAPE_10528059,12.3714095,-1.5194332,36
SHAPE_10528059,12.3714317,-1.5193574,37
SHAPE_10528059,12.3714527,-1.5192622,38
SHAPE_10528059,12.3715084,-1.519012,39
SHAPE_10528059,12.3715346,-1.5189188,40
SHAPE_10528059,12.3716175,-1.5185628,41
SHAPE_10528059,12.3716604,-1.5183273,42
SHAPE_10528059,12.3717861,-1.5178191,43
SHAPE_10528059,12.3719138,-1.517219,44
SHAPE_10528059,12.3721404,-1.5161984,45
SHAPE_10528059,12.3722688,-1.5156003,46
SHAPE_10528059,12.3723238,-1.5153482,47
SHAPE_10528059,12.3723867,-1.5150571,48
SHAPE_10528059,12.3724947,-1.5144967,49
SHAPE_10528059,12.372624,-1.5139355,50
SHAPE_10528059,12.372734,-1.5133637,51
SHAPE_10528059,12.3728507,-1.5128359,52
SHAPE_10528059,12.3729684,-1.5122094,53
SHAPE_10528059,12.3730822,-1.51169,54
SHAPE_10528059,12.3731595,-1.5113539,55
SHAPE_10528059,12.3732575,-1.5109276,56
SHAPE_10528059,12.3733643,-1.5103713,57
SHAPE_10528059,12.3734164,-1.5102269,58
SHAPE_10528059,12.3734718,-1.5101447,59
SHAPE_10528059,12.3735336,-1.5100852,60
SHAPE_10528059,12.3736658,-1.5100314,61
SHAPE_10528059,12.373812,-1.5100218,62
SHAPE_10528059,12.3741391,-1.510084,63
SHAPE_10528059,12.3742209,-1.5101004,64
SHAPE_10528059,12.3743321,-1.5101706,65
SHAPE_10528059,12.3747955,-1.5102668,66
SHAPE_10528059,12.3758001,-1.5104937,67
SHAPE_10528059,12.3758931,-1.5105147,68
SHAPE_10528059,12.3759276,-1.5105227,69
SHAPE_10528059,12.3762926,-1.5106063,70
SHAPE_10528059,12.3764767,-1.5106467,71
SHAPE_10528059,12.3777317,-1.5109222,72
SHAPE_10528059,12.3783457,-1.5110898,73
SHAPE_10528059,12.3790796,-1.5101599,74
SHAPE_10528059,12.3791472,-1.5100406,75
SHAPE_10528059,12.3793322,-1.5098005,76
SHAPE_10528059,12.379374,-1.5097462,77
SHAPE_10528059,12.3794165,-1.5096431,78
SHAPE_10528059,12.3795507,-1.5094221,79
SHAPE_10528059,12.3795331,-1.5093908,80
SHAPE_10528059,12.3795267,-1.5093591,81
SHAPE_10528059,12.3795301,-1.509327,82
SHAPE_10528059,12.379543,-1.5092976,83
SHAPE_10528059,12.3795642,-1.5092737,84
SHAPE_10528059,12.3795916,-1.5092576,85
SHAPE_10528059,12.3796224,-1.509251,86
SHAPE_10528059,12.3797198,-1.5091589,87
SHAPE_10528059,12.3804696,-1.5081981,88
SHAPE_10528059,12.3810732,-1.5074966,89
SHAPE_10528059,12.3817855,-1.5066273,90
SHAPE_10528059,12.3827268,-1.5053586,91
SHAPE_10528059,12.3829666,-1.5050373,92
SHAPE_10528059,12.3830774,-1.504888,93
SHAPE_10528059,12.3833814,-1.5043739,94
SHAPE_10528059,12.3837389,-1.5038611,95
SHAPE_10528059,12.3839332,-1.5035847,96
SHAPE_10528059,12.3841793,-1.503265,97
SHAPE_10528059,12.3842849,-1.5031081,98
SHAPE_10528059,12.3843952,-1.5028792,99
SHAPE_10528059,12.3844422,-1.5028045,100
SHAPE_10528059,12.3844982,-1.502737,101
SHAPE_10528059,12.3846036,-1.5026316,102
SHAPE_10528059,12.3845966,-1.5025608,103
SHAPE_10528059,12.3846102,-1.502491,104
SHAPE_10528059,12.3846432,-1.5024283,105
SHAPE_10528059,12.3846928,-1.5023784,106
SHAPE_10528059,12.3847545,-1.5023457,107
SHAPE_10528059,12.384759,-1.5022266,108
SHAPE_10528059,12.3847908,-1.5021108,109
SHAPE_10528059,12.3848661,-1.5019771,110
SHAPE_10528059,12.3849608,-1.5018067,111
SHAPE_10528059,12.3850357,-1.5016045,112
SHAPE_10528059,12.3851467,-1.5011335,113
SHAPE_10528059,12.3851804,-1.500991,114
SHAPE_10528059,12.3852852,-1.5005719,115
SHAPE_10528059,12.3855223,-1.499738,116
SHAPE_10528059,12.3857365,-1.4990716,117
SHAPE_10528059,12.3861326,-1.4975913,118
SHAPE_10528059,12.3862068,-1.4973131,119
SHAPE_10528059,12.3862884,-1.4968758,120
SHAPE_10528059,12.3862701,-1.4968417,121
SHAPE_10528059,12.3862629,-1.4968035,122
SHAPE_10528059,12.3862675,-1.4967649,123
SHAPE_10528059,12.3862833,-1.4967295,124
SHAPE_10528059,12.386309,-1.4967009,125
SHAPE_10528059,12.3863378,-1.4966063,126
SHAPE_10528059,12.3865001,-1.4960221,127
SHAPE_10528059,12.3865945,-1.4956206,128
SHAPE_10528059,12.3867984,-1.4947806,129
SHAPE_10528059,12.3868615,-1.4945075,130
SHAPE_10528059,12.3870749,-1.4935383,131
SHAPE_10528059,12.3874826,-1.4917797,132
SHAPE_10528059,12.3877024,-1.4907961,133
SHAPE_10528059,12.3876776,-1.4907682,134
SHAPE_10528059,12.3876625,-1.4907337,135
SHAPE_10528059,12.3876585,-1.4906962,136
SHAPE_10528059,12.387666,-1.4906592,137
SHAPE_10528059,12.3876843,-1.4906264,138
SHAPE_10528059,12.3877117,-1.490601,139
SHAPE_10528059,12.3877467,-1.4905907,140
SHAPE_10528059,12.3880302,-1.4894702,141
SHAPE_10528059,12.3882856,-1.4882807,142
SHAPE_10528059,12.3884074,-1.4877778,143
SHAPE_10528059,12.388579,-1.4870805,144
SHAPE_10528059,12.3887925,-1.4862222,145
SHAPE_10528059,12.3889195,-1.4857032,146
SHAPE_10528059,12.3893579,-1.4839509,147
SHAPE_10528059,12.3896111,-1.4828024,148
SHAPE_10528059,12.3898234,-1.4818622,149
SHAPE_10528059,12.3899834,-1.481203,150
SHAPE_10528059,12.3900024,-1.4810937,151
SHAPE_10528059,12.3900014,-1.4809764,152
SHAPE_10528059,12.3899846,-1.4809483,153
SHAPE_10528059,12.3899743,-1.480917,154
SHAPE_10528059,12.389971,-1.4808842,155
SHAPE_10528059,12.389975,-1.4808514,156
SHAPE_10528059,12.389986,-1.4808204,157
SHAPE_10528059,12.3900035,-1.4807926,158
SHAPE_10528059,12.3900265,-1.4807696,159
SHAPE_10528059,12.390054,-1.4807523,160
SHAPE_10528059,12.3901196,-1.4806183,161
SHAPE_10528059,12.3901586,-1.4804609,162
SHAPE_10528059,12.3904763,-1.4791814,163
SHAPE_10528059,12.3907193,-1.4782024,164
SHAPE_10528059,12.3908293,-1.4776847,165
SHAPE_10528059,12.3908513,-1.4775883,166
SHAPE_10528059,12.3908244,-1.4775623,167
SHAPE_10528059,12.3908048,-1.47753,168
SHAPE_10528059,12.390794,-1.4774938,169
SHAPE_10528059,12.3907926,-1.4774558,170
SHAPE_10528059,12.3907965,-1.4774281,171
SHAPE_10528059,12.3908022,-1.4774114,172
SHAPE_10528059,12.3908176,-1.4773852,173
SHAPE_10528059,12.3908425,-1.4773571,174
SHAPE_10528059,12.3908708,-1.4773374,175
SHAPE_10528059,12.3908923,-1.4773312,176
SHAPE_10528059,12.3909249,-1.4772461,177
SHAPE_10528059,12.3913102,-1.4757533,178
SHAPE_10528059,12.391544,-1.4747768,179
SHAPE_10528059,12.3916763,-1.4742684,180
SHAPE_10528059,12.3917526,-1.4739754,181
SHAPE_10528059,12.3917876,-1.4737262,182
SHAPE_10528059,12.3918604,-1.4733173,183
SHAPE_10528059,12.3919665,-1.4727592,184
SHAPE_10528059,12.3920989,-1.4721997,185
SHAPE_10528059,12.3922689,-1.4714761,186
SHAPE_10528059,12.3924682,-1.470673,187
SHAPE_10528059,12.3924812,-1.4705774,188
SHAPE_10528059,12.3924889,-1.4704936,189
SHAPE_10528059,12.3924815,-1.4704327,190
SHAPE_10528059,12.3924607,-1.470404,191
SHAPE_10528059,12.3924386,-1.4703165,192
SHAPE_10528059,12.392431,-1.4702628,193
SHAPE_10528059,12.3924332,-1.4702087,194
SHAPE_10528059,12.3924451,-1.4701559,195
SHAPE_10528059,12.3924662,-1.4701062,196
SHAPE_10528059,12.3924959,-1.4700613,197
SHAPE_10528059,12.3925331,-1.4700227,198
SHAPE_10528059,12.3925766,-1.4699918,199
SHAPE_10528059,12.3925969,-1.4699802,200
SHAPE_10528059,12.3926216,-1.4699694,201
SHAPE_10528059,12.3926568,-1.4699189,202
SHAPE_10528059,12.3926751,-1.4698656,203
SHAPE_10528059,12.3926989,-1.4697667,204
SHAPE_10528059,12.3933092,-1.467279,205
SHAPE_10528059,12.3933995,-1.4669812,206
SHAPE_10528059,12.3934899,-1.4666782,207
SHAPE_10528059,12.3936576,-1.4662976,208
SHAPE_10528059,12.3937243,-1.4659238,209
SHAPE_10528059,12.3937443,-1.4658297,210
SHAPE_10528059,12.3939979,-1.4647779,211
SHAPE_10528059,12.3941053,-1.4643394,212
SHAPE_10528059,12.3943921,-1.4632088,213
SHAPE_10528059,12.3947667,-1.4617202,214
SHAPE_10528059,12.3950553,-1.460609,215
SHAPE_10528059,12.3952043,-1.460003,216
SHAPE_10528059,12.395333,-1.4594382,217
SHAPE_10528059,12.3953703,-1.4592766,218
SHAPE_10528059,12.395402,-1.4591305,219
SHAPE_10528059,12.3955356,-1.4585726,220
SHAPE_10528059,12.3956326,-1.4581743,221
SHAPE_10528059,12.3957976,-1.4575225,222
SHAPE_10528059,12.3958618,-1.4573201,223
SHAPE_10528059,12.3959888,-1.456738,224
SHAPE_10528059,12.3961147,-1.4562193,225
SHAPE_10528059,12.3961469,-1.4560777,226
SHAPE_10528059,12.3961853,-1.4559092,227
SHAPE_10528059,12.3964656,-1.4547438,228
SHAPE_10528059,12.3967145,-1.4537379,229
SHAPE_10528059,12.3968369,-1.4532238,230
SHAPE_10528059,12.396881,-1.4529767,231
SHAPE_10528059,12.3969424,-1.452767,232
SHAPE_10528059,12.3970348,-1.4524666,233
SHAPE_10528059,12.3973406,-1.4511362,234
SHAPE_10528059,12.3974925,-1.4505166,235
SHAPE_10528059,12.3976491,-1.4498867,236
SHAPE_10528059,12.39773,-1.4495622,237
SHAPE_10528059,12.3978064,-1.4492886,238
SHAPE_10528059,12.3983284,-1.4476777,239
SHAPE_10528059,12.3988464,-1.4461678,240
SHAPE_10528059,12.3989864,-1.4457614,241
SHAPE_10528059,12.3991115,-1.4454459,242
SHAPE_10528059,12.3992241,-1.4451884,243
SHAPE_10528059,12.3993538,-1.4449027,244
SHAPE_10528059,12.3993823,-1.444842,245
SHAPE_10528059,12.3994102,-1.4447805,246
SHAPE_10528059,12.3995195,-1.4445497,247
SHAPE_10528059,12.3995771,-1.4444232,248
SHAPE_10528059,12.3995553,-1.444352,249
SHAPE_10528059,12.3995309,-1.4443159,250
SHAPE_10528059,12.3995003,-1.444285,251
SHAPE_10528059,12.3994414,-1.4442581,252
SHAPE_10528059,12.3992961,-1.4441849,253
SHAPE_10528059,12.3992164,-1.4441558,254
SHAPE_10528059,12.3979116,-1.443679,255
SHAPE_10528059,12.3974435,-1.4435249,256
SHAPE_10528059,12.3967754,-1.4433096,257
SHAPE_10528059,12.3958838,-1.4430519,258
SHAPE_10528059,12.3958448,-1.4430406,259
SHAPE_10528059,12.3956961,-1.4429811,260
SHAPE_10528059,12.3954418,-1.4428688,261
SHAPE_10528059,12.3952619,-1.4427701,262
SHAPE_10528059,12.3951048,-1.4426643,263
SHAPE_10528059,12.394963,-1.4425605,264
SHAPE_10528059,12.3948231,-1.4424608,265
SHAPE_10528059,12.3938793,-1.4415958,266
SHAPE_10528059,12.3930506,-1.4408546,267
SHAPE_10528059,12.3919015,-1.4398154,268
SHAPE_10528059,12.3914183,-1.4393939,269
SHAPE_10528059,12.3910991,-1.4390264,270
SHAPE_10528059,12.3910529,-1.4389669,271
SHAPE_10528059,12.3910103,-1.4389119,272
SHAPE_10528059,12.3909294,-1.4387964,273
SHAPE_10528059,12.3908057,-1.4385711,274
SHAPE_10528059,12.3905751,-1.4381396,275
SHAPE_10528059,12.3905184,-1.4380284,276
SHAPE_10528059,12.3898763,-1.4367499,277
SHAPE_10528059,12.389575,-1.4361379,278
SHAPE_10528059,12.3889233,-1.4348186,279
SHAPE_10528059,12.3887927,-1.4345515,280
SHAPE_10528059,12.3885866,-1.4341345,281
SHAPE_10528059,12.3884522,-1.4338556,282
SHAPE_10528059,12.3882734,-1.4334945,283
SHAPE_10528059,12.3881656,-1.4332746,284
SHAPE_10528059,12.3881092,-1.4331695,285
SHAPE_10528059,12.3876776,-1.4323282,286
SHAPE_10528059,12.3872645,-1.431469,287
SHAPE_10528059,12.3860226,-1.4289393,288
SHAPE_10528059,12.3859845,-1.4288603,289
SHAPE_10528059,12.3857325,-1.4283379,290
SHAPE_10528059,12.3854872,-1.4278654,291
SHAPE_10528059,12.3853241,-1.4275635,292
SHAPE_10528059,12.3851541,-1.4273068,293
SHAPE_10528059,12.3847703,-1.4268815,294
SHAPE_10528059,12.3847084,-1.4268155,295
SHAPE_10528059,12.3846452,-1.4267576,296
SHAPE_10528059,12.3844349,-1.4265867,297
SHAPE_10528059,12.3841623,-1.4264121,298
SHAPE_10528059,12.3838885,-1.4262593,299
SHAPE_10528059,12.3834877,-1.4260675,300
SHAPE_10528059,12.3830848,-1.4258765,301
SHAPE_10528059,12.3822815,-1.4255221,302
SHAPE_10528059,12.381975,-1.4253505,303
SHAPE_10528059,12.3816696,-1.4251687,304
SHAPE_10528059,12.3812457,-1.4249162,305
SHAPE_10528059,12.381189,-1.4248824,306
SHAPE_10528059,12.3807129,-1.4245627,307
SHAPE_10528059,12.3800946,-1.4241986,308
SHAPE_10528059,12.3794691,-1.4238029,309
SHAPE_10528059,12.3786283,-1.4232687,310
SHAPE_10528059,12.3783474,-1.4230966,311
SHAPE_10528059,12.3779119,-1.4228186,312
SHAPE_10528059,12.3778618,-1.4227854,313
SHAPE_10528059,12.3777282,-1.4226969,314
SHAPE_10528059,12.377143,-1.4223252,315
SHAPE_10528059,12.3770322,-1.4222547,316
SHAPE_10528059,12.3770093,-1.4222402,317
SHAPE_10528059,12.3765681,-1.4219599,318
SHAPE_10528059,12.3760798,-1.4216547,319
SHAPE_10528059,12.3759606,-1.4215775,320
SHAPE_10528059,12.375581,-1.4213318,321
SHAPE_10528059,12.3753016,-1.4211535,322
SHAPE_10528059,12.3746973,-1.4207405,323
SHAPE_10528059,12.3744792,-1.4205915,324
SHAPE_10528059,12.3737499,-1.4200282,325
SHAPE_10528059,12.373202,-1.4195265,326
SHAPE_10528059,12.3730025,-1.419338,327
SHAPE_10528059,12.3725248,-1.4188974,328
SHAPE_10528059,12.3720238,-1.4184695,329
SHAPE_10528059,12.3718238,-1.418321,330
SHAPE_10528059,12.3717473,-1.4182642,331
SHAPE_10528059,12.3716684,-1.4182086,332
SHAPE_10528059,12.3711781,-1.4178816,333
SHAPE_10528059,12.3706785,-1.4175542,334
SHAPE_10528059,12.3704464,-1.417415,335
SHAPE_10528059,12.3699306,-1.4171375,336
SHAPE_10528059,12.3695722,-1.4169594,337
SHAPE_10528059,12.3692265,-1.4167889,338
SHAPE_10528059,12.3689015,-1.4166114,339
SHAPE_10528059,12.3686285,-1.4164775,340
SHAPE_10528059,12.3685128,-1.416422,341
SHAPE_10528059,12.3683434,-1.4163472,342
SHAPE_10528059,12.3682439,-1.4163002,343
SHAPE_10528059,12.3681561,-1.4162546,344
SHAPE_10528059,12.3680209,-1.4161977,345
SHAPE_10528059,12.3679892,-1.4161784,346
SHAPE_10528059,12.3679426,-1.4161527,347
SHAPE_10528059,12.3677685,-1.4160512,348
SHAPE_10528059,12.3675666,-1.4158818,349
SHAPE_10528059,12.3674016,-1.4157354,350
SHAPE_10528059,12.3672871,-1.4156309,351
SHAPE_10528059,12.3672496,-1.4155988,352
SHAPE_10528059,12.3671749,-1.4155452,353
SHAPE_10528059,12.3670911,-1.4155372,354
SHAPE_10528059,12.3670525,-1.4155425,355
SHAPE_10528059,12.3670154,-1.4155557,356
SHAPE_10528059,12.366816,-1.4156646,357
SHAPE_10528059,12.3666575,-1.4157531,358
SHAPE_10528059,12.3663927,-1.4159062,359
SHAPE_10528059,12.3662303,-1.4159949,360
SHAPE_10528059,12.3659986,-1.4161073,361
SHAPE_10528059,12.3658581,-1.4161557,362
SHAPE_10528059,12.3657536,-1.4161779,363
SHAPE_10528059,12.3656442,-1.4161942,364
SHAPE_10528059,12.3655156,-1.4161878,365
SHAPE_10528059,12.3652509,-1.4161683,366
SHAPE_10528059,12.3651487,-1.4161557,367
SHAPE_10528059,12.3648161,-1.4161056,368
SHAPE_10528059,12.3646179,-1.4160669,369
SHAPE_10528059,12.3643685,-1.4160108,370
SHAPE_10528059,12.3643065,-1.4159985,371
SHAPE_10528059,12.3641391,-1.4159413,372
SHAPE_10528059,12.3639869,-1.4158892,373
SHAPE_10528059,12.3637796,-1.4157981,374
SHAPE_10528059,12.3635723,-1.4157001,375
SHAPE_10528059,12.3633946,-1.4156045,376
SHAPE_10528059,12.3632151,-1.4154977,377
SHAPE_10528059,12.3631418,-1.4154541,378
SHAPE_10528059,12.3630593,-1.4154034,379
SHAPE_10528059,12.3629877,-1.4153594,380
SHAPE_10528059,12.3628753,-1.4152787,381
SHAPE_10528059,12.3623397,-1.4149323,382
SHAPE_10528059,12.3620935,-1.414762,383
SHAPE_10528059,12.3618536,-1.4146006,384
SHAPE_10528059,12.3613638,-1.4142698,385
SHAPE_10528059,12.3608965,-1.4139553,386
SHAPE_10528059,12.360526,-1.4137055,387
SHAPE_10528059,12.360438,-1.4136462,388
SHAPE_10528059,12.3600141,-1.4133604,389
SHAPE_10528059,12.3597433,-1.4131835,390
SHAPE_10528059,12.3594924,-1.4130326,391
SHAPE_10528059,12.3592213,-1.4128504,392
SHAPE_10528059,12.3591606,-1.4128113,393
SHAPE_10528059,12.358918,-1.4126561,394
SHAPE_10528059,12.3587354,-1.4125379,395
SHAPE_10528059,12.3587001,-1.4125152,396
SHAPE_10528059,12.358521,-1.4124,397
SHAPE_10528059,12.358263,-1.4122327,398
SHAPE_10528059,12.3580374,-1.4120808,399
SHAPE_10528059,12.3578986,-1.4119916,400
SHAPE_10528059,12.3574271,-1.4116823,401
SHAPE_10528059,12.3566397,-1.4111605,402
SHAPE_10528059,12.3564953,-1.4110632,403
SHAPE_10528059,12.3562267,-1.4108821,404
SHAPE_10528059,12.3560747,-1.4107796,405
SHAPE_10528059,12.3557314,-1.4105483,406
SHAPE_10528059,12.3556641,-1.4105038,407
SHAPE_10528059,12.3555342,-1.4104208,408
SHAPE_10528059,12.3554419,-1.4103546,409
SHAPE_10528059,12.3552289,-1.410213,410
SHAPE_10528059,12.3550461,-1.4100889,411
SHAPE_10528059,12.3545973,-1.4097877,412
SHAPE_10528059,12.3541191,-1.4094667,413
SHAPE_10528059,12.3540627,-1.4094288,414
SHAPE_10528059,12.3535891,-1.4091109,415
SHAPE_10528059,12.3533891,-1.4089766,416
SHAPE_10528059,12.3533152,-1.408927,417
SHAPE_10528059,12.3528136,-1.4085903,418
SHAPE_10528059,12.3526658,-1.4084875,419
SHAPE_10528059,12.3520774,-1.4080982,420
SHAPE_10528059,12.3519104,-1.4079884,421
SHAPE_10528059,12.3518772,-1.4079684,422
SHAPE_10528059,12.351708,-1.4078445,423
SHAPE_10528169,12.358521,-1.4124,1
SHAPE_10528169,12.358263,-1.4122327,2
SHAPE_10528169,12.3580374,-1.4120808,3
SHAPE_10528169,12.3578986,-1.4119916,4
SHAPE_10528169,12.3574271,-1.4116823,5
SHAPE_10528169,12.3566397,-1.4111605,6
SHAPE_10528169,12.3564953,-1.4110632,7
SHAPE_10528169,12.3562267,-1.4108821,8
SHAPE_10528169,12.3560747,-1.4107796,9
SHAPE_10528169,12.3557314,-1.4105483,10
SHAPE_10528169,12.3556641,-1.4105038,11
SHAPE_10528169,12.3555342,-1.4104208,12
SHAPE_10528169,12.3554419,-1.4103546,13
SHAPE_10528169,12.3552289,-1.410213,14
SHAPE_10528169,12.3550461,-1.4100889,15
SHAPE_10528169,12.3545973,-1.4097877,16
SHAPE_10528169,12.3541191,-1.4094667,17
SHAPE_10528169,12.3540627,-1.4094288,18
SHAPE_10528169,12.3535891,-1.4091109,19
SHAPE_10528169,12.3533891,-1.4089766,20
SHAPE_10528169,12.3533152,-1.408927,21
SHAPE_10528169,12.3528136,-1.4085903,22
SHAPE_10528169,12.3526658,-1.4084875,23
SHAPE_10528169,12.3520774,-1.4080982,24
SHAPE_10528169,12.3519104,-1.4079884,25
SHAPE_10528169,12.3518772,-1.4079684,26
SHAPE_10528169,12.351708,-1.4078445,27
SHAPE_10528169,12.358521,-1.4124,28
SHAPE_10528169,12.3587001,-1.4125152,29
SHAPE_10528169,12.3587354,-1.4125379,30
SHAPE_10528169,12.358918,-1.4126561,31
SHAPE_10528169,12.3591606,-1.4128113,32
SHAPE_10528169,12.3592213,-1.4128504,33
SHAPE_10528169,12.3594924,-1.4130326,34
SHAPE_10528169,12.3597433,-1.4131835,35
SHAPE_10528169,12.3600141,-1.4133604,36
SHAPE_10528169,12.360438,-1.4136462,37
SHAPE_10528169,12.360526,-1.4137055,38
SHAPE_10528169,12.3608965,-1.4139553,39
SHAPE_10528169,12.3613638,-1.4142698,40
SHAPE_10528169,12.3618536,-1.4146006,41
SHAPE_10528169,12.3620935,-1.414762,42
SHAPE_10528169,12.3623397,-1.4149323,43
SHAPE_10528169,12.3628753,-1.4152787,44
SHAPE_10528169,12.3629877,-1.4153594,45
SHAPE_10528169,12.3630593,-1.4154034,46
SHAPE_10528169,12.3631418,-1.4154541,47
SHAPE_10528169,12.3632151,-1.4154977,48
SHAPE_10528169,12.3633946,-1.4156045,49
SHAPE_10528169,12.3635723,-1.4157001,50
SHAPE_10528169,12.3637796,-1.4157981,51
SHAPE_10528169,12.3639869,-1.4158892,52
SHAPE_10528169,12.3641391,-1.4159413,53
SHAPE_10528169,12.3643065,-1.4159985,54
SHAPE_10528169,12.3643685,-1.4160108,55
SHAPE_10528169,12.3646179,-1.4160669,56
SHAPE_10528169,12.3648161,-1.4161056,57
SHAPE_10528169,12.3651487,-1.4161557,58
SHAPE_10528169,12.3652509,-1.4161683,59
SHAPE_10528169,12.3655156,-1.4161878,60
SHAPE_10528169,12.3656442,-1.4161942,61
SHAPE_10528169,12.3657536,-1.4161779,62
SHAPE_10528169,12.3658581,-1.4161557,63
SHAPE_10528169,12.3659986,-1.4161073,64
SHAPE_10528169,12.3662303,-1.4159949,65
SHAPE_10528169,12.3663927,-1.4159062,66
SHAPE_10528169,12.3666575,-1.4157531,67
SHAPE_10528169,12.366816,-1.4156646,68
SHAPE_10528169,12.3670154,-1.4155557,69
SHAPE_10528169,12.3670525,-1.4155425,70
SHAPE_10528169,12.3670911,-1.4155372,71
SHAPE_10528169,12.3671749,-1.4155452,72
SHAPE_10528169,12.3672496,-1.4155988,73
SHAPE_10528169,12.3672871,-1.4156309,74
SHAPE_10528169,12.3674016,-1.4157354,75
SHAPE_10528169,12.3675666,-1.4158818,76
SHAPE_10528169,12.3677685,-1.4160512,77
SHAPE_10528169,12.3679426,-1.4161527,78
SHAPE_10528169,12.3679892,-1.4161784,79
SHAPE_10528169,12.3680209,-1.4161977,80
SHAPE_10528169,12.3681561,-1.4162546,81
SHAPE_10528169,12.3682439,-1.4163002,82
SHAPE_10528169,12.3683434,-1.4163472,83
SHAPE_10528169,12.3685128,-1.416422,84
SHAPE_10528169,12.3686285,-1.4164775,85
SHAPE_10528169,12.3689015,-1.4166114,86
SHAPE_10528169,12.3692265,-1.4167889,87
SHAPE_10528169,12.3695722,-1.4169594,88
SHAPE_10528169,12.3699306,-1.4171375,89
SHAPE_10528169,12.3704464,-1.417415,90
SHAPE_10528169,12.3706785,-1.4175542,91
SHAPE_10528169,12.3711781,-1.4178816,92
SHAPE_10528169,12.3716684,-1.4182086,93
SHAPE_10528169,12.3717473,-1.4182642,94
SHAPE_10528169,12.3718238,-1.418321,95
SHAPE_10528169,12.3720238,-1.4184695,96
SHAPE_10528169,12.3725248,-1.4188974,97
SHAPE_10528169,12.3730025,-1.419338,98
SHAPE_10528169,12.373202,-1.4195265,99
SHAPE_10528169,12.3737499,-1.4200282,100
SHAPE_10528169,12.3744792,-1.4205915,101
SHAPE_10528169,12.3746973,-1.4207405,102
SHAPE_10528169,12.3753016,-1.4211535,103
SHAPE_10528169,12.375581,-1.4213318,104
SHAPE_10528169,12.3759606,-1.4215775,105
SHAPE_10528169,12.3760798,-1.4216547,106
SHAPE_10528169,12.3765681,-1.4219599,107
SHAPE_10528169,12.3770093,-1.4222402,108
SHAPE_10528169,12.3770322,-1.4222547,109
SHAPE_10528169,12.377143,-1.4223252,110
SHAPE_10528169,12.3777282,-1.4226969,111
SHAPE_10528169,12.3778618,-1.4227854,112
SHAPE_10528169,12.3779119,-1.4228186,113
SHAPE_10528169,12.3783474,-1.4230966,114
SHAPE_10528169,12.3786283,-1.4232687,115
SHAPE_10528169,12.3794691,-1.4238029,116
SHAPE_10528169,12.3800946,-1.4241986,117
SHAPE_10528169,12.3807129,-1.4245627,118
SHAPE_10528169,12.3812667,-1.4248863,119
SHAPE_10528169,12.381434,-1.4249892,120
SHAPE_10528169,12.3814654,-1.4250085,121
SHAPE_10528169,12.3815612,-1.4250609,122
SHAPE_10528169,12.3819554,-1.4252768,123
SHAPE_10528169,12.3823202,-1.4254764,124
SHAPE_10528169,12.383222,-1.4259017,125
SHAPE_10528169,12.3836699,-1.4261105,126
SHAPE_10528169,12.3839362,-1.4262044,127
SHAPE_10528169,12.384212,-1.4263518,128
SHAPE_10528169,12.3844378,-1.4265014,129
SHAPE_10528169,12.3847617,-1.4267522,130
SHAPE_10528169,12.3848417,-1.4268302,131
SHAPE_10528169,12.3852145,-1.4272963,132
SHAPE_10528169,12.3853836,-1.4275443,133
SHAPE_10528169,12.3855202,-1.4277873,134
SHAPE_10528169,12.3857607,-1.4282525,135
SHAPE_10528169,12.3859735,-1.4286902,136
SHAPE_10528169,12.386077,-1.4289029,137
SHAPE_10528169,12.3863754,-1.4295279,138
SHAPE_10528169,12.38666,-1.4301061,139
SHAPE_10528169,12.3869577,-1.4307108,140
SHAPE_10528169,12.3873258,-1.4314704,141
SHAPE_10528169,12.3873765,-1.4315699,142
SHAPE_10528169,12.3877111,-1.4322589,143
SHAPE_10528169,12.3881401,-1.4331159,144
SHAPE_10528169,12.3882513,-1.4333456,145
SHAPE_10528169,12.3885348,-1.433918,146
SHAPE_10528169,12.3886483,-1.4341539,147
SHAPE_10528169,12.3887617,-1.4343761,148
SHAPE_10528169,12.3888981,-1.4346482,149
SHAPE_10528169,12.3892142,-1.4352664,150
SHAPE_10528169,12.3894175,-1.4356725,151
SHAPE_10528169,12.3896128,-1.4360809,152
SHAPE_10528169,12.3899506,-1.4367566,153
SHAPE_10528169,12.3900346,-1.4369257,154
SHAPE_10528169,12.3904794,-1.4378081,155
SHAPE_10528169,12.3905783,-1.4380139,156
SHAPE_10528169,12.3906545,-1.4381694,157
SHAPE_10528169,12.3907487,-1.4383638,158
SHAPE_10528169,12.3909772,-1.4387689,159
SHAPE_10528169,12.3910752,-1.4389119,160
SHAPE_10528169,12.391176,-1.4390328,161
SHAPE_10528169,12.3914732,-1.4393606,162
SHAPE_10528169,12.3920222,-1.4398552,163
SHAPE_10528169,12.3922634,-1.4400744,164
SHAPE_10528169,12.3928308,-1.4405899,165
SHAPE_10528169,12.3934731,-1.4411686,166
SHAPE_10528169,12.3939235,-1.4415864,167
SHAPE_10528169,12.3945102,-1.4421191,168
SHAPE_10528169,12.3948773,-1.4424386,169
SHAPE_10528169,12.3950155,-1.4425367,170
SHAPE_10528169,12.3952919,-1.4427324,171
SHAPE_10528169,12.3955011,-1.4428488,172
SHAPE_10528169,12.3957202,-1.4429473,173
SHAPE_10528169,12.3959131,-1.4430217,174
SHAPE_10528169,12.3968027,-1.4432763,175
SHAPE_10528169,12.3973,-1.4434368,176
SHAPE_10528169,12.3978595,-1.4436172,177
SHAPE_10528169,12.3980765,-1.4436903,178
SHAPE_10528169,12.3989267,-1.4439766,179
SHAPE_10528169,12.3995592,-1.4441964,180
SHAPE_10528169,12.3996121,-1.4442187,181
SHAPE_10528169,12.3996627,-1.4442447,182
SHAPE_10528169,12.3997297,-1.4442898,183
SHAPE_10528169,12.399621,-1.4445299,184
SHAPE_10528169,12.3995123,-1.4447606,185
SHAPE_10528169,12.3993983,-1.4450234,186
SHAPE_10528169,12.3992411,-1.4453748,187
SHAPE_10528169,12.3991849,-1.445517,188
SHAPE_10528169,12.3990591,-1.4458791,189
SHAPE_10528169,12.3985244,-1.4473942,190
SHAPE_10528169,12.3984681,-1.4475522,191
SHAPE_10528169,12.3980806,-1.4487289,192
SHAPE_10528169,12.3979392,-1.4491621,193
SHAPE_10528169,12.39787,-1.4494134,194
SHAPE_10528169,12.3978294,-1.4495811,195
SHAPE_10528169,12.3977705,-1.4498466,196
SHAPE_10528169,12.397701,-1.4501323,197
SHAPE_10528169,12.3976303,-1.4504219,198
SHAPE_10528169,12.397574,-1.4506593,199
SHAPE_10528169,12.3974849,-1.4510268,200
SHAPE_10528169,12.3973827,-1.4514304,201
SHAPE_10528169,12.3972884,-1.4518033,202
SHAPE_10528169,12.3970553,-1.4527997,203
SHAPE_10528169,12.3969939,-1.4530097,204
SHAPE_10528169,12.3968071,-1.4530193,205
SHAPE_10528169,12.3968406,-1.4529917,206
SHAPE_10528169,12.396881,-1.4529767,207
SHAPE_10528169,12.3969113,-1.4529745,208
SHAPE_10528169,12.3969413,-1.4529796,209
SHAPE_10528169,12.3969693,-1.4529915,210
SHAPE_10528169,12.3969939,-1.4530097,211
SHAPE_10528169,12.3970218,-1.4530471,212
SHAPE_10528169,12.3970355,-1.4530921,213
SHAPE_10528169,12.3970331,-1.4531391,214
SHAPE_10528169,12.3970151,-1.4531824,215
SHAPE_10528169,12.3969836,-1.4532167,216
SHAPE_10528169,12.3969425,-1.4532378,217
SHAPE_10528169,12.3968882,-1.4532423,218
SHAPE_10528169,12.3968369,-1.4532238,219
SHAPE_10528169,12.396802,-1.4531922,220
SHAPE_10528169,12.3967795,-1.4531442,221
SHAPE_10528169,12.3967739,-1.453103,222
SHAPE_10528169,12.3967841,-1.4530565,223
SHAPE_10528169,12.3968071,-1.4530193,224
SHAPE_10528169,12.3969425,-1.4532378,225
SHAPE_10528169,12.3968162,-1.4537673,226
SHAPE_10528169,12.396716,-1.4542025,227
SHAPE_10528169,12.3965765,-1.4547752,228
SHAPE_10528169,12.3962943,-1.4559453,229
SHAPE_10528169,12.3962596,-1.4561056,230
SHAPE_10528169,12.3962252,-1.4562424,231
SHAPE_10528169,12.3961482,-1.4565367,232
SHAPE_10528169,12.3961004,-1.4567425,233
SHAPE_10528169,12.395959,-1.4572985,234
SHAPE_10528169,12.3959059,-1.4575486,235
SHAPE_10528169,12.395716,-1.4583197,236
SHAPE_10528169,12.3955103,-1.459168,237
SHAPE_10528169,12.3954769,-1.4593048,238
SHAPE_10528169,12.3954409,-1.4594657,239
SHAPE_10528169,12.3953721,-1.4597956,240
SHAPE_10528169,12.3948603,-1.4617484,241
SHAPE_10528169,12.3946476,-1.4626026,242
SHAPE_10528169,12.3944864,-1.463241,243
SHAPE_10528169,12.3941056,-1.4647599,244
SHAPE_10528169,12.3939639,-1.4653527,245
SHAPE_10528169,12.3938404,-1.4658443,246
SHAPE_10528169,12.3938178,-1.4659514,247
SHAPE_10528169,12.3937493,-1.4664468,248
SHAPE_10528169,12.3936311,-1.4670625,249
SHAPE_10528169,12.3935391,-1.4675045,250
SHAPE_10528169,12.3929722,-1.4697577,251
SHAPE_10528169,12.3929519,-1.4698571,252
SHAPE_10528169,12.392948,-1.4699513,253
SHAPE_10528169,12.3929556,-1.4700818,254
SHAPE_10528169,12.3929817,-1.4701303,255
SHAPE_10528169,12.3929986,-1.4701829,256
SHAPE_10528169,12.3930053,-1.470232,257
SHAPE_10528169,12.3930039,-1.4702816,258
SHAPE_10528169,12.3929943,-1.4703303,259
SHAPE_10528169,12.3929769,-1.4703766,260
SHAPE_10528169,12.3929521,-1.4704192,261
SHAPE_10528169,12.3929207,-1.470457,262
SHAPE_10528169,12.3928872,-1.4704862,263
SHAPE_10528169,12.3928496,-1.4705099,264
SHAPE_10528169,12.392809,-1.4705273,265
SHAPE_10528169,12.392782,-1.4705882,266
SHAPE_10528169,12.3927612,-1.4706618,267
SHAPE_10528169,12.392735,-1.4707476,268
SHAPE_10528169,12.3926828,-1.4709656,269
SHAPE_10528169,12.392522,-1.471637,270
SHAPE_10528169,12.3923622,-1.4722807,271
SHAPE_10528169,12.3922213,-1.4728163,272
SHAPE_10528169,12.3921762,-1.4729781,273
SHAPE_10528169,12.3920109,-1.4735507,274
SHAPE_10528169,12.391827,-1.4741166,275
SHAPE_10528169,12.3916724,-1.4747456,276
SHAPE_10528169,12.3916322,-1.4748944,277
SHAPE_10528169,12.391401,-1.4757418,278
SHAPE_10528169,12.3912112,-1.476545,279
SHAPE_10528169,12.3910382,-1.4772734,280
SHAPE_10528169,12.39103,-1.4773576,281
SHAPE_10528169,12.391052,-1.477382,282
SHAPE_10528169,12.3910682,-1.4774108,283
SHAPE_10528169,12.3910775,-1.4774425,284
SHAPE_10528169,12.3910798,-1.4774757,285
SHAPE_10528169,12.3910742,-1.4775104,286
SHAPE_10528169,12.3910607,-1.4775428,287
SHAPE_10528169,12.3910401,-1.477571,288
SHAPE_10528169,12.3910135,-1.4775934,289
SHAPE_10528169,12.3909825,-1.4776087,290
SHAPE_10528169,12.3908662,-1.4780648,291
SHAPE_10528169,12.3905712,-1.4792106,292
SHAPE_10528169,12.3902427,-1.4804868,293
SHAPE_10528169,12.3902231,-1.4806451,294
SHAPE_10528169,12.3902286,-1.4807953,295
SHAPE_10528169,12.3902454,-1.4808234,296
SHAPE_10528169,12.3902557,-1.4808547,297
SHAPE_10528169,12.390259,-1.4808876,298
SHAPE_10528169,12.390255,-1.4809203,299
SHAPE_10528169,12.390244,-1.4809513,300
SHAPE_10528169,12.3902265,-1.4809791,301
SHAPE_10528169,12.3902035,-1.4810022,302
SHAPE_10528169,12.390176,-1.4810194,303
SHAPE_10528169,12.3901209,-1.4811011,304
SHAPE_10528169,12.3900829,-1.481211,305
SHAPE_10528169,12.3899546,-1.4816884,306
SHAPE_10528169,12.3897654,-1.4825255,307
SHAPE_10528169,12.3895183,-1.4836679,308
SHAPE_10528169,12.3886907,-1.4870705,309
SHAPE_10528169,12.3884203,-1.488399,310
SHAPE_10528169,12.3882085,-1.489196,311
SHAPE_10528169,12.388154,-1.4894423,312
SHAPE_10528169,12.387919,-1.4903842,313
SHAPE_10528169,12.3878913,-1.4906444,314
SHAPE_10528169,12.387894,-1.4907079,315
SHAPE_10528169,12.3878865,-1.4907449,316
SHAPE_10528169,12.3878682,-1.490778,317
SHAPE_10528169,12.38749,-1.4924359,318
SHAPE_10528169,12.3872053,-1.4936266,319
SHAPE_10528169,12.3869673,-1.4946339,320
SHAPE_10528169,12.3865542,-1.4962984,321
SHAPE_10528169,12.3864767,-1.4967152,322
SHAPE_10528169,12.3864977,-1.4967486,323
SHAPE_10528169,12.3865075,-1.496787,324
SHAPE_10528169,12.386505,-1.4968267,325
SHAPE_10528169,12.3864906,-1.4968636,326
SHAPE_10528169,12.3864656,-1.496894,327
SHAPE_10528169,12.3864325,-1.4969149,328
SHAPE_10528169,12.3863696,-1.4971034,329
SHAPE_10528169,12.3863083,-1.4973975,330
SHAPE_10528169,12.3858647,-1.499076,331
SHAPE_10528169,12.3857067,-1.499798,332
SHAPE_10528169,12.3855887,-1.5003486,333
SHAPE_10528169,12.3854944,-1.5007845,334
SHAPE_10528169,12.3853232,-1.5016494,335
SHAPE_10528169,12.3852995,-1.5017808,336
SHAPE_10528169,12.3852458,-1.5019993,337
SHAPE_10528169,12.385188,-1.5022452,338
SHAPE_10528169,12.3851592,-1.502326,339
SHAPE_10528169,12.3851087,-1.5023878,340
SHAPE_10528169,12.3850227,-1.5024367,341
SHAPE_10528169,12.3850561,-1.5025113,342
SHAPE_10528169,12.3850629,-1.502593,343
SHAPE_10528169,12.3850361,-1.5026871,344
SHAPE_10528169,12.3850648,-1.5027477,345
SHAPE_10528169,12.3850875,-1.5028091,346
SHAPE_10528169,12.3850978,-1.5028789,347
SHAPE_10528169,12.3850989,-1.5029615,348
SHAPE_10528169,12.3850266,-1.5030461,349
SHAPE_10528169,12.3849502,-1.5030842,350
SHAPE_10528169,12.3847683,-1.503154,351
SHAPE_10528169,12.3846919,-1.5032027,352
SHAPE_10528169,12.3841691,-1.5038754,353
SHAPE_10528169,12.3839191,-1.5041568,354
SHAPE_10528169,12.3836587,-1.5044551,355
SHAPE_10528169,12.38362,-1.5045061,356
SHAPE_10528169,12.3831965,-1.5050686,357
SHAPE_10528169,12.3828756,-1.5054303,358
SHAPE_10528169,12.382639,-1.5056251,359
SHAPE_10528169,12.3822236,-1.5061704,360
SHAPE_10528169,12.3818335,-1.5066559,361
SHAPE_10528169,12.3817678,-1.5067377,362
SHAPE_10528169,12.3810156,-1.5077221,363
SHAPE_10528169,12.3806937,-1.508105,364
SHAPE_10528169,12.3806206,-1.5081919,365
SHAPE_10528169,12.3805508,-1.5082751,366
SHAPE_10528169,12.3803868,-1.5084701,367
SHAPE_10528169,12.3801326,-1.5087724,368
SHAPE_10528169,12.3797059,-1.5092895,369
SHAPE_10528169,12.3797216,-1.5093175,370
SHAPE_10528169,12.379728,-1.5093491,371
SHAPE_10528169,12.3797246,-1.5093812,372
SHAPE_10528169,12.3797117,-1.5094106,373
SHAPE_10528169,12.3796905,-1.5094346,374
SHAPE_10528169,12.3796631,-1.5094506,375
SHAPE_10528169,12.3796323,-1.5094572,376
SHAPE_10528169,12.3794558,-1.5096773,377
SHAPE_10528169,12.379374,-1.5097462,378
SHAPE_10528169,12.3793322,-1.5098005,379
SHAPE_10528169,12.3791472,-1.5100406,380
SHAPE_10528169,12.3790796,-1.5101599,381
SHAPE_10528169,12.3783457,-1.5110898,382
SHAPE_10528169,12.3777317,-1.5109222,383
SHAPE_10528169,12.3764767,-1.5106467,384
SHAPE_10528169,12.3762926,-1.5106063,385
SHAPE_10528169,12.3759276,-1.5105227,386
SHAPE_10528169,12.3758931,-1.5105147,387
SHAPE_10528169,12.3758001,-1.5104937,388
SHAPE_10528169,12.3747955,-1.5102668,389
SHAPE_10528169,12.3743321,-1.5101706,390
SHAPE_10528169,12.3741711,-1.5101728,391
SHAPE_10528169,12.3740882,-1.5101548,392
SHAPE_10528169,12.3737877,-1.5101033,393
SHAPE_10528169,12.3736661,-1.510109,394
SHAPE_10528169,12.3735783,-1.5101477,395
SHAPE_10528169,12.3734908,-1.5102505,396
SHAPE_10528169,12.3734488,-1.5103633,397
SHAPE_10528169,12.3733212,-1.5109381,398
SHAPE_10528169,12.3732307,-1.5113678,399
SHAPE_10528169,12.3731601,-1.5117032,400
SHAPE_10528169,12.3730313,-1.512237,401
SHAPE_10528169,12.3728967,-1.5128344,402
SHAPE_10528169,12.3728013,-1.5133837,403
SHAPE_10528169,12.3726725,-1.5139529,404
SHAPE_10528169,12.3725621,-1.5145126,405
SHAPE_10528169,12.3724402,-1.5150665,406
SHAPE_10528169,12.3723791,-1.5153803,407
SHAPE_10528169,12.3723271,-1.5156161,408
SHAPE_10528169,12.3722104,-1.5162119,409
SHAPE_10528169,12.3719878,-1.5172297,410
SHAPE_10528169,12.3718594,-1.5178318,411
SHAPE_10528169,12.3717622,-1.5182695,412
SHAPE_10528169,12.3716897,-1.518581,413
SHAPE_10528169,12.3715152,-1.5192933,414
SHAPE_10528169,12.3715056,-1.5193639,415
SHAPE_10528169,12.371497,-1.5194182,416
SHAPE_10528169,12.3714473,-1.5195307,417
SHAPE_10528169,12.3714647,-1.5195404,418
SHAPE_10528169,12.3714806,-1.5195557,419
SHAPE_10528169,12.3714948,-1.519579,420
SHAPE_10528169,12.3715022,-1.5196054,421
SHAPE_10528169,12.3715034,-1.5196296,422
SHAPE_10528169,12.3714966,-1.5196578,423
SHAPE_10528169,12.3714822,-1.5196827,424
SHAPE_10528169,12.3714613,-1.5197023,425
SHAPE_10528169,12.3714422,-1.5197126,426
SHAPE_10528169,12.3714158,-1.5197187,427
SHAPE_10528169,12.3713852,-1.5197892,428
SHAPE_10528169,12.3713495,-1.5198768,429
SHAPE_10528169,12.371305,-1.5199887,430
SHAPE_10528169,12.3712487,-1.5201386,431
SHAPE_10528169,12.3712236,-1.5203341,432
SHAPE_10528169,12.3711755,-1.5206,433
SHAPE_10528169,12.3711402,-1.5208406,434
SHAPE_10528169,12.3710059,-1.5214663,435
SHAPE_10528169,12.3709175,-1.5218686,436
SHAPE_10528169,12.3707846,-1.5225064,437
SHAPE_10528169,12.3707663,-1.5225982,438
SHAPE_10528169,12.3707516,-1.5226996,439
SHAPE_10528169,12.3706903,-1.5229587,440
SHAPE_10528169,12.3706235,-1.5232815,441
SHAPE_10528169,12.3705053,-1.5238732,442
SHAPE_10528169,12.3703483,-1.5245194,443
SHAPE_10528169,12.3702691,-1.5248774,444
SHAPE_10528169,12.3705499,-1.5249554,445
SHAPE_10528169,12.3708544,-1.52504,446
SHAPE_10528169,12.3714297,-1.5251948,447
SHAPE_10528169,12.3719257,-1.5253282,448
SHAPE_10528169,12.3721875,-1.5254,449
SHAPE_10528169,12.3726313,-1.5255218,450
SHAPE_10528169,12.3729406,-1.5257906,451
SHAPE_10528169,12.3729989,-1.5257877,452
SHAPE_10528169,12.3730585,-1.5257941,453
SHAPE_10528169,12.3731169,-1.5258082,454
SHAPE_10528169,12.3731713,-1.5258289,455
SHAPE_10528169,12.373223,-1.5258563,456
SHAPE_10528169,12.3732709,-1.5258898,457
SHAPE_10528169,12.3733146,-1.5259291,458
SHAPE_10528169,12.3733532,-1.5259736,459
SHAPE_10528169,12.3733862,-1.5260225,460
SHAPE_10528169,12.3734132,-1.5260752,461
SHAPE_10528169,12.3734338,-1.5261308,462
SHAPE_10528169,12.3734475,-1.5261886,463
SHAPE_10528169,12.3734542,-1.5262465,464
SHAPE_10528169,12.3734542,-1.5263047,465
SHAPE_10528169,12.3734473,-1.5263626,466
SHAPE_10528169,12.3734338,-1.5264192,467
SHAPE_10528169,12.3734137,-1.5264737,468
SHAPE_10528169,12.3733875,-1.5265254,469
SHAPE_10528169,12.3733554,-1.5265735,470
SHAPE_10528169,12.3733227,-1.5266124,471
SHAPE_10528169,12.3732862,-1.5266475,472
SHAPE_10528169,12.3732463,-1.5266785,473
SHAPE_10528169,12.3732034,-1.526705,474
SHAPE_10528169,12.3731454,-1.5267319,475
SHAPE_10528169,12.3730843,-1.5267506,476
SHAPE_10528169,12.3730214,-1.5267608,477
SHAPE_10528169,12.3729577,-1.5267623,478
SHAPE_10528169,12.372897,-1.5267555,479
SHAPE_10528169,12.3728377,-1.5267409,480
SHAPE_10528169,12.3727807,-1.5267186,481
SHAPE_10529305,12.3726455,-1.5267135,1
SHAPE_10529305,12.3722795,-1.5267128,2
SHAPE_10529305,12.3721258,-1.5266927,3
SHAPE_10529305,12.3718285,-1.5266364,4
SHAPE_10529305,12.3707551,-1.526342,5
SHAPE_10529305,12.3703274,-1.526222,6
SHAPE_10529305,12.3699947,-1.5261287,7
SHAPE_10529305,12.3701272,-1.5255287,8
SHAPE_10529305,12.3702691,-1.5248774,9
SHAPE_10529305,12.3703483,-1.5245194,10
SHAPE_10529305,12.3705053,-1.5238732,11
SHAPE_10529305,12.3706235,-1.5232815,12
SHAPE_10529305,12.3706903,-1.5229587,13
SHAPE_10529305,12.3707516,-1.5226996,14
SHAPE_10529305,12.3707663,-1.5225982,15
SHAPE_10529305,12.3707846,-1.5225064,16
SHAPE_10529305,12.3709175,-1.5218686,17
SHAPE_10529305,12.3710059,-1.5214663,18
SHAPE_10529305,12.3711402,-1.5208406,19
SHAPE_10529305,12.3711755,-1.5206,20
SHAPE_10529305,12.3712236,-1.5203341,21
SHAPE_10529305,12.3712487,-1.5201386,22
SHAPE_10529305,12.3712779,-1.5199837,23
SHAPE_10529305,12.3712976,-1.5198667,24
SHAPE_10529305,12.3713197,-1.5197711,25
SHAPE_10529305,12.3713381,-1.5196966,26
SHAPE_10529305,12.3715022,-1.5196054,27
SHAPE_10529305,12.3714948,-1.519579,28
SHAPE_10529305,12.3714806,-1.5195557,29
SHAPE_10529305,12.3714647,-1.5195404,30
SHAPE_10529305,12.3715022,-1.5196054,31
SHAPE_10529305,12.3715034,-1.5196296,32
SHAPE_10529305,12.3714966,-1.5196578,33
SHAPE_10529305,12.3714822,-1.5196827,34
SHAPE_10529305,12.3714613,-1.5197023,35
SHAPE_10529305,12.3714422,-1.5197126,36
SHAPE_10529305,12.3714158,-1.5197187,37
SHAPE_10529305,12.3714003,-1.5197193,38
SHAPE_10529305,12.3713825,-1.5197165,39
SHAPE_10529305,12.3713604,-1.5197094,40
SHAPE_10529305,12.3713381,-1.5196966,41
SHAPE_10529305,12.3713338,-1.5196918,42
SHAPE_10529305,12.3713285,-1.5196847,43
SHAPE_10529305,12.3713167,-1.5196625,44
SHAPE_10529305,12.3713123,-1.5196364,45
SHAPE_10529305,12.3713112,-1.5196107,46
SHAPE_10529305,12.3713162,-1.5195855,47
SHAPE_10529305,12.3713269,-1.5195622,48
SHAPE_10529305,12.3713427,-1.5195423,49
SHAPE_10529305,12.3713548,-1.5195321,50
SHAPE_10529305,12.3714473,-1.5195307,51
SHAPE_10529305,12.3714647,-1.5195404,52
SHAPE_10529305,12.3714473,-1.5195307,53
SHAPE_10529305,12.3714408,-1.5195276,54
SHAPE_10529305,12.371421,-1.5195216,55
SHAPE_10529305,12.3714029,-1.5195206,56
SHAPE_10529305,12.3713812,-1.519524,57
SHAPE_10529305,12.3713548,-1.5195321,58
SHAPE_10529305,12.3714095,-1.5194332,59
SHAPE_10529305,12.3714317,-1.5193574,60
SHAPE_10529305,12.3714527,-1.5192622,61
SHAPE_10529305,12.3715084,-1.519012,62
SHAPE_10529305,12.3715346,-1.5189188,63
SHAPE_10529305,12.3716175,-1.5185628,64
SHAPE_10529305,12.3716604,-1.5183273,65
SHAPE_10529305,12.3717861,-1.5178191,66
SHAPE_10529305,12.3719138,-1.517219,67
SHAPE_10529305,12.3721404,-1.5161984,68
SHAPE_10529305,12.3722688,-1.5156003,69
SHAPE_10529305,12.3723238,-1.5153482,70
SHAPE_10529305,12.3723867,-1.5150571,71
SHAPE_10529305,12.3724947,-1.5144967,72
SHAPE_10529305,12.372624,-1.5139355,73
SHAPE_10529305,12.372734,-1.5133637,74
SHAPE_10529305,12.3728507,-1.5128359,75
SHAPE_10529305,12.372265,-1.5127118,76
SHAPE_10529305,12.3721655,-1.5126903,77
SHAPE_10529305,12.3720886,-1.5126787,78
SHAPE_10529305,12.3715777,-1.51255,79
SHAPE_10529305,12.3704756,-1.5122869,80
SHAPE_10529305,12.3693207,-1.5120443,81
SHAPE_10529305,12.3688019,-1.511929,82
SHAPE_10529305,12.3686169,-1.5118879,83
SHAPE_10529305,12.3678713,-1.5117226,84
SHAPE_10529305,12.3678336,-1.5117129,85
SHAPE_10529305,12.3674773,-1.5116211,86
SHAPE_10529305,12.3674536,-1.511615,87
SHAPE_10529305,12.3672273,-1.5115656,88
SHAPE_10529305,12.3669233,-1.5114993,89
SHAPE_10529305,12.3663868,-1.5113929,90
SHAPE_10529305,12.3665211,-1.5107772,91
SHAPE_10529305,12.3668016,-1.5094969,92
SHAPE_10529305,12.3668901,-1.5090838,93
SHAPE_10529305,12.3669749,-1.5086631,94
SHAPE_10529305,12.367025,-1.5084296,95
SHAPE_10529305,12.3670602,-1.5082658,96
SHAPE_10529305,12.3671937,-1.5076488,97
SHAPE_10529305,12.3672195,-1.5075664,98
SHAPE_10529305,12.3672457,-1.507484,99
SHAPE_10529305,12.3673024,-1.5073478,100
SHAPE_10529305,12.3673637,-1.5072328,101
SHAPE_10529305,12.367415,-1.5071518,102
SHAPE_10529305,12.3674738,-1.5070848,103
SHAPE_10529305,12.3675647,-1.506946,104
SHAPE_10529305,12.3675932,-1.5068344,105
SHAPE_10529305,12.3676042,-1.5067564,106
SHAPE_10529305,12.3676152,-1.5066726,107
SHAPE_10529305,12.3676148,-1.5064824,108
SHAPE_10529305,12.3676109,-1.506413,109
SHAPE_10529305,12.3676093,-1.5062579,110
SHAPE_10529305,12.3676124,-1.506185,111
SHAPE_10529305,12.3676202,-1.5061193,112
SHAPE_10529305,12.3676346,-1.506044,113
SHAPE_10529305,12.3676572,-1.5059675,114
SHAPE_10529305,12.3676995,-1.5058569,115
SHAPE_10529305,12.3677646,-1.5057198,116
SHAPE_10529305,12.3677832,-1.5056818,117
SHAPE_10529305,12.3678765,-1.5055239,118
SHAPE_10529305,12.3679887,-1.5053702,119
SHAPE_10529305,12.3681578,-1.5051307,120
SHAPE_10529305,12.3682526,-1.5049762,121
SHAPE_10529305,12.3682871,-1.5048987,122
SHAPE_10529305,12.3683067,-1.5048417,123
SHAPE_10529305,12.3683425,-1.5047125,124
SHAPE_10529305,12.3685403,-1.5037835,125
SHAPE_10529305,12.3687226,-1.5029568,126
SHAPE_10529305,12.3687607,-1.5027024,127
SHAPE_10529305,12.3687683,-1.5026476,128
SHAPE_10529305,12.3687708,-1.5025873,129
SHAPE_10529305,12.3687655,-1.502467,130
SHAPE_10529305,12.3687514,-1.5020641,131
SHAPE_10529305,12.3687498,-1.5019836,132
SHAPE_10529305,12.3687124,-1.5008266,133
SHAPE_10529305,12.3687017,-1.5005041,134
SHAPE_10529305,12.368698,-1.5003681,135
SHAPE_10529305,12.3686807,-1.4998484,136
SHAPE_10529305,12.3686456,-1.4989237,137
SHAPE_10529305,12.3686086,-1.49787,138
SHAPE_10529305,12.3686035,-1.4977251,139
SHAPE_10529305,12.3686012,-1.497677,140
SHAPE_10529305,12.3685999,-1.4976411,141
SHAPE_10529305,12.3685585,-1.4963027,142
SHAPE_10529305,12.3685188,-1.4951546,143
SHAPE_10529305,12.3684941,-1.4944974,144
SHAPE_10529305,12.3684707,-1.4939867,145
SHAPE_10529305,12.368431,-1.4925199,146
SHAPE_10529305,12.3684078,-1.4918431,147
SHAPE_10529305,12.368367,-1.4907832,148
SHAPE_10529305,12.3683106,-1.4891021,149
SHAPE_10529305,12.3683017,-1.4889745,150
SHAPE_10529305,12.3682969,-1.4889036,151
SHAPE_10529305,12.3682904,-1.4888423,152
SHAPE_10529305,12.3682793,-1.4887843,153
SHAPE_10529305,12.3682556,-1.4887047,154
SHAPE_10529305,12.3684,-1.4885467,155
SHAPE_10529305,12.3684181,-1.4885758,156
SHAPE_10529305,12.3684263,-1.4886092,157
SHAPE_10529305,12.368424,-1.4886436,158
SHAPE_10529305,12.3684113,-1.4886755,159
SHAPE_10529305,12.3684002,-1.4886908,160
SHAPE_10529305,12.3683687,-1.4887158,161
SHAPE_10529305,12.3683306,-1.4887271,162
SHAPE_10529305,12.368291,-1.4887232,163
SHAPE_10529305,12.3682556,-1.4887047,164
SHAPE_10529305,12.3682392,-1.4886885,165
SHAPE_10529305,12.3682197,-1.4886526,166
SHAPE_10529305,12.3682147,-1.4886118,167
SHAPE_10529305,12.3682249,-1.4885721,168
SHAPE_10529305,12.3682487,-1.488539,169
SHAPE_10529305,12.3682729,-1.4885219,170
SHAPE_10529305,12.3683158,-1.4885104,171
SHAPE_10529305,12.3683595,-1.4885178,172
SHAPE_10529305,12.3684,-1.4885467,173
SHAPE_10529305,12.3682729,-1.4885219,174
SHAPE_10529305,12.3682676,-1.4883911,175
SHAPE_10529305,12.3682609,-1.4881553,176
SHAPE_10529305,12.3682164,-1.4866868,177
SHAPE_10529305,12.3682059,-1.4862563,178
SHAPE_10529305,12.3681673,-1.4850318,179
SHAPE_10529305,12.3681465,-1.4839191,180
SHAPE_10529305,12.3679559,-1.4839272,181
SHAPE_10529305,12.3674128,-1.4839353,182
SHAPE_10529305,12.3673874,-1.4831645,183
SHAPE_10529305,12.3673474,-1.4822812,184
SHAPE_10529305,12.3673555,-1.4820977,185
SHAPE_10529305,12.3673622,-1.4819468,186
SHAPE_10529305,12.3673307,-1.4813378,187
SHAPE_10529305,12.3673085,-1.4806611,188
SHAPE_10529305,12.3672863,-1.4799816,189
SHAPE_10529305,12.3672693,-1.4796554,190
SHAPE_10529305,12.3671658,-1.4795075,191
SHAPE_10529305,12.3669238,-1.4791018,192
SHAPE_10529305,12.3667085,-1.4787408,193
SHAPE_10529305,12.3665397,-1.4784579,194
SHAPE_10529305,12.3664591,-1.4783215,195
SHAPE_10529305,12.3664137,-1.4782547,196
SHAPE_10529305,12.3673613,-1.4776327,197
SHAPE_10529305,12.3685714,-1.4767966,198
SHAPE_10529305,12.3691024,-1.4764479,199
SHAPE_10529305,12.3700048,-1.4758399,200
SHAPE_10529305,12.370444,-1.47556,201
SHAPE_10529305,12.3714654,-1.4748727,202
SHAPE_10529305,12.3720096,-1.4745001,203
SHAPE_10529305,12.3724838,-1.4741745,204
SHAPE_10529305,12.372938,-1.4738752,205
SHAPE_10529305,12.3732968,-1.4736245,206
SHAPE_10529305,12.3738569,-1.4732404,207
SHAPE_10529305,12.3742097,-1.4730045,208
SHAPE_10529305,12.3743966,-1.4728795,209
SHAPE_10529305,12.3752561,-1.4722946,210
SHAPE_10529305,12.3753267,-1.4722483,211
SHAPE_10529305,12.3761227,-1.471732,212
SHAPE_10529305,12.3763521,-1.4715762,213
SHAPE_10529305,12.3769449,-1.4711666,214
SHAPE_10529305,12.3778401,-1.4705743,215
SHAPE_10529305,12.3782627,-1.4702862,216
SHAPE_10529305,12.3780863,-1.4699849,217
SHAPE_10529305,12.3778832,-1.4696558,218
SHAPE_10529305,12.3772339,-1.4686387,219
SHAPE_10529305,12.3770149,-1.4683613,220
SHAPE_10529305,12.3767171,-1.4678433,221
SHAPE_10529305,12.3763893,-1.4673425,222
SHAPE_10529305,12.3761002,-1.4668884,223
SHAPE_10529305,12.3758112,-1.4664568,224
SHAPE_10529305,12.3755479,-1.4660408,225
SHAPE_10529305,12.375479,-1.4659283,226
SHAPE_10529305,12.3752639,-1.465598,227
SHAPE_10529305,12.3751885,-1.4654822,228
SHAPE_10529305,12.3745405,-1.4644873,229
SHAPE_10529305,12.3742102,-1.4640264,230
SHAPE_10529305,12.3734633,-1.4629221,231
SHAPE_10529305,12.3733361,-1.4626694,232
SHAPE_10529305,12.3732284,-1.4624792,233
SHAPE_10529305,12.3728576,-1.4619046,234
SHAPE_10529305,12.3727647,-1.461776,235
SHAPE_10529305,12.3724522,-1.4612896,236
SHAPE_10529305,12.372104,-1.4607919,237
SHAPE_10529305,12.3715616,-1.4599295,238
SHAPE_10529305,12.3712785,-1.4594974,239
SHAPE_10529305,12.3709284,-1.4589443,240
SHAPE_10529305,12.3707611,-1.4586856,241
SHAPE_10529305,12.3705751,-1.4584236,242
SHAPE_10529305,12.3709894,-1.4581561,243
SHAPE_10529305,12.3714126,-1.4578672,244
SHAPE_10529305,12.3722422,-1.4573353,245
SHAPE_10529305,12.3729459,-1.4568314,246
SHAPE_10529305,12.3741934,-1.4560009,247
SHAPE_10529305,12.3746574,-1.4556786,248
SHAPE_10529305,12.3747814,-1.4556022,249
SHAPE_10529305,12.3748857,-1.4555333,250
SHAPE_10529305,12.3761507,-1.4546987,251
SHAPE_10529305,12.3774469,-1.4538494,252
SHAPE_10529305,12.3775509,-1.453773,253
SHAPE_10529305,12.3776291,-1.4537151,254
SHAPE_10529305,12.3781373,-1.4533456,255
SHAPE_10529305,12.3781964,-1.4533024,256
SHAPE_10529305,12.378202,-1.4530479,257
SHAPE_10529305,12.3780753,-1.452763,258
SHAPE_10529305,12.3774048,-1.4517012,259
SHAPE_10529305,12.3770569,-1.4511503,260
SHAPE_10529305,12.3770175,-1.4510934,261
SHAPE_10529305,12.3767665,-1.4507405,262
SHAPE_10529305,12.3766789,-1.4506015,263
SHAPE_10529305,12.376476,-1.4502795,264
SHAPE_10529305,12.3762104,-1.4498787,265
SHAPE_10529305,12.3756688,-1.4490589,266
SHAPE_10529305,12.3755151,-1.4488269,267
SHAPE_10529305,12.3751295,-1.4482297,268
SHAPE_10529305,12.3745715,-1.4473507,269
SHAPE_10529305,12.3742297,-1.4468367,270
SHAPE_10529305,12.3741291,-1.4466831,271
SHAPE_10529305,12.3739946,-1.4464925,272
SHAPE_10529305,12.3728016,-1.4446229,273
SHAPE_10529305,12.3727273,-1.4445037,274
SHAPE_10529305,12.3726664,-1.4444058,275
SHAPE_10529305,12.3726015,-1.4443087,276
SHAPE_10529305,12.3723391,-1.4439008,277
SHAPE_10529305,12.372254,-1.4437685,278
SHAPE_10529305,12.3720094,-1.4433905,279
SHAPE_10529305,12.3715517,-1.4426859,280
SHAPE_10529305,12.3713223,-1.4423338,281
SHAPE_10529305,12.3712647,-1.4421983,282
SHAPE_10529305,12.371245,-1.4421279,283
SHAPE_10529305,12.3712346,-1.4420548,284
SHAPE_10529305,12.3712339,-1.4420206,285
SHAPE_10529305,12.3712385,-1.4419864,286
SHAPE_10529305,12.3713908,-1.4413015,287
SHAPE_10529305,12.3714482,-1.441059,288
SHAPE_10529305,12.3716321,-1.440251,289
SHAPE_10529305,12.3716523,-1.4401576,290
SHAPE_10529305,12.3717158,-1.4398635,291
SHAPE_10529305,12.3719395,-1.4388778,292
SHAPE_10529305,12.3720585,-1.4383601,293
SHAPE_10529305,12.3721055,-1.4380474,294
SHAPE_10529305,12.3721266,-1.4379068,295
SHAPE_10529305,12.3721555,-1.4375165,296
SHAPE_10529305,12.3721559,-1.4369289,297
SHAPE_10529305,12.3721554,-1.4369137,298
SHAPE_10529305,12.3721398,-1.4365644,299
SHAPE_10529305,12.3720782,-1.4351816,300
SHAPE_10529305,12.3720664,-1.4348866,301
SHAPE_10529305,12.3720549,-1.4346262,302
SHAPE_10529305,12.3720539,-1.4346016,303
SHAPE_10529305,12.3720425,-1.4341007,304
SHAPE_10529305,12.3720362,-1.4338237,305
SHAPE_10529305,12.3720188,-1.4330546,306
SHAPE_10529305,12.3720078,-1.4325719,307
SHAPE_10529305,12.3719783,-1.431271,308
SHAPE_10529305,12.3719681,-1.4308217,309
SHAPE_10529305,12.3719651,-1.4307653,310
SHAPE_10529305,12.3719248,-1.4289441,311
SHAPE_10529305,12.371915,-1.4285036,312
SHAPE_10529305,12.3719131,-1.4284158,313
SHAPE_10529305,12.3719158,-1.4280369,314
SHAPE_10529305,12.3719201,-1.4274395,315
SHAPE_10529305,12.371921,-1.426785,316
SHAPE_10529305,12.3719289,-1.4262177,317
SHAPE_10529305,12.3719301,-1.4261466,318
SHAPE_10529305,12.3719344,-1.4258924,319
SHAPE_10529305,12.3719339,-1.4257644,320
SHAPE_10529305,12.3719334,-1.4255955,321
SHAPE_10529305,12.3719282,-1.4252481,322
SHAPE_10529305,12.3719262,-1.4249396,323
SHAPE_10529305,12.3719107,-1.4245615,324
SHAPE_10529305,12.3718825,-1.4238748,325
SHAPE_10529305,12.3718671,-1.4231573,326
SHAPE_10529305,12.371845,-1.4225685,327
SHAPE_10529305,12.371826,-1.4220244,328
SHAPE_10529305,12.3718159,-1.4217887,329
SHAPE_10529305,12.3717518,-1.4202944,330
SHAPE_10529305,12.3717269,-1.4196703,331
SHAPE_10529305,12.3717107,-1.4192473,332
SHAPE_10529305,12.3716909,-1.4187611,333
SHAPE_10529305,12.3716684,-1.4182086,334
SHAPE_10529305,12.3711781,-1.4178816,335
SHAPE_10529305,12.3706785,-1.4175542,336
SHAPE_10529305,12.3707413,-1.4174327,337
SHAPE_10529305,12.3709753,-1.4169842,338
SHAPE_10529305,12.3710922,-1.416747,339
SHAPE_10529305,12.3713187,-1.4162872,340
SHAPE_10529305,12.3713616,-1.4162017,341
SHAPE_10529305,12.3713809,-1.4161121,342
SHAPE_10529305,12.3713971,-1.416019,343
SHAPE_10529305,12.371497,-1.4154448,344
SHAPE_10529305,12.3715887,-1.4149163,345
SHAPE_10529305,12.3716036,-1.414786,346
SHAPE_10529305,12.3716908,-1.4140974,347
SHAPE_10529305,12.3717032,-1.4139738,348
SHAPE_10529305,12.3717138,-1.4138676,349
SHAPE_10529305,12.3717548,-1.4135149,350
SHAPE_10529305,12.3717802,-1.413267,351
SHAPE_10529305,12.3718131,-1.4129458,352
SHAPE_10529305,12.3718207,-1.4128913,353
SHAPE_10529305,12.3718434,-1.412647,354
SHAPE_10529305,12.3718573,-1.4125217,355
SHAPE_10529305,12.3718739,-1.4123387,356
SHAPE_10529305,12.3718804,-1.4121268,357
SHAPE_10529305,12.3718555,-1.4119082,358
SHAPE_10529305,12.3717887,-1.411636,359
SHAPE_10529305,12.3717359,-1.4114652,360
SHAPE_10529305,12.37164,-1.4112066,361
SHAPE_10529305,12.3716179,-1.4111427,362
SHAPE_10529305,12.3715733,-1.4110348,363
SHAPE_10529305,12.3714801,-1.4108447,364
SHAPE_10529305,12.3714049,-1.4107012,365
SHAPE_10529305,12.3713662,-1.4105698,366
SHAPE_10529305,12.3712962,-1.4103378,367
SHAPE_10529305,12.3712249,-1.4100376,368
SHAPE_10529305,12.3711944,-1.4098044,369
SHAPE_10529305,12.3711887,-1.4096651,370
SHAPE_10529305,12.3711783,-1.4094788,371
SHAPE_10529305,12.3711678,-1.4092836,372
SHAPE_10529305,12.3711584,-1.4090455,373
SHAPE_10529305,12.3711301,-1.4086991,374
SHAPE_10529305,12.3711232,-1.4086143,375
SHAPE_10529305,12.3711075,-1.4084306,376
SHAPE_10529305,12.3711044,-1.4083304,377
SHAPE_10529305,12.3711087,-1.4081649,378
SHAPE_10529305,12.3711077,-1.4079425,379
SHAPE_10529305,12.3711075,-1.4078902,380
SHAPE_10529305,12.3711044,-1.4076451,381
SHAPE_10529305,12.3710996,-1.4073604,382
SHAPE_10529305,12.3710973,-1.4072551,383
SHAPE_10529305,12.3710939,-1.4070952,384
SHAPE_10529305,12.3710907,-1.4069975,385
SHAPE_10529305,12.3710895,-1.4069224,386
SHAPE_10529305,12.3710793,-1.4066288,387
SHAPE_10529305,12.3710604,-1.4063788,388
SHAPE_10529305,12.3710579,-1.4063399,389
SHAPE_10529305,12.3710508,-1.4062281,390
SHAPE_10529305,12.3710286,-1.4058615,391
SHAPE_10529305,12.3710163,-1.4055816,392
SHAPE_10529305,12.3710022,-1.4053679,393
SHAPE_10529305,12.370991,-1.4049216,394
SHAPE_10529305,12.370974,-1.4046612,395
SHAPE_10529305,12.3709728,-1.4045052,396
SHAPE_10529305,12.3709659,-1.4041933,397
SHAPE_10529305,12.3709542,-1.4039272,398
SHAPE_10529305,12.3709118,-1.4031631,399
SHAPE_10529305,12.3708913,-1.4029992,400
SHAPE_10529305,12.3708778,-1.4029405,401
SHAPE_10529314,12.3718573,-1.4125217,1
SHAPE_10529314,12.3718739,-1.4123387,2
SHAPE_10529314,12.3718804,-1.4121268,3
SHAPE_10529314,12.3718555,-1.4119082,4
SHAPE_10529314,12.3717887,-1.411636,5
SHAPE_10529314,12.3717359,-1.4114652,6
SHAPE_10529314,12.37164,-1.4112066,7
SHAPE_10529314,12.3716179,-1.4111427,8
SHAPE_10529314,12.3715733,-1.4110348,9
SHAPE_10529314,12.3714801,-1.4108447,10
SHAPE_10529314,12.3714049,-1.4107012,11
SHAPE_10529314,12.3713662,-1.4105698,12
SHAPE_10529314,12.3712962,-1.4103378,13
SHAPE_10529314,12.3712249,-1.4100376,14
SHAPE_10529314,12.3711944,-1.4098044,15
SHAPE_10529314,12.3711887,-1.4096651,16
SHAPE_10529314,12.3711783,-1.4094788,17
SHAPE_10529314,12.3711678,-1.4092836,18
SHAPE_10529314,12.3711584,-1.4090455,19
SHAPE_10529314,12.3711301,-1.4086991,20
SHAPE_10529314,12.3711232,-1.4086143,21
SHAPE_10529314,12.3711075,-1.4084306,22
SHAPE_10529314,12.3711044,-1.4083304,23
SHAPE_10529314,12.3711087,-1.4081649,24
SHAPE_10529314,12.3711077,-1.4079425,25
SHAPE_10529314,12.3711075,-1.4078902,26
SHAPE_10529314,12.3711044,-1.4076451,27
SHAPE_10529314,12.3710996,-1.4073604,28
SHAPE_10529314,12.3710973,-1.4072551,29
SHAPE_10529314,12.3710939,-1.4070952,30
SHAPE_10529314,12.3710907,-1.4069975,31
SHAPE_10529314,12.3710895,-1.4069224,32
SHAPE_10529314,12.3710793,-1.4066288,33
SHAPE_10529314,12.3710604,-1.4063788,34
SHAPE_10529314,12.3710579,-1.4063399,35
SHAPE_10529314,12.3710508,-1.4062281,36
SHAPE_10529314,12.3710286,-1.4058615,37
SHAPE_10529314,12.3710163,-1.4055816,38
SHAPE_10529314,12.3710022,-1.4053679,39
SHAPE_10529314,12.370991,-1.4049216,40
SHAPE_10529314,12.370974,-1.4046612,41
SHAPE_10529314,12.3709728,-1.4045052,42
SHAPE_10529314,12.3709659,-1.4041933,43
SHAPE_10529314,12.3709542,-1.4039272,44
SHAPE_10529314,12.3709118,-1.4031631,45
SHAPE_10529314,12.3708913,-1.4029992,46
SHAPE_10529314,12.3708778,-1.4029405,47
SHAPE_10529314,12.3718573,-1.4125217,48
SHAPE_10529314,12.3718434,-1.412647,49
SHAPE_10529314,12.3718207,-1.4128913,50
SHAPE_10529314,12.3718131,-1.4129458,51
SHAPE_10529314,12.3717802,-1.413267,52
SHAPE_10529314,12.3717548,-1.4135149,53
SHAPE_10529314,12.3717138,-1.4138676,54
SHAPE_10529314,12.3717032,-1.4139738,55
SHAPE_10529314,12.3716908,-1.4140974,56
SHAPE_10529314,12.3716036,-1.414786,57
SHAPE_10529314,12.3715887,-1.4149163,58
SHAPE_10529314,12.371497,-1.4154448,59
SHAPE_10529314,12.3713971,-1.416019,60
SHAPE_10529314,12.3713809,-1.4161121,61
SHAPE_10529314,12.3713616,-1.4162017,62
SHAPE_10529314,12.3713187,-1.4162872,63
SHAPE_10529314,12.3710922,-1.416747,64
SHAPE_10529314,12.3709753,-1.4169842,65
SHAPE_10529314,12.3707413,-1.4174327,66
SHAPE_10529314,12.3706785,-1.4175542,67
SHAPE_10529314,12.3711781,-1.4178816,68
SHAPE_10529314,12.3716684,-1.4182086,69
SHAPE_10529314,12.3717473,-1.4182642,70
SHAPE_10529314,12.3717787,-1.4193029,71
SHAPE_10529314,12.3717947,-1.4196631,72
SHAPE_10529314,12.371846,-1.4208197,73
SHAPE_10529314,12.3718722,-1.4213635,74
SHAPE_10529314,12.3718883,-1.4217345,75
SHAPE_10529314,12.3719008,-1.4220237,76
SHAPE_10529314,12.3719594,-1.423436,77
SHAPE_10529314,12.371994,-1.4245589,78
SHAPE_10529314,12.3720074,-1.4249409,79
SHAPE_10529314,12.3720113,-1.4251918,80
SHAPE_10529314,12.3720129,-1.4255735,81
SHAPE_10529314,12.372013,-1.4256665,82
SHAPE_10529314,12.3720134,-1.4257684,83
SHAPE_10529314,12.3720135,-1.4258932,84
SHAPE_10529314,12.3720096,-1.4262579,85
SHAPE_10529314,12.3720127,-1.4271592,86
SHAPE_10529314,12.3720115,-1.4281207,87
SHAPE_10529314,12.3720062,-1.4284265,88
SHAPE_10529314,12.3720073,-1.4285479,89
SHAPE_10529314,12.3720105,-1.4289176,90
SHAPE_10529314,12.3720272,-1.4296127,91
SHAPE_10529314,12.3720499,-1.4305575,92
SHAPE_10529314,12.3720559,-1.4308083,93
SHAPE_10529314,12.3720651,-1.4312938,94
SHAPE_10529314,12.3720721,-1.4316465,95
SHAPE_10529314,12.3720758,-1.4318344,96
SHAPE_10529314,12.372098,-1.4329796,97
SHAPE_10529314,12.3721081,-1.4335,98
SHAPE_10529314,12.3721228,-1.4341759,99
SHAPE_10529314,12.3721293,-1.4345929,100
SHAPE_10529314,12.3721311,-1.4346292,101
SHAPE_10529314,12.372145,-1.4348933,102
SHAPE_10529314,12.37216,-1.4351998,103
SHAPE_10529314,12.3722,-1.435997,104
SHAPE_10529314,12.3722135,-1.4363423,105
SHAPE_10529314,12.3722221,-1.4365632,106
SHAPE_10529314,12.3722406,-1.4369264,107
SHAPE_10529314,12.3722341,-1.4375192,108
SHAPE_10529314,12.3722026,-1.4379135,109
SHAPE_10529314,12.3721955,-1.4379565,110
SHAPE_10529314,12.3721266,-1.4383721,111
SHAPE_10529314,12.3720117,-1.4389052,112
SHAPE_10529314,12.3719235,-1.4392936,113
SHAPE_10529314,12.3715619,-1.4409285,114
SHAPE_10529314,12.3715462,-1.4409994,115
SHAPE_10529314,12.3715294,-1.4410808,116
SHAPE_10529314,12.371359,-1.4418536,117
SHAPE_10529314,12.3713328,-1.4420253,118
SHAPE_10529314,12.3713367,-1.4420944,119
SHAPE_10529314,12.3713538,-1.4421594,120
SHAPE_10529314,12.3714062,-1.4422855,121
SHAPE_10529314,12.371611,-1.4426053,122
SHAPE_10529314,12.3720755,-1.4433282,123
SHAPE_10529314,12.3724011,-1.4438399,124
SHAPE_10529314,12.372686,-1.4442877,125
SHAPE_10529314,12.3727183,-1.4443386,126
SHAPE_10529314,12.3727611,-1.444406,127
SHAPE_10529314,12.3733978,-1.4453858,128
SHAPE_10529314,12.3740363,-1.4463683,129
SHAPE_10529314,12.374078,-1.4464329,130
SHAPE_10529314,12.3742691,-1.4467287,131
SHAPE_10529314,12.3747384,-1.4474285,132
SHAPE_10529314,12.3750652,-1.4479521,133
SHAPE_10529314,12.3755883,-1.4487558,134
SHAPE_10529314,12.3756622,-1.448881,135
SHAPE_10529314,12.3762494,-1.4497615,136
SHAPE_10529314,12.3763061,-1.4498466,137
SHAPE_10529314,12.3765411,-1.450199,138
SHAPE_10529314,12.3767828,-1.4505829,139
SHAPE_10529314,12.3770255,-1.4509685,140
SHAPE_10529314,12.3771359,-1.4511233,141
SHAPE_10529314,12.3777444,-1.4520564,142
SHAPE_10529314,12.3779598,-1.4523867,143
SHAPE_10529314,12.3783109,-1.4530056,144
SHAPE_10529314,12.3784595,-1.4530944,145
SHAPE_10529314,12.3784749,-1.4531335,146
SHAPE_10529314,12.3784805,-1.4531739,147
SHAPE_10529314,12.3784767,-1.4532144,148
SHAPE_10529314,12.3784636,-1.4532529,149
SHAPE_10529314,12.3784421,-1.4532872,150
SHAPE_10529314,12.3784047,-1.4533217,151
SHAPE_10529314,12.3783589,-1.4533432,152
SHAPE_10529314,12.3783157,-1.4533499,153
SHAPE_10529314,12.3782723,-1.4533449,154
SHAPE_10529314,12.3782317,-1.4533288,155
SHAPE_10529314,12.3781964,-1.4533024,156
SHAPE_10529314,12.3781694,-1.4532684,157
SHAPE_10529314,12.3781517,-1.4532284,158
SHAPE_10529314,12.3781444,-1.4531852,159
SHAPE_10529314,12.3781497,-1.4531342,160
SHAPE_10529314,12.3781695,-1.453087,161
SHAPE_10529314,12.378202,-1.4530479,162
SHAPE_10529314,12.3782347,-1.4530251,163
SHAPE_10529314,12.3782717,-1.4530107,164
SHAPE_10529314,12.3783109,-1.4530056,165
SHAPE_10529314,12.3783592,-1.4530124,166
SHAPE_10529314,12.3784036,-1.4530332,167
SHAPE_10529314,12.3784353,-1.4530602,168
SHAPE_10529314,12.3784595,-1.4530944,169
SHAPE_10529314,12.3781964,-1.4533024,170
SHAPE_10529314,12.3781373,-1.4533456,171
SHAPE_10529314,12.3776291,-1.4537151,172
SHAPE_10529314,12.3775509,-1.453773,173
SHAPE_10529314,12.3774469,-1.4538494,174
SHAPE_10529314,12.3761507,-1.4546987,175
SHAPE_10529314,12.3748857,-1.4555333,176
SHAPE_10529314,12.3747814,-1.4556022,177
SHAPE_10529314,12.3746574,-1.4556786,178
SHAPE_10529314,12.3741934,-1.4560009,179
SHAPE_10529314,12.3729459,-1.4568314,180
SHAPE_10529314,12.3722422,-1.4573353,181
SHAPE_10529314,12.3714126,-1.4578672,182
SHAPE_10529314,12.3709894,-1.4581561,183
SHAPE_10529314,12.3705751,-1.4584236,184
SHAPE_10529314,12.3707611,-1.4586856,185
SHAPE_10529314,12.3709284,-1.4589443,186
SHAPE_10529314,12.3712785,-1.4594974,187
SHAPE_10529314,12.3715616,-1.4599295,188
SHAPE_10529314,12.372104,-1.4607919,189
SHAPE_10529314,12.3724522,-1.4612896,190
SHAPE_10529314,12.3727647,-1.461776,191
SHAPE_10529314,12.3728576,-1.4619046,192
SHAPE_10529314,12.3732284,-1.4624792,193
SHAPE_10529314,12.3733361,-1.4626694,194
SHAPE_10529314,12.3734633,-1.4629221,195
SHAPE_10529314,12.3742102,-1.4640264,196
SHAPE_10529314,12.3745405,-1.4644873,197
SHAPE_10529314,12.3751885,-1.4654822,198
SHAPE_10529314,12.3752639,-1.465598,199
SHAPE_10529314,12.375479,-1.4659283,200
SHAPE_10529314,12.3755479,-1.4660408,201
SHAPE_10529314,12.3758112,-1.4664568,202
SHAPE_10529314,12.3761002,-1.4668884,203
SHAPE_10529314,12.3763893,-1.4673425,204
SHAPE_10529314,12.3767171,-1.4678433,205
SHAPE_10529314,12.3770149,-1.4683613,206
SHAPE_10529314,12.3772339,-1.4686387,207
SHAPE_10529314,12.3778832,-1.4696558,208
SHAPE_10529314,12.3780863,-1.4699849,209
SHAPE_10529314,12.3782627,-1.4702862,210
SHAPE_10529314,12.3782833,-1.4703647,211
SHAPE_10529314,12.3778557,-1.4706496,212
SHAPE_10529314,12.3775289,-1.4708832,213
SHAPE_10529314,12.3766699,-1.4714718,214
SHAPE_10529314,12.3761715,-1.4717998,215
SHAPE_10529314,12.3758137,-1.4720389,216
SHAPE_10529314,12.3753359,-1.4723523,217
SHAPE_10529314,12.3752597,-1.4724,218
SHAPE_10529314,12.3748658,-1.4726721,219
SHAPE_10529314,12.3746797,-1.4727989,220
SHAPE_10529314,12.3744508,-1.4729548,221
SHAPE_10529314,12.3742761,-1.4730904,222
SHAPE_10529314,12.3733451,-1.4736995,223
SHAPE_10529314,12.3727039,-1.474132,224
SHAPE_10529314,12.3723829,-1.4743394,225
SHAPE_10529314,12.3720572,-1.4745639,226
SHAPE_10529314,12.3713347,-1.4750428,227
SHAPE_10529314,12.3704776,-1.4756113,228
SHAPE_10529314,12.370047,-1.4758958,229
SHAPE_10529314,12.369532,-1.4762484,230
SHAPE_10529314,12.3686148,-1.4768639,231
SHAPE_10529314,12.3674017,-1.4777049,232
SHAPE_10529314,12.3669547,-1.4779966,233
SHAPE_10529314,12.3664591,-1.4783215,234
SHAPE_10529314,12.3665397,-1.4784579,235
SHAPE_10529314,12.3667085,-1.4787408,236
SHAPE_10529314,12.3669238,-1.4791018,237
SHAPE_10529314,12.3671658,-1.4795075,238
SHAPE_10529314,12.3672693,-1.4796554,239
SHAPE_10529314,12.3672863,-1.4799816,240
SHAPE_10529314,12.3673085,-1.4806611,241
SHAPE_10529314,12.3673307,-1.4813378,242
SHAPE_10529314,12.3673622,-1.4819468,243
SHAPE_10529314,12.3673555,-1.4820977,244
SHAPE_10529314,12.3673474,-1.4822812,245
SHAPE_10529314,12.3673874,-1.4831645,246
SHAPE_10529314,12.3674128,-1.4839353,247
SHAPE_10529314,12.3679559,-1.4839272,248
SHAPE_10529314,12.3681465,-1.4839191,249
SHAPE_10529314,12.3682133,-1.4839179,250
SHAPE_10529314,12.3682153,-1.4839763,251
SHAPE_10529314,12.3682517,-1.4850479,252
SHAPE_10529314,12.3682674,-1.4855413,253
SHAPE_10529314,12.3682899,-1.486252,254
SHAPE_10529314,12.3683489,-1.4881685,255
SHAPE_10529314,12.3683533,-1.488345,256
SHAPE_10529314,12.3683595,-1.4885178,257
SHAPE_10529314,12.3684,-1.4885467,258
SHAPE_10529314,12.3684181,-1.4885758,259
SHAPE_10529314,12.3684263,-1.4886092,260
SHAPE_10529314,12.368424,-1.4886436,261
SHAPE_10529314,12.3684113,-1.4886755,262
SHAPE_10529314,12.3684002,-1.4886908,263
SHAPE_10529314,12.3683687,-1.4887158,264
SHAPE_10529314,12.3683306,-1.4887271,265
SHAPE_10529314,12.368291,-1.4887232,266
SHAPE_10529314,12.3682556,-1.4887047,267
SHAPE_10529314,12.3682392,-1.4886885,268
SHAPE_10529314,12.3682197,-1.4886526,269
SHAPE_10529314,12.3682147,-1.4886118,270
SHAPE_10529314,12.3682249,-1.4885721,271
SHAPE_10529314,12.3682487,-1.488539,272
SHAPE_10529314,12.3682729,-1.4885219,273
SHAPE_10529314,12.3683158,-1.4885104,274
SHAPE_10529314,12.3683595,-1.4885178,275
SHAPE_10529314,12.3684,-1.4885467,276
SHAPE_10529314,12.3684002,-1.4886908,277
SHAPE_10529314,12.3683818,-1.4887715,278
SHAPE_10529314,12.3683755,-1.4888151,279
SHAPE_10529314,12.3683739,-1.488852,280
SHAPE_10529314,12.3683775,-1.4891478,281
SHAPE_10529314,12.3684443,-1.4907771,282
SHAPE_10529314,12.368476,-1.4918404,283
SHAPE_10529314,12.3685213,-1.49304,284
SHAPE_10529314,12.3685532,-1.4937582,285
SHAPE_10529314,12.3685664,-1.4939849,286
SHAPE_10529314,12.3686137,-1.4951474,287
SHAPE_10529314,12.3686439,-1.4959894,288
SHAPE_10529314,12.3686522,-1.4962985,289
SHAPE_10529314,12.3686887,-1.497636,290
SHAPE_10529314,12.3686919,-1.4977237,291
SHAPE_10529314,12.3687108,-1.4983484,292
SHAPE_10529314,12.3687292,-1.4989248,293
SHAPE_10529314,12.368773,-1.4998623,294
SHAPE_10529314,12.3687828,-1.5003728,295
SHAPE_10529314,12.3687866,-1.5005128,296
SHAPE_10529314,12.3687922,-1.500823,297
SHAPE_10529314,12.3688367,-1.5020585,298
SHAPE_10529314,12.3688506,-1.5025782,299
SHAPE_10529314,12.3688482,-1.5026542,300
SHAPE_10529314,12.368842,-1.5027337,301
SHAPE_10529314,12.3688277,-1.502824,302
SHAPE_10529314,12.3684156,-1.5047498,303
SHAPE_10529314,12.368383,-1.5048573,304
SHAPE_10529314,12.3683443,-1.5049536,305
SHAPE_10529314,12.3683053,-1.5050316,306
SHAPE_10529314,12.3682391,-1.5051491,307
SHAPE_10529314,12.3681389,-1.5053001,308
SHAPE_10529314,12.3679209,-1.5055796,309
SHAPE_10529314,12.367827,-1.5057332,310
SHAPE_10529314,12.3677921,-1.5058072,311
SHAPE_10529314,12.367758,-1.5058791,312
SHAPE_10529314,12.3677155,-1.5059924,313
SHAPE_10529314,12.3676888,-1.5061082,314
SHAPE_10529314,12.3676726,-1.5062586,315
SHAPE_10529314,12.3676792,-1.5063879,316
SHAPE_10529314,12.3677076,-1.506497,317
SHAPE_10529314,12.3677664,-1.5066402,318
SHAPE_10529314,12.3678032,-1.5066463,319
SHAPE_10529314,12.3678255,-1.506655,320
SHAPE_10529314,12.3678544,-1.5066767,321
SHAPE_10529314,12.3678751,-1.5067068,322
SHAPE_10529314,12.3678853,-1.506742,323
SHAPE_10529314,12.367884,-1.5067787,324
SHAPE_10529314,12.3678713,-1.5068131,325
SHAPE_10529314,12.3678486,-1.5068415,326
SHAPE_10529314,12.367818,-1.5068611,327
SHAPE_10529314,12.3677829,-1.5068696,328
SHAPE_10529314,12.3677429,-1.506865,329
SHAPE_10529314,12.3677072,-1.5068461,330
SHAPE_10529314,12.3676805,-1.5068154,331
SHAPE_10529314,12.3676661,-1.506777,332
SHAPE_10529314,12.3676643,-1.5067533,333
SHAPE_10529314,12.3676673,-1.5067297,334
SHAPE_10529314,12.3676824,-1.506694,335
SHAPE_10529314,12.3677083,-1.5066657,336
SHAPE_10529314,12.3677419,-1.5066479,337
SHAPE_10529314,12.3677664,-1.5066402,338
SHAPE_10529314,12.3677829,-1.5068696,339
SHAPE_10529314,12.3676752,-1.5069293,340
SHAPE_10529314,12.3675563,-1.5070156,341
SHAPE_10529314,12.3674738,-1.5070848,342
SHAPE_10529314,12.367415,-1.5071518,343
SHAPE_10529314,12.3673637,-1.5072328,344
SHAPE_10529314,12.3673024,-1.5073478,345
SHAPE_10529314,12.3672457,-1.507484,346
SHAPE_10529314,12.3672195,-1.5075664,347
SHAPE_10529314,12.3671937,-1.5076488,348
SHAPE_10529314,12.3670602,-1.5082658,349
SHAPE_10529314,12.367025,-1.5084296,350
SHAPE_10529314,12.3669749,-1.5086631,351
SHAPE_10529314,12.3668901,-1.5090838,352
SHAPE_10529314,12.3668016,-1.5094969,353
SHAPE_10529314,12.3665211,-1.5107772,354
SHAPE_10529314,12.3663868,-1.5113929,355
SHAPE_10529314,12.3669233,-1.5114993,356
SHAPE_10529314,12.3672273,-1.5115656,357
SHAPE_10529314,12.3674536,-1.511615,358
SHAPE_10529314,12.3674773,-1.5116211,359
SHAPE_10529314,12.3678336,-1.5117129,360
SHAPE_10529314,12.3678713,-1.5117226,361
SHAPE_10529314,12.3686169,-1.5118879,362
SHAPE_10529314,12.3688019,-1.511929,363
SHAPE_10529314,12.3693207,-1.5120443,364
SHAPE_10529314,12.3704756,-1.5122869,365
SHAPE_10529314,12.3715777,-1.51255,366
SHAPE_10529314,12.3720886,-1.5126787,367
SHAPE_10529314,12.3721655,-1.5126903,368
SHAPE_10529314,12.372265,-1.5127118,369
SHAPE_10529314,12.3728507,-1.5128359,370
SHAPE_10529314,12.3728967,-1.5128344,371
SHAPE_10529314,12.3728013,-1.5133837,372
SHAPE_10529314,12.3726725,-1.5139529,373
SHAPE_10529314,12.3725621,-1.5145126,374
SHAPE_10529314,12.3724402,-1.5150665,375
SHAPE_10529314,12.3723791,-1.5153803,376
SHAPE_10529314,12.3723271,-1.5156161,377
SHAPE_10529314,12.3722104,-1.5162119,378
SHAPE_10529314,12.3719878,-1.5172297,379
SHAPE_10529314,12.3718594,-1.5178318,380
SHAPE_10529314,12.3717622,-1.5182695,381
SHAPE_10529314,12.3716897,-1.518581,382
SHAPE_10529314,12.3715152,-1.5192933,383
SHAPE_10529314,12.3715056,-1.5193639,384
SHAPE_10529314,12.371497,-1.5194182,385
SHAPE_10529314,12.3714473,-1.5195307,386
SHAPE_10529314,12.3714647,-1.5195404,387
SHAPE_10529314,12.3714806,-1.5195557,388
SHAPE_10529314,12.3714948,-1.519579,389
SHAPE_10529314,12.3715022,-1.5196054,390
SHAPE_10529314,12.3715034,-1.5196296,391
SHAPE_10529314,12.3714966,-1.5196578,392
SHAPE_10529314,12.3714822,-1.5196827,393
SHAPE_10529314,12.3714613,-1.5197023,394
SHAPE_10529314,12.3714422,-1.5197126,395
SHAPE_10529314,12.3714158,-1.5197187,396
SHAPE_10529314,12.3714003,-1.5197193,397
SHAPE_10529314,12.3713825,-1.5197165,398
SHAPE_10529314,12.3713604,-1.5197094,399
SHAPE_10529314,12.3713381,-1.5196966,400
SHAPE_10529314,12.3713338,-1.5196918,401
SHAPE_10529314,12.3713285,-1.5196847,402
SHAPE_10529314,12.3713167,-1.5196625,403
SHAPE_10529314,12.3713123,-1.5196364,404
SHAPE_10529314,12.3713112,-1.5196107,405
SHAPE_10529314,12.3713162,-1.5195855,406
SHAPE_10529314,12.3713269,-1.5195622,407
SHAPE_10529314,12.3713427,-1.5195423,408
SHAPE_10529314,12.3713548,-1.5195321,409
SHAPE_10529314,12.3713812,-1.519524,410
SHAPE_10529314,12.3714029,-1.5195206,411
SHAPE_10529314,12.371421,-1.5195216,412
SHAPE_10529314,12.3714408,-1.5195276,413
SHAPE_10529314,12.3714473,-1.5195307,414
SHAPE_10529314,12.3714647,-1.5195404,415
SHAPE_10529314,12.3714158,-1.5197187,416
SHAPE_10529314,12.3713852,-1.5197892,417
SHAPE_10529314,12.3713495,-1.5198768,418
SHAPE_10529314,12.371305,-1.5199887,419
SHAPE_10529314,12.3712487,-1.5201386,420
SHAPE_10529314,12.3712236,-1.5203341,421
SHAPE_10529314,12.3711755,-1.5206,422
SHAPE_10529314,12.3711402,-1.5208406,423
SHAPE_10529314,12.3710059,-1.5214663,424
SHAPE_10529314,12.3709175,-1.5218686,425
SHAPE_10529314,12.3707846,-1.5225064,426
SHAPE_10529314,12.3707663,-1.5225982,427
SHAPE_10529314,12.3707516,-1.5226996,428
SHAPE_10529314,12.3706903,-1.5229587,429
SHAPE_10529314,12.3706235,-1.5232815,430
SHAPE_10529314,12.3705053,-1.5238732,431
SHAPE_10529314,12.3703483,-1.5245194,432
SHAPE_10529314,12.3702691,-1.5248774,433
SHAPE_10529314,12.3705499,-1.5249554,434
SHAPE_10529314,12.3708544,-1.52504,435
SHAPE_10529314,12.3714297,-1.5251948,436
SHAPE_10529314,12.3719257,-1.5253282,437
SHAPE_10529314,12.3721875,-1.5254,438
SHAPE_10529314,12.3726313,-1.5255218,439
SHAPE_10529314,12.3729406,-1.5257906,440
SHAPE_10529314,12.3729989,-1.5257877,441
SHAPE_10529314,12.3730585,-1.5257941,442
SHAPE_10529314,12.3731169,-1.5258082,443
SHAPE_10529314,12.3731713,-1.5258289,444
SHAPE_10529314,12.373223,-1.5258563,445
SHAPE_10529314,12.3732709,-1.5258898,446
SHAPE_10529314,12.3733146,-1.5259291,447
SHAPE_10529314,12.3733532,-1.5259736,448
SHAPE_10529314,12.3733862,-1.5260225,449
SHAPE_10529314,12.3734132,-1.5260752,450
SHAPE_10529314,12.3734338,-1.5261308,451
SHAPE_10529314,12.3734475,-1.5261886,452
SHAPE_10529314,12.3734542,-1.5262465,453
SHAPE_10529314,12.3734542,-1.5263047,454
SHAPE_10529314,12.3734473,-1.5263626,455
SHAPE_10529314,12.3734338,-1.5264192,456
SHAPE_10529314,12.3734137,-1.5264737,457
SHAPE_10529314,12.3733875,-1.5265254,458
SHAPE_10529314,12.3733554,-1.5265735,459
SHAPE_10529314,12.3733227,-1.5266124,460
SHAPE_10529314,12.3732862,-1.5266475,461
SHAPE_10529314,12.3732463,-1.5266785,462
SHAPE_10529314,12.3732034,-1.526705,463
SHAPE_10529314,12.3731454,-1.5267319,464
SHAPE_10529314,12.3730843,-1.5267506,465
SHAPE_10529314,12.3730214,-1.5267608,466
SHAPE_10529314,12.3729577,-1.5267623,467
SHAPE_10529314,12.372897,-1.5267555,468
SHAPE_10529314,12.3728377,-1.5267409,469
SHAPE_10529314,12.3727807,-1.5267186,470
SHAPE_10529314,12.3726455,-1.5267135,471
SHAPE_10533250,12.3756718,-1.5134733,1
SHAPE_10533250,12.3762911,-1.5136307,2
SHAPE_10533250,12.3752767,-1.5148757,3
SHAPE_10533250,12.3748439,-1.5154089,4
SHAPE_10533250,12.3746961,-1.5155884,5
SHAPE_10533250,12.3739035,-1.5166146,6
SHAPE_10533250,12.3732308,-1.5174487,7
SHAPE_10533250,12.3730184,-1.5176956,8
SHAPE_10533250,12.3721703,-1.518778,9
SHAPE_10533250,12.3719805,-1.5190083,10
SHAPE_10533250,12.3717168,-1.5193245,11
SHAPE_10533250,12.3716831,-1.5193919,12
SHAPE_10533250,12.3715998,-1.5194983,13
SHAPE_10533250,12.3715563,-1.5195488,14
SHAPE_10533250,12.3715022,-1.5196054,15
SHAPE_10533250,12.3715034,-1.5196296,16
SHAPE_10533250,12.3714966,-1.5196578,17
SHAPE_10533250,12.3714822,-1.5196827,18
SHAPE_10533250,12.3714613,-1.5197023,19
SHAPE_10533250,12.3714422,-1.5197126,20
SHAPE_10533250,12.3714158,-1.5197187,21
SHAPE_10533250,12.3713852,-1.5197892,22
SHAPE_10533250,12.3713495,-1.5198768,23
SHAPE_10533250,12.371305,-1.5199887,24
SHAPE_10533250,12.3712487,-1.5201386,25
SHAPE_10533250,12.3712236,-1.5203341,26
SHAPE_10533250,12.3711755,-1.5206,27
SHAPE_10533250,12.3711402,-1.5208406,28
SHAPE_10533250,12.3710059,-1.5214663,29
SHAPE_10533250,12.3709175,-1.5218686,30
SHAPE_10533250,12.3707846,-1.5225064,31
SHAPE_10533250,12.3707663,-1.5225982,32
SHAPE_10533250,12.3707516,-1.5226996,33
SHAPE_10533250,12.3706903,-1.5229587,34
SHAPE_10533250,12.3706235,-1.5232815,35
SHAPE_10533250,12.3705053,-1.5238732,36
SHAPE_10533250,12.3703483,-1.5245194,37
SHAPE_10533250,12.3702691,-1.5248774,38
SHAPE_10533250,12.3705499,-1.5249554,39
SHAPE_10533250,12.3708544,-1.52504,40
SHAPE_10533250,12.3714297,-1.5251948,41
SHAPE_10533250,12.3719257,-1.5253282,42
SHAPE_10533250,12.3721875,-1.5254,43
SHAPE_10533250,12.3726313,-1.5255218,44
SHAPE_10533250,12.3729406,-1.5257906,45
SHAPE_10533250,12.3729989,-1.5257877,46
SHAPE_10533250,12.3730585,-1.5257941,47
SHAPE_10533250,12.3731169,-1.5258082,48
SHAPE_10533250,12.3731713,-1.5258289,49
SHAPE_10533250,12.373223,-1.5258563,50
SHAPE_10533250,12.3732709,-1.5258898,51
SHAPE_10533250,12.3733146,-1.5259291,52
SHAPE_10533250,12.3733532,-1.5259736,53
SHAPE_10533250,12.3733862,-1.5260225,54
SHAPE_10533250,12.3734132,-1.5260752,55
SHAPE_10533250,12.3734338,-1.5261308,56
SHAPE_10533250,12.3734475,-1.5261886,57
SHAPE_10533250,12.3734542,-1.5262465,58
SHAPE_10533250,12.3734542,-1.5263047,59
SHAPE_10533250,12.3734473,-1.5263626,60
SHAPE_10533250,12.3734338,-1.5264192,61
SHAPE_10533250,12.3734137,-1.5264737,62
SHAPE_10533250,12.3733875,-1.5265254,63
SHAPE_10533250,12.3733554,-1.5265735,64
SHAPE_10533250,12.3733227,-1.5266124,65
SHAPE_10533250,12.3732862,-1.5266475,66
SHAPE_10533250,12.3732463,-1.5266785,67
SHAPE_10533250,12.3732034,-1.526705,68
SHAPE_10533250,12.3731454,-1.5267319,69
SHAPE_10533250,12.3730843,-1.5267506,70
SHAPE_10533250,12.3730214,-1.5267608,71
SHAPE_10533250,12.3729577,-1.5267623,72
SHAPE_10533250,12.372897,-1.5267555,73
SHAPE_10533250,12.3728377,-1.5267409,74
SHAPE_10533250,12.3727807,-1.5267186,75
SHAPE_10533250,12.3726455,-1.5267135,76
SHAPE_10533250,12.3722795,-1.5267128,77
SHAPE_10533250,12.3721258,-1.5266927,78
SHAPE_10533250,12.3718285,-1.5266364,79
SHAPE_10533250,12.3707551,-1.526342,80
SHAPE_10533250,12.3703274,-1.526222,81
SHAPE_10533250,12.3699947,-1.5261287,82
SHAPE_10533250,12.3699581,-1.5262699,83
SHAPE_10533250,12.3698695,-1.5264519,84
SHAPE_10533250,12.3697207,-1.5266933,85
SHAPE_10533250,12.3695802,-1.5268972,86
SHAPE_10533250,12.369486,-1.5270217,87
SHAPE_10533250,12.3692716,-1.52725,88
SHAPE_10533250,12.369149,-1.5273804,89
SHAPE_10533250,12.369079,-1.527451,90
SHAPE_10533250,12.3689821,-1.5275107,91
SHAPE_10533250,12.3688979,-1.5275479,92
SHAPE_10533250,12.3688224,-1.5275767,93
SHAPE_10533250,12.3687911,-1.5275841,94
SHAPE_10533250,12.3686965,-1.5276636,95
SHAPE_10533250,12.3686182,-1.5277486,96
SHAPE_10533250,12.3685273,-1.5278567,97
SHAPE_10533250,12.3684958,-1.5279861,98
SHAPE_10533250,12.3684472,-1.5281701,99
SHAPE_10533250,12.3683843,-1.5283517,100
SHAPE_10533250,12.368344,-1.5285755,101
SHAPE_10533250,12.3682466,-1.529008,102
SHAPE_10533250,12.3682233,-1.529104,103
SHAPE_10533250,12.368202,-1.5293647,104
SHAPE_10533250,12.3681608,-1.5295734,105
SHAPE_10533250,12.3681239,-1.5298012,106
SHAPE_10533250,12.3681231,-1.5299838,107
SHAPE_10533250,12.3680928,-1.5301669,108
SHAPE_10533250,12.3679886,-1.5308036,109
SHAPE_10533250,12.3679821,-1.5308466,110
SHAPE_10533250,12.3679715,-1.5309069,111
SHAPE_10533250,12.3679756,-1.5309142,112
SHAPE_10533250,12.367979,-1.5309219,113
SHAPE_10533250,12.3679816,-1.5309299,114
SHAPE_10533250,12.3679833,-1.5309381,115
SHAPE_10533250,12.3679841,-1.5309465,116
SHAPE_10533250,12.3679841,-1.5309549,117
SHAPE_10533250,12.3680356,-1.5310532,118
SHAPE_10533250,12.3680708,-1.5311205,119
SHAPE_10533250,12.368219,-1.5314505,120
SHAPE_10533250,12.3683107,-1.5315857,121
SHAPE_10533250,12.3684192,-1.5317442,122
SHAPE_10533250,12.3684812,-1.5318381,123
SHAPE_10533250,12.3689133,-1.5324802,124
SHAPE_10533250,12.3693692,-1.5331196,125
SHAPE_10533250,12.3693838,-1.5331638,126
SHAPE_10533250,12.3696599,-1.5335888,127
SHAPE_10533250,12.3701935,-1.5343897,128
SHAPE_10533250,12.3704872,-1.5348229,129
SHAPE_10533250,12.3706648,-1.5350849,130
SHAPE_10533250,12.3709672,-1.5355262,131
SHAPE_10533250,12.3711807,-1.5358378,132
SHAPE_10533250,12.3713533,-1.5360533,133
SHAPE_10533250,12.3716347,-1.5364603,134
SHAPE_10533250,12.3717208,-1.5365863,135
SHAPE_10533250,12.3717575,-1.5366359,136
SHAPE_10533250,12.3722104,-1.5373004,137
SHAPE_10533250,12.372424,-1.5376142,138
SHAPE_10533250,12.372572,-1.5378345,139
SHAPE_10533250,12.3726391,-1.5379334,140
SHAPE_10533250,12.3727085,-1.5380377,141
SHAPE_10533250,12.3727455,-1.5381001,142
SHAPE_10533250,12.3727986,-1.5381768,143
SHAPE_10533250,12.3730036,-1.5384776,144
SHAPE_10533250,12.3730876,-1.5386103,145
SHAPE_10533250,12.3733449,-1.5389711,146
SHAPE_10533250,12.3735021,-1.5391977,147
SHAPE_10533250,12.3736902,-1.5394912,148
SHAPE_10533250,12.3738455,-1.5397043,149
SHAPE_10533250,12.3741539,-1.5401609,150
SHAPE_10533250,12.3743041,-1.5403783,151
SHAPE_10533250,12.3744911,-1.5406515,152
SHAPE_10533250,12.3746502,-1.5408945,153
SHAPE_10533250,12.3748121,-1.5411323,154
SHAPE_10533250,12.3752501,-1.5417849,155
SHAPE_10533250,12.3753223,-1.5418887,156
SHAPE_10533250,12.3754776,-1.5421052,157
SHAPE_10533250,12.3755963,-1.5422787,158
SHAPE_10533250,12.3756583,-1.5423694,159
SHAPE_10533250,12.3759567,-1.5428032,160
SHAPE_10533250,12.3761123,-1.5430477,161
SHAPE_10533250,12.3762848,-1.5432871,162
SHAPE_10533250,12.3766326,-1.5438035,163
SHAPE_10533250,12.3766909,-1.5438804,164
SHAPE_10533250,12.3770672,-1.5444417,165
SHAPE_10533250,12.3769342,-1.5450212,166
SHAPE_10533250,12.3768981,-1.545176,167
SHAPE_10533250,12.376834,-1.5454503,168
SHAPE_10533250,12.3768102,-1.5455524,169
SHAPE_10533250,12.3766682,-1.546126,170
SHAPE_10533250,12.3766412,-1.5462346,171
SHAPE_10533250,12.3765601,-1.5466215,172
SHAPE_10533250,12.3765429,-1.5466988,173
SHAPE_10533250,12.3764201,-1.5471879,174
SHAPE_10533250,12.3763962,-1.5472832,175
SHAPE_10533250,12.3762983,-1.5476834,176
SHAPE_10533250,12.3761224,-1.5484031,177
SHAPE_10533250,12.3758574,-1.549505,178
SHAPE_10533250,12.3757041,-1.5501532,179
SHAPE_10533250,12.375635,-1.5504272,180
SHAPE_10533250,12.3756037,-1.5505707,181
SHAPE_10533250,12.3755376,-1.5508358,182
SHAPE_10533250,12.3754893,-1.5510428,183
SHAPE_10533250,12.3753402,-1.5516771,184
SHAPE_10533250,12.3752184,-1.5521826,185
SHAPE_10533250,12.3750615,-1.5528663,186
SHAPE_10533250,12.374787,-1.5539884,187
SHAPE_10533250,12.3746976,-1.5543461,188
SHAPE_10533250,12.3745847,-1.5548182,189
SHAPE_10533250,12.3745234,-1.5550946,190
SHAPE_10533250,12.3742612,-1.5562202,191
SHAPE_10533250,12.3740841,-1.5570182,192
SHAPE_10533250,12.3740073,-1.5573264,193
SHAPE_10533250,12.3739362,-1.5575753,194
SHAPE_10533250,12.3750728,-1.5573096,195
SHAPE_10533250,12.3759112,-1.5571058,196
SHAPE_10533250,12.3762045,-1.5570344,197
SHAPE_10533250,12.3778835,-1.5566401,198
SHAPE_10533250,12.3791007,-1.5563442,199
SHAPE_10533250,12.3798088,-1.5561721,200
SHAPE_10533250,12.3819014,-1.5556094,201
SHAPE_10533250,12.382198,-1.5555303,202
SHAPE_10533250,12.3823815,-1.5554768,203
SHAPE_10533250,12.3828154,-1.5552652,204
SHAPE_10533250,12.3829887,-1.5551811,205
SHAPE_10533250,12.383121,-1.5550877,206
SHAPE_10533250,12.3832624,-1.5549103,207
SHAPE_10533250,12.3833595,-1.5547038,208
SHAPE_10533250,12.3835055,-1.5543769,209
SHAPE_10533250,12.383616,-1.554157,210
SHAPE_10533250,12.3837142,-1.5540546,211
SHAPE_10533250,12.3838202,-1.5539799,212
SHAPE_10533250,12.3839753,-1.5539099,213
SHAPE_10533250,12.3842855,-1.5538024,214
SHAPE_10533250,12.384509,-1.5537464,215
SHAPE_10533250,12.3849486,-1.5536552,216
SHAPE_10533250,12.3854805,-1.5536016,217
SHAPE_10533250,12.3860325,-1.5536623,218
SHAPE_10533250,12.3864019,-1.5537277,219
SHAPE_10533250,12.3865524,-1.5537884,220
SHAPE_10533250,12.3866311,-1.5538467,221
SHAPE_10533250,12.386689,-1.5539085,222
SHAPE_10533250,12.386744,-1.5539733,223
SHAPE_10533250,12.3867817,-1.554031,224
SHAPE_10533250,12.3868512,-1.5542406,225
SHAPE_10533250,12.3868821,-1.5544521,226
SHAPE_10533250,12.3868685,-1.5546202,227
SHAPE_10533250,12.3867864,-1.5548444,228
SHAPE_10533250,12.3866769,-1.5550592,229
SHAPE_10533250,12.3865355,-1.555232,230
SHAPE_10533250,12.3863029,-1.5554281,231
SHAPE_10533250,12.3860383,-1.5556336,232
SHAPE_10533250,12.3857646,-1.5558484,233
SHAPE_10533250,12.3856369,-1.5560072,234
SHAPE_10533250,12.3855594,-1.5561613,235
SHAPE_10533250,12.385515,-1.5564091,236
SHAPE_10533250,12.3855164,-1.5566815,237
SHAPE_10533250,12.3855725,-1.5571146,238
SHAPE_10533250,12.3857673,-1.5575468,239
SHAPE_10533250,12.385859,-1.5577128,240
SHAPE_10533250,12.3859417,-1.5578163,241
SHAPE_10533250,12.3860213,-1.5578643,242
SHAPE_10533250,12.3861324,-1.5578816,243
SHAPE_10533250,12.3871271,-1.5576854,244
SHAPE_10533250,12.3875048,-1.5575854,245
SHAPE_10533250,12.3881117,-1.5574826,246
SHAPE_10533250,12.3881709,-1.5574736,247
SHAPE_10533250,12.3885594,-1.5574143,248
SHAPE_10533250,12.3887398,-1.5574268,249
SHAPE_10533250,12.3889984,-1.5573978,250
SHAPE_10533250,12.3891162,-1.5574086,251
SHAPE_10533250,12.3893794,-1.5573731,252
SHAPE_10533250,12.3900019,-1.5572668,253
SHAPE_10533250,12.3905961,-1.5571638,254
SHAPE_10533250,12.3907965,-1.5571311,255
SHAPE_10533250,12.3910815,-1.5570824,256
SHAPE_10533250,12.3932058,-1.5567576,257
SHAPE_10533250,12.39369,-1.5566752,258
SHAPE_10533250,12.3955135,-1.5563409,259
SHAPE_10533250,12.3960098,-1.5562477,260
SHAPE_10533250,12.3965136,-1.556153,261
SHAPE_10533250,12.3966252,-1.5561364,262
SHAPE_10533250,12.3967763,-1.5561332,263
SHAPE_10533250,12.3973598,-1.5560457,264
SHAPE_10533250,12.3984108,-1.5558699,265
SHAPE_10533250,12.3989752,-1.5557673,266
SHAPE_10533250,12.3990669,-1.5557528,267
SHAPE_10533250,12.3991623,-1.5557362,268
SHAPE_10533250,12.3994334,-1.555689,269
SHAPE_10533250,12.3998502,-1.5556164,270
SHAPE_10533250,12.4006028,-1.5554822,271
SHAPE_10533250,12.4009299,-1.5554263,272
SHAPE_10533250,12.4013737,-1.5553493,273
SHAPE_10533250,12.401632,-1.5553045,274
SHAPE_10533250,12.4022772,-1.5551936,275
SHAPE_10533250,12.4025557,-1.5551468,276
SHAPE_10533250,12.4029183,-1.5550882,277
SHAPE_10533250,12.4032298,-1.5550378,278
SHAPE_10533250,12.4034623,-1.5550002,279
SHAPE_10533250,12.4037393,-1.5549519,280
SHAPE_10533250,12.4039467,-1.5549158,281
SHAPE_10533250,12.4046272,-1.5548007,282
SHAPE_10533250,12.4055195,-1.5546545,283
SHAPE_10533250,12.4077172,-1.5542787,284
SHAPE_10533250,12.407841,-1.5542575,285
SHAPE_10533250,12.4080557,-1.5542155,286
SHAPE_10533250,12.408732,-1.5540709,287
SHAPE_10533250,12.408857,-1.5540442,288
SHAPE_10533250,12.4092082,-1.5539672,289
SHAPE_10533250,12.4103118,-1.5537608,290
SHAPE_10533250,12.411415,-1.5535711,291
SHAPE_10533250,12.4125132,-1.5533975,292
SHAPE_10533250,12.4128187,-1.5533314,293
SHAPE_10533250,12.4299833,-1.55035,294
SHAPE_10533250,12.4305114,-1.5502571,295
SHAPE_10533250,12.4310242,-1.5501698,296
SHAPE_10533250,12.4315436,-1.5500821,297
SHAPE_10533250,12.432155,-1.5499763,298
SHAPE_10533250,12.4326057,-1.5499024,299
SHAPE_10533250,12.4328519,-1.5498552,300
SHAPE_10533250,12.4333197,-1.5497725,301
SHAPE_10533250,12.4335539,-1.5497302,302
SHAPE_10533250,12.4341092,-1.5496328,303
SHAPE_10533250,12.4347236,-1.5495224,304
SHAPE_10533250,12.434886,-1.5494948,305
SHAPE_10533250,12.4349893,-1.5494773,306
SHAPE_10533250,12.4352946,-1.5494232,307
SHAPE_10533250,12.4355263,-1.549384,308
SHAPE_10533250,12.4358042,-1.5493369,309
SHAPE_10533250,12.4360056,-1.5492992,310
SHAPE_10533250,12.4363592,-1.5492441,311
SHAPE_10533250,12.4368549,-1.5491552,312
SHAPE_10533250,12.4369444,-1.5491405,313
SHAPE_10533250,12.437175,-1.5491018,314
SHAPE_10533250,12.437429,-1.549061,315
SHAPE_10533250,12.4380198,-1.5489488,316
SHAPE_10533250,12.4384019,-1.548899,317
SHAPE_10533250,12.4388228,-1.5488132,318
SHAPE_10533250,12.4389132,-1.5487946,319
SHAPE_10533250,12.4389486,-1.5487873,320
SHAPE_10533250,12.4392691,-1.548737,321
SHAPE_10533250,12.4394184,-1.5487209,322
SHAPE_10533250,12.4395543,-1.5487125,323
SHAPE_10533250,12.4396411,-1.5487065,324
SHAPE_10533250,12.4398716,-1.5487048,325
SHAPE_10533250,12.4402189,-1.5487186,326
SHAPE_10533250,12.4299833,-1.55035,327
SHAPE_10533250,12.4293368,-1.5504643,328
SHAPE_10533250,12.4287396,-1.5505594,329
SHAPE_10533250,12.4282589,-1.5506427,330
SHAPE_10533250,12.4278364,-1.5507119,331
SHAPE_10533250,12.4275464,-1.5507607,332
SHAPE_10533250,12.4272139,-1.550815,333
SHAPE_10533250,12.4269453,-1.5508626,334
SHAPE_10533250,12.4268633,-1.5508763,335
SHAPE_10533250,12.4264672,-1.5509456,336
SHAPE_10533250,12.4259532,-1.5510355,337
SHAPE_10533250,12.4255546,-1.5511068,338
SHAPE_10533250,12.4249316,-1.5512118,339
SHAPE_10533250,12.4240698,-1.5513641,340
SHAPE_10533250,12.4235272,-1.5514624,341
SHAPE_10533250,12.423352,-1.5514907,342
SHAPE_10533250,12.4219833,-1.5517314,343
SHAPE_10533250,12.4219288,-1.551741,344
SHAPE_10533250,12.4216839,-1.5517873,345
SHAPE_10533250,12.4215932,-1.5518026,346
SHAPE_10533250,12.4211995,-1.5518689,347
SHAPE_10533250,12.4205769,-1.5519707,348
SHAPE_10533250,12.4189038,-1.5522675,349
SHAPE_10533250,12.4188075,-1.552284,350
SHAPE_10533250,12.4181744,-1.5523977,351
SHAPE_10533250,12.4180073,-1.5524272,352
SHAPE_10533250,12.4176734,-1.5524863,353
SHAPE_10533250,12.4174423,-1.552526,354
SHAPE_10533250,12.4170685,-1.5525903,355
SHAPE_10533250,12.4166143,-1.5526696,356
SHAPE_10533250,12.4156498,-1.5528353,357
SHAPE_10533250,12.4141926,-1.5530902,358
SHAPE_10533250,12.4128187,-1.5533314,359
SHAPE_10533250,12.4402189,-1.5487186,360
SHAPE_10533250,12.440453,-1.5487531,361
SHAPE_10533250,12.4405657,-1.5487692,362
SHAPE_10533250,12.4406543,-1.5487861,363
SHAPE_10533250,12.4410984,-1.5488962,364
SHAPE_10533250,12.4416351,-1.549033,365
SHAPE_10533250,12.4418216,-1.5490884,366
SHAPE_10533250,12.4420377,-1.5491527,367
SHAPE_10533250,12.4425865,-1.5492998,368
SHAPE_10533250,12.4430312,-1.5494264,369
SHAPE_10533250,12.4431808,-1.5494635,370
SHAPE_10533250,12.4433031,-1.5494927,371
SHAPE_10533250,12.4443412,-1.5497673,372
SHAPE_10533250,12.4444633,-1.5498031,373
SHAPE_10533250,12.4446038,-1.5498443,374
SHAPE_10533250,12.4446555,-1.5498609,375
SHAPE_10533250,12.4448022,-1.5499025,376
SHAPE_10533250,12.4451035,-1.5499802,377
SHAPE_10533250,12.4455233,-1.5500956,378
SHAPE_10533250,12.4456325,-1.5501237,379
SHAPE_10533250,12.4457124,-1.5501438,380
SHAPE_10533250,12.4457814,-1.5501645,381
SHAPE_10533250,12.4461943,-1.5502793,382
SHAPE_10533250,12.4466665,-1.5504015,383
SHAPE_10533250,12.4467282,-1.5504204,384
SHAPE_10533250,12.4468041,-1.5504419,385
SHAPE_10533250,12.446944,-1.5504818,386
SHAPE_10533250,12.4470988,-1.550523,387
SHAPE_10533250,12.4474791,-1.5506253,388
SHAPE_10533250,12.4476965,-1.5506884,389
SHAPE_10533250,12.4479165,-1.5507537,390
SHAPE_10533250,12.4479619,-1.5507672,391
SHAPE_10533250,12.4481653,-1.5508251,392
SHAPE_10533250,12.4482839,-1.5508551,393
SHAPE_10533250,12.4485021,-1.5509165,394
SHAPE_10533250,12.4487663,-1.5509874,395
SHAPE_10533250,12.4489225,-1.551029,396
SHAPE_10533250,12.4490595,-1.5510648,397
SHAPE_10533250,12.4491843,-1.5510974,398
SHAPE_10533250,12.4492792,-1.5511235,399
SHAPE_10533250,12.4496424,-1.5512234,400
SHAPE_10533250,12.4500758,-1.5513448,401
SHAPE_10533250,12.450805,-1.5515441,402
SHAPE_10533250,12.4513762,-1.5517058,403
SHAPE_10533250,12.4518622,-1.5518329,404
SHAPE_10533250,12.4526945,-1.5520653,405
SHAPE_10533250,12.4532295,-1.5522068,406
SHAPE_10533250,12.4540998,-1.5524452,407
SHAPE_10533250,12.4545198,-1.5525602,408
SHAPE_10533250,12.4548174,-1.5526425,409
SHAPE_10533250,12.4549829,-1.55269,410
SHAPE_10533250,12.4552007,-1.552749,411
SHAPE_10533250,12.4554665,-1.5528209,412
SHAPE_10533250,12.4579686,-1.553514,413
SHAPE_10533250,12.4604517,-1.5542056,414
SHAPE_10533250,12.4608927,-1.5543321,415
SHAPE_10533250,12.4612502,-1.554442,416
SHAPE_10533250,12.4620726,-1.5546873,417
SHAPE_10533250,12.4626318,-1.5548605,418
SHAPE_10533250,12.4629419,-1.5549538,419
SHAPE_10533250,12.4630653,-1.5549909,420
SHAPE_10533250,12.4631609,-1.5550231,421
SHAPE_10533250,12.4633506,-1.5550777,422
SHAPE_10533250,12.4635805,-1.5551468,423
SHAPE_10533250,12.4642437,-1.5553272,424
SHAPE_10533250,12.4647396,-1.5554581,425
SHAPE_10533250,12.4651527,-1.5555758,426
SHAPE_10533250,12.4651845,-1.5555849,427
SHAPE_10533250,12.4653791,-1.5556423,428
SHAPE_10533250,12.4657595,-1.5557503,429
SHAPE_10533250,12.4658182,-1.5557673,430
SHAPE_10533250,12.4659009,-1.5557912,431
SHAPE_10533250,12.4662695,-1.5558931,432
SHAPE_10533250,12.4670041,-1.5560822,433
SHAPE_10533250,12.4672333,-1.5561426,434
SHAPE_10533250,12.4683643,-1.5564595,435
SHAPE_10533250,12.4686947,-1.5565543,436
SHAPE_10533250,12.4694462,-1.5567421,437
SHAPE_10533250,12.4701265,-1.5569141,438
SHAPE_10533250,12.4703143,-1.5569657,439
SHAPE_10533250,12.4704966,-1.5570201,440
SHAPE_10533250,12.471063,-1.5571886,441
SHAPE_10533250,12.4713745,-1.5572763,442
SHAPE_10533250,12.4715034,-1.5573096,443
SHAPE_10533250,12.4716758,-1.5573541,444
SHAPE_10533250,12.4721395,-1.5574874,445
SHAPE_10533250,12.4730375,-1.5577261,446
SHAPE_10533250,12.4738589,-1.5579554,447
SHAPE_10533250,12.473927,-1.5579715,448
SHAPE_10533250,12.4740013,-1.5579924,449
SHAPE_10533250,12.4746331,-1.5581647,450
SHAPE_10533250,12.475474,-1.5584134,451
SHAPE_10533250,12.4763117,-1.5586397,452
SHAPE_10533250,12.4769467,-1.5588092,453
SHAPE_10533250,12.4770991,-1.558851,454
SHAPE_10533250,12.4772686,-1.5588981,455
SHAPE_10533250,12.4775391,-1.5589734,456
SHAPE_10533305,12.4775391,-1.5589734,1
SHAPE_10533305,12.4772686,-1.5588981,2
SHAPE_10533305,12.4770991,-1.558851,3
SHAPE_10533305,12.4769467,-1.5588092,4
SHAPE_10533305,12.4763117,-1.5586397,5
SHAPE_10533305,12.475474,-1.5584134,6
SHAPE_10533305,12.4746331,-1.5581647,7
SHAPE_10533305,12.4740013,-1.5579924,8
SHAPE_10533305,12.473927,-1.5579715,9
SHAPE_10533305,12.4738589,-1.5579554,10
SHAPE_10533305,12.4730375,-1.5577261,11
SHAPE_10533305,12.4721395,-1.5574874,12
SHAPE_10533305,12.4716758,-1.5573541,13
SHAPE_10533305,12.4715034,-1.5573096,14
SHAPE_10533305,12.4713745,-1.5572763,15
SHAPE_10533305,12.471063,-1.5571886,16
SHAPE_10533305,12.4704966,-1.5570201,17
SHAPE_10533305,12.4703143,-1.5569657,18
SHAPE_10533305,12.4701265,-1.5569141,19
SHAPE_10533305,12.4694462,-1.5567421,20
SHAPE_10533305,12.4686947,-1.5565543,21
SHAPE_10533305,12.4683643,-1.5564595,22
SHAPE_10533305,12.4672333,-1.5561426,23
SHAPE_10533305,12.4670041,-1.5560822,24
SHAPE_10533305,12.4662695,-1.5558931,25
SHAPE_10533305,12.4659009,-1.5557912,26
SHAPE_10533305,12.4658182,-1.5557673,27
SHAPE_10533305,12.4657595,-1.5557503,28
SHAPE_10533305,12.4653791,-1.5556423,29
SHAPE_10533305,12.4651845,-1.5555849,30
SHAPE_10533305,12.4651527,-1.5555758,31
SHAPE_10533305,12.4647396,-1.5554581,32
SHAPE_10533305,12.4642437,-1.5553272,33
SHAPE_10533305,12.4635805,-1.5551468,34
SHAPE_10533305,12.4633506,-1.5550777,35
SHAPE_10533305,12.4631609,-1.5550231,36
SHAPE_10533305,12.4630653,-1.5549909,37
SHAPE_10533305,12.4629419,-1.5549538,38
SHAPE_10533305,12.4626318,-1.5548605,39
SHAPE_10533305,12.4620726,-1.5546873,40
SHAPE_10533305,12.4612502,-1.554442,41
SHAPE_10533305,12.4608927,-1.5543321,42
SHAPE_10533305,12.4604517,-1.5542056,43
SHAPE_10533305,12.4579686,-1.553514,44
SHAPE_10533305,12.4554665,-1.5528209,45
SHAPE_10533305,12.4552007,-1.552749,46
SHAPE_10533305,12.4549829,-1.55269,47
SHAPE_10533305,12.4548174,-1.5526425,48
SHAPE_10533305,12.4545198,-1.5525602,49
SHAPE_10533305,12.4540998,-1.5524452,50
SHAPE_10533305,12.4532295,-1.5522068,51
SHAPE_10533305,12.4526945,-1.5520653,52
SHAPE_10533305,12.4518622,-1.5518329,53
SHAPE_10533305,12.4513762,-1.5517058,54
SHAPE_10533305,12.450805,-1.5515441,55
SHAPE_10533305,12.4500758,-1.5513448,56
SHAPE_10533305,12.4496424,-1.5512234,57
SHAPE_10533305,12.4492792,-1.5511235,58
SHAPE_10533305,12.4491843,-1.5510974,59
SHAPE_10533305,12.4490595,-1.5510648,60
SHAPE_10533305,12.4489225,-1.551029,61
SHAPE_10533305,12.4487663,-1.5509874,62
SHAPE_10533305,12.4485021,-1.5509165,63
SHAPE_10533305,12.4482839,-1.5508551,64
SHAPE_10533305,12.4481653,-1.5508251,65
SHAPE_10533305,12.4479619,-1.5507672,66
SHAPE_10533305,12.4479165,-1.5507537,67
SHAPE_10533305,12.4476965,-1.5506884,68
SHAPE_10533305,12.4474791,-1.5506253,69
SHAPE_10533305,12.4470988,-1.550523,70
SHAPE_10533305,12.446944,-1.5504818,71
SHAPE_10533305,12.4468041,-1.5504419,72
SHAPE_10533305,12.4467282,-1.5504204,73
SHAPE_10533305,12.4466665,-1.5504015,74
SHAPE_10533305,12.4461943,-1.5502793,75
SHAPE_10533305,12.4457814,-1.5501645,76
SHAPE_10533305,12.4457124,-1.5501438,77
SHAPE_10533305,12.4456325,-1.5501237,78
SHAPE_10533305,12.4455233,-1.5500956,79
SHAPE_10533305,12.4451035,-1.5499802,80
SHAPE_10533305,12.4448022,-1.5499025,81
SHAPE_10533305,12.4446555,-1.5498609,82
SHAPE_10533305,12.4446038,-1.5498443,83
SHAPE_10533305,12.4444633,-1.5498031,84
SHAPE_10533305,12.4443412,-1.5497673,85
SHAPE_10533305,12.4433031,-1.5494927,86
SHAPE_10533305,12.4431808,-1.5494635,87
SHAPE_10533305,12.4430312,-1.5494264,88
SHAPE_10533305,12.4425865,-1.5492998,89
SHAPE_10533305,12.4420377,-1.5491527,90
SHAPE_10533305,12.4418216,-1.5490884,91
SHAPE_10533305,12.4416351,-1.549033,92
SHAPE_10533305,12.4410984,-1.5488962,93
SHAPE_10533305,12.4406543,-1.5487861,94
SHAPE_10533305,12.4405657,-1.5487692,95
SHAPE_10533305,12.440453,-1.5487531,96
SHAPE_10533305,12.4402189,-1.5487186,97
SHAPE_10533305,12.4398716,-1.5487048,98
SHAPE_10533305,12.4396411,-1.5487065,99
SHAPE_10533305,12.4395543,-1.5487125,100
SHAPE_10533305,12.4394184,-1.5487209,101
SHAPE_10533305,12.4392691,-1.548737,102
SHAPE_10533305,12.4389486,-1.5487873,103
SHAPE_10533305,12.4389132,-1.5487946,104
SHAPE_10533305,12.4388228,-1.5488132,105
SHAPE_10533305,12.4384019,-1.548899,106
SHAPE_10533305,12.4380198,-1.5489488,107
SHAPE_10533305,12.437429,-1.549061,108
SHAPE_10533305,12.437175,-1.5491018,109
SHAPE_10533305,12.4369444,-1.5491405,110
SHAPE_10533305,12.4368549,-1.5491552,111
SHAPE_10533305,12.4363592,-1.5492441,112
SHAPE_10533305,12.4360056,-1.5492992,113
SHAPE_10533305,12.4358042,-1.5493369,114
SHAPE_10533305,12.4355263,-1.549384,115
SHAPE_10533305,12.4352946,-1.5494232,116
SHAPE_10533305,12.4349893,-1.5494773,117
SHAPE_10533305,12.434886,-1.5494948,118
SHAPE_10533305,12.4347236,-1.5495224,119
SHAPE_10533305,12.4341092,-1.5496328,120
SHAPE_10533305,12.4335539,-1.5497302,121
SHAPE_10533305,12.4333197,-1.5497725,122
SHAPE_10533305,12.4328519,-1.5498552,123
SHAPE_10533305,12.4326057,-1.5499024,124
SHAPE_10533305,12.432155,-1.5499763,125
SHAPE_10533305,12.4315436,-1.5500821,126
SHAPE_10533305,12.4310242,-1.5501698,127
SHAPE_10533305,12.4305114,-1.5502571,128
SHAPE_10533305,12.4299833,-1.55035,129
SHAPE_10533305,12.4293368,-1.5504643,130
SHAPE_10533305,12.4287396,-1.5505594,131
SHAPE_10533305,12.4282589,-1.5506427,132
SHAPE_10533305,12.4278364,-1.5507119,133
SHAPE_10533305,12.4275464,-1.5507607,134
SHAPE_10533305,12.4272139,-1.550815,135
SHAPE_10533305,12.4269453,-1.5508626,136
SHAPE_10533305,12.4268633,-1.5508763,137
SHAPE_10533305,12.4264672,-1.5509456,138
SHAPE_10533305,12.4259532,-1.5510355,139
SHAPE_10533305,12.4255546,-1.5511068,140
SHAPE_10533305,12.4249316,-1.5512118,141
SHAPE_10533305,12.4240698,-1.5513641,142
SHAPE_10533305,12.4235272,-1.5514624,143
SHAPE_10533305,12.423352,-1.5514907,144
SHAPE_10533305,12.4219833,-1.5517314,145
SHAPE_10533305,12.4219288,-1.551741,146
SHAPE_10533305,12.4216839,-1.5517873,147
SHAPE_10533305,12.4215932,-1.5518026,148
SHAPE_10533305,12.4211995,-1.5518689,149
SHAPE_10533305,12.4205769,-1.5519707,150
SHAPE_10533305,12.4189038,-1.5522675,151
SHAPE_10533305,12.4188075,-1.552284,152
SHAPE_10533305,12.4181744,-1.5523977,153
SHAPE_10533305,12.4180073,-1.5524272,154
SHAPE_10533305,12.4176734,-1.5524863,155
SHAPE_10533305,12.4174423,-1.552526,156
SHAPE_10533305,12.4170685,-1.5525903,157
SHAPE_10533305,12.4166143,-1.5526696,158
SHAPE_10533305,12.4156498,-1.5528353,159
SHAPE_10533305,12.4141926,-1.5530902,160
SHAPE_10533305,12.4128187,-1.5533314,161
SHAPE_10533305,12.4125132,-1.5533975,162
SHAPE_10533305,12.411415,-1.5535711,163
SHAPE_10533305,12.4103118,-1.5537608,164
SHAPE_10533305,12.4092082,-1.5539672,165
SHAPE_10533305,12.408857,-1.5540442,166
SHAPE_10533305,12.408732,-1.5540709,167
SHAPE_10533305,12.4080557,-1.5542155,168
SHAPE_10533305,12.407841,-1.5542575,169
SHAPE_10533305,12.4077172,-1.5542787,170
SHAPE_10533305,12.4055195,-1.5546545,171
SHAPE_10533305,12.4046272,-1.5548007,172
SHAPE_10533305,12.4039467,-1.5549158,173
SHAPE_10533305,12.4037393,-1.5549519,174
SHAPE_10533305,12.4034623,-1.5550002,175
SHAPE_10533305,12.4032298,-1.5550378,176
SHAPE_10533305,12.4029183,-1.5550882,177
SHAPE_10533305,12.4025557,-1.5551468,178
SHAPE_10533305,12.4022772,-1.5551936,179
SHAPE_10533305,12.401632,-1.5553045,180
SHAPE_10533305,12.4013737,-1.5553493,181
SHAPE_10533305,12.4009299,-1.5554263,182
SHAPE_10533305,12.4006028,-1.5554822,183
SHAPE_10533305,12.3998502,-1.5556164,184
SHAPE_10533305,12.3994334,-1.555689,185
SHAPE_10533305,12.3991623,-1.5557362,186
SHAPE_10533305,12.3990669,-1.5557528,187
SHAPE_10533305,12.3989752,-1.5557673,188
SHAPE_10533305,12.3984108,-1.5558699,189
SHAPE_10533305,12.3973598,-1.5560457,190
SHAPE_10533305,12.3967763,-1.5561332,191
SHAPE_10533305,12.3966356,-1.5561909,192
SHAPE_10533305,12.3965226,-1.5562082,193
SHAPE_10533305,12.3960151,-1.5562977,194
SHAPE_10533305,12.3955293,-1.556391,195
SHAPE_10533305,12.393648,-1.5567326,196
SHAPE_10533305,12.3931604,-1.5568128,197
SHAPE_10533305,12.3910908,-1.5571443,198
SHAPE_10533305,12.3908072,-1.5571937,199
SHAPE_10533305,12.3898861,-1.5573541,200
SHAPE_10533305,12.3894305,-1.5574407,201
SHAPE_10533305,12.3891248,-1.5574987,202
SHAPE_10533305,12.3885753,-1.5575549,203
SHAPE_10533305,12.3872336,-1.5577689,204
SHAPE_10533305,12.3862769,-1.557963,205
SHAPE_10533305,12.3855532,-1.5581219,206
SHAPE_10533305,12.3853377,-1.5581758,207
SHAPE_10533305,12.3851415,-1.5582176,208
SHAPE_10533305,12.3850295,-1.5582216,209
SHAPE_10533305,12.3848712,-1.5581899,210
SHAPE_10533305,12.3846935,-1.5580911,211
SHAPE_10533305,12.3845854,-1.5579883,212
SHAPE_10533305,12.3844,-1.5576324,213
SHAPE_10533305,12.3841566,-1.5571262,214
SHAPE_10533305,12.3839867,-1.5568257,215
SHAPE_10533305,12.3838013,-1.5566399,216
SHAPE_10533305,12.3836478,-1.5565274,217
SHAPE_10533305,12.3834496,-1.5564161,218
SHAPE_10533305,12.3832984,-1.5563451,219
SHAPE_10533305,12.3832819,-1.5563378,220
SHAPE_10533305,12.3829203,-1.556189,221
SHAPE_10533305,12.3826765,-1.5560899,222
SHAPE_10533305,12.3824299,-1.5559904,223
SHAPE_10533305,12.3821243,-1.5558876,224
SHAPE_10533305,12.3819282,-1.5558596,225
SHAPE_10533305,12.3817556,-1.555854,226
SHAPE_10533305,12.3815029,-1.5558426,227
SHAPE_10533305,12.3797924,-1.5562646,228
SHAPE_10533305,12.3791091,-1.556428,229
SHAPE_10533305,12.3778655,-1.5567253,230
SHAPE_10533305,12.3761799,-1.5571343,231
SHAPE_10533305,12.3754416,-1.5573069,232
SHAPE_10533305,12.3750518,-1.5573981,233
SHAPE_10533305,12.3739054,-1.5576684,234
SHAPE_10533305,12.3739362,-1.5575753,235
SHAPE_10533305,12.3740073,-1.5573264,236
SHAPE_10533305,12.3740841,-1.5570182,237
SHAPE_10533305,12.3742612,-1.5562202,238
SHAPE_10533305,12.3745234,-1.5550946,239
SHAPE_10533305,12.3745847,-1.5548182,240
SHAPE_10533305,12.3746976,-1.5543461,241
SHAPE_10533305,12.374787,-1.5539884,242
SHAPE_10533305,12.3750615,-1.5528663,243
SHAPE_10533305,12.3752184,-1.5521826,244
SHAPE_10533305,12.3753402,-1.5516771,245
SHAPE_10533305,12.3754893,-1.5510428,246
SHAPE_10533305,12.3755376,-1.5508358,247
SHAPE_10533305,12.3756037,-1.5505707,248
SHAPE_10533305,12.375635,-1.5504272,249
SHAPE_10533305,12.3757041,-1.5501532,250
SHAPE_10533305,12.3758574,-1.549505,251
SHAPE_10533305,12.3761224,-1.5484031,252
SHAPE_10533305,12.3762983,-1.5476834,253
SHAPE_10533305,12.3763962,-1.5472832,254
SHAPE_10533305,12.3764201,-1.5471879,255
SHAPE_10533305,12.3765429,-1.5466988,256
SHAPE_10533305,12.3765601,-1.5466215,257
SHAPE_10533305,12.3766412,-1.5462346,258
SHAPE_10533305,12.3766682,-1.546126,259
SHAPE_10533305,12.3768102,-1.5455524,260
SHAPE_10533305,12.376834,-1.5454503,261
SHAPE_10533305,12.3768981,-1.545176,262
SHAPE_10533305,12.3769342,-1.5450212,263
SHAPE_10533305,12.3770672,-1.5444417,264
SHAPE_10533305,12.3766909,-1.5438804,265
SHAPE_10533305,12.3766326,-1.5438035,266
SHAPE_10533305,12.3762848,-1.5432871,267
SHAPE_10533305,12.3761123,-1.5430477,268
SHAPE_10533305,12.3759567,-1.5428032,269
SHAPE_10533305,12.3756583,-1.5423694,270
SHAPE_10533305,12.3755963,-1.5422787,271
SHAPE_10533305,12.3754776,-1.5421052,272
SHAPE_10533305,12.3753223,-1.5418887,273
SHAPE_10533305,12.3752501,-1.5417849,274
SHAPE_10533305,12.3748121,-1.5411323,275
SHAPE_10533305,12.3746502,-1.5408945,276
SHAPE_10533305,12.3744911,-1.5406515,277
SHAPE_10533305,12.3743041,-1.5403783,278
SHAPE_10533305,12.3741539,-1.5401609,279
SHAPE_10533305,12.3738455,-1.5397043,280
SHAPE_10533305,12.3736902,-1.5394912,281
SHAPE_10533305,12.3735021,-1.5391977,282
SHAPE_10533305,12.3733449,-1.5389711,283
SHAPE_10533305,12.3730876,-1.5386103,284
SHAPE_10533305,12.3730036,-1.5384776,285
SHAPE_10533305,12.3727986,-1.5381768,286
SHAPE_10533305,12.3727455,-1.5381001,287
SHAPE_10533305,12.3727085,-1.5380377,288
SHAPE_10533305,12.3726391,-1.5379334,289
SHAPE_10533305,12.372572,-1.5378345,290
SHAPE_10533305,12.372424,-1.5376142,291
SHAPE_10533305,12.3722104,-1.5373004,292
SHAPE_10533305,12.3717575,-1.5366359,293
SHAPE_10533305,12.3717208,-1.5365863,294
SHAPE_10533305,12.3716347,-1.5364603,295
SHAPE_10533305,12.3713533,-1.5360533,296
SHAPE_10533305,12.3711807,-1.5358378,297
SHAPE_10533305,12.3709672,-1.5355262,298
SHAPE_10533305,12.3706648,-1.5350849,299
SHAPE_10533305,12.3704872,-1.5348229,300
SHAPE_10533305,12.3701935,-1.5343897,301
SHAPE_10533305,12.3696599,-1.5335888,302
SHAPE_10533305,12.3693838,-1.5331638,303
SHAPE_10533305,12.3693692,-1.5331196,304
SHAPE_10533305,12.3689133,-1.5324802,305
SHAPE_10533305,12.3684812,-1.5318381,306
SHAPE_10533305,12.3684192,-1.5317442,307
SHAPE_10533305,12.3683107,-1.5315857,308
SHAPE_10533305,12.368219,-1.5314505,309
SHAPE_10533305,12.3680504,-1.5312209,310
SHAPE_10533305,12.3679813,-1.5311242,311
SHAPE_10533305,12.3679604,-1.5310986,312
SHAPE_10533305,12.3679043,-1.5310297,313
SHAPE_10533305,12.3678933,-1.5310285,314
SHAPE_10533305,12.3678854,-1.5310266,315
SHAPE_10533305,12.3678777,-1.5310239,316
SHAPE_10533305,12.3678704,-1.5310204,317
SHAPE_10533305,12.3678634,-1.5310161,318
SHAPE_10533305,12.3678569,-1.5310111,319
SHAPE_10533305,12.367851,-1.5310054,320
SHAPE_10533305,12.3678457,-1.5309991,321
SHAPE_10533305,12.3678411,-1.5309923,322
SHAPE_10533305,12.3678372,-1.530985,323
SHAPE_10533305,12.367834,-1.5309773,324
SHAPE_10533305,12.3678317,-1.5309694,325
SHAPE_10533305,12.3678302,-1.5309612,326
SHAPE_10533305,12.3678295,-1.5309529,327
SHAPE_10533305,12.3678297,-1.5309446,328
SHAPE_10533305,12.3678307,-1.5309366,329
SHAPE_10533305,12.3678324,-1.5309287,330
SHAPE_10533305,12.367835,-1.5309211,331
SHAPE_10533305,12.3678383,-1.5309138,332
SHAPE_10533305,12.3678423,-1.5309068,333
SHAPE_10533305,12.367847,-1.5309003,334
SHAPE_10533305,12.3678523,-1.5308943,335
SHAPE_10533305,12.3678581,-1.5308889,336
SHAPE_10533305,12.3678895,-1.5308413,337
SHAPE_10533305,12.3679083,-1.5308013,338
SHAPE_10533305,12.3680275,-1.530145,339
SHAPE_10533305,12.3680486,-1.5300585,340
SHAPE_10533305,12.3680698,-1.5299782,341
SHAPE_10533305,12.3681239,-1.5298012,342
SHAPE_10533305,12.3681608,-1.5295734,343
SHAPE_10533305,12.368202,-1.5293647,344
SHAPE_10533305,12.3682233,-1.529104,345
SHAPE_10533305,12.3682466,-1.529008,346
SHAPE_10533305,12.368344,-1.5285755,347
SHAPE_10533305,12.3683843,-1.5283517,348
SHAPE_10533305,12.3684018,-1.5281631,349
SHAPE_10533305,12.3684146,-1.5279768,350
SHAPE_10533305,12.3684334,-1.5278426,351
SHAPE_10533305,12.3684688,-1.5275938,352
SHAPE_10533305,12.3684574,-1.5275732,353
SHAPE_10533305,12.368452,-1.5275412,354
SHAPE_10533305,12.3684622,-1.5274988,355
SHAPE_10533305,12.3684857,-1.5274657,356
SHAPE_10533305,12.3684984,-1.5274602,357
SHAPE_10533305,12.3685131,-1.5274528,358
SHAPE_10533305,12.3685295,-1.5274485,359
SHAPE_10533305,12.3685601,-1.5274498,360
SHAPE_10533305,12.3685948,-1.5274644,361
SHAPE_10533305,12.3686127,-1.5274777,362
SHAPE_10533305,12.3688008,-1.5274583,363
SHAPE_10533305,12.3689527,-1.5274364,364
SHAPE_10533305,12.3690599,-1.5274104,365
SHAPE_10533305,12.369149,-1.5273804,366
SHAPE_10533305,12.3692716,-1.52725,367
SHAPE_10533305,12.369486,-1.5270217,368
SHAPE_10533305,12.3695802,-1.5268972,369
SHAPE_10533305,12.3697207,-1.5266933,370
SHAPE_10533305,12.3698695,-1.5264519,371
SHAPE_10533305,12.3699581,-1.5262699,372
SHAPE_10533305,12.3699947,-1.5261287,373
SHAPE_10533305,12.3701272,-1.5255287,374
SHAPE_10533305,12.3702691,-1.5248774,375
SHAPE_10533305,12.3703483,-1.5245194,376
SHAPE_10533305,12.3705053,-1.5238732,377
SHAPE_10533305,12.3706235,-1.5232815,378
SHAPE_10533305,12.3706903,-1.5229587,379
SHAPE_10533305,12.3707516,-1.5226996,380
SHAPE_10533305,12.3707663,-1.5225982,381
SHAPE_10533305,12.3707846,-1.5225064,382
SHAPE_10533305,12.3709175,-1.5218686,383
SHAPE_10533305,12.3710059,-1.5214663,384
SHAPE_10533305,12.3711402,-1.5208406,385
SHAPE_10533305,12.3711755,-1.5206,386
SHAPE_10533305,12.3712236,-1.5203341,387
SHAPE_10533305,12.3712487,-1.5201386,388
SHAPE_10533305,12.3712779,-1.5199837,389
SHAPE_10533305,12.3712976,-1.5198667,390
SHAPE_10533305,12.3713197,-1.5197711,391
SHAPE_10533305,12.3713381,-1.5196966,392
SHAPE_10533305,12.3713338,-1.5196918,393
SHAPE_10533305,12.3713285,-1.5196847,394
SHAPE_10533305,12.3713167,-1.5196625,395
SHAPE_10533305,12.3713123,-1.5196364,396
SHAPE_10533305,12.3713112,-1.5196107,397
SHAPE_10533305,12.3713162,-1.5195855,398
SHAPE_10533305,12.3713269,-1.5195622,399
SHAPE_10533305,12.3713427,-1.5195423,400
SHAPE_10533305,12.3713548,-1.5195321,401
SHAPE_10533305,12.3714095,-1.5194332,402
SHAPE_10533305,12.3714317,-1.5193574,403
SHAPE_10533305,12.3714527,-1.5192622,404
SHAPE_10533305,12.3715084,-1.519012,405
SHAPE_10533305,12.3715346,-1.5189188,406
SHAPE_10533305,12.3716175,-1.5185628,407
SHAPE_10533305,12.3716604,-1.5183273,408
SHAPE_10533305,12.3717861,-1.5178191,409
SHAPE_10533305,12.3719138,-1.517219,410
SHAPE_10533305,12.3721404,-1.5161984,411
SHAPE_10533305,12.3722688,-1.5156003,412
SHAPE_10533305,12.3723238,-1.5153482,413
SHAPE_10533305,12.3723867,-1.5150571,414
SHAPE_10533305,12.3724947,-1.5144967,415
SHAPE_10533305,12.372624,-1.5139355,416
SHAPE_10533305,12.372734,-1.5133637,417
SHAPE_10533305,12.3728507,-1.5128359,418
SHAPE_10533305,12.3728967,-1.5128344,419
SHAPE_10533305,12.374166,-1.5131142,420
SHAPE_10533305,12.3746653,-1.5132433,421
SHAPE_10533305,12.3752702,-1.5133827,422
SHAPE_10533305,12.3756718,-1.5134733,423
SHAPE_10533408,12.3726455,-1.5267135,1
SHAPE_10533408,12.3722795,-1.5267128,2
SHAPE_10533408,12.3721258,-1.5266927,3
SHAPE_10533408,12.3718285,-1.5266364,4
SHAPE_10533408,12.3707551,-1.526342,5
SHAPE_10533408,12.3703274,-1.526222,6
SHAPE_10533408,12.3699947,-1.5261287,7
SHAPE_10533408,12.3699581,-1.5262699,8
SHAPE_10533408,12.3698695,-1.5264519,9
SHAPE_10533408,12.3697207,-1.5266933,10
SHAPE_10533408,12.3695802,-1.5268972,11
SHAPE_10533408,12.369486,-1.5270217,12
SHAPE_10533408,12.3692716,-1.52725,13
SHAPE_10533408,12.369149,-1.5273804,14
SHAPE_10533408,12.369079,-1.527451,15
SHAPE_10533408,12.3689821,-1.5275107,16
SHAPE_10533408,12.3688979,-1.5275479,17
SHAPE_10533408,12.3688224,-1.5275767,18
SHAPE_10533408,12.3687911,-1.5275841,19
SHAPE_10533408,12.3686965,-1.5276636,20
SHAPE_10533408,12.3686182,-1.5277486,21
SHAPE_10533408,12.3685273,-1.5278567,22
SHAPE_10533408,12.3684958,-1.5279861,23
SHAPE_10533408,12.3684472,-1.5281701,24
SHAPE_10533408,12.3683843,-1.5283517,25
SHAPE_10533408,12.368344,-1.5285755,26
SHAPE_10533408,12.3682466,-1.529008,27
SHAPE_10533408,12.3682233,-1.529104,28
SHAPE_10533408,12.368202,-1.5293647,29
SHAPE_10533408,12.3681608,-1.5295734,30
SHAPE_10533408,12.3681239,-1.5298012,31
SHAPE_10533408,12.3681231,-1.5299838,32
SHAPE_10533408,12.3680928,-1.5301669,33
SHAPE_10533408,12.3679886,-1.5308036,34
SHAPE_10533408,12.3679821,-1.5308466,35
SHAPE_10533408,12.3679715,-1.5309069,36
SHAPE_10533408,12.3678933,-1.5310285,37
SHAPE_10533408,12.3678854,-1.5310266,38
SHAPE_10533408,12.3678777,-1.5310239,39
SHAPE_10533408,12.3678704,-1.5310204,40
SHAPE_10533408,12.3678634,-1.5310161,41
SHAPE_10533408,12.3678569,-1.5310111,42
SHAPE_10533408,12.367851,-1.5310054,43
SHAPE_10533408,12.3678457,-1.5309991,44
SHAPE_10533408,12.3678411,-1.5309923,45
SHAPE_10533408,12.3678372,-1.530985,46
SHAPE_10533408,12.367834,-1.5309773,47
SHAPE_10533408,12.3678317,-1.5309694,48
SHAPE_10533408,12.3678302,-1.5309612,49
SHAPE_10533408,12.3678295,-1.5309529,50
SHAPE_10533408,12.3678297,-1.5309446,51
SHAPE_10533408,12.3678933,-1.5310285,52
SHAPE_10533408,12.3679043,-1.5310297,53
SHAPE_10533408,12.3679128,-1.5310295,54
SHAPE_10533408,12.3679213,-1.5310283,55
SHAPE_10533408,12.3679296,-1.5310262,56
SHAPE_10533408,12.3679376,-1.5310232,57
SHAPE_10533408,12.3679453,-1.5310193,58
SHAPE_10533408,12.3679525,-1.5310145,59
SHAPE_10533408,12.3679591,-1.531009,60
SHAPE_10533408,12.3679651,-1.5310027,61
SHAPE_10533408,12.3679703,-1.5309958,62
SHAPE_10533408,12.3679748,-1.5309883,63
SHAPE_10533408,12.3679785,-1.5309804,64
SHAPE_10533408,12.3679813,-1.5309721,65
SHAPE_10533408,12.3679832,-1.5309636,66
SHAPE_10533408,12.3679841,-1.5309549,67
SHAPE_10533408,12.3679841,-1.5309465,68
SHAPE_10533408,12.3679833,-1.5309381,69
SHAPE_10533408,12.3679816,-1.5309299,70
SHAPE_10533408,12.367979,-1.5309219,71
SHAPE_10533408,12.3679756,-1.5309142,72
SHAPE_10533408,12.3679715,-1.5309069,73
SHAPE_10533408,12.3679659,-1.5308994,74
SHAPE_10533408,12.3679596,-1.5308925,75
SHAPE_10533408,12.3679525,-1.5308865,76
SHAPE_10533408,12.3679447,-1.5308814,77
SHAPE_10533408,12.3679364,-1.5308773,78
SHAPE_10533408,12.3679277,-1.5308742,79
SHAPE_10533408,12.3679187,-1.5308722,80
SHAPE_10533408,12.3679095,-1.5308713,81
SHAPE_10533408,12.3679003,-1.5308716,82
SHAPE_10533408,12.3678912,-1.5308729,83
SHAPE_10533408,12.3678823,-1.5308754,84
SHAPE_10533408,12.3678737,-1.5308789,85
SHAPE_10533408,12.3678656,-1.5308835,86
SHAPE_10533408,12.3678581,-1.5308889,87
SHAPE_10533408,12.3678523,-1.5308943,88
SHAPE_10533408,12.367847,-1.5309003,89
SHAPE_10533408,12.3678423,-1.5309068,90
SHAPE_10533408,12.3678383,-1.5309138,91
SHAPE_10533408,12.367835,-1.5309211,92
SHAPE_10533408,12.3678324,-1.5309287,93
SHAPE_10533408,12.3678307,-1.5309366,94
SHAPE_10533408,12.3678297,-1.5309446,95
SHAPE_10533408,12.3679841,-1.5309549,96
SHAPE_10533408,12.3680356,-1.5310532,97
SHAPE_10533408,12.3680708,-1.5311205,98
SHAPE_10533408,12.368219,-1.5314505,99
SHAPE_10533408,12.3683107,-1.5315857,100
SHAPE_10533408,12.3684192,-1.5317442,101
SHAPE_10533408,12.3684812,-1.5318381,102
SHAPE_10533408,12.3689133,-1.5324802,103
SHAPE_10533408,12.3693692,-1.5331196,104
SHAPE_10533408,12.3693838,-1.5331638,105
SHAPE_10533408,12.3696599,-1.5335888,106
SHAPE_10533408,12.3701935,-1.5343897,107
SHAPE_10533408,12.3704872,-1.5348229,108
SHAPE_10533408,12.3706648,-1.5350849,109
SHAPE_10533408,12.3709672,-1.5355262,110
SHAPE_10533408,12.3711807,-1.5358378,111
SHAPE_10533408,12.3713533,-1.5360533,112
SHAPE_10533408,12.3716347,-1.5364603,113
SHAPE_10533408,12.3717208,-1.5365863,114
SHAPE_10533408,12.3717575,-1.5366359,115
SHAPE_10533408,12.3722104,-1.5373004,116
SHAPE_10533408,12.372424,-1.5376142,117
SHAPE_10533408,12.372572,-1.5378345,118
SHAPE_10533408,12.3726391,-1.5379334,119
SHAPE_10533408,12.3727085,-1.5380377,120
SHAPE_10533408,12.3727455,-1.5381001,121
SHAPE_10533408,12.3727986,-1.5381768,122
SHAPE_10533408,12.3730036,-1.5384776,123
SHAPE_10533408,12.3730876,-1.5386103,124
SHAPE_10533408,12.3733449,-1.5389711,125
SHAPE_10533408,12.3735021,-1.5391977,126
SHAPE_10533408,12.3736902,-1.5394912,127
SHAPE_10533408,12.3738455,-1.5397043,128
SHAPE_10533408,12.3741539,-1.5401609,129
SHAPE_10533408,12.3743041,-1.5403783,130
SHAPE_10533408,12.3744911,-1.5406515,131
SHAPE_10533408,12.3746502,-1.5408945,132
SHAPE_10533408,12.3748121,-1.5411323,133
SHAPE_10533408,12.3752501,-1.5417849,134
SHAPE_10533408,12.3753223,-1.5418887,135
SHAPE_10533408,12.3754776,-1.5421052,136
SHAPE_10533408,12.3755963,-1.5422787,137
SHAPE_10533408,12.3756583,-1.5423694,138
SHAPE_10533408,12.3759567,-1.5428032,139
SHAPE_10533408,12.3761123,-1.5430477,140
SHAPE_10533408,12.3762848,-1.5432871,141
SHAPE_10533408,12.3766326,-1.5438035,142
SHAPE_10533408,12.3766909,-1.5438804,143
SHAPE_10533408,12.3770672,-1.5444417,144
SHAPE_10533408,12.3771151,-1.5445068,145
SHAPE_10533408,12.3775972,-1.545225,146
SHAPE_10533408,12.3777125,-1.5453455,147
SHAPE_10533408,12.3778773,-1.5456268,148
SHAPE_10533408,12.3780709,-1.5459123,149
SHAPE_10533408,12.3781618,-1.5460611,150
SHAPE_10533408,12.3784396,-1.5464358,151
SHAPE_10533408,12.3785061,-1.5464886,152
SHAPE_10533408,12.3785501,-1.5465342,153
SHAPE_10533408,12.3786179,-1.546641,154
SHAPE_10533408,12.3786655,-1.5467079,155
SHAPE_10533408,12.378813,-1.5469252,156
SHAPE_10533408,12.3788359,-1.5469833,157
SHAPE_10533408,12.3791375,-1.5474214,158
SHAPE_10533408,12.3794574,-1.5478799,159
SHAPE_10533408,12.3796837,-1.5481952,160
SHAPE_10533408,12.3799207,-1.5485198,161
SHAPE_10533408,12.3799473,-1.5485745,162
SHAPE_10533408,12.3806819,-1.549597,163
SHAPE_10533408,12.3812133,-1.5503213,164
SHAPE_10533408,12.3816499,-1.5508788,165
SHAPE_10533408,12.3820969,-1.5514474,166
SHAPE_10533408,12.3821723,-1.5515584,167
SHAPE_10533408,12.3823153,-1.5517401,168
SHAPE_10533408,12.3827891,-1.5523577,169
SHAPE_10533408,12.382997,-1.5526337,170
SHAPE_10533408,12.3832914,-1.5529775,171
SHAPE_10533408,12.3835761,-1.5532594,172
SHAPE_10533408,12.3838954,-1.5535938,173
SHAPE_10533408,12.3842626,-1.5540409,174
SHAPE_10533408,12.3844166,-1.5542056,175
SHAPE_10533408,12.3845424,-1.5543606,176
SHAPE_10533408,12.3846766,-1.554546,177
SHAPE_10533408,12.3848405,-1.5548235,178
SHAPE_10533408,12.3849676,-1.555055,179
SHAPE_10533408,12.3850824,-1.5553017,180
SHAPE_10533408,12.385171,-1.5555587,181
SHAPE_10533408,12.3852831,-1.5559054,182
SHAPE_10533408,12.3853743,-1.5562565,183
SHAPE_10533408,12.3855725,-1.5571146,184
SHAPE_10533408,12.3857673,-1.5575468,185
SHAPE_10533408,12.385859,-1.5577128,186
SHAPE_10533408,12.3859417,-1.5578163,187
SHAPE_10533408,12.3860213,-1.5578643,188
SHAPE_10533408,12.3861324,-1.5578816,189
SHAPE_10533408,12.3871271,-1.5576854,190
SHAPE_10533408,12.3875048,-1.5575854,191
SHAPE_10533408,12.3881117,-1.5574826,192
SHAPE_10533408,12.3881709,-1.5574736,193
SHAPE_10533408,12.3885594,-1.5574143,194
SHAPE_10533408,12.3887398,-1.5574268,195
SHAPE_10533408,12.3889984,-1.5573978,196
SHAPE_10533408,12.3891162,-1.5574086,197
SHAPE_10533408,12.3893794,-1.5573731,198
SHAPE_10533408,12.3900019,-1.5572668,199
SHAPE_10533408,12.3905961,-1.5571638,200
SHAPE_10533408,12.3907965,-1.5571311,201
SHAPE_10533408,12.3910815,-1.5570824,202
SHAPE_10533408,12.3932058,-1.5567576,203
SHAPE_10533408,12.39369,-1.5566752,204
SHAPE_10533408,12.3955135,-1.5563409,205
SHAPE_10533408,12.3960098,-1.5562477,206
SHAPE_10533408,12.3965136,-1.556153,207
SHAPE_10533408,12.3966252,-1.5561364,208
SHAPE_10533408,12.3966356,-1.5561909,209
SHAPE_10533408,12.3967959,-1.5570298,210
SHAPE_10533408,12.3968118,-1.5572152,211
SHAPE_10533408,12.3970686,-1.5587595,212
SHAPE_10533408,12.3970852,-1.5588571,213
SHAPE_10533408,12.3970684,-1.5589254,214
SHAPE_10533408,12.3970276,-1.5589933,215
SHAPE_10533408,12.3954121,-1.560878,216
SHAPE_10533408,12.3957706,-1.5611947,217
SHAPE_10533408,12.3961599,-1.561544,218
SHAPE_10533408,12.3966326,-1.5619566,219
SHAPE_10533408,12.3967613,-1.5620699,220
SHAPE_10533408,12.3972986,-1.5625407,221
SHAPE_10533408,12.3978733,-1.5630561,222
SHAPE_10533408,12.3982448,-1.563382,223
SHAPE_10533408,12.3985976,-1.5636939,224
SHAPE_10533408,12.3989523,-1.5640075,225
SHAPE_10533408,12.3993292,-1.5643407,226
SHAPE_10533408,12.3996968,-1.5646657,227
SHAPE_10533408,12.3997505,-1.5647103,228
SHAPE_10533408,12.399816,-1.564769,229
SHAPE_10533408,12.3998373,-1.5647875,230
SHAPE_10533408,12.4000445,-1.5649671,231
SHAPE_10533408,12.4003984,-1.5652859,232
SHAPE_10533408,12.4008042,-1.565653,233
SHAPE_10533408,12.4009362,-1.5656133,234
SHAPE_10533408,12.4009868,-1.5655706,235
SHAPE_10533408,12.4010706,-1.5654536,236
SHAPE_10533408,12.4010877,-1.565417,237
SHAPE_10533408,12.4011088,-1.5653828,238
SHAPE_10533408,12.4011337,-1.5653513,239
SHAPE_10533408,12.401162,-1.5653231,240
SHAPE_10533408,12.4011934,-1.5652984,241
SHAPE_10533408,12.4012273,-1.5652776,242
SHAPE_10533408,12.4012634,-1.5652611,243
SHAPE_10533408,12.4013012,-1.565249,244
SHAPE_10533408,12.4013401,-1.5652416,245
SHAPE_10533408,12.4013795,-1.5652388,246
SHAPE_10533408,12.401419,-1.5652408,247
SHAPE_10533408,12.4014631,-1.5652488,248
SHAPE_10533408,12.4015058,-1.5652627,249
SHAPE_10533408,12.4015462,-1.5652822,250
SHAPE_10533408,12.4015838,-1.5653071,251
SHAPE_10533408,12.4016179,-1.5653369,252
SHAPE_10533408,12.4016478,-1.565371,253
SHAPE_10533408,12.401673,-1.5654088,254
SHAPE_10533408,12.4016931,-1.5654498,255
SHAPE_10533408,12.4017073,-1.5654917,256
SHAPE_10533408,12.4017162,-1.5655352,257
SHAPE_10533408,12.4017195,-1.5655795,258
SHAPE_10533408,12.4017173,-1.5656238,259
SHAPE_10533408,12.4017095,-1.5656675,260
SHAPE_10533408,12.4016963,-1.5657098,261
SHAPE_10533408,12.4016779,-1.56575,262
SHAPE_10533408,12.4016568,-1.5657842,263
SHAPE_10533408,12.401632,-1.5658158,264
SHAPE_10533408,12.4016037,-1.5658441,265
SHAPE_10533408,12.4015724,-1.5658688,266
SHAPE_10533408,12.4015385,-1.5658896,267
SHAPE_10533408,12.401523,-1.5659783,268
SHAPE_10533408,12.4015073,-1.56604,269
SHAPE_10533408,12.401496,-1.5661023,270
SHAPE_10533408,12.4015033,-1.5662566,271
SHAPE_10533408,12.4016129,-1.5669029,272
SHAPE_10533408,12.4016785,-1.567298,273
SHAPE_10533408,12.4017904,-1.5679713,274
SHAPE_10533408,12.4018818,-1.5685219,275
SHAPE_10533408,12.4021777,-1.5702936,276
SHAPE_10533408,12.4024704,-1.5720449,277
SHAPE_10533408,12.4027598,-1.5738118,278
SHAPE_10533408,12.4028058,-1.5741028,279
SHAPE_10533408,12.4028818,-1.5745829,280
SHAPE_10533408,12.4030374,-1.5755668,281
SHAPE_10533408,12.4030563,-1.5756841,282
SHAPE_10533408,12.4033253,-1.5773514,283
SHAPE_10533408,12.4033768,-1.5776581,284
SHAPE_10533408,12.4034868,-1.5783125,285
SHAPE_10533408,12.4034918,-1.5784107,286
SHAPE_10533408,12.4034842,-1.5784951,287
SHAPE_10533408,12.4034458,-1.5785651,288
SHAPE_10533408,12.403389,-1.5786337,289
SHAPE_10533408,12.4031616,-1.5789086,290
SHAPE_10533408,12.4028573,-1.5792437,291
SHAPE_10533408,12.402791,-1.5793356,292
SHAPE_10533408,12.4026797,-1.5794711,293
SHAPE_10533408,12.4023854,-1.5798035,294
SHAPE_10533408,12.4022671,-1.5799512,295
SHAPE_10533408,12.4021123,-1.5801382,296
SHAPE_10533408,12.4019907,-1.5802851,297
SHAPE_10533408,12.4018938,-1.5803991,298
SHAPE_10533408,12.4018598,-1.5804403,299
SHAPE_10533408,12.4015736,-1.5807869,300
SHAPE_10533408,12.4013292,-1.581063,301
SHAPE_10533408,12.4012716,-1.5811273,302
SHAPE_10533408,12.4012166,-1.5811917,303
SHAPE_10533408,12.4011446,-1.5812601,304
SHAPE_10533408,12.4010673,-1.5813124,305
SHAPE_10533408,12.4009638,-1.5813701,306
SHAPE_10533408,12.4008158,-1.581421,307
SHAPE_10533408,12.4007149,-1.5814412,308
SHAPE_10533408,12.4006049,-1.5814626,309
SHAPE_10533408,12.40025,-1.5815243,310
SHAPE_10533408,12.4001439,-1.5815417,311
SHAPE_10533408,12.3996671,-1.5816249,312
SHAPE_10533408,12.3991903,-1.5817054,313
SHAPE_10533408,12.3987306,-1.5817872,314
SHAPE_10533408,12.3982603,-1.581869,315
SHAPE_10533408,12.3977875,-1.5819468,316
SHAPE_10533408,12.3973277,-1.5820266,317
SHAPE_10533408,12.3968601,-1.582101,318
SHAPE_10533408,12.3963912,-1.5821868,319
SHAPE_10533408,12.3959615,-1.5822631,320
SHAPE_10533408,12.3959459,-1.5822659,321
SHAPE_10533408,12.3955864,-1.5823247,322
SHAPE_10533408,12.3954671,-1.5823437,323
SHAPE_10533408,12.3946186,-1.5824866,324
SHAPE_10533408,12.3937152,-1.5826388,325
SHAPE_10533408,12.3932607,-1.5827179,326
SHAPE_10533408,12.392797,-1.5827957,327
SHAPE_10533408,12.3923189,-1.5828773,328
SHAPE_10533408,12.3921902,-1.5829014,329
SHAPE_10533408,12.3921106,-1.5829164,330
SHAPE_10533408,12.3919768,-1.5829383,331
SHAPE_10533408,12.3918644,-1.5829566,332
SHAPE_10533408,12.3913954,-1.5830398,333
SHAPE_10533408,12.3910915,-1.5831001,334
SHAPE_10533408,12.3906331,-1.5831792,335
SHAPE_10533408,12.3901681,-1.5832577,336
SHAPE_10533408,12.3902015,-1.5849233,337
SHAPE_10533408,12.3902146,-1.5854973,338
SHAPE_10533408,12.3902198,-1.5860023,339
SHAPE_10533408,12.3902185,-1.5862638,340
SHAPE_10533408,12.3902146,-1.5864898,341
SHAPE_10533408,12.3902087,-1.586709,342
SHAPE_10533408,12.3901989,-1.5869015,343
SHAPE_10533408,12.390159,-1.587407,344
SHAPE_10533408,12.3901353,-1.5881614,345
SHAPE_10533408,12.3901298,-1.5883821,346
SHAPE_10533408,12.3901255,-1.5886791,347
SHAPE_10533408,12.3901288,-1.5890734,348
SHAPE_10533408,12.3901314,-1.5894422,349
SHAPE_10533408,12.3901321,-1.5900008,350
SHAPE_10533408,12.3901342,-1.5905443,351
SHAPE_10533408,12.3901425,-1.590932,352
SHAPE_10533408,12.3901419,-1.5911595,353
SHAPE_10533408,12.3901256,-1.5912701,354
SHAPE_10533408,12.3901237,-1.5916412,355
SHAPE_10533408,12.3901246,-1.5917312,356
SHAPE_10533408,12.3901243,-1.5920458,357
SHAPE_10533408,12.3901431,-1.592685,358
SHAPE_10533408,12.3901502,-1.593043,359
SHAPE_10533408,12.3901491,-1.5934172,360
SHAPE_10533408,12.3901572,-1.5935304,361
SHAPE_10533408,12.3901656,-1.5941736,362
SHAPE_10533408,12.3901684,-1.59467,363
SHAPE_10533408,12.390175,-1.595382,364
SHAPE_10533408,12.3901783,-1.5955575,365
SHAPE_10533408,12.3901904,-1.5958621,366
SHAPE_10533408,12.3902157,-1.5967062,367
SHAPE_10533408,12.3902109,-1.5968433,368
SHAPE_10533408,12.3902165,-1.5971374,369
SHAPE_10533408,12.3902292,-1.5974853,370
SHAPE_10533408,12.3902396,-1.5976874,371
SHAPE_10533408,12.3902486,-1.5978222,372
SHAPE_10533408,12.3902785,-1.5979696,373
SHAPE_10533408,12.3903115,-1.5983046,374
SHAPE_10533408,12.3903337,-1.5984695,375
SHAPE_10533408,12.3903573,-1.5986291,376
SHAPE_10533408,12.3904231,-1.5989304,377
SHAPE_10533408,12.3904805,-1.5991642,378
SHAPE_10533408,12.3905525,-1.599399,379
SHAPE_10533408,12.3906337,-1.5996537,380
SHAPE_10533408,12.3907817,-1.6000628,381
SHAPE_10533408,12.3908616,-1.6002833,382
SHAPE_10533408,12.3909253,-1.6004294,383
SHAPE_10533408,12.3909854,-1.6005499,384
SHAPE_10533408,12.3909959,-1.6005707,385
SHAPE_10533408,12.3910378,-1.6006448,386
SHAPE_10533408,12.3912192,-1.6009326,387
SHAPE_10533408,12.3914369,-1.6013547,388
SHAPE_10533408,12.3914597,-1.6014002,389
SHAPE_10533408,12.3916054,-1.601636,390
SHAPE_10533408,12.3917521,-1.6018774,391
SHAPE_10533408,12.3919766,-1.6022613,392
SHAPE_10533408,12.3923462,-1.6028787,393
SHAPE_10533408,12.3926181,-1.6033445,394
SHAPE_10533408,12.3929049,-1.6038312,395
SHAPE_10533408,12.3929558,-1.6039157,396
SHAPE_10533408,12.3933319,-1.6045368,397
SHAPE_10533408,12.39348,-1.6047802,398
SHAPE_10533408,12.3935286,-1.6048688,399
SHAPE_10533408,12.3936344,-1.605037,400
SHAPE_10533408,12.3938259,-1.6053716,401
SHAPE_10533408,12.3940077,-1.6056833,402
SHAPE_10533408,12.394097,-1.6058226,403
SHAPE_10533408,12.394309,-1.6062092,404
SHAPE_10533408,12.3944225,-1.6064058,405
SHAPE_10533408,12.3945015,-1.6065377,406
SHAPE_10533408,12.3946141,-1.6067185,407
SHAPE_10533408,12.3947082,-1.6068708,408
SHAPE_10533408,12.3947559,-1.6069496,409
SHAPE_10533408,12.3948329,-1.6070769,410
SHAPE_10533408,12.3948906,-1.6071747,411
SHAPE_10533408,12.3949667,-1.6072997,412
SHAPE_10533408,12.3950425,-1.6074295,413
SHAPE_10533408,12.3952115,-1.6077166,414
SHAPE_10533408,12.3954604,-1.608143,415
SHAPE_10533408,12.3955765,-1.6083444,416
SHAPE_10533408,12.395605,-1.6083915,417
SHAPE_10533408,12.3958691,-1.6088404,418
SHAPE_10533408,12.3961638,-1.6093352,419
SHAPE_10533408,12.3962777,-1.6095293,420
SHAPE_10533408,12.3964309,-1.609794,421
SHAPE_10533408,12.3965406,-1.6099828,422
SHAPE_10533408,12.3965948,-1.61007,423
SHAPE_10533408,12.3969136,-1.6106046,424
SHAPE_10533408,12.3970728,-1.6108735,425
SHAPE_10533408,12.3973636,-1.6113576,426
SHAPE_10533408,12.3975495,-1.6116728,427
SHAPE_10533408,12.397841,-1.6121482,428
SHAPE_10533408,12.3981097,-1.6126114,429
SHAPE_10533408,12.3983459,-1.6130099,430
SHAPE_10533408,12.3986406,-1.6135485,431
SHAPE_10533408,12.3986684,-1.6136099,432
SHAPE_10533408,12.3989496,-1.6140841,433
SHAPE_10533408,12.3989655,-1.6141109,434
SHAPE_10533408,12.3994344,-1.6149183,435
SHAPE_10533408,12.3998102,-1.6155599,436
SHAPE_10533408,12.3999649,-1.615837,437
SHAPE_10533408,12.4000337,-1.6159589,438
SHAPE_10533408,12.4001718,-1.6162044,439
SHAPE_10533408,12.4002727,-1.6163894,440
SHAPE_10533408,12.4004249,-1.6166705,441
SHAPE_10533408,12.4008058,-1.6173631,442
SHAPE_10533408,12.4008784,-1.617497,443
SHAPE_10533408,12.4009859,-1.6176951,444
SHAPE_10533408,12.4011498,-1.617997,445
SHAPE_10533408,12.40131,-1.6182979,446
SHAPE_10533408,12.4014812,-1.6186193,447
SHAPE_10533408,12.4016454,-1.6189362,448
SHAPE_10533408,12.401691,-1.6190296,449
SHAPE_10533408,12.4017647,-1.6191513,450
SHAPE_10533408,12.4018532,-1.6193515,451
SHAPE_10533408,12.4019049,-1.6194487,452
SHAPE_10533408,12.4022374,-1.6200359,453
SHAPE_10533408,12.4024601,-1.6204651,454
SHAPE_10533408,12.4030376,-1.6215514,455
SHAPE_10533408,12.4033122,-1.6220887,456
SHAPE_10533408,12.403459,-1.6223583,457
SHAPE_10533408,12.4036528,-1.6227177,458
SHAPE_10533408,12.4039087,-1.6231781,459
SHAPE_10533408,12.4041008,-1.6235599,460
SHAPE_10533408,12.4042956,-1.6239249,461
SHAPE_10533408,12.404313,-1.6239857,462
SHAPE_10533408,12.4043915,-1.6241045,463
SHAPE_10533408,12.4045859,-1.6244791,464
SHAPE_10533408,12.4047609,-1.6248085,465
SHAPE_10533408,12.4049398,-1.6251591,466
SHAPE_10533408,12.4053831,-1.6259913,467
SHAPE_10533408,12.4054997,-1.6262073,468
SHAPE_10533408,12.4056913,-1.6265684,469
SHAPE_10533408,12.405808,-1.626779,470
SHAPE_10533408,12.4059285,-1.626995,471
SHAPE_10533408,12.4060633,-1.6272189,472
SHAPE_10533408,12.4061916,-1.6274254,473
SHAPE_10533408,12.4062926,-1.6275743,474
SHAPE_10533408,12.4065203,-1.6279444,475
SHAPE_10533408,12.4066507,-1.6281209,476
SHAPE_10533408,12.4067705,-1.6282885,477
SHAPE_10533408,12.4068977,-1.6284554,478
SHAPE_10533408,12.4070954,-1.6287089,479
SHAPE_10533408,12.4073181,-1.6289757,480
SHAPE_10533408,12.4074975,-1.6291862,481
SHAPE_10533408,12.4076508,-1.6293513,482
SHAPE_10533408,12.4078026,-1.6295136,483
SHAPE_10533408,12.4080096,-1.6297281,484
SHAPE_10533408,12.408231,-1.6299507,485
SHAPE_10533408,12.408396,-1.6301184,486
SHAPE_10533408,12.4086567,-1.6303639,487
SHAPE_10533408,12.4089684,-1.6306669,488
SHAPE_10533408,12.4093428,-1.6310189,489
SHAPE_10533408,12.4095525,-1.6312234,490
SHAPE_10533408,12.4095886,-1.631257,491
SHAPE_10533408,12.4097866,-1.6314416,492
SHAPE_10533408,12.4099992,-1.6316445,493
SHAPE_10533408,12.4102766,-1.6319121,494
SHAPE_10533408,12.4107,-1.6323205,495
SHAPE_10533408,12.4111317,-1.6327437,496
SHAPE_10533408,12.4114897,-1.6330875,497
SHAPE_10533408,12.412011,-1.6335971,498
SHAPE_10533408,12.4126148,-1.6341631,499
SHAPE_10533408,12.4127549,-1.6342965,500
SHAPE_10533408,12.4132173,-1.6347492,501
SHAPE_10533408,12.4132858,-1.6348154,502
SHAPE_10533408,12.4138709,-1.6353742,503
SHAPE_10533408,12.4141125,-1.6356073,504
SHAPE_10533408,12.4142992,-1.6357875,505
SHAPE_10533408,12.4145283,-1.6360085,506
SHAPE_10533408,12.4146778,-1.636149,507
SHAPE_10533408,12.4153482,-1.636789,508
SHAPE_10533408,12.4157558,-1.6371835,509
SHAPE_10533408,12.4159013,-1.6373034,510
SHAPE_10533408,12.4159704,-1.6373912,511
SHAPE_10533408,12.4163411,-1.6377453,512
SHAPE_10533408,12.4165127,-1.6379141,513
SHAPE_10533408,12.4163809,-1.6383955,514
SHAPE_10533408,12.4163597,-1.6384727,515
SHAPE_10533475,12.4165127,-1.6379141,1
SHAPE_10533475,12.4163809,-1.6383955,2
SHAPE_10533475,12.4163597,-1.6384727,3
SHAPE_10533475,12.4165127,-1.6379141,4
SHAPE_10533475,12.4163411,-1.6377453,5
SHAPE_10533475,12.4159704,-1.6373912,6
SHAPE_10533475,12.4159013,-1.6373034,7
SHAPE_10533475,12.4157558,-1.6371835,8
SHAPE_10533475,12.4153482,-1.636789,9
SHAPE_10533475,12.4146778,-1.636149,10
SHAPE_10533475,12.4145283,-1.6360085,11
SHAPE_10533475,12.4142992,-1.6357875,12
SHAPE_10533475,12.4141125,-1.6356073,13
SHAPE_10533475,12.4138709,-1.6353742,14
SHAPE_10533475,12.4132858,-1.6348154,15
SHAPE_10533475,12.4132173,-1.6347492,16
SHAPE_10533475,12.4127549,-1.6342965,17
SHAPE_10533475,12.4126148,-1.6341631,18
SHAPE_10533475,12.412011,-1.6335971,19
SHAPE_10533475,12.4114897,-1.6330875,20
SHAPE_10533475,12.4111317,-1.6327437,21
SHAPE_10533475,12.4107,-1.6323205,22
SHAPE_10533475,12.4102766,-1.6319121,23
SHAPE_10533475,12.4099992,-1.6316445,24
SHAPE_10533475,12.4097866,-1.6314416,25
SHAPE_10533475,12.4095886,-1.631257,26
SHAPE_10533475,12.4095525,-1.6312234,27
SHAPE_10533475,12.4093428,-1.6310189,28
SHAPE_10533475,12.4089684,-1.6306669,29
SHAPE_10533475,12.4086567,-1.6303639,30
SHAPE_10533475,12.408396,-1.6301184,31
SHAPE_10533475,12.408231,-1.6299507,32
SHAPE_10533475,12.4080096,-1.6297281,33
SHAPE_10533475,12.4078026,-1.6295136,34
SHAPE_10533475,12.4076508,-1.6293513,35
SHAPE_10533475,12.4074975,-1.6291862,36
SHAPE_10533475,12.4073181,-1.6289757,37
SHAPE_10533475,12.4070954,-1.6287089,38
SHAPE_10533475,12.4068977,-1.6284554,39
SHAPE_10533475,12.4067705,-1.6282885,40
SHAPE_10533475,12.4066507,-1.6281209,41
SHAPE_10533475,12.4065203,-1.6279444,42
SHAPE_10533475,12.4062926,-1.6275743,43
SHAPE_10533475,12.4061916,-1.6274254,44
SHAPE_10533475,12.4060633,-1.6272189,45
SHAPE_10533475,12.4059285,-1.626995,46
SHAPE_10533475,12.405808,-1.626779,47
SHAPE_10533475,12.4056913,-1.6265684,48
SHAPE_10533475,12.4054997,-1.6262073,49
SHAPE_10533475,12.4053831,-1.6259913,50
SHAPE_10533475,12.4049398,-1.6251591,51
SHAPE_10533475,12.4047609,-1.6248085,52
SHAPE_10533475,12.4045859,-1.6244791,53
SHAPE_10533475,12.4043915,-1.6241045,54
SHAPE_10533475,12.404313,-1.6239857,55
SHAPE_10533475,12.4042956,-1.6239249,56
SHAPE_10533475,12.4041008,-1.6235599,57
SHAPE_10533475,12.4039087,-1.6231781,58
SHAPE_10533475,12.4036528,-1.6227177,59
SHAPE_10533475,12.403459,-1.6223583,60
SHAPE_10533475,12.4033122,-1.6220887,61
SHAPE_10533475,12.4030376,-1.6215514,62
SHAPE_10533475,12.4024601,-1.6204651,63
SHAPE_10533475,12.4022374,-1.6200359,64
SHAPE_10533475,12.4019049,-1.6194487,65
SHAPE_10533475,12.4018532,-1.6193515,66
SHAPE_10533475,12.4017647,-1.6191513,67
SHAPE_10533475,12.401691,-1.6190296,68
SHAPE_10533475,12.4016454,-1.6189362,69
SHAPE_10533475,12.4014812,-1.6186193,70
SHAPE_10533475,12.40131,-1.6182979,71
SHAPE_10533475,12.4011498,-1.617997,72
SHAPE_10533475,12.4009859,-1.6176951,73
SHAPE_10533475,12.4008784,-1.617497,74
SHAPE_10533475,12.4008058,-1.6173631,75
SHAPE_10533475,12.4004249,-1.6166705,76
SHAPE_10533475,12.4002727,-1.6163894,77
SHAPE_10533475,12.4001718,-1.6162044,78
SHAPE_10533475,12.4000337,-1.6159589,79
SHAPE_10533475,12.3999649,-1.615837,80
SHAPE_10533475,12.3998102,-1.6155599,81
SHAPE_10533475,12.3994344,-1.6149183,82
SHAPE_10533475,12.3989655,-1.6141109,83
SHAPE_10533475,12.3989496,-1.6140841,84
SHAPE_10533475,12.3986684,-1.6136099,85
SHAPE_10533475,12.3986406,-1.6135485,86
SHAPE_10533475,12.3983459,-1.6130099,87
SHAPE_10533475,12.3981097,-1.6126114,88
SHAPE_10533475,12.397841,-1.6121482,89
SHAPE_10533475,12.3975495,-1.6116728,90
SHAPE_10533475,12.3973636,-1.6113576,91
SHAPE_10533475,12.3970728,-1.6108735,92
SHAPE_10533475,12.3969136,-1.6106046,93
SHAPE_10533475,12.3965948,-1.61007,94
SHAPE_10533475,12.3965406,-1.6099828,95
SHAPE_10533475,12.3964309,-1.609794,96
SHAPE_10533475,12.3962777,-1.6095293,97
SHAPE_10533475,12.3961638,-1.6093352,98
SHAPE_10533475,12.3958691,-1.6088404,99
SHAPE_10533475,12.395605,-1.6083915,100
SHAPE_10533475,12.3955765,-1.6083444,101
SHAPE_10533475,12.3954604,-1.608143,102
SHAPE_10533475,12.3952115,-1.6077166,103
SHAPE_10533475,12.3950425,-1.6074295,104
SHAPE_10533475,12.3949667,-1.6072997,105
SHAPE_10533475,12.3948906,-1.6071747,106
SHAPE_10533475,12.3948329,-1.6070769,107
SHAPE_10533475,12.3947559,-1.6069496,108
SHAPE_10533475,12.3947082,-1.6068708,109
SHAPE_10533475,12.3946141,-1.6067185,110
SHAPE_10533475,12.3945015,-1.6065377,111
SHAPE_10533475,12.3944225,-1.6064058,112
SHAPE_10533475,12.394309,-1.6062092,113
SHAPE_10533475,12.394097,-1.6058226,114
SHAPE_10533475,12.3940077,-1.6056833,115
SHAPE_10533475,12.3938259,-1.6053716,116
SHAPE_10533475,12.3936344,-1.605037,117
SHAPE_10533475,12.3935286,-1.6048688,118
SHAPE_10533475,12.39348,-1.6047802,119
SHAPE_10533475,12.3933319,-1.6045368,120
SHAPE_10533475,12.3929558,-1.6039157,121
SHAPE_10533475,12.3929049,-1.6038312,122
SHAPE_10533475,12.3926181,-1.6033445,123
SHAPE_10533475,12.3923462,-1.6028787,124
SHAPE_10533475,12.3919766,-1.6022613,125
SHAPE_10533475,12.3917521,-1.6018774,126
SHAPE_10533475,12.3916054,-1.601636,127
SHAPE_10533475,12.3914597,-1.6014002,128
SHAPE_10533475,12.3914369,-1.6013547,129
SHAPE_10533475,12.3912192,-1.6009326,130
SHAPE_10533475,12.3910378,-1.6006448,131
SHAPE_10533475,12.3909959,-1.6005707,132
SHAPE_10533475,12.3909854,-1.6005499,133
SHAPE_10533475,12.3909253,-1.6004294,134
SHAPE_10533475,12.3908616,-1.6002833,135
SHAPE_10533475,12.3907817,-1.6000628,136
SHAPE_10533475,12.3906337,-1.5996537,137
SHAPE_10533475,12.3905525,-1.599399,138
SHAPE_10533475,12.3904805,-1.5991642,139
SHAPE_10533475,12.3904231,-1.5989304,140
SHAPE_10533475,12.3903573,-1.5986291,141
SHAPE_10533475,12.3903337,-1.5984695,142
SHAPE_10533475,12.3903115,-1.5983046,143
SHAPE_10533475,12.3902785,-1.5979696,144
SHAPE_10533475,12.3902486,-1.5978222,145
SHAPE_10533475,12.3902396,-1.5976874,146
SHAPE_10533475,12.3902292,-1.5974853,147
SHAPE_10533475,12.3902165,-1.5971374,148
SHAPE_10533475,12.3902109,-1.5968433,149
SHAPE_10533475,12.3902157,-1.5967062,150
SHAPE_10533475,12.3901904,-1.5958621,151
SHAPE_10533475,12.3901783,-1.5955575,152
SHAPE_10533475,12.390175,-1.595382,153
SHAPE_10533475,12.3901684,-1.59467,154
SHAPE_10533475,12.3901656,-1.5941736,155
SHAPE_10533475,12.3901572,-1.5935304,156
SHAPE_10533475,12.3901491,-1.5934172,157
SHAPE_10533475,12.3901502,-1.593043,158
SHAPE_10533475,12.3901431,-1.592685,159
SHAPE_10533475,12.3901243,-1.5920458,160
SHAPE_10533475,12.3901246,-1.5917312,161
SHAPE_10533475,12.3901237,-1.5916412,162
SHAPE_10533475,12.3901256,-1.5912701,163
SHAPE_10533475,12.3901171,-1.5911863,164
SHAPE_10533475,12.3900889,-1.5909254,165
SHAPE_10533475,12.3900743,-1.5905575,166
SHAPE_10533475,12.3900679,-1.5900202,167
SHAPE_10533475,12.3900567,-1.5895307,168
SHAPE_10533475,12.3900502,-1.5886697,169
SHAPE_10533475,12.3900554,-1.5883935,170
SHAPE_10533475,12.3900603,-1.588146,171
SHAPE_10533475,12.3900869,-1.5875968,172
SHAPE_10533475,12.390113,-1.5871435,173
SHAPE_10533475,12.3901223,-1.5869122,174
SHAPE_10533475,12.3901301,-1.5867171,175
SHAPE_10533475,12.3901366,-1.5864716,176
SHAPE_10533475,12.3901379,-1.5862302,177
SHAPE_10533475,12.3901392,-1.5859821,178
SHAPE_10533475,12.3901393,-1.5854926,179
SHAPE_10533475,12.3901294,-1.5849254,180
SHAPE_10533475,12.3900862,-1.5832684,181
SHAPE_10533475,12.3901681,-1.5832577,182
SHAPE_10533475,12.4033768,-1.5776581,183
SHAPE_10533475,12.4033253,-1.5773514,184
SHAPE_10533475,12.4030563,-1.5756841,185
SHAPE_10533475,12.4030374,-1.5755668,186
SHAPE_10533475,12.4028818,-1.5745829,187
SHAPE_10533475,12.4028058,-1.5741028,188
SHAPE_10533475,12.4027598,-1.5738118,189
SHAPE_10533475,12.4024704,-1.5720449,190
SHAPE_10533475,12.4021777,-1.5702936,191
SHAPE_10533475,12.4018818,-1.5685219,192
SHAPE_10533475,12.4017904,-1.5679713,193
SHAPE_10533475,12.4016785,-1.567298,194
SHAPE_10533475,12.4016129,-1.5669029,195
SHAPE_10533475,12.4015033,-1.5662566,196
SHAPE_10533475,12.4033768,-1.5776581,197
SHAPE_10533475,12.4034868,-1.5783125,198
SHAPE_10533475,12.4034918,-1.5784107,199
SHAPE_10533475,12.4034842,-1.5784951,200
SHAPE_10533475,12.4034458,-1.5785651,201
SHAPE_10533475,12.403389,-1.5786337,202
SHAPE_10533475,12.4031616,-1.5789086,203
SHAPE_10533475,12.4028573,-1.5792437,204
SHAPE_10533475,12.402791,-1.5793356,205
SHAPE_10533475,12.4026797,-1.5794711,206
SHAPE_10533475,12.4023854,-1.5798035,207
SHAPE_10533475,12.4022671,-1.5799512,208
SHAPE_10533475,12.4021123,-1.5801382,209
SHAPE_10533475,12.4019907,-1.5802851,210
SHAPE_10533475,12.4018938,-1.5803991,211
SHAPE_10533475,12.4018598,-1.5804403,212
SHAPE_10533475,12.4015736,-1.5807869,213
SHAPE_10533475,12.4013292,-1.581063,214
SHAPE_10533475,12.4012716,-1.5811273,215
SHAPE_10533475,12.4012166,-1.5811917,216
SHAPE_10533475,12.4011446,-1.5812601,217
SHAPE_10533475,12.4010673,-1.5813124,218
SHAPE_10533475,12.4009638,-1.5813701,219
SHAPE_10533475,12.4008158,-1.581421,220
SHAPE_10533475,12.4007149,-1.5814412,221
SHAPE_10533475,12.4006049,-1.5814626,222
SHAPE_10533475,12.40025,-1.5815243,223
SHAPE_10533475,12.4001439,-1.5815417,224
SHAPE_10533475,12.3996671,-1.5816249,225
SHAPE_10533475,12.3991903,-1.5817054,226
SHAPE_10533475,12.3987306,-1.5817872,227
SHAPE_10533475,12.3982603,-1.581869,228
SHAPE_10533475,12.3977875,-1.5819468,229
SHAPE_10533475,12.3973277,-1.5820266,230
SHAPE_10533475,12.3968601,-1.582101,231
SHAPE_10533475,12.3963912,-1.5821868,232
SHAPE_10533475,12.3959615,-1.5822631,233
SHAPE_10533475,12.3959459,-1.5822659,234
SHAPE_10533475,12.3955864,-1.5823247,235
SHAPE_10533475,12.3954671,-1.5823437,236
SHAPE_10533475,12.3946186,-1.5824866,237
SHAPE_10533475,12.3937152,-1.5826388,238
SHAPE_10533475,12.3932607,-1.5827179,239
SHAPE_10533475,12.392797,-1.5827957,240
SHAPE_10533475,12.3923189,-1.5828773,241
SHAPE_10533475,12.3921902,-1.5829014,242
SHAPE_10533475,12.3921106,-1.5829164,243
SHAPE_10533475,12.3919768,-1.5829383,244
SHAPE_10533475,12.3918644,-1.5829566,245
SHAPE_10533475,12.3913954,-1.5830398,246
SHAPE_10533475,12.3910915,-1.5831001,247
SHAPE_10533475,12.3906331,-1.5831792,248
SHAPE_10533475,12.3901681,-1.5832577,249
SHAPE_10533475,12.4015033,-1.5662566,250
SHAPE_10533475,12.4014672,-1.5661536,251
SHAPE_10533475,12.4014234,-1.5660802,252
SHAPE_10533475,12.4013763,-1.5660239,253
SHAPE_10533475,12.4012058,-1.5658774,254
SHAPE_10533475,12.4011823,-1.5658612,255
SHAPE_10533475,12.4011603,-1.5658429,256
SHAPE_10533475,12.4010672,-1.5657825,257
SHAPE_10533475,12.4010148,-1.5657583,258
SHAPE_10533475,12.4009328,-1.5657456,259
SHAPE_10533475,12.400844,-1.5657456,260
SHAPE_10533475,12.4008042,-1.565653,261
SHAPE_10533475,12.4003984,-1.5652859,262
SHAPE_10533475,12.4000445,-1.5649671,263
SHAPE_10533475,12.3998373,-1.5647875,264
SHAPE_10533475,12.399816,-1.564769,265
SHAPE_10533475,12.3997505,-1.5647103,266
SHAPE_10533475,12.3996968,-1.5646657,267
SHAPE_10533475,12.3993292,-1.5643407,268
SHAPE_10533475,12.3989523,-1.5640075,269
SHAPE_10533475,12.3985976,-1.5636939,270
SHAPE_10533475,12.3982448,-1.563382,271
SHAPE_10533475,12.3978733,-1.5630561,272
SHAPE_10533475,12.3972986,-1.5625407,273
SHAPE_10533475,12.3967613,-1.5620699,274
SHAPE_10533475,12.3966326,-1.5619566,275
SHAPE_10533475,12.3961599,-1.561544,276
SHAPE_10533475,12.3957706,-1.5611947,277
SHAPE_10533475,12.3954121,-1.560878,278
SHAPE_10533475,12.3970276,-1.5589933,279
SHAPE_10533475,12.3970684,-1.5589254,280
SHAPE_10533475,12.3970852,-1.5588571,281
SHAPE_10533475,12.3970686,-1.5587595,282
SHAPE_10533475,12.3968118,-1.5572152,283
SHAPE_10533475,12.3967959,-1.5570298,284
SHAPE_10533475,12.3966356,-1.5561909,285
SHAPE_10533475,12.3965226,-1.5562082,286
SHAPE_10533475,12.3960151,-1.5562977,287
SHAPE_10533475,12.3955293,-1.556391,288
SHAPE_10533475,12.393648,-1.5567326,289
SHAPE_10533475,12.3931604,-1.5568128,290
SHAPE_10533475,12.3910908,-1.5571443,291
SHAPE_10533475,12.3908072,-1.5571937,292
SHAPE_10533475,12.3898861,-1.5573541,293
SHAPE_10533475,12.3894305,-1.5574407,294
SHAPE_10533475,12.3891248,-1.5574987,295
SHAPE_10533475,12.3885753,-1.5575549,296
SHAPE_10533475,12.3872336,-1.5577689,297
SHAPE_10533475,12.3862769,-1.557963,298
SHAPE_10533475,12.3855532,-1.5581219,299
SHAPE_10533475,12.3853377,-1.5581758,300
SHAPE_10533475,12.3851515,-1.558169,301
SHAPE_10533475,12.385028,-1.5581374,302
SHAPE_10533475,12.3848889,-1.5580148,303
SHAPE_10533475,12.3848426,-1.5579001,304
SHAPE_10533475,12.3848271,-1.5577736,305
SHAPE_10533475,12.3848542,-1.5575996,306
SHAPE_10533475,12.3849623,-1.5574691,307
SHAPE_10533475,12.3851207,-1.5573395,308
SHAPE_10533475,12.3852365,-1.5572474,309
SHAPE_10533475,12.3853197,-1.5571397,310
SHAPE_10533475,12.3853435,-1.5569904,311
SHAPE_10533475,12.385345,-1.5567389,312
SHAPE_10533475,12.3852216,-1.5562031,313
SHAPE_10533475,12.3851626,-1.5559929,314
SHAPE_10533475,12.385125,-1.555859,315
SHAPE_10533475,12.3850438,-1.5555834,316
SHAPE_10533475,12.3849267,-1.5552721,317
SHAPE_10533475,12.3847807,-1.554947,318
SHAPE_10533475,12.3847379,-1.5548702,319
SHAPE_10533475,12.3846979,-1.5547982,320
SHAPE_10533475,12.3845821,-1.5546003,321
SHAPE_10533475,12.3844602,-1.5544234,322
SHAPE_10533475,12.3843836,-1.5543143,323
SHAPE_10533475,12.3842654,-1.5541614,324
SHAPE_10533475,12.3842125,-1.55409,325
SHAPE_10533475,12.3840003,-1.5538403,326
SHAPE_10533475,12.3837837,-1.553606,327
SHAPE_10533475,12.3832433,-1.5530264,328
SHAPE_10533475,12.3829433,-1.5526537,329
SHAPE_10533475,12.3821257,-1.5516031,330
SHAPE_10533475,12.3820546,-1.5515141,331
SHAPE_10533475,12.3819914,-1.5514327,332
SHAPE_10533475,12.3811986,-1.5504118,333
SHAPE_10533475,12.3806203,-1.5496291,334
SHAPE_10533475,12.3801815,-1.5489862,335
SHAPE_10533475,12.3801643,-1.5489706,336
SHAPE_10533475,12.3798914,-1.5485909,337
SHAPE_10533475,12.3796588,-1.548273,338
SHAPE_10533475,12.379441,-1.5479648,339
SHAPE_10533475,12.3791715,-1.5475823,340
SHAPE_10533475,12.3789171,-1.5472294,341
SHAPE_10533475,12.378781,-1.5470217,342
SHAPE_10533475,12.378748,-1.5469666,343
SHAPE_10533475,12.3786171,-1.5467805,344
SHAPE_10533475,12.3785085,-1.5465831,345
SHAPE_10533475,12.3784707,-1.5465155,346
SHAPE_10533475,12.3784396,-1.5464358,347
SHAPE_10533475,12.3781618,-1.5460611,348
SHAPE_10533475,12.3780709,-1.5459123,349
SHAPE_10533475,12.3778773,-1.5456268,350
SHAPE_10533475,12.3777125,-1.5453455,351
SHAPE_10533475,12.3775972,-1.545225,352
SHAPE_10533475,12.3771151,-1.5445068,353
SHAPE_10533475,12.3770672,-1.5444417,354
SHAPE_10533475,12.3766909,-1.5438804,355
SHAPE_10533475,12.3766326,-1.5438035,356
SHAPE_10533475,12.3762848,-1.5432871,357
SHAPE_10533475,12.3761123,-1.5430477,358
SHAPE_10533475,12.3759567,-1.5428032,359
SHAPE_10533475,12.3756583,-1.5423694,360
SHAPE_10533475,12.3755963,-1.5422787,361
SHAPE_10533475,12.3754776,-1.5421052,362
SHAPE_10533475,12.3753223,-1.5418887,363
SHAPE_10533475,12.3752501,-1.5417849,364
SHAPE_10533475,12.3748121,-1.5411323,365
SHAPE_10533475,12.3746502,-1.5408945,366
SHAPE_10533475,12.3744911,-1.5406515,367
SHAPE_10533475,12.3743041,-1.5403783,368
SHAPE_10533475,12.3741539,-1.5401609,369
SHAPE_10533475,12.3738455,-1.5397043,370
SHAPE_10533475,12.3736902,-1.5394912,371
SHAPE_10533475,12.3735021,-1.5391977,372
SHAPE_10533475,12.3733449,-1.5389711,373
SHAPE_10533475,12.3730876,-1.5386103,374
SHAPE_10533475,12.3730036,-1.5384776,375
SHAPE_10533475,12.3727986,-1.5381768,376
SHAPE_10533475,12.3727455,-1.5381001,377
SHAPE_10533475,12.3727085,-1.5380377,378
SHAPE_10533475,12.3726391,-1.5379334,379
SHAPE_10533475,12.372572,-1.5378345,380
SHAPE_10533475,12.372424,-1.5376142,381
SHAPE_10533475,12.3722104,-1.5373004,382
SHAPE_10533475,12.3717575,-1.5366359,383
SHAPE_10533475,12.3717208,-1.5365863,384
SHAPE_10533475,12.3716347,-1.5364603,385
SHAPE_10533475,12.3713533,-1.5360533,386
SHAPE_10533475,12.3711807,-1.5358378,387
SHAPE_10533475,12.3709672,-1.5355262,388
SHAPE_10533475,12.3706648,-1.5350849,389
SHAPE_10533475,12.3704872,-1.5348229,390
SHAPE_10533475,12.3701935,-1.5343897,391
SHAPE_10533475,12.3696599,-1.5335888,392
SHAPE_10533475,12.3693838,-1.5331638,393
SHAPE_10533475,12.3693692,-1.5331196,394
SHAPE_10533475,12.3689133,-1.5324802,395
SHAPE_10533475,12.3684812,-1.5318381,396
SHAPE_10533475,12.3684192,-1.5317442,397
SHAPE_10533475,12.3683107,-1.5315857,398
SHAPE_10533475,12.368219,-1.5314505,399
SHAPE_10533475,12.3680504,-1.5312209,400
SHAPE_10533475,12.3679813,-1.5311242,401
SHAPE_10533475,12.3679604,-1.5310986,402
SHAPE_10533475,12.3679043,-1.5310297,403
SHAPE_10533475,12.3678933,-1.5310285,404
SHAPE_10533475,12.3678854,-1.5310266,405
SHAPE_10533475,12.3678777,-1.5310239,406
SHAPE_10533475,12.3678704,-1.5310204,407
SHAPE_10533475,12.3678634,-1.5310161,408
SHAPE_10533475,12.3678569,-1.5310111,409
SHAPE_10533475,12.367851,-1.5310054,410
SHAPE_10533475,12.3678457,-1.5309991,411
SHAPE_10533475,12.3678411,-1.5309923,412
SHAPE_10533475,12.3678372,-1.530985,413
SHAPE_10533475,12.367834,-1.5309773,414
SHAPE_10533475,12.3678317,-1.5309694,415
SHAPE_10533475,12.3678302,-1.5309612,416
SHAPE_10533475,12.3678295,-1.5309529,417
SHAPE_10533475,12.3678297,-1.5309446,418
SHAPE_10533475,12.3678933,-1.5310285,419
SHAPE_10533475,12.3679043,-1.5310297,420
SHAPE_10533475,12.3679128,-1.5310295,421
SHAPE_10533475,12.3679213,-1.5310283,422
SHAPE_10533475,12.3679296,-1.5310262,423
SHAPE_10533475,12.3679376,-1.5310232,424
SHAPE_10533475,12.3679453,-1.5310193,425
SHAPE_10533475,12.3679525,-1.5310145,426
SHAPE_10533475,12.3679591,-1.531009,427
SHAPE_10533475,12.3679651,-1.5310027,428
SHAPE_10533475,12.3679703,-1.5309958,429
SHAPE_10533475,12.3679748,-1.5309883,430
SHAPE_10533475,12.3679785,-1.5309804,431
SHAPE_10533475,12.3679813,-1.5309721,432
SHAPE_10533475,12.3679832,-1.5309636,433
SHAPE_10533475,12.3679841,-1.5309549,434
SHAPE_10533475,12.3679841,-1.5309465,435
SHAPE_10533475,12.3679833,-1.5309381,436
SHAPE_10533475,12.3679816,-1.5309299,437
SHAPE_10533475,12.367979,-1.5309219,438
SHAPE_10533475,12.3679756,-1.5309142,439
SHAPE_10533475,12.3679715,-1.5309069,440
SHAPE_10533475,12.3679659,-1.5308994,441
SHAPE_10533475,12.3679596,-1.5308925,442
SHAPE_10533475,12.3679525,-1.5308865,443
SHAPE_10533475,12.3679447,-1.5308814,444
SHAPE_10533475,12.3679364,-1.5308773,445
SHAPE_10533475,12.3679277,-1.5308742,446
SHAPE_10533475,12.3679187,-1.5308722,447
SHAPE_10533475,12.3679095,-1.5308713,448
SHAPE_10533475,12.3679003,-1.5308716,449
SHAPE_10533475,12.3678912,-1.5308729,450
SHAPE_10533475,12.3678823,-1.5308754,451
SHAPE_10533475,12.3678737,-1.5308789,452
SHAPE_10533475,12.3678656,-1.5308835,453
SHAPE_10533475,12.3678581,-1.5308889,454
SHAPE_10533475,12.3678523,-1.5308943,455
SHAPE_10533475,12.367847,-1.5309003,456
SHAPE_10533475,12.3678423,-1.5309068,457
SHAPE_10533475,12.3678383,-1.5309138,458
SHAPE_10533475,12.367835,-1.5309211,459
SHAPE_10533475,12.3678324,-1.5309287,460
SHAPE_10533475,12.3678307,-1.5309366,461
SHAPE_10533475,12.3678297,-1.5309446,462
SHAPE_10533475,12.3678581,-1.5308889,463
SHAPE_10533475,12.3678895,-1.5308413,464
SHAPE_10533475,12.3679083,-1.5308013,465
SHAPE_10533475,12.3680275,-1.530145,466
SHAPE_10533475,12.3680486,-1.5300585,467
SHAPE_10533475,12.3680698,-1.5299782,468
SHAPE_10533475,12.3681239,-1.5298012,469
SHAPE_10533475,12.3681608,-1.5295734,470
SHAPE_10533475,12.368202,-1.5293647,471
SHAPE_10533475,12.3682233,-1.529104,472
SHAPE_10533475,12.3682466,-1.529008,473
SHAPE_10533475,12.368344,-1.5285755,474
SHAPE_10533475,12.3683843,-1.5283517,475
SHAPE_10533475,12.3684018,-1.5281631,476
SHAPE_10533475,12.3684146,-1.5279768,477
SHAPE_10533475,12.3684334,-1.5278426,478
SHAPE_10533475,12.3684688,-1.5275938,479
SHAPE_10533475,12.3684574,-1.5275732,480
SHAPE_10533475,12.368452,-1.5275412,481
SHAPE_10533475,12.3684622,-1.5274988,482
SHAPE_10533475,12.3684857,-1.5274657,483
SHAPE_10533475,12.3684984,-1.5274602,484
SHAPE_10533475,12.3685131,-1.5274528,485
SHAPE_10533475,12.3685295,-1.5274485,486
SHAPE_10533475,12.3685601,-1.5274498,487
SHAPE_10533475,12.3685948,-1.5274644,488
SHAPE_10533475,12.3686127,-1.5274777,489
SHAPE_10533475,12.368624,-1.5274938,490
SHAPE_10533475,12.3686312,-1.5275163,491
SHAPE_10533475,12.3686346,-1.5275458,492
SHAPE_10533475,12.3686277,-1.5275775,493
SHAPE_10533475,12.3686107,-1.5276048,494
SHAPE_10533475,12.3685937,-1.5276197,495
SHAPE_10533475,12.3685646,-1.5276326,496
SHAPE_10533475,12.368541,-1.5276352,497
SHAPE_10533475,12.3685099,-1.5276287,498
SHAPE_10533475,12.3684942,-1.5276205,499
SHAPE_10533475,12.3684688,-1.5275938,500
SHAPE_10533475,12.3686127,-1.5274777,501
SHAPE_10533475,12.3688008,-1.5274583,502
SHAPE_10533475,12.3689527,-1.5274364,503
SHAPE_10533475,12.3690599,-1.5274104,504
SHAPE_10533475,12.369149,-1.5273804,505
SHAPE_10533475,12.3692716,-1.52725,506
SHAPE_10533475,12.369486,-1.5270217,507
SHAPE_10533475,12.3695802,-1.5268972,508
SHAPE_10533475,12.3697207,-1.5266933,509
SHAPE_10533475,12.3698695,-1.5264519,510
SHAPE_10533475,12.3699581,-1.5262699,511
SHAPE_10533475,12.3699947,-1.5261287,512
SHAPE_10533475,12.3703274,-1.526222,513
SHAPE_10533475,12.3707551,-1.526342,514
SHAPE_10533475,12.3718285,-1.5266364,515
SHAPE_10533475,12.3721258,-1.5266927,516
SHAPE_10533475,12.3722795,-1.5267128,517
SHAPE_10533475,12.3726455,-1.5267135,518
SHAPE_10533524,12.2927213,-1.5689318,1
SHAPE_10533524,12.2926224,-1.5687815,2
SHAPE_10533524,12.2925699,-1.5686423,3
SHAPE_10533524,12.2925494,-1.5685431,4
SHAPE_10533524,12.292543,-1.5684179,5
SHAPE_10533524,12.292557,-1.5682933,6
SHAPE_10533524,12.2925911,-1.5681729,7
SHAPE_10533524,12.2927033,-1.5679916,8
SHAPE_10533524,12.2927593,-1.5679088,9
SHAPE_10533524,12.2929081,-1.5677923,10
SHAPE_10533524,12.2930808,-1.5677182,11
SHAPE_10533524,12.2932105,-1.5676943,12
SHAPE_10533524,12.2933423,-1.5676945,13
SHAPE_10533524,12.293472,-1.5677189,14
SHAPE_10533524,12.2935952,-1.5677667,15
SHAPE_10533524,12.2936797,-1.5677767,16
SHAPE_10533524,12.2937675,-1.567778,17
SHAPE_10533524,12.2938671,-1.5677632,18
SHAPE_10533524,12.2939493,-1.5677339,19
SHAPE_10533524,12.2940208,-1.5676984,20
SHAPE_10533524,12.2940794,-1.5676694,21
SHAPE_10533524,12.2942253,-1.5675884,22
SHAPE_10533524,12.2949351,-1.5669331,23
SHAPE_10533524,12.2958241,-1.5660976,24
SHAPE_10533524,12.296204,-1.5657571,25
SHAPE_10533524,12.2967613,-1.5652552,26
SHAPE_10533524,12.2971148,-1.5649127,27
SHAPE_10533524,12.2972948,-1.5647503,28
SHAPE_10533524,12.2973813,-1.5646668,29
SHAPE_10533524,12.2975289,-1.5645307,30
SHAPE_10533524,12.2975924,-1.5644718,31
SHAPE_10533524,12.2980053,-1.5640891,32
SHAPE_10533524,12.2980827,-1.5640173,33
SHAPE_10533524,12.2982176,-1.5639016,34
SHAPE_10533524,12.2982734,-1.5638483,35
SHAPE_10533524,12.2984302,-1.5636987,36
SHAPE_10533524,12.2986084,-1.5635286,37
SHAPE_10533524,12.2989173,-1.5632397,38
SHAPE_10533524,12.2994267,-1.5627625,39
SHAPE_10533524,12.2998593,-1.5623707,40
SHAPE_10533524,12.3003284,-1.5619261,41
SHAPE_10533524,12.300732,-1.5615633,42
SHAPE_10533524,12.3010452,-1.561283,43
SHAPE_10533524,12.3013557,-1.5609839,44
SHAPE_10533524,12.3015444,-1.560811,45
SHAPE_10533524,12.3016911,-1.5606822,46
SHAPE_10533524,12.3018352,-1.5605468,47
SHAPE_10533524,12.3020659,-1.5603483,48
SHAPE_10533524,12.3023593,-1.5600774,49
SHAPE_10533524,12.3025612,-1.5599245,50
SHAPE_10533524,12.3029294,-1.5597019,51
SHAPE_10533524,12.3030958,-1.55961,52
SHAPE_10533524,12.3033061,-1.5595101,53
SHAPE_10533524,12.3034528,-1.5594437,54
SHAPE_10533524,12.3035754,-1.5593929,55
SHAPE_10533524,12.3038374,-1.5592593,56
SHAPE_10533524,12.3040248,-1.5591659,57
SHAPE_10533524,12.304697,-1.558861,58
SHAPE_10533524,12.3053198,-1.5585833,59
SHAPE_10533524,12.3053643,-1.5585632,60
SHAPE_10533524,12.3055192,-1.5584908,61
SHAPE_10533524,12.3056543,-1.5584328,62
SHAPE_10533524,12.305788,-1.5583642,63
SHAPE_10533524,12.3058675,-1.5583269,64
SHAPE_10533524,12.3062012,-1.5581757,65
SHAPE_10533524,12.3065128,-1.5580431,66
SHAPE_10533524,12.3069414,-1.5578324,67
SHAPE_10533524,12.3072089,-1.557708,68
SHAPE_10533524,12.3076556,-1.5574998,69
SHAPE_10533524,12.3081477,-1.5572535,70
SHAPE_10533524,12.3085982,-1.5570495,71
SHAPE_10533524,12.3091021,-1.5568185,72
SHAPE_10533524,12.3092342,-1.5567637,73
SHAPE_10533524,12.3095044,-1.556624,74
SHAPE_10533524,12.3096511,-1.5565677,75
SHAPE_10533524,12.3098137,-1.5564881,76
SHAPE_10533524,12.3100639,-1.5563692,77
SHAPE_10533524,12.3102919,-1.5562552,78
SHAPE_10533524,12.3106522,-1.5560903,79
SHAPE_10533524,12.3107241,-1.5560565,80
SHAPE_10533524,12.3109889,-1.555932,81
SHAPE_10533524,12.3115039,-1.5557081,82
SHAPE_10533524,12.3118435,-1.5555798,83
SHAPE_10533524,12.3120723,-1.5555079,84
SHAPE_10533524,12.3121393,-1.5554868,85
SHAPE_10533524,12.3124564,-1.5553795,86
SHAPE_10533524,12.3128403,-1.5552682,87
SHAPE_10533524,12.3133039,-1.5551318,88
SHAPE_10533524,12.3134155,-1.5550965,89
SHAPE_10533524,12.3136658,-1.5550227,90
SHAPE_10533524,12.3139789,-1.5549289,91
SHAPE_10533524,12.3141794,-1.5548725,92
SHAPE_10533524,12.3145188,-1.5547746,93
SHAPE_10533524,12.3148909,-1.5546633,94
SHAPE_10533524,12.3155041,-1.5544796,95
SHAPE_10533524,12.3157334,-1.5544112,96
SHAPE_10533524,12.3159862,-1.5543374,97
SHAPE_10533524,12.3161893,-1.5542771,98
SHAPE_10533524,12.3164238,-1.5542087,99
SHAPE_10533524,12.3167095,-1.5541242,100
SHAPE_10533524,12.3169859,-1.5540437,101
SHAPE_10533524,12.3172441,-1.5539713,102
SHAPE_10533524,12.3175834,-1.5538721,103
SHAPE_10533524,12.3180996,-1.5537179,104
SHAPE_10533524,12.3183106,-1.5536562,105
SHAPE_10533524,12.3185726,-1.5535784,106
SHAPE_10533524,12.3187862,-1.553514,107
SHAPE_10533524,12.3190102,-1.5534469,108
SHAPE_10533524,12.3193444,-1.5533464,109
SHAPE_10533524,12.3197938,-1.5532082,110
SHAPE_10533524,12.3201071,-1.5531108,111
SHAPE_10533524,12.3202982,-1.553054,112
SHAPE_10533524,12.3205612,-1.5529751,113
SHAPE_10533524,12.3206108,-1.5529603,114
SHAPE_10533524,12.3208511,-1.5528904,115
SHAPE_10533524,12.3210831,-1.5528192,116
SHAPE_10533524,12.321561,-1.5526789,117
SHAPE_10533524,12.3218795,-1.5525854,118
SHAPE_10533524,12.3220967,-1.5525216,119
SHAPE_10533524,12.3226389,-1.5523761,120
SHAPE_10533524,12.323157,-1.5522349,121
SHAPE_10533524,12.3229663,-1.5515509,122
SHAPE_10533524,12.322756,-1.5508127,123
SHAPE_10533524,12.3227431,-1.5507674,124
SHAPE_10533524,12.322717,-1.5506808,125
SHAPE_10533524,12.3226352,-1.5504199,126
SHAPE_10533524,12.3225439,-1.5501179,127
SHAPE_10533524,12.3223113,-1.5493659,128
SHAPE_10533524,12.3221646,-1.5488558,129
SHAPE_10533524,12.3221018,-1.5486345,130
SHAPE_10533524,12.3220702,-1.5485167,131
SHAPE_10533524,12.3220269,-1.5483585,132
SHAPE_10533524,12.3217655,-1.5473975,133
SHAPE_10533524,12.3216442,-1.5469856,134
SHAPE_10533524,12.3214278,-1.5462506,135
SHAPE_10533524,12.321383,-1.5460836,136
SHAPE_10533524,12.3212888,-1.5457322,137
SHAPE_10533524,12.3211458,-1.5451986,138
SHAPE_10533524,12.321002,-1.5446967,139
SHAPE_10533524,12.3206289,-1.54338,140
SHAPE_10533524,12.3205939,-1.5432554,141
SHAPE_10533524,12.3203318,-1.5423709,142
SHAPE_10533524,12.3203053,-1.5422816,143
SHAPE_10533524,12.3202687,-1.5421581,144
SHAPE_10533524,12.3201297,-1.5416617,145
SHAPE_10533524,12.3200834,-1.5415041,146
SHAPE_10533524,12.3199091,-1.5408687,147
SHAPE_10533524,12.3198285,-1.5405945,148
SHAPE_10533524,12.3197526,-1.5403364,149
SHAPE_10533524,12.319704,-1.5401667,150
SHAPE_10533524,12.31964,-1.53995,151
SHAPE_10533524,12.3195461,-1.53963,152
SHAPE_10533524,12.3194972,-1.5394609,153
SHAPE_10533524,12.3194286,-1.5392262,154
SHAPE_10533524,12.3192874,-1.5387276,155
SHAPE_10533524,12.3191491,-1.5382355,156
SHAPE_10533524,12.3186752,-1.5365443,157
SHAPE_10533524,12.3183703,-1.5354776,158
SHAPE_10533524,12.3183499,-1.5354122,159
SHAPE_10533524,12.3181935,-1.5348802,160
SHAPE_10533524,12.3177414,-1.5332777,161
SHAPE_10533524,12.3177109,-1.5331711,162
SHAPE_10533524,12.3174714,-1.5323333,163
SHAPE_10533524,12.3174498,-1.5322414,164
SHAPE_10533524,12.3174308,-1.5321522,165
SHAPE_10533524,12.3174209,-1.5320711,166
SHAPE_10533524,12.3174122,-1.5319635,167
SHAPE_10533524,12.3174028,-1.5314606,168
SHAPE_10533524,12.3174078,-1.5312894,169
SHAPE_10533524,12.3174048,-1.5308819,170
SHAPE_10533524,12.3174085,-1.530445,171
SHAPE_10533524,12.317417,-1.5300175,172
SHAPE_10533524,12.3174196,-1.5299437,173
SHAPE_10533524,12.3174207,-1.5298703,174
SHAPE_10533524,12.3174245,-1.5295552,175
SHAPE_10533524,12.3174281,-1.5292736,176
SHAPE_10533524,12.3174324,-1.5290524,177
SHAPE_10533524,12.3174412,-1.5286967,178
SHAPE_10533524,12.3174467,-1.5285468,179
SHAPE_10533524,12.3174499,-1.5284506,180
SHAPE_10533524,12.3175415,-1.5284568,181
SHAPE_10533524,12.3176489,-1.5284568,182
SHAPE_10533524,12.3177749,-1.5284606,183
SHAPE_10533524,12.3180013,-1.5284587,184
SHAPE_10533524,12.3183237,-1.5284624,185
SHAPE_10533524,12.3189106,-1.528469,186
SHAPE_10533524,12.3192344,-1.52847,187
SHAPE_10533524,12.3194014,-1.528472,188
SHAPE_10533524,12.3198841,-1.528472,189
SHAPE_10533524,12.3205636,-1.52847,190
SHAPE_10533524,12.320608,-1.5284687,191
SHAPE_10533524,12.3209453,-1.528459,192
SHAPE_10533524,12.3213597,-1.5284336,193
SHAPE_10533524,12.3214114,-1.5284296,194
SHAPE_10533524,12.3216885,-1.5284117,195
SHAPE_10533524,12.3219317,-1.52838,196
SHAPE_10533524,12.322355,-1.5283248,197
SHAPE_10533524,12.3226055,-1.5282965,198
SHAPE_10533524,12.322797,-1.5282696,199
SHAPE_10533524,12.3235762,-1.528145,200
SHAPE_10533524,12.3240597,-1.5280514,201
SHAPE_10533524,12.3242053,-1.5280267,202
SHAPE_10533524,12.3246563,-1.5279473,203
SHAPE_10533524,12.3251604,-1.5278487,204
SHAPE_10533524,12.3253703,-1.5278129,205
SHAPE_10533524,12.3258961,-1.5276939,206
SHAPE_10533524,12.3263538,-1.5275946,207
SHAPE_10533524,12.3269106,-1.5274666,208
SHAPE_10533524,12.3273097,-1.5273636,209
SHAPE_10533524,12.3274281,-1.527333,210
SHAPE_10533524,12.3290748,-1.5269498,211
SHAPE_10533524,12.3295526,-1.5268378,212
SHAPE_10533524,12.3300095,-1.5267281,213
SHAPE_10533524,12.3303802,-1.5266344,214
SHAPE_10533524,12.330694,-1.5265569,215
SHAPE_10533524,12.3316292,-1.5263261,216
SHAPE_10533524,12.3319276,-1.5262627,217
SHAPE_10533524,12.3320362,-1.5262319,218
SHAPE_10533524,12.332126,-1.5261918,219
SHAPE_10533524,12.3321908,-1.5261649,220
SHAPE_10533524,12.332257,-1.5261234,221
SHAPE_10533524,12.3324351,-1.5259859,222
SHAPE_10533524,12.3325089,-1.5259264,223
SHAPE_10533524,12.3327017,-1.5257733,224
SHAPE_10533524,12.3328632,-1.5256126,225
SHAPE_10533524,12.3329833,-1.5255043,226
SHAPE_10533524,12.3330157,-1.5254709,227
SHAPE_10533524,12.333052,-1.5254422,228
SHAPE_10533524,12.3330917,-1.5254184,229
SHAPE_10533524,12.333134,-1.5254002,230
SHAPE_10533524,12.3331783,-1.5253878,231
SHAPE_10533524,12.3332238,-1.5253813,232
SHAPE_10533524,12.3332697,-1.5253809,233
SHAPE_10533524,12.3333153,-1.5253867,234
SHAPE_10533524,12.3333598,-1.5253985,235
SHAPE_10533524,12.3334024,-1.525416,236
SHAPE_10533524,12.3334424,-1.5254391,237
SHAPE_10533524,12.3334792,-1.5254673,238
SHAPE_10533524,12.3335113,-1.5254994,239
SHAPE_10533524,12.3335392,-1.5255353,240
SHAPE_10533524,12.3335624,-1.5255746,241
SHAPE_10533524,12.3335806,-1.5256166,242
SHAPE_10533524,12.3335934,-1.5256606,243
SHAPE_10533524,12.3336007,-1.5257059,244
SHAPE_10533524,12.3336023,-1.5257517,245
SHAPE_10533524,12.3335982,-1.5257975,246
SHAPE_10533524,12.3335885,-1.5258423,247
SHAPE_10533524,12.3335733,-1.5258855,248
SHAPE_10533524,12.3335529,-1.5259264,249
SHAPE_10533524,12.3335275,-1.5259642,250
SHAPE_10533524,12.3334977,-1.5259985,251
SHAPE_10533524,12.3334482,-1.5260403,252
SHAPE_10533524,12.3333094,-1.5263037,253
SHAPE_10533524,12.3332652,-1.5263969,254
SHAPE_10533524,12.3332272,-1.5264998,255
SHAPE_10533524,12.3332045,-1.5265954,256
SHAPE_10533524,12.3331922,-1.5266906,257
SHAPE_10533524,12.3331962,-1.5267727,258
SHAPE_10533524,12.3332199,-1.5269406,259
SHAPE_10533524,12.3333817,-1.5277117,260
SHAPE_10533524,12.3334414,-1.5280121,261
SHAPE_10533524,12.3336042,-1.528764,262
SHAPE_10533524,12.3336886,-1.5292382,263
SHAPE_10533524,12.3337461,-1.5295443,264
SHAPE_10533524,12.3338537,-1.5300901,265
SHAPE_10533524,12.3339445,-1.5305626,266
SHAPE_10533524,12.3339898,-1.5307919,267
SHAPE_10533524,12.3340214,-1.530978,268
SHAPE_10533524,12.3341787,-1.5309601,269
SHAPE_10533524,12.3345739,-1.5309152,270
SHAPE_10533524,12.334907,-1.5308783,271
SHAPE_10533524,12.3349634,-1.5308701,272
SHAPE_10533524,12.3354442,-1.5308001,273
SHAPE_10533524,12.3358811,-1.5307429,274
SHAPE_10533524,12.3362767,-1.530705,275
SHAPE_10533524,12.3363671,-1.5307201,276
SHAPE_10533524,12.3364552,-1.5307495,277
SHAPE_10533524,12.3366956,-1.5308569,278
SHAPE_10533524,12.3369835,-1.5309789,279
SHAPE_10533524,12.3373262,-1.5311132,280
SHAPE_10533524,12.3375643,-1.5312082,281
SHAPE_10533524,12.3383428,-1.5315195,282
SHAPE_10533524,12.3391938,-1.5318732,283
SHAPE_10533524,12.3399135,-1.5321719,284
SHAPE_10533524,12.3400081,-1.5322014,285
SHAPE_10533524,12.3400971,-1.532214,286
SHAPE_10533524,12.3401865,-1.5321942,287
SHAPE_10533524,12.3405822,-1.5320695,288
SHAPE_10533524,12.3406919,-1.532028,289
SHAPE_10533524,12.3407862,-1.5320028,290
SHAPE_10533524,12.3409112,-1.5319972,291
SHAPE_10533524,12.3410234,-1.5320017,292
SHAPE_10533524,12.3428394,-1.5321133,293
SHAPE_10533524,12.3434583,-1.5321524,294
SHAPE_10533524,12.3436113,-1.5321562,295
SHAPE_10533524,12.3440837,-1.5321803,296
SHAPE_10533524,12.3441556,-1.532188,297
SHAPE_10533524,12.3446799,-1.532227,298
SHAPE_10533524,12.3453242,-1.532245,299
SHAPE_10533524,12.3458815,-1.5322887,300
SHAPE_10533524,12.3459533,-1.5322739,301
SHAPE_10533524,12.3460282,-1.5322458,302
SHAPE_10533524,12.3466672,-1.531871,303
SHAPE_10533524,12.3471569,-1.5315987,304
SHAPE_10533524,12.3478728,-1.5312165,305
SHAPE_10533524,12.3480809,-1.5311054,306
SHAPE_10533524,12.3482551,-1.5311114,307
SHAPE_10533524,12.3484905,-1.5311292,308
SHAPE_10533524,12.348827,-1.5311797,309
SHAPE_10533524,12.3494508,-1.5312909,310
SHAPE_10533524,12.3497964,-1.5313556,311
SHAPE_10533524,12.350041,-1.5313927,312
SHAPE_10533524,12.3507124,-1.5315218,313
SHAPE_10533524,12.351237,-1.5316057,314
SHAPE_10533524,12.3514206,-1.5316392,315
SHAPE_10533524,12.3515553,-1.5316585,316
SHAPE_10533524,12.3517497,-1.5316915,317
SHAPE_10533524,12.3522702,-1.5317784,318
SHAPE_10533524,12.3527555,-1.5318693,319
SHAPE_10533524,12.3532824,-1.5319582,320
SHAPE_10533524,12.3535376,-1.5319987,321
SHAPE_10533524,12.3537964,-1.5320395,322
SHAPE_10533524,12.3543093,-1.5321344,323
SHAPE_10533524,12.3548378,-1.5322271,324
SHAPE_10533524,12.3553431,-1.5323145,325
SHAPE_10533524,12.3557803,-1.5323897,326
SHAPE_10533524,12.3558968,-1.5324039,327
SHAPE_10533524,12.3559847,-1.5324185,328
SHAPE_10533524,12.3562074,-1.5324554,329
SHAPE_10533524,12.3566095,-1.5325374,330
SHAPE_10533524,12.3569946,-1.5326044,331
SHAPE_10533524,12.3575212,-1.5327133,332
SHAPE_10533524,12.3579585,-1.5327662,333
SHAPE_10533524,12.3585706,-1.5328712,334
SHAPE_10533524,12.3591028,-1.5329621,335
SHAPE_10533524,12.3600264,-1.5331182,336
SHAPE_10533524,12.3610377,-1.5332853,337
SHAPE_10533524,12.3611505,-1.5333034,338
SHAPE_10533524,12.3615995,-1.5333797,339
SHAPE_10533524,12.3621665,-1.5334758,340
SHAPE_10533524,12.362756,-1.5335724,341
SHAPE_10533524,12.3633184,-1.5336728,342
SHAPE_10533524,12.363456,-1.5336957,343
SHAPE_10533524,12.3636422,-1.5337276,344
SHAPE_10533524,12.3639447,-1.5337838,345
SHAPE_10533524,12.3644869,-1.5338926,346
SHAPE_10533524,12.364569,-1.5338984,347
SHAPE_10533524,12.364712,-1.5339135,348
SHAPE_10533524,12.364814,-1.5339201,349
SHAPE_10533524,12.3648462,-1.5339128,350
SHAPE_10533524,12.3648686,-1.533912,351
SHAPE_10533524,12.3650009,-1.5338819,352
SHAPE_10533524,12.3650979,-1.5338383,353
SHAPE_10533524,12.3652005,-1.5337673,354
SHAPE_10533524,12.3654591,-1.5335794,355
SHAPE_10533524,12.3654955,-1.5335409,356
SHAPE_10533524,12.3658586,-1.533148,357
SHAPE_10533524,12.3668048,-1.5321493,358
SHAPE_10533524,12.3669933,-1.5319518,359
SHAPE_10533524,12.3672056,-1.5317471,360
SHAPE_10533524,12.3674134,-1.5315121,361
SHAPE_10533524,12.3675581,-1.531367,362
SHAPE_10533524,12.3675743,-1.5313463,363
SHAPE_10533524,12.3676387,-1.5312383,364
SHAPE_10533524,12.3677192,-1.5311306,365
SHAPE_10533524,12.3677798,-1.5310407,366
SHAPE_10533524,12.3678297,-1.5309446,367
SHAPE_10533524,12.3678307,-1.5309366,368
SHAPE_10533524,12.3678324,-1.5309287,369
SHAPE_10533524,12.367835,-1.5309211,370
SHAPE_10533524,12.3678383,-1.5309138,371
SHAPE_10533524,12.3678423,-1.5309068,372
SHAPE_10533524,12.367847,-1.5309003,373
SHAPE_10533524,12.3678523,-1.5308943,374
SHAPE_10533524,12.3678581,-1.5308889,375
SHAPE_10533524,12.3678895,-1.5308413,376
SHAPE_10533524,12.3679083,-1.5308013,377
SHAPE_10533524,12.3680275,-1.530145,378
SHAPE_10533524,12.3680486,-1.5300585,379
SHAPE_10533524,12.3680698,-1.5299782,380
SHAPE_10533524,12.3681239,-1.5298012,381
SHAPE_10533524,12.3681608,-1.5295734,382
SHAPE_10533524,12.368202,-1.5293647,383
SHAPE_10533524,12.3682233,-1.529104,384
SHAPE_10533524,12.3682466,-1.529008,385
SHAPE_10533524,12.368344,-1.5285755,386
SHAPE_10533524,12.3683843,-1.5283517,387
SHAPE_10533524,12.3684018,-1.5281631,388
SHAPE_10533524,12.3684146,-1.5279768,389
SHAPE_10533524,12.3684334,-1.5278426,390
SHAPE_10533524,12.3684688,-1.5275938,391
SHAPE_10533524,12.3684574,-1.5275732,392
SHAPE_10533524,12.368452,-1.5275412,393
SHAPE_10533524,12.3684622,-1.5274988,394
SHAPE_10533524,12.3684857,-1.5274657,395
SHAPE_10533524,12.3684984,-1.5274602,396
SHAPE_10533524,12.3685131,-1.5274528,397
SHAPE_10533524,12.3685295,-1.5274485,398
SHAPE_10533524,12.3685601,-1.5274498,399
SHAPE_10533524,12.3685948,-1.5274644,400
SHAPE_10533524,12.3686127,-1.5274777,401
SHAPE_10533524,12.3688008,-1.5274583,402
SHAPE_10533524,12.3689527,-1.5274364,403
SHAPE_10533524,12.3690599,-1.5274104,404
SHAPE_10533524,12.369149,-1.5273804,405
SHAPE_10533524,12.3692716,-1.52725,406
SHAPE_10533524,12.369486,-1.5270217,407
SHAPE_10533524,12.3695802,-1.5268972,408
SHAPE_10533524,12.3697207,-1.5266933,409
SHAPE_10533524,12.3698695,-1.5264519,410
SHAPE_10533524,12.3699581,-1.5262699,411
SHAPE_10533524,12.3699947,-1.5261287,412
SHAPE_10533524,12.3701272,-1.5255287,413
SHAPE_10533524,12.3702691,-1.5248774,414
SHAPE_10533524,12.3703483,-1.5245194,415
SHAPE_10533524,12.3705053,-1.5238732,416
SHAPE_10533524,12.3706235,-1.5232815,417
SHAPE_10533524,12.3706903,-1.5229587,418
SHAPE_10533524,12.3707516,-1.5226996,419
SHAPE_10533524,12.3707663,-1.5225982,420
SHAPE_10533524,12.3707846,-1.5225064,421
SHAPE_10533524,12.3709175,-1.5218686,422
SHAPE_10533524,12.3710059,-1.5214663,423
SHAPE_10533524,12.3711402,-1.5208406,424
SHAPE_10533524,12.3711755,-1.5206,425
SHAPE_10533524,12.3712236,-1.5203341,426
SHAPE_10533524,12.3712487,-1.5201386,427
SHAPE_10533524,12.3712779,-1.5199837,428
SHAPE_10533524,12.3712976,-1.5198667,429
SHAPE_10533524,12.3713197,-1.5197711,430
SHAPE_10533524,12.3713381,-1.5196966,431
SHAPE_10533524,12.3713338,-1.5196918,432
SHAPE_10533524,12.3713285,-1.5196847,433
SHAPE_10533524,12.3713167,-1.5196625,434
SHAPE_10533524,12.3713123,-1.5196364,435
SHAPE_10533524,12.3713112,-1.5196107,436
SHAPE_10533524,12.3713162,-1.5195855,437
SHAPE_10533524,12.3713269,-1.5195622,438
SHAPE_10533524,12.3713427,-1.5195423,439
SHAPE_10533524,12.3713548,-1.5195321,440
SHAPE_10533524,12.3714095,-1.5194332,441
SHAPE_10533524,12.3714317,-1.5193574,442
SHAPE_10533524,12.3714527,-1.5192622,443
SHAPE_10533524,12.3715084,-1.519012,444
SHAPE_10533524,12.3715346,-1.5189188,445
SHAPE_10533524,12.3716175,-1.5185628,446
SHAPE_10533524,12.3716604,-1.5183273,447
SHAPE_10533524,12.3717861,-1.5178191,448
SHAPE_10533524,12.3719138,-1.517219,449
SHAPE_10533524,12.3721404,-1.5161984,450
SHAPE_10533524,12.3722688,-1.5156003,451
SHAPE_10533524,12.3723238,-1.5153482,452
SHAPE_10533524,12.3723867,-1.5150571,453
SHAPE_10533524,12.3724947,-1.5144967,454
SHAPE_10533524,12.372624,-1.5139355,455
SHAPE_10533524,12.372734,-1.5133637,456
SHAPE_10533524,12.3728507,-1.5128359,457
SHAPE_10533524,12.3728967,-1.5128344,458
SHAPE_10533524,12.374166,-1.5131142,459
SHAPE_10533524,12.3746653,-1.5132433,460
SHAPE_10533524,12.3752702,-1.5133827,461
SHAPE_10533524,12.3756718,-1.5134733,462
SHAPE_10533572,12.3756718,-1.5134733,1
SHAPE_10533572,12.3762911,-1.5136307,2
SHAPE_10533572,12.3752767,-1.5148757,3
SHAPE_10533572,12.3748439,-1.5154089,4
SHAPE_10533572,12.3746961,-1.5155884,5
SHAPE_10533572,12.3739035,-1.5166146,6
SHAPE_10533572,12.3732308,-1.5174487,7
SHAPE_10533572,12.3730184,-1.5176956,8
SHAPE_10533572,12.3721703,-1.518778,9
SHAPE_10533572,12.3719805,-1.5190083,10
SHAPE_10533572,12.3717168,-1.5193245,11
SHAPE_10533572,12.3716831,-1.5193919,12
SHAPE_10533572,12.3715998,-1.5194983,13
SHAPE_10533572,12.3715563,-1.5195488,14
SHAPE_10533572,12.3715022,-1.5196054,15
SHAPE_10533572,12.3715034,-1.5196296,16
SHAPE_10533572,12.3714966,-1.5196578,17
SHAPE_10533572,12.3714822,-1.5196827,18
SHAPE_10533572,12.3714613,-1.5197023,19
SHAPE_10533572,12.3714422,-1.5197126,20
SHAPE_10533572,12.3714158,-1.5197187,21
SHAPE_10533572,12.3713852,-1.5197892,22
SHAPE_10533572,12.3713495,-1.5198768,23
SHAPE_10533572,12.371305,-1.5199887,24
SHAPE_10533572,12.3712487,-1.5201386,25
SHAPE_10533572,12.3712236,-1.5203341,26
SHAPE_10533572,12.3711755,-1.5206,27
SHAPE_10533572,12.3711402,-1.5208406,28
SHAPE_10533572,12.3710059,-1.5214663,29
SHAPE_10533572,12.3709175,-1.5218686,30
SHAPE_10533572,12.3707846,-1.5225064,31
SHAPE_10533572,12.3707663,-1.5225982,32
SHAPE_10533572,12.3707516,-1.5226996,33
SHAPE_10533572,12.3706903,-1.5229587,34
SHAPE_10533572,12.3706235,-1.5232815,35
SHAPE_10533572,12.3705053,-1.5238732,36
SHAPE_10533572,12.3703483,-1.5245194,37
SHAPE_10533572,12.3702691,-1.5248774,38
SHAPE_10533572,12.3705499,-1.5249554,39
SHAPE_10533572,12.3708544,-1.52504,40
SHAPE_10533572,12.3714297,-1.5251948,41
SHAPE_10533572,12.3719257,-1.5253282,42
SHAPE_10533572,12.3721875,-1.5254,43
SHAPE_10533572,12.3726313,-1.5255218,44
SHAPE_10533572,12.3729406,-1.5257906,45
SHAPE_10533572,12.3729989,-1.5257877,46
SHAPE_10533572,12.3730585,-1.5257941,47
SHAPE_10533572,12.3731169,-1.5258082,48
SHAPE_10533572,12.3731713,-1.5258289,49
SHAPE_10533572,12.373223,-1.5258563,50
SHAPE_10533572,12.3732709,-1.5258898,51
SHAPE_10533572,12.3733146,-1.5259291,52
SHAPE_10533572,12.3733532,-1.5259736,53
SHAPE_10533572,12.3733862,-1.5260225,54
SHAPE_10533572,12.3734132,-1.5260752,55
SHAPE_10533572,12.3734338,-1.5261308,56
SHAPE_10533572,12.3734475,-1.5261886,57
SHAPE_10533572,12.3734542,-1.5262465,58
SHAPE_10533572,12.3734542,-1.5263047,59
SHAPE_10533572,12.3734473,-1.5263626,60
SHAPE_10533572,12.3734338,-1.5264192,61
SHAPE_10533572,12.3734137,-1.5264737,62
SHAPE_10533572,12.3733875,-1.5265254,63
SHAPE_10533572,12.3733554,-1.5265735,64
SHAPE_10533572,12.3733227,-1.5266124,65
SHAPE_10533572,12.3732862,-1.5266475,66
SHAPE_10533572,12.3732463,-1.5266785,67
SHAPE_10533572,12.3732034,-1.526705,68
SHAPE_10533572,12.3731454,-1.5267319,69
SHAPE_10533572,12.3730843,-1.5267506,70
SHAPE_10533572,12.3730214,-1.5267608,71
SHAPE_10533572,12.3729577,-1.5267623,72
SHAPE_10533572,12.372897,-1.5267555,73
SHAPE_10533572,12.3728377,-1.5267409,74
SHAPE_10533572,12.3727807,-1.5267186,75
SHAPE_10533572,12.3726455,-1.5267135,76
SHAPE_10533572,12.3722795,-1.5267128,77
SHAPE_10533572,12.3721258,-1.5266927,78
SHAPE_10533572,12.3718285,-1.5266364,79
SHAPE_10533572,12.3707551,-1.526342,80
SHAPE_10533572,12.3703274,-1.526222,81
SHAPE_10533572,12.3699947,-1.5261287,82
SHAPE_10533572,12.3699581,-1.5262699,83
SHAPE_10533572,12.3698695,-1.5264519,84
SHAPE_10533572,12.3697207,-1.5266933,85
SHAPE_10533572,12.3695802,-1.5268972,86
SHAPE_10533572,12.369486,-1.5270217,87
SHAPE_10533572,12.3692716,-1.52725,88
SHAPE_10533572,12.369149,-1.5273804,89
SHAPE_10533572,12.369079,-1.527451,90
SHAPE_10533572,12.3689821,-1.5275107,91
SHAPE_10533572,12.3688979,-1.5275479,92
SHAPE_10533572,12.3688224,-1.5275767,93
SHAPE_10533572,12.3687911,-1.5275841,94
SHAPE_10533572,12.3686965,-1.5276636,95
SHAPE_10533572,12.3686182,-1.5277486,96
SHAPE_10533572,12.3685273,-1.5278567,97
SHAPE_10533572,12.3684958,-1.5279861,98
SHAPE_10533572,12.3684472,-1.5281701,99
SHAPE_10533572,12.3683843,-1.5283517,100
SHAPE_10533572,12.368344,-1.5285755,101
SHAPE_10533572,12.3682466,-1.529008,102
SHAPE_10533572,12.3682233,-1.529104,103
SHAPE_10533572,12.368202,-1.5293647,104
SHAPE_10533572,12.3681608,-1.5295734,105
SHAPE_10533572,12.3681239,-1.5298012,106
SHAPE_10533572,12.3681231,-1.5299838,107
SHAPE_10533572,12.3680928,-1.5301669,108
SHAPE_10533572,12.3679886,-1.5308036,109
SHAPE_10533572,12.3679821,-1.5308466,110
SHAPE_10533572,12.3679715,-1.5309069,111
SHAPE_10533572,12.3679756,-1.5309142,112
SHAPE_10533572,12.367979,-1.5309219,113
SHAPE_10533572,12.3679816,-1.5309299,114
SHAPE_10533572,12.3679833,-1.5309381,115
SHAPE_10533572,12.3679841,-1.5309465,116
SHAPE_10533572,12.3679841,-1.5309549,117
SHAPE_10533572,12.3679832,-1.5309636,118
SHAPE_10533572,12.3679813,-1.5309721,119
SHAPE_10533572,12.3679785,-1.5309804,120
SHAPE_10533572,12.3679748,-1.5309883,121
SHAPE_10533572,12.3679703,-1.5309958,122
SHAPE_10533572,12.3679651,-1.5310027,123
SHAPE_10533572,12.3679591,-1.531009,124
SHAPE_10533572,12.3679525,-1.5310145,125
SHAPE_10533572,12.3679453,-1.5310193,126
SHAPE_10533572,12.3679376,-1.5310232,127
SHAPE_10533572,12.3679296,-1.5310262,128
SHAPE_10533572,12.3679213,-1.5310283,129
SHAPE_10533572,12.3679128,-1.5310295,130
SHAPE_10533572,12.3679043,-1.5310297,131
SHAPE_10533572,12.3678933,-1.5310285,132
SHAPE_10533572,12.3678474,-1.5310891,133
SHAPE_10533572,12.3677975,-1.5311545,134
SHAPE_10533572,12.3677055,-1.531245,135
SHAPE_10533572,12.3675743,-1.5313463,136
SHAPE_10533572,12.3675581,-1.531367,137
SHAPE_10533572,12.3674134,-1.5315121,138
SHAPE_10533572,12.3672056,-1.5317471,139
SHAPE_10533572,12.3669933,-1.5319518,140
SHAPE_10533572,12.3668048,-1.5321493,141
SHAPE_10533572,12.3658586,-1.533148,142
SHAPE_10533572,12.3654955,-1.5335409,143
SHAPE_10533572,12.3654591,-1.5335794,144
SHAPE_10533572,12.3651544,-1.533912,145
SHAPE_10533572,12.3651009,-1.5339756,146
SHAPE_10533572,12.365012,-1.534103,147
SHAPE_10533572,12.3650031,-1.5341307,148
SHAPE_10533572,12.3649893,-1.5341563,149
SHAPE_10533572,12.3649712,-1.5341787,150
SHAPE_10533572,12.3649492,-1.5341974,151
SHAPE_10533572,12.3649243,-1.5342115,152
SHAPE_10533572,12.3648968,-1.5342208,153
SHAPE_10533572,12.364868,-1.5342246,154
SHAPE_10533572,12.3648391,-1.5342227,155
SHAPE_10533572,12.364811,-1.5342153,156
SHAPE_10533572,12.3647848,-1.5342026,157
SHAPE_10533572,12.3647615,-1.5341851,158
SHAPE_10533572,12.3647417,-1.5341633,159
SHAPE_10533572,12.3647264,-1.5341382,160
SHAPE_10533572,12.3647159,-1.5341105,161
SHAPE_10533572,12.3647108,-1.5340813,162
SHAPE_10533572,12.3647088,-1.5340629,163
SHAPE_10533572,12.364662,-1.5340337,164
SHAPE_10533572,12.3646222,-1.5340011,165
SHAPE_10533572,12.3645486,-1.5339432,166
SHAPE_10533572,12.3644869,-1.5338926,167
SHAPE_10533572,12.3639447,-1.5337838,168
SHAPE_10533572,12.3636422,-1.5337276,169
SHAPE_10533572,12.363456,-1.5336957,170
SHAPE_10533572,12.3633184,-1.5336728,171
SHAPE_10533572,12.362756,-1.5335724,172
SHAPE_10533572,12.3621665,-1.5334758,173
SHAPE_10533572,12.3615995,-1.5333797,174
SHAPE_10533572,12.3611505,-1.5333034,175
SHAPE_10533572,12.3610377,-1.5332853,176
SHAPE_10533572,12.3600264,-1.5331182,177
SHAPE_10533572,12.3591028,-1.5329621,178
SHAPE_10533572,12.3585706,-1.5328712,179
SHAPE_10533572,12.3579585,-1.5327662,180
SHAPE_10533572,12.3575212,-1.5327133,181
SHAPE_10533572,12.3569946,-1.5326044,182
SHAPE_10533572,12.3566095,-1.5325374,183
SHAPE_10533572,12.3562074,-1.5324554,184
SHAPE_10533572,12.3559847,-1.5324185,185
SHAPE_10533572,12.3558968,-1.5324039,186
SHAPE_10533572,12.3557803,-1.5323897,187
SHAPE_10533572,12.3553431,-1.5323145,188
SHAPE_10533572,12.3548378,-1.5322271,189
SHAPE_10533572,12.3543093,-1.5321344,190
SHAPE_10533572,12.3537964,-1.5320395,191
SHAPE_10533572,12.3535376,-1.5319987,192
SHAPE_10533572,12.3532824,-1.5319582,193
SHAPE_10533572,12.3527555,-1.5318693,194
SHAPE_10533572,12.3522702,-1.5317784,195
SHAPE_10533572,12.3517497,-1.5316915,196
SHAPE_10533572,12.3515553,-1.5316585,197
SHAPE_10533572,12.3514206,-1.5316392,198
SHAPE_10533572,12.351237,-1.5316057,199
SHAPE_10533572,12.3507124,-1.5315218,200
SHAPE_10533572,12.350041,-1.5313927,201
SHAPE_10533572,12.3497964,-1.5313556,202
SHAPE_10533572,12.3494508,-1.5312909,203
SHAPE_10533572,12.348827,-1.5311797,204
SHAPE_10533572,12.3484905,-1.5311292,205
SHAPE_10533572,12.3482551,-1.5311114,206
SHAPE_10533572,12.3480809,-1.5311054,207
SHAPE_10533572,12.3478728,-1.5312165,208
SHAPE_10533572,12.3471569,-1.5315987,209
SHAPE_10533572,12.3466672,-1.531871,210
SHAPE_10533572,12.3460282,-1.5322458,211
SHAPE_10533572,12.3459533,-1.5322739,212
SHAPE_10533572,12.3458815,-1.5322887,213
SHAPE_10533572,12.3453242,-1.532245,214
SHAPE_10533572,12.3446799,-1.532227,215
SHAPE_10533572,12.3441556,-1.532188,216
SHAPE_10533572,12.3440837,-1.5321803,217
SHAPE_10533572,12.3436113,-1.5321562,218
SHAPE_10533572,12.3434583,-1.5321524,219
SHAPE_10533572,12.3428394,-1.5321133,220
SHAPE_10533572,12.3410234,-1.5320017,221
SHAPE_10533572,12.3409112,-1.5319972,222
SHAPE_10533572,12.3407862,-1.5320028,223
SHAPE_10533572,12.3406919,-1.532028,224
SHAPE_10533572,12.3405822,-1.5320695,225
SHAPE_10533572,12.3401865,-1.5321942,226
SHAPE_10533572,12.3400971,-1.532214,227
SHAPE_10533572,12.3400081,-1.5322014,228
SHAPE_10533572,12.3399135,-1.5321719,229
SHAPE_10533572,12.3391938,-1.5318732,230
SHAPE_10533572,12.3383428,-1.5315195,231
SHAPE_10533572,12.3375643,-1.5312082,232
SHAPE_10533572,12.3373262,-1.5311132,233
SHAPE_10533572,12.3369835,-1.5309789,234
SHAPE_10533572,12.3366956,-1.5308569,235
SHAPE_10533572,12.3364552,-1.5307495,236
SHAPE_10533572,12.3363671,-1.5307201,237
SHAPE_10533572,12.3362767,-1.530705,238
SHAPE_10533572,12.3358811,-1.5307429,239
SHAPE_10533572,12.3354442,-1.5308001,240
SHAPE_10533572,12.3349634,-1.5308701,241
SHAPE_10533572,12.334907,-1.5308783,242
SHAPE_10533572,12.3345739,-1.5309152,243
SHAPE_10533572,12.3341787,-1.5309601,244
SHAPE_10533572,12.3340214,-1.530978,245
SHAPE_10533572,12.333922,-1.5309907,246
SHAPE_10533572,12.3338276,-1.5304762,247
SHAPE_10533572,12.3337559,-1.5300845,248
SHAPE_10533572,12.3336079,-1.5293124,249
SHAPE_10533572,12.3335067,-1.5287913,250
SHAPE_10533572,12.3334456,-1.5284909,251
SHAPE_10533572,12.3334139,-1.5283343,252
SHAPE_10533572,12.3333212,-1.5278604,253
SHAPE_10533572,12.3331998,-1.5272524,254
SHAPE_10533572,12.3330861,-1.5266334,255
SHAPE_10533572,12.3329885,-1.5265054,256
SHAPE_10533572,12.3329315,-1.5264477,257
SHAPE_10533572,12.3328627,-1.5263901,258
SHAPE_10533572,12.3327869,-1.5263386,259
SHAPE_10533572,12.3327039,-1.5262978,260
SHAPE_10533572,12.3326117,-1.5262675,261
SHAPE_10533572,12.3325254,-1.5262569,262
SHAPE_10533572,12.3322921,-1.5262789,263
SHAPE_10533572,12.3321795,-1.5263065,264
SHAPE_10533572,12.3319603,-1.5263445,265
SHAPE_10533572,12.3316281,-1.526425,266
SHAPE_10533572,12.3304792,-1.5266957,267
SHAPE_10533572,12.3299928,-1.526819,268
SHAPE_10533572,12.3295716,-1.5269243,269
SHAPE_10533572,12.3276231,-1.5274089,270
SHAPE_10533572,12.3274529,-1.5274518,271
SHAPE_10533572,12.3273425,-1.5274791,272
SHAPE_10533572,12.326833,-1.5275763,273
SHAPE_10533572,12.3259463,-1.5277925,274
SHAPE_10533572,12.3253843,-1.5279094,275
SHAPE_10533572,12.3251627,-1.5279537,276
SHAPE_10533572,12.324223,-1.5281216,277
SHAPE_10533572,12.3240943,-1.5281416,278
SHAPE_10533572,12.3228167,-1.5283587,279
SHAPE_10533572,12.3228009,-1.5283614,280
SHAPE_10533572,12.3223472,-1.5284172,281
SHAPE_10533572,12.3219626,-1.5284662,282
SHAPE_10533572,12.3216823,-1.5285076,283
SHAPE_10533572,12.3213627,-1.5285255,284
SHAPE_10533572,12.3209771,-1.528544,285
SHAPE_10533572,12.3205702,-1.528551,286
SHAPE_10533572,12.3199487,-1.5285638,287
SHAPE_10533572,12.3192465,-1.5285623,288
SHAPE_10533572,12.3189129,-1.5285563,289
SHAPE_10533572,12.3184115,-1.528555,290
SHAPE_10533572,12.317975,-1.5285538,291
SHAPE_10533572,12.3177717,-1.5285538,292
SHAPE_10533572,12.3177497,-1.528554,293
SHAPE_10533572,12.3176843,-1.5285547,294
SHAPE_10533572,12.3175441,-1.5285453,295
SHAPE_10533572,12.3174467,-1.5285468,296
SHAPE_10533572,12.3174412,-1.5286967,297
SHAPE_10533572,12.3174324,-1.5290524,298
SHAPE_10533572,12.3174281,-1.5292736,299
SHAPE_10533572,12.3174245,-1.5295552,300
SHAPE_10533572,12.3174207,-1.5298703,301
SHAPE_10533572,12.3174196,-1.5299437,302
SHAPE_10533572,12.317417,-1.5300175,303
SHAPE_10533572,12.3174085,-1.530445,304
SHAPE_10533572,12.3174048,-1.5308819,305
SHAPE_10533572,12.3174078,-1.5312894,306
SHAPE_10533572,12.3174028,-1.5314606,307
SHAPE_10533572,12.3174122,-1.5319635,308
SHAPE_10533572,12.3174209,-1.5320711,309
SHAPE_10533572,12.3174308,-1.5321522,310
SHAPE_10533572,12.3174498,-1.5322414,311
SHAPE_10533572,12.3174714,-1.5323333,312
SHAPE_10533572,12.3177109,-1.5331711,313
SHAPE_10533572,12.3177414,-1.5332777,314
SHAPE_10533572,12.3181935,-1.5348802,315
SHAPE_10533572,12.3183499,-1.5354122,316
SHAPE_10533572,12.3183703,-1.5354776,317
SHAPE_10533572,12.3186752,-1.5365443,318
SHAPE_10533572,12.3191491,-1.5382355,319
SHAPE_10533572,12.3192874,-1.5387276,320
SHAPE_10533572,12.3194286,-1.5392262,321
SHAPE_10533572,12.3194972,-1.5394609,322
SHAPE_10533572,12.3195461,-1.53963,323
SHAPE_10533572,12.31964,-1.53995,324
SHAPE_10533572,12.319704,-1.5401667,325
SHAPE_10533572,12.3197526,-1.5403364,326
SHAPE_10533572,12.3198285,-1.5405945,327
SHAPE_10533572,12.3199091,-1.5408687,328
SHAPE_10533572,12.3200834,-1.5415041,329
SHAPE_10533572,12.3201297,-1.5416617,330
SHAPE_10533572,12.3202687,-1.5421581,331
SHAPE_10533572,12.3203053,-1.5422816,332
SHAPE_10533572,12.3203318,-1.5423709,333
SHAPE_10533572,12.3205939,-1.5432554,334
SHAPE_10533572,12.3206289,-1.54338,335
SHAPE_10533572,12.321002,-1.5446967,336
SHAPE_10533572,12.3211458,-1.5451986,337
SHAPE_10533572,12.3212888,-1.5457322,338
SHAPE_10533572,12.321383,-1.5460836,339
SHAPE_10533572,12.3214278,-1.5462506,340
SHAPE_10533572,12.3216442,-1.5469856,341
SHAPE_10533572,12.3217655,-1.5473975,342
SHAPE_10533572,12.3220269,-1.5483585,343
SHAPE_10533572,12.3220702,-1.5485167,344
SHAPE_10533572,12.3221018,-1.5486345,345
SHAPE_10533572,12.3221646,-1.5488558,346
SHAPE_10533572,12.3223113,-1.5493659,347
SHAPE_10533572,12.3225439,-1.5501179,348
SHAPE_10533572,12.3226352,-1.5504199,349
SHAPE_10533572,12.322717,-1.5506808,350
SHAPE_10533572,12.3227431,-1.5507674,351
SHAPE_10533572,12.322756,-1.5508127,352
SHAPE_10533572,12.3229663,-1.5515509,353
SHAPE_10533572,12.323157,-1.5522349,354
SHAPE_10533572,12.3226389,-1.5523761,355
SHAPE_10533572,12.3220967,-1.5525216,356
SHAPE_10533572,12.3218795,-1.5525854,357
SHAPE_10533572,12.321561,-1.5526789,358
SHAPE_10533572,12.3210831,-1.5528192,359
SHAPE_10533572,12.3208511,-1.5528904,360
SHAPE_10533572,12.3206108,-1.5529603,361
SHAPE_10533572,12.3205612,-1.5529751,362
SHAPE_10533572,12.3202982,-1.553054,363
SHAPE_10533572,12.3201071,-1.5531108,364
SHAPE_10533572,12.3197938,-1.5532082,365
SHAPE_10533572,12.3193444,-1.5533464,366
SHAPE_10533572,12.3190102,-1.5534469,367
SHAPE_10533572,12.3187862,-1.553514,368
SHAPE_10533572,12.3185726,-1.5535784,369
SHAPE_10533572,12.3183106,-1.5536562,370
SHAPE_10533572,12.3180996,-1.5537179,371
SHAPE_10533572,12.3175834,-1.5538721,372
SHAPE_10533572,12.3172441,-1.5539713,373
SHAPE_10533572,12.3169859,-1.5540437,374
SHAPE_10533572,12.3167095,-1.5541242,375
SHAPE_10533572,12.3164238,-1.5542087,376
SHAPE_10533572,12.3161893,-1.5542771,377
SHAPE_10533572,12.3159862,-1.5543374,378
SHAPE_10533572,12.3157334,-1.5544112,379
SHAPE_10533572,12.3155041,-1.5544796,380
SHAPE_10533572,12.3148909,-1.5546633,381
SHAPE_10533572,12.3145188,-1.5547746,382
SHAPE_10533572,12.3141794,-1.5548725,383
SHAPE_10533572,12.3139789,-1.5549289,384
SHAPE_10533572,12.3136658,-1.5550227,385
SHAPE_10533572,12.3134155,-1.5550965,386
SHAPE_10533572,12.3133039,-1.5551318,387
SHAPE_10533572,12.3128403,-1.5552682,388
SHAPE_10533572,12.3124564,-1.5553795,389
SHAPE_10533572,12.3121393,-1.5554868,390
SHAPE_10533572,12.3120723,-1.5555079,391
SHAPE_10533572,12.3118435,-1.5555798,392
SHAPE_10533572,12.3115039,-1.5557081,393
SHAPE_10533572,12.3109889,-1.555932,394
SHAPE_10533572,12.3107241,-1.5560565,395
SHAPE_10533572,12.3106522,-1.5560903,396
SHAPE_10533572,12.3102919,-1.5562552,397
SHAPE_10533572,12.3100639,-1.5563692,398
SHAPE_10533572,12.3098137,-1.5564881,399
SHAPE_10533572,12.3096511,-1.5565677,400
SHAPE_10533572,12.3095044,-1.556624,401
SHAPE_10533572,12.3092342,-1.5567637,402
SHAPE_10533572,12.3091021,-1.5568185,403
SHAPE_10533572,12.3085982,-1.5570495,404
SHAPE_10533572,12.3081477,-1.5572535,405
SHAPE_10533572,12.3076556,-1.5574998,406
SHAPE_10533572,12.3072089,-1.557708,407
SHAPE_10533572,12.3069414,-1.5578324,408
SHAPE_10533572,12.3065128,-1.5580431,409
SHAPE_10533572,12.3062012,-1.5581757,410
SHAPE_10533572,12.3058675,-1.5583269,411
SHAPE_10533572,12.305788,-1.5583642,412
SHAPE_10533572,12.3056543,-1.5584328,413
SHAPE_10533572,12.3055192,-1.5584908,414
SHAPE_10533572,12.3053643,-1.5585632,415
SHAPE_10533572,12.3053198,-1.5585833,416
SHAPE_10533572,12.304697,-1.558861,417
SHAPE_10533572,12.3040248,-1.5591659,418
SHAPE_10533572,12.3038374,-1.5592593,419
SHAPE_10533572,12.3035754,-1.5593929,420
SHAPE_10533572,12.3034528,-1.5594437,421
SHAPE_10533572,12.3033061,-1.5595101,422
SHAPE_10533572,12.3030958,-1.55961,423
SHAPE_10533572,12.3029294,-1.5597019,424
SHAPE_10533572,12.3025612,-1.5599245,425
SHAPE_10533572,12.3023593,-1.5600774,426
SHAPE_10533572,12.3020659,-1.5603483,427
SHAPE_10533572,12.3018352,-1.5605468,428
SHAPE_10533572,12.3016911,-1.5606822,429
SHAPE_10533572,12.3015444,-1.560811,430
SHAPE_10533572,12.3013557,-1.5609839,431
SHAPE_10533572,12.3010452,-1.561283,432
SHAPE_10533572,12.300732,-1.5615633,433
SHAPE_10533572,12.3003284,-1.5619261,434
SHAPE_10533572,12.2998593,-1.5623707,435
SHAPE_10533572,12.2994267,-1.5627625,436
SHAPE_10533572,12.2989173,-1.5632397,437
SHAPE_10533572,12.2986084,-1.5635286,438
SHAPE_10533572,12.2984302,-1.5636987,439
SHAPE_10533572,12.2982734,-1.5638483,440
SHAPE_10533572,12.2982176,-1.5639016,441
SHAPE_10533572,12.2980827,-1.5640173,442
SHAPE_10533572,12.2980053,-1.5640891,443
SHAPE_10533572,12.2975924,-1.5644718,444
SHAPE_10533572,12.2975289,-1.5645307,445
SHAPE_10533572,12.2973813,-1.5646668,446
SHAPE_10533572,12.2972948,-1.5647503,447
SHAPE_10533572,12.2971148,-1.5649127,448
SHAPE_10533572,12.2967613,-1.5652552,449
SHAPE_10533572,12.296204,-1.5657571,450
SHAPE_10533572,12.2958241,-1.5660976,451
SHAPE_10533572,12.2949351,-1.5669331,452
SHAPE_10533572,12.2942253,-1.5675884,453
SHAPE_10533572,12.2941554,-1.5676694,454
SHAPE_10533572,12.294065,-1.5677941,455
SHAPE_10533572,12.2940178,-1.5678947,456
SHAPE_10533572,12.2939837,-1.5679966,457
SHAPE_10533572,12.2939617,-1.5681795,458
SHAPE_10533572,12.2939941,-1.5682966,459
SHAPE_10533572,12.2940074,-1.5684175,460
SHAPE_10533572,12.2940015,-1.568539,461
SHAPE_10533572,12.2939939,-1.5685866,462
SHAPE_10533572,12.2939668,-1.5686885,463
SHAPE_10533572,12.2939197,-1.5687977,464
SHAPE_10533572,12.2938562,-1.5688978,465
SHAPE_10533572,12.293778,-1.5689864,466
SHAPE_10533572,12.2936461,-1.5690877,467
SHAPE_10533572,12.2934954,-1.5691563,468
SHAPE_10533572,12.2933335,-1.5691886,469
SHAPE_10533572,12.293167,-1.5691827,470
SHAPE_10533572,12.2930061,-1.5691385,471
SHAPE_10533572,12.2928591,-1.5690583,472
SHAPE_10533572,12.2927213,-1.5689318,473
SHAPE_10626777,12.4290364,-1.4691538,1
SHAPE_10626777,12.428936,-1.4693356,2
SHAPE_10626777,12.4288747,-1.4694928,3
SHAPE_10626777,12.4288522,-1.4696628,4
SHAPE_10626777,12.4288443,-1.4698425,5
SHAPE_10626777,12.4288889,-1.4700785,6
SHAPE_10626777,12.4289864,-1.4702926,7
SHAPE_10626777,12.4290364,-1.4691538,8
SHAPE_10626777,12.4289961,-1.4691203,9
SHAPE_10626777,12.4289373,-1.4690714,10
SHAPE_10626777,12.4281622,-1.4684017,11
SHAPE_10626777,12.4258193,-1.4663773,12
SHAPE_10626777,12.4243258,-1.465087,13
SHAPE_10626777,12.4240339,-1.4654182,14
SHAPE_10626777,12.4239886,-1.4654717,15
SHAPE_10626777,12.4237189,-1.4658007,16
SHAPE_10626777,12.4236526,-1.4658796,17
SHAPE_10626777,12.4229421,-1.4667261,18
SHAPE_10626777,12.4228134,-1.4669066,19
SHAPE_10626777,12.4225655,-1.4672203,20
SHAPE_10626777,12.4222801,-1.4675814,21
SHAPE_10626777,12.4219066,-1.4680299,22
SHAPE_10626777,12.421772,-1.4681876,23
SHAPE_10626777,12.4215254,-1.4684765,24
SHAPE_10626777,12.4214604,-1.4685485,25
SHAPE_10626777,12.4211334,-1.4689339,26
SHAPE_10626777,12.4208854,-1.4692128,27
SHAPE_10626777,12.420085,-1.4701898,28
SHAPE_10626777,12.4199543,-1.4703521,29
SHAPE_10626777,12.4196782,-1.4706724,30
SHAPE_10626777,12.4191848,-1.4712356,31
SHAPE_10626777,12.4190799,-1.471357,32
SHAPE_10626777,12.4189436,-1.4715248,33
SHAPE_10626777,12.4183917,-1.47218,34
SHAPE_10626777,12.4181229,-1.4725329,35
SHAPE_10626777,12.4174845,-1.4733169,36
SHAPE_10626777,12.4170405,-1.4738622,37
SHAPE_10626777,12.4163509,-1.4746982,38
SHAPE_10626777,12.4157366,-1.475443,39
SHAPE_10626777,12.4156661,-1.4755247,40
SHAPE_10626777,12.4154935,-1.4757189,41
SHAPE_10626777,12.4154271,-1.4757939,42
SHAPE_10626777,12.4149169,-1.4763563,43
SHAPE_10626777,12.4147166,-1.4765859,44
SHAPE_10626777,12.4145751,-1.4767465,45
SHAPE_10626777,12.414105,-1.4772786,46
SHAPE_10626777,12.4139005,-1.4775137,47
SHAPE_10626777,12.4138792,-1.4775568,48
SHAPE_10626777,12.4138612,-1.4776075,49
SHAPE_10626777,12.4138534,-1.4776856,50
SHAPE_10626777,12.4138663,-1.4777246,51
SHAPE_10626777,12.4138758,-1.4777651,52
SHAPE_10626777,12.4138741,-1.4778054,53
SHAPE_10626777,12.4138691,-1.4778454,54
SHAPE_10626777,12.4138584,-1.4778842,55
SHAPE_10626777,12.4138443,-1.477921,56
SHAPE_10626777,12.4138207,-1.4779547,57
SHAPE_10626777,12.4137946,-1.4779849,58
SHAPE_10626777,12.4137651,-1.47801,59
SHAPE_10626777,12.4137307,-1.4780317,60
SHAPE_10626777,12.4136944,-1.4780473,61
SHAPE_10626777,12.4136563,-1.4780571,62
SHAPE_10626777,12.4136171,-1.4780611,63
SHAPE_10626777,12.4135861,-1.4780599,64
SHAPE_10626777,12.4135554,-1.4780551,65
SHAPE_10626777,12.4135165,-1.4780432,66
SHAPE_10626777,12.4134798,-1.4780254,67
SHAPE_10626777,12.4134462,-1.4780019,68
SHAPE_10626777,12.4134166,-1.4779735,69
SHAPE_10626777,12.4133915,-1.4779407,70
SHAPE_10626777,12.4133717,-1.4779044,71
SHAPE_10626777,12.4133631,-1.4778828,72
SHAPE_10626777,12.4133563,-1.4778605,73
SHAPE_10626777,12.4133122,-1.4778294,74
SHAPE_10626777,12.4132807,-1.4778112,75
SHAPE_10626777,12.4132417,-1.4777899,76
SHAPE_10626777,12.4131878,-1.4777679,77
SHAPE_10626777,12.4131365,-1.4777435,78
SHAPE_10626777,12.4130733,-1.4777055,79
SHAPE_10626777,12.4130078,-1.4776535,80
SHAPE_10626777,12.4128819,-1.4775115,81
SHAPE_10626777,12.4124752,-1.4770232,82
SHAPE_10626777,12.4116157,-1.4760092,83
SHAPE_10626777,12.411326,-1.4756713,84
SHAPE_10626777,12.4111301,-1.4754728,85
SHAPE_10626777,12.4109778,-1.4753129,86
SHAPE_10626777,12.4107925,-1.4751938,87
SHAPE_10626777,12.4106589,-1.4750997,88
SHAPE_10626777,12.4104135,-1.4749422,89
SHAPE_10626777,12.410183,-1.474819,90
SHAPE_10626777,12.4100102,-1.4747397,91
SHAPE_10626777,12.4098393,-1.4746708,92
SHAPE_10626777,12.4096356,-1.4745957,93
SHAPE_10626777,12.4094593,-1.474542,94
SHAPE_10626777,12.4092883,-1.4744938,95
SHAPE_10626777,12.4083176,-1.4742446,96
SHAPE_10626777,12.4060877,-1.4736821,97
SHAPE_10626777,12.4057221,-1.473602,98
SHAPE_10626777,12.40459,-1.4733059,99
SHAPE_10626777,12.4042564,-1.4732236,100
SHAPE_10626777,12.4040043,-1.473161,101
SHAPE_10626777,12.4028342,-1.4728573,102
SHAPE_10626777,12.4019972,-1.4726537,103
SHAPE_10626777,12.4017265,-1.4725859,104
SHAPE_10626777,12.4009401,-1.4723774,105
SHAPE_10626777,12.4005525,-1.4722806,106
SHAPE_10626777,12.4001591,-1.472187,107
SHAPE_10626777,12.3994409,-1.472008,108
SHAPE_10626777,12.398227,-1.4717056,109
SHAPE_10626777,12.3966926,-1.4713367,110
SHAPE_10626777,12.3965995,-1.4713169,111
SHAPE_10626777,12.3965609,-1.471307,112
SHAPE_10626777,12.3965078,-1.4713047,113
SHAPE_10626777,12.3963683,-1.4712916,114
SHAPE_10626777,12.3960107,-1.4712299,115
SHAPE_10626777,12.3959154,-1.4712149,116
SHAPE_10626777,12.3950534,-1.4710146,117
SHAPE_10626777,12.394666,-1.4709207,118
SHAPE_10626777,12.3930328,-1.4704864,119
SHAPE_10626777,12.3929912,-1.4704797,120
SHAPE_10626777,12.3929559,-1.470471,121
SHAPE_10626777,12.3929207,-1.470457,122
SHAPE_10626777,12.3928872,-1.4704862,123
SHAPE_10626777,12.3928496,-1.4705099,124
SHAPE_10626777,12.392809,-1.4705273,125
SHAPE_10626777,12.392782,-1.4705882,126
SHAPE_10626777,12.3927612,-1.4706618,127
SHAPE_10626777,12.392735,-1.4707476,128
SHAPE_10626777,12.3926828,-1.4709656,129
SHAPE_10626777,12.392522,-1.471637,130
SHAPE_10626777,12.3923622,-1.4722807,131
SHAPE_10626777,12.3922213,-1.4728163,132
SHAPE_10626777,12.3921762,-1.4729781,133
SHAPE_10626777,12.3920109,-1.4735507,134
SHAPE_10626777,12.391827,-1.4741166,135
SHAPE_10626777,12.3916724,-1.4747456,136
SHAPE_10626777,12.3916322,-1.4748944,137
SHAPE_10626777,12.391401,-1.4757418,138
SHAPE_10626777,12.3912112,-1.476545,139
SHAPE_10626777,12.3910382,-1.4772734,140
SHAPE_10626777,12.39103,-1.4773576,141
SHAPE_10626777,12.391052,-1.477382,142
SHAPE_10626777,12.3910682,-1.4774108,143
SHAPE_10626777,12.3910775,-1.4774425,144
SHAPE_10626777,12.3910798,-1.4774757,145
SHAPE_10626777,12.3910742,-1.4775104,146
SHAPE_10626777,12.3910607,-1.4775428,147
SHAPE_10626777,12.3910401,-1.477571,148
SHAPE_10626777,12.3910135,-1.4775934,149
SHAPE_10626777,12.3909825,-1.4776087,150
SHAPE_10626777,12.3908662,-1.4780648,151
SHAPE_10626777,12.3905712,-1.4792106,152
SHAPE_10626777,12.3902427,-1.4804868,153
SHAPE_10626777,12.3902231,-1.4806451,154
SHAPE_10626777,12.3902286,-1.4807953,155
SHAPE_10626777,12.3902454,-1.4808234,156
SHAPE_10626777,12.3902557,-1.4808547,157
SHAPE_10626777,12.390259,-1.4808876,158
SHAPE_10626777,12.390255,-1.4809203,159
SHAPE_10626777,12.390244,-1.4809513,160
SHAPE_10626777,12.3902265,-1.4809791,161
SHAPE_10626777,12.3902035,-1.4810022,162
SHAPE_10626777,12.390176,-1.4810194,163
SHAPE_10626777,12.3901209,-1.4811011,164
SHAPE_10626777,12.3900829,-1.481211,165
SHAPE_10626777,12.3899546,-1.4816884,166
SHAPE_10626777,12.3897654,-1.4825255,167
SHAPE_10626777,12.3895183,-1.4836679,168
SHAPE_10626777,12.3886907,-1.4870705,169
SHAPE_10626777,12.3884203,-1.488399,170
SHAPE_10626777,12.3882085,-1.489196,171
SHAPE_10626777,12.388154,-1.4894423,172
SHAPE_10626777,12.387919,-1.4903842,173
SHAPE_10626777,12.3878913,-1.4906444,174
SHAPE_10626777,12.387894,-1.4907079,175
SHAPE_10626777,12.3878865,-1.4907449,176
SHAPE_10626777,12.3878682,-1.490778,177
SHAPE_10626777,12.38749,-1.4924359,178
SHAPE_10626777,12.3872053,-1.4936266,179
SHAPE_10626777,12.3869673,-1.4946339,180
SHAPE_10626777,12.3865542,-1.4962984,181
SHAPE_10626777,12.3864767,-1.4967152,182
SHAPE_10626777,12.3864977,-1.4967486,183
SHAPE_10626777,12.3865075,-1.496787,184
SHAPE_10626777,12.386505,-1.4968267,185
SHAPE_10626777,12.3864906,-1.4968636,186
SHAPE_10626777,12.3864656,-1.496894,187
SHAPE_10626777,12.3864325,-1.4969149,188
SHAPE_10626777,12.386407,-1.4969226,189
SHAPE_10626777,12.3863804,-1.4969244,190
SHAPE_10626777,12.386354,-1.4969203,191
SHAPE_10626777,12.3863291,-1.4969105,192
SHAPE_10626777,12.3863069,-1.4968954,193
SHAPE_10626777,12.3862884,-1.4968758,194
SHAPE_10626777,12.3861075,-1.4967621,195
SHAPE_10626777,12.3859097,-1.4967155,196
SHAPE_10626777,12.3856189,-1.4966458,197
SHAPE_10626777,12.3845546,-1.496399,198
SHAPE_10626777,12.3843142,-1.4963993,199
SHAPE_10626777,12.3834753,-1.4964003,200
SHAPE_10626777,12.3823891,-1.4964241,201
SHAPE_10626777,12.3819871,-1.4964423,202
SHAPE_10626777,12.3811449,-1.496473,203
SHAPE_10626777,12.3810701,-1.4964759,204
SHAPE_10626777,12.3807608,-1.4964933,205
SHAPE_10626777,12.3806296,-1.4964995,206
SHAPE_10626777,12.3800326,-1.4965158,207
SHAPE_10626777,12.3794067,-1.4965232,208
SHAPE_10626777,12.3789307,-1.4965445,209
SHAPE_10626777,12.3786225,-1.4965531,210
SHAPE_10626777,12.378115,-1.4965798,211
SHAPE_10626777,12.3780442,-1.4965835,212
SHAPE_10626777,12.3779467,-1.4965877,213
SHAPE_10626777,12.3778891,-1.4965902,214
SHAPE_10626777,12.3778272,-1.4965929,215
SHAPE_10626777,12.3762101,-1.4966876,216
SHAPE_10626777,12.3761124,-1.4967121,217
SHAPE_10626777,12.3759984,-1.4967356,218
SHAPE_10626777,12.3755219,-1.4968474,219
SHAPE_10626777,12.3743706,-1.4972151,220
SHAPE_10626777,12.3737146,-1.4974256,221
SHAPE_10626777,12.3733285,-1.4975289,222
SHAPE_10626777,12.3732552,-1.4975403,223
SHAPE_10626777,12.3726221,-1.4975879,224
SHAPE_10626777,12.3721507,-1.4976003,225
SHAPE_10626777,12.3714687,-1.4976252,226
SHAPE_10626777,12.3710309,-1.4976332,227
SHAPE_10626777,12.3709749,-1.4976329,228
SHAPE_10626777,12.3705753,-1.4976402,229
SHAPE_10626777,12.3705024,-1.4976395,230
SHAPE_10626777,12.3698385,-1.4976692,231
SHAPE_10626777,12.3693934,-1.4976875,232
SHAPE_10626777,12.3692534,-1.4976932,233
SHAPE_10626777,12.3688873,-1.4977131,234
SHAPE_10626777,12.3686919,-1.4977237,235
SHAPE_10626777,12.3686035,-1.4977251,236
SHAPE_10626777,12.3678762,-1.4977479,237
SHAPE_10626777,12.3669529,-1.4977719,238
SHAPE_10626777,12.3667234,-1.4977811,239
SHAPE_10626777,12.3662791,-1.4977988,240
SHAPE_10626777,12.3660134,-1.4978094,241
SHAPE_10626777,12.3656416,-1.4978242,242
SHAPE_10626777,12.3655562,-1.4978275,243
SHAPE_10626777,12.3650469,-1.497847,244
SHAPE_10626777,12.3643939,-1.4978797,245
SHAPE_10626777,12.3637132,-1.4978988,246
SHAPE_10626777,12.3631264,-1.4979271,247
SHAPE_10626777,12.3625079,-1.4979399,248
SHAPE_10626777,12.3623489,-1.4979412,249
SHAPE_10626777,12.3621872,-1.4979425,250
SHAPE_10626777,12.3620509,-1.4979463,251
SHAPE_10626777,12.3616094,-1.4979712,252
SHAPE_10626777,12.3614783,-1.4979786,253
SHAPE_10626777,12.3612442,-1.4980513,254
SHAPE_10626777,12.3610652,-1.4981273,255
SHAPE_10626777,12.3610301,-1.4981763,256
SHAPE_10626777,12.3609819,-1.4982116,257
SHAPE_10626777,12.3609253,-1.4982297,258
SHAPE_10626777,12.3608659,-1.4982286,259
SHAPE_10626777,12.3608196,-1.4982137,260
SHAPE_10626777,12.3607786,-1.498187,261
SHAPE_10626777,12.3607457,-1.4981504,262
SHAPE_10626777,12.3607232,-1.4981063,263
SHAPE_10626777,12.3607124,-1.4980578,264
SHAPE_10626777,12.360615,-1.4979243,265
SHAPE_10626777,12.3605778,-1.4978663,266
SHAPE_10626777,12.3603714,-1.4975229,267
SHAPE_10626777,12.3601908,-1.4972098,268
SHAPE_10626777,12.3600064,-1.4968914,269
SHAPE_10626777,12.3598415,-1.4966056,270
SHAPE_10626777,12.3596679,-1.496323,271
SHAPE_10626777,12.3593563,-1.4957821,272
SHAPE_10626777,12.359154,-1.4954526,273
SHAPE_10626777,12.359011,-1.4951835,274
SHAPE_10626777,12.3589481,-1.4950485,275
SHAPE_10626777,12.358923,-1.495001,276
SHAPE_10626777,12.3588622,-1.4949021,277
SHAPE_10626777,12.3587965,-1.4947949,278
SHAPE_10626777,12.358673,-1.4945591,279
SHAPE_10626777,12.3584997,-1.4942653,280
SHAPE_10626777,12.3584698,-1.4942036,281
SHAPE_10626777,12.3582558,-1.4938485,282
SHAPE_10626777,12.3581914,-1.493727,283
SHAPE_10626777,12.3579699,-1.4933571,284
SHAPE_10626777,12.3579641,-1.4933364,285
SHAPE_10626777,12.3575245,-1.4925835,286
SHAPE_10626777,12.3573715,-1.4923214,287
SHAPE_10626777,12.357124,-1.4918997,288
SHAPE_10626777,12.3564504,-1.4907563,289
SHAPE_10626777,12.3561918,-1.4903016,290
SHAPE_10626777,12.3557423,-1.490587,291
SHAPE_10626777,12.3549396,-1.4911234,292
SHAPE_10626777,12.3544032,-1.4914962,293
SHAPE_10626777,12.3539503,-1.4917991,294
SHAPE_10626777,12.3535336,-1.492084,295
SHAPE_10626777,12.3534836,-1.4920122,296
SHAPE_10626777,12.3531993,-1.4915692,297
SHAPE_10626777,12.3528007,-1.490916,298
SHAPE_10626777,12.3527797,-1.4908819,299
SHAPE_10626777,12.3523429,-1.4902208,300
SHAPE_10626777,12.3519432,-1.4895959,301
SHAPE_10626777,12.351877,-1.4895,302
SHAPE_10626777,12.3515107,-1.4889296,303
SHAPE_10626777,12.3513433,-1.4886689,304
SHAPE_10626777,12.3512679,-1.4885515,305
SHAPE_10626777,12.3506552,-1.48894,306
SHAPE_10626777,12.3500325,-1.4893633,307
SHAPE_10626777,12.3495362,-1.4896967,308
SHAPE_10626795,12.3784766,-1.496494,1
SHAPE_10626795,12.3789243,-1.4964781,2
SHAPE_10626795,12.3795159,-1.4964509,3
SHAPE_10626795,12.3800176,-1.4964484,4
SHAPE_10626795,12.3805022,-1.4964384,5
SHAPE_10626795,12.3806257,-1.4964291,6
SHAPE_10626795,12.3809919,-1.496409,7
SHAPE_10626795,12.3811452,-1.4963985,8
SHAPE_10626795,12.3820074,-1.496365,9
SHAPE_10626795,12.3823911,-1.4963597,10
SHAPE_10626795,12.3784766,-1.496494,11
SHAPE_10626795,12.3781067,-1.4965072,12
SHAPE_10626795,12.3780732,-1.4965084,13
SHAPE_10626795,12.3780458,-1.4965096,14
SHAPE_10626795,12.3779356,-1.4965124,15
SHAPE_10626795,12.3779303,-1.4965126,16
SHAPE_10626795,12.3779218,-1.4965128,17
SHAPE_10626795,12.3778233,-1.4965154,18
SHAPE_10626795,12.3766555,-1.4965559,19
SHAPE_10626795,12.3763241,-1.4965701,20
SHAPE_10626795,12.37621,-1.496575,21
SHAPE_10626795,12.3761091,-1.4965852,22
SHAPE_10626795,12.3759594,-1.4966226,23
SHAPE_10626795,12.3755233,-1.4967573,24
SHAPE_10626795,12.3748382,-1.4969652,25
SHAPE_10626795,12.3743653,-1.4971343,26
SHAPE_10626795,12.3737069,-1.4973434,27
SHAPE_10626795,12.3735262,-1.4973949,28
SHAPE_10626795,12.3733595,-1.4974313,29
SHAPE_10626795,12.3732478,-1.4974585,30
SHAPE_10626795,12.3726211,-1.4974833,31
SHAPE_10626795,12.3721515,-1.4974942,32
SHAPE_10626795,12.3714697,-1.4975189,33
SHAPE_10626795,12.3710312,-1.4975386,34
SHAPE_10626795,12.3706251,-1.4975551,35
SHAPE_10626795,12.3705331,-1.4975604,36
SHAPE_10626795,12.3698369,-1.4975899,37
SHAPE_10626795,12.3696488,-1.4975971,38
SHAPE_10626795,12.3693752,-1.4976101,39
SHAPE_10626795,12.3690775,-1.4976168,40
SHAPE_10626795,12.3688989,-1.49763,41
SHAPE_10626795,12.3686887,-1.497636,42
SHAPE_10626795,12.3685999,-1.4976411,43
SHAPE_10626795,12.3684038,-1.4976494,44
SHAPE_10626795,12.3678747,-1.4976718,45
SHAPE_10626795,12.3674273,-1.4976847,46
SHAPE_10626795,12.3667206,-1.4977006,47
SHAPE_10626795,12.3662733,-1.4977193,48
SHAPE_10626795,12.3659078,-1.4977346,49
SHAPE_10626795,12.3655538,-1.4977495,50
SHAPE_10626795,12.3650474,-1.497766,51
SHAPE_10626795,12.3643912,-1.4977915,52
SHAPE_10626795,12.3639266,-1.497815,53
SHAPE_10626795,12.3637071,-1.4978232,54
SHAPE_10626795,12.3631224,-1.4978452,55
SHAPE_10626795,12.3625059,-1.497864,56
SHAPE_10626795,12.3621967,-1.4978697,57
SHAPE_10626795,12.3618046,-1.4979015,58
SHAPE_10626795,12.3616436,-1.4979017,59
SHAPE_10626795,12.3614417,-1.4979129,60
SHAPE_10626795,12.3611941,-1.4979114,61
SHAPE_10626795,12.3609554,-1.4978792,62
SHAPE_10626795,12.3609024,-1.4978792,63
SHAPE_10626795,12.3607689,-1.497826,64
SHAPE_10626795,12.3606812,-1.4977569,65
SHAPE_10626795,12.3605718,-1.4976402,66
SHAPE_10626795,12.3604569,-1.4974989,67
SHAPE_10626795,12.3600825,-1.4968611,68
SHAPE_10626795,12.3594521,-1.4957461,69
SHAPE_10626795,12.3593286,-1.4955139,70
SHAPE_10626795,12.3591158,-1.4951302,71
SHAPE_10626795,12.3592793,-1.4949787,72
SHAPE_10626795,12.3593381,-1.4949394,73
SHAPE_10626795,12.359388,-1.4948889,74
SHAPE_10626795,12.3594364,-1.4948094,75
SHAPE_10626795,12.359463,-1.4947198,76
SHAPE_10626795,12.3594657,-1.4946261,77
SHAPE_10626795,12.3594446,-1.4945349,78
SHAPE_10626795,12.3594009,-1.4944526,79
SHAPE_10626795,12.3593378,-1.4943847,80
SHAPE_10626795,12.3592596,-1.494336,81
SHAPE_10626795,12.3591717,-1.4943099,82
SHAPE_10626795,12.3590386,-1.4943157,83
SHAPE_10626795,12.3589114,-1.4943177,84
SHAPE_10626795,12.3587675,-1.4943224,85
SHAPE_10626795,12.3586442,-1.4943003,86
SHAPE_10626795,12.3585604,-1.4942668,87
SHAPE_10626795,12.3584698,-1.4942036,88
SHAPE_10626795,12.3582558,-1.4938485,89
SHAPE_10626795,12.3581914,-1.493727,90
SHAPE_10626795,12.3579699,-1.4933571,91
SHAPE_10626795,12.3579641,-1.4933364,92
SHAPE_10626795,12.3575245,-1.4925835,93
SHAPE_10626795,12.3573715,-1.4923214,94
SHAPE_10626795,12.357124,-1.4918997,95
SHAPE_10626795,12.3564504,-1.4907563,96
SHAPE_10626795,12.3561918,-1.4903016,97
SHAPE_10626795,12.3561479,-1.4902322,98
SHAPE_10626795,12.3548757,-1.491034,99
SHAPE_10626795,12.3541743,-1.4915416,100
SHAPE_10626795,12.3534836,-1.4920122,101
SHAPE_10626795,12.3531993,-1.4915692,102
SHAPE_10626795,12.3528007,-1.490916,103
SHAPE_10626795,12.3527797,-1.4908819,104
SHAPE_10626795,12.3523429,-1.4902208,105
SHAPE_10626795,12.3519432,-1.4895959,106
SHAPE_10626795,12.351877,-1.4895,107
SHAPE_10626795,12.3515107,-1.4889296,108
SHAPE_10626795,12.3513433,-1.4886689,109
SHAPE_10626795,12.3512679,-1.4885515,110
SHAPE_10626795,12.3512199,-1.4884784,111
SHAPE_10626795,12.3505923,-1.4888985,112
SHAPE_10626795,12.3496112,-1.4895611,113
SHAPE_10626795,12.3495007,-1.4896383,114
SHAPE_10626795,12.3494967,-1.489641,115
SHAPE_10626795,12.3493988,-1.4897085,116
SHAPE_10626795,12.3491957,-1.4898454,117
SHAPE_10626795,12.3490796,-1.4899237,118
SHAPE_10626795,12.348808,-1.4901067,119
SHAPE_10626795,12.3484155,-1.4903403,120
SHAPE_10626795,12.3478653,-1.490709,121
SHAPE_10626795,12.3468566,-1.4913881,122
SHAPE_10626795,12.3466828,-1.4915164,123
SHAPE_10626795,12.3457899,-1.4921367,124
SHAPE_10626795,12.34568,-1.492205,125
SHAPE_10626795,12.3446113,-1.4929048,126
SHAPE_10626795,12.344581,-1.4929239,127
SHAPE_10626795,12.344533,-1.4929567,128
SHAPE_10626795,12.3431374,-1.4939109,129
SHAPE_10626795,12.3418265,-1.4948006,130
SHAPE_10626795,12.3402664,-1.495826,131
SHAPE_10626795,12.3397288,-1.4961818,132
SHAPE_10626795,12.3391705,-1.4965625,133
SHAPE_10626795,12.3391013,-1.4966123,134
SHAPE_10626795,12.3388092,-1.4968147,135
SHAPE_10626795,12.3385181,-1.4970189,136
SHAPE_10626795,12.3382261,-1.4972237,137
SHAPE_10626795,12.3372754,-1.4978484,138
SHAPE_10626795,12.3368094,-1.4981507,139
SHAPE_10626795,12.33655,-1.4983136,140
SHAPE_10626795,12.3363474,-1.4984414,141
SHAPE_10626795,12.336072,-1.498585,142
SHAPE_10626795,12.3359467,-1.4986458,143
SHAPE_10626795,12.3357136,-1.498805,144
SHAPE_10626795,12.3355887,-1.498917,145
SHAPE_10626795,12.3355127,-1.4990056,146
SHAPE_10626795,12.3350613,-1.4995144,147
SHAPE_10626795,12.334645,-1.5000181,148
SHAPE_10626795,12.3345616,-1.5001241,149
SHAPE_10626795,12.3342119,-1.5006301,150
SHAPE_10626795,12.3339317,-1.5010848,151
SHAPE_10626795,12.3336261,-1.5016468,152
SHAPE_10626795,12.3335664,-1.5017634,153
SHAPE_10626795,12.3334973,-1.5018631,154
SHAPE_10626795,12.3333966,-1.5019809,155
SHAPE_10626795,12.3332851,-1.5020838,156
SHAPE_10626795,12.33319,-1.502167,157
SHAPE_10626795,12.3330552,-1.5022648,158
SHAPE_10626795,12.332886,-1.5023548,159
SHAPE_10626795,12.3326989,-1.5024153,160
SHAPE_10626795,12.3325194,-1.5024607,161
SHAPE_10626795,12.3324405,-1.5024768,162
SHAPE_10626795,12.332309,-1.5024887,163
SHAPE_10626795,12.3318337,-1.5025085,164
SHAPE_10626795,12.3312625,-1.5024629,165
SHAPE_10626795,12.3309559,-1.5024294,166
SHAPE_10626795,12.3308171,-1.5023932,167
SHAPE_10626795,12.3307057,-1.5023422,168
SHAPE_10626795,12.330635,-1.5022832,169
SHAPE_10626795,12.3305721,-1.5022,170
SHAPE_10626795,12.3305223,-1.5020472,171
SHAPE_10626795,12.3304902,-1.5018104,172
SHAPE_10626795,12.3304803,-1.5015751,173
SHAPE_10626795,12.3304987,-1.5014464,174
SHAPE_10626795,12.3305537,-1.5013512,175
SHAPE_10626795,12.3306087,-1.5012841,176
SHAPE_10626795,12.3306769,-1.5012251,177
SHAPE_10626795,12.3307502,-1.5011795,178
SHAPE_10626795,12.3308603,-1.5011419,179
SHAPE_10626795,12.3310149,-1.5011473,180
SHAPE_10626795,12.3311354,-1.5011862,181
SHAPE_10626795,12.331256,-1.5012774,182
SHAPE_10626795,12.3314079,-1.5014383,183
SHAPE_10626795,12.3315297,-1.5016189,184
SHAPE_10626795,12.33187,-1.5023307,185
SHAPE_10626795,12.3321021,-1.502833,186
SHAPE_10626795,12.3321157,-1.5028601,187
SHAPE_10626795,12.3321873,-1.5030204,188
SHAPE_10626795,12.3323262,-1.5033503,189
SHAPE_10626795,12.3323481,-1.5034053,190
SHAPE_10626795,12.3325174,-1.5039136,191
SHAPE_10626795,12.3326013,-1.5042059,192
SHAPE_10626795,12.3326857,-1.5045224,193
SHAPE_10626795,12.332751,-1.5048014,194
SHAPE_10626795,12.3328086,-1.5051072,195
SHAPE_10626795,12.3328425,-1.5053378,196
SHAPE_10626795,12.3328612,-1.5055417,197
SHAPE_10626795,12.3328732,-1.5057571,198
SHAPE_10626795,12.3328858,-1.5060737,199
SHAPE_10626795,12.3328896,-1.5064391,200
SHAPE_10626795,12.3328924,-1.5064996,201
SHAPE_10626795,12.3328937,-1.5067496,202
SHAPE_10626795,12.3328997,-1.507007,203
SHAPE_10626795,12.3329028,-1.5075775,204
SHAPE_10626795,12.3329204,-1.508451,205
SHAPE_10626795,12.3329489,-1.5093628,206
SHAPE_10626795,12.332921,-1.5129341,207
SHAPE_10626795,12.332911,-1.5135471,208
SHAPE_10626795,12.332909,-1.5136376,209
SHAPE_10626795,12.3329087,-1.5137335,210
SHAPE_10626795,12.3329006,-1.5138238,211
SHAPE_10626795,12.3328773,-1.5139528,212
SHAPE_10626795,12.3328276,-1.5140742,213
SHAPE_10626795,12.3328,-1.5140989,214
SHAPE_10626795,12.3327811,-1.514128,215
SHAPE_10626795,12.3327701,-1.5141611,216
SHAPE_10626795,12.3327675,-1.5141959,217
SHAPE_10626795,12.3327737,-1.5142302,218
SHAPE_10626795,12.3327881,-1.5142618,219
SHAPE_10626795,12.3328099,-1.5142887,220
SHAPE_10626795,12.3328491,-1.5144161,221
SHAPE_10626795,12.3328786,-1.5145013,222
SHAPE_10626795,12.3328956,-1.5145764,223
SHAPE_10626795,12.3329068,-1.5146595,224
SHAPE_10626795,12.3329105,-1.5147917,225
SHAPE_10626795,12.3329083,-1.5149536,226
SHAPE_10626795,12.332906,-1.5153377,227
SHAPE_10626795,12.3329041,-1.5154561,228
SHAPE_10626795,12.3329027,-1.515555,229
SHAPE_10626795,12.3329011,-1.5156902,230
SHAPE_10626795,12.3329005,-1.5157593,231
SHAPE_10626795,12.3328881,-1.5159882,232
SHAPE_10626795,12.3328935,-1.5162795,233
SHAPE_10626795,12.3329029,-1.5165262,234
SHAPE_10626795,12.3329102,-1.5168572,235
SHAPE_10626795,12.3329075,-1.516945,236
SHAPE_10626795,12.3326918,-1.5169694,237
SHAPE_10626795,12.3321071,-1.517051,238
SHAPE_10626795,12.3319266,-1.5170794,239
SHAPE_10626795,12.3315978,-1.5171403,240
SHAPE_10626795,12.3314789,-1.5171532,241
SHAPE_10626795,12.3309645,-1.5172425,242
SHAPE_10626795,12.3309306,-1.5172484,243
SHAPE_12935814,12.3245993,-1.5896662,1
SHAPE_12935814,12.324537,-1.5897125,2
SHAPE_12935814,12.3240351,-1.5900849,3
SHAPE_12935814,12.32383,-1.5902554,4
SHAPE_12935814,12.3236688,-1.5904153,5
SHAPE_12935814,12.323038,-1.5911014,6
SHAPE_12935814,12.3227233,-1.5914364,7
SHAPE_12935814,12.322691,-1.5914714,8
SHAPE_12935814,12.3224862,-1.5916942,9
SHAPE_12935814,12.322351,-1.5918325,10
SHAPE_12935814,12.3219036,-1.5923008,11
SHAPE_12935814,12.3214586,-1.5927815,12
SHAPE_12935814,12.3213965,-1.5928424,13
SHAPE_12935814,12.3209518,-1.5934097,14
SHAPE_12935814,12.3208847,-1.5934953,15
SHAPE_12935814,12.3205741,-1.5938916,16
SHAPE_12935814,12.3201668,-1.5944003,17
SHAPE_12935814,12.3200996,-1.5944885,18
SHAPE_12935814,12.3199794,-1.5946421,19
SHAPE_12935814,12.3199402,-1.594693,20
SHAPE_12935814,12.319875,-1.5947758,21
SHAPE_12935814,12.3198301,-1.5948243,22
SHAPE_12935814,12.3196211,-1.5950986,23
SHAPE_12935814,12.3194563,-1.5953103,24
SHAPE_12935814,12.3193427,-1.5954606,25
SHAPE_12935814,12.3190003,-1.5959586,26
SHAPE_12935814,12.3185896,-1.5966506,27
SHAPE_12935814,12.3185059,-1.5967917,28
SHAPE_12935814,12.3184542,-1.5968896,29
SHAPE_12935814,12.3184404,-1.5969025,30
SHAPE_12935814,12.3183675,-1.5970258,31
SHAPE_12935814,12.317614,-1.5980882,32
SHAPE_12935814,12.3173577,-1.5984478,33
SHAPE_12935814,12.3173012,-1.5985336,34
SHAPE_12935814,12.3169479,-1.5990284,35
SHAPE_12935814,12.31585,-1.6004457,36
SHAPE_12935814,12.3152998,-1.6011374,37
SHAPE_12935814,12.3152106,-1.601252,38
SHAPE_12935814,12.3151397,-1.6013441,39
SHAPE_12935814,12.3150855,-1.6014144,40
SHAPE_12935814,12.3150699,-1.6014357,41
SHAPE_12935814,12.3149276,-1.6016302,42
SHAPE_12935814,12.3147672,-1.6018371,43
SHAPE_12935814,12.3144695,-1.6022133,44
SHAPE_12935814,12.3143996,-1.6023111,45
SHAPE_12935814,12.3143128,-1.6024324,46
SHAPE_12935814,12.3142625,-1.6025119,47
SHAPE_12935814,12.3141509,-1.6026754,48
SHAPE_12935814,12.3139804,-1.6029156,49
SHAPE_12935814,12.3138795,-1.6030629,50
SHAPE_12935814,12.313796,-1.6032453,51
SHAPE_12935814,12.3136972,-1.6034769,52
SHAPE_12935814,12.3133304,-1.6042741,53
SHAPE_12935814,12.313241,-1.6044867,54
SHAPE_12935814,12.3130652,-1.6049168,55
SHAPE_12935814,12.3130325,-1.6049929,56
SHAPE_12935814,12.3128993,-1.6053007,57
SHAPE_12935814,12.3127827,-1.6055557,58
SHAPE_12935814,12.3127387,-1.6056459,59
SHAPE_12935814,12.3125973,-1.605969,60
SHAPE_12935814,12.3125069,-1.6061785,61
SHAPE_12935814,12.3124291,-1.60635,62
SHAPE_12935814,12.3123423,-1.6065134,63
SHAPE_12935814,12.3121911,-1.6068102,64
SHAPE_12935814,12.3121551,-1.6068806,65
SHAPE_12935814,12.3121027,-1.6069645,66
SHAPE_12935814,12.3120293,-1.6070496,67
SHAPE_12935814,12.3119585,-1.6071193,68
SHAPE_12935814,12.3117515,-1.6073237,69
SHAPE_12935814,12.3116855,-1.607387,70
SHAPE_12935814,12.3115741,-1.6074825,71
SHAPE_12935814,12.3113972,-1.6076375,72
SHAPE_12935814,12.3112907,-1.6077187,73
SHAPE_12935814,12.3112364,-1.6077699,74
SHAPE_12935814,12.3111724,-1.6078226,75
SHAPE_12935814,12.3110378,-1.6079334,76
SHAPE_12935814,12.3109451,-1.6080063,77
SHAPE_12935814,12.310535,-1.6083174,78
SHAPE_12935814,12.3101976,-1.6085553,79
SHAPE_12935814,12.3097688,-1.6088647,80
SHAPE_12935814,12.3096145,-1.6089579,81
SHAPE_12935814,12.3095064,-1.6090308,82
SHAPE_12935814,12.3094163,-1.6090916,83
SHAPE_12935814,12.3092384,-1.6092155,84
SHAPE_12935814,12.3088742,-1.6094649,85
SHAPE_12935814,12.3086437,-1.6096118,86
SHAPE_12935814,12.3083287,-1.6098027,87
SHAPE_12935814,12.3080712,-1.6099924,88
SHAPE_12935814,12.3079669,-1.6100573,89
SHAPE_12935814,12.3077184,-1.6102346,90
SHAPE_12935814,12.3073056,-1.6105007,91
SHAPE_12935814,12.3071521,-1.6106022,92
SHAPE_12935814,12.3070323,-1.610684,93
SHAPE_12935814,12.3069002,-1.6107607,94
SHAPE_12935814,12.3066457,-1.6109206,95
SHAPE_12935814,12.3066181,-1.6109391,96
SHAPE_12935814,12.3064826,-1.6110344,97
SHAPE_12935814,12.3063732,-1.6111157,98
SHAPE_12935814,12.3060459,-1.6113424,99
SHAPE_12935814,12.3059884,-1.6113891,100
SHAPE_12935814,12.305824,-1.6114976,101
SHAPE_12935814,12.3056797,-1.6115946,102
SHAPE_12935814,12.3055153,-1.6117028,103
SHAPE_12935814,12.3053822,-1.6117883,104
SHAPE_12935814,12.3052362,-1.6118813,105
SHAPE_12935814,12.305178,-1.6119181,106
SHAPE_12935814,12.3051295,-1.611949,107
SHAPE_12935814,12.304993,-1.6120374,108
SHAPE_12935814,12.3046935,-1.6122227,109
SHAPE_12935814,12.304134,-1.6125768,110
SHAPE_12935814,12.3040051,-1.6126594,111
SHAPE_12935814,12.3038296,-1.612774,112
SHAPE_12935814,12.3034713,-1.6130038,113
SHAPE_12935814,12.3032331,-1.6131642,114
SHAPE_12935814,12.3031128,-1.6132428,115
SHAPE_12935814,12.3030291,-1.6132987,116
SHAPE_12935814,12.3029814,-1.6133306,117
SHAPE_12935814,12.3029603,-1.6133447,118
SHAPE_12935814,12.3028337,-1.6134305,119
SHAPE_12935814,12.3026342,-1.6135743,120
SHAPE_12935814,12.3025605,-1.6136179,121
SHAPE_12935814,12.3023937,-1.6137222,122
SHAPE_12935814,12.3021838,-1.6138597,123
SHAPE_12935814,12.3019125,-1.6140346,124
SHAPE_12935814,12.3016399,-1.6142186,125
SHAPE_12935814,12.3010824,-1.6145976,126
SHAPE_12935814,12.3009285,-1.6147069,127
SHAPE_12935814,12.3008198,-1.6147801,128
SHAPE_12935814,12.3007506,-1.6148245,129
SHAPE_12935814,12.3001395,-1.6152172,130
SHAPE_12935814,12.3000528,-1.6152735,131
SHAPE_12935814,12.2996568,-1.615572,132
SHAPE_12935814,12.2992427,-1.6158569,133
SHAPE_12935814,12.2990179,-1.6159915,134
SHAPE_12935814,12.2989255,-1.6160599,135
SHAPE_12935814,12.298544,-1.6162545,136
SHAPE_12935814,12.2984154,-1.6163543,137
SHAPE_12935814,12.2983369,-1.6164086,138
SHAPE_12935814,12.2982626,-1.6164312,139
SHAPE_12935814,12.2981806,-1.6165156,140
SHAPE_12935814,12.2980565,-1.6166025,141
SHAPE_12935814,12.2979692,-1.6166637,142
SHAPE_12935814,12.2972319,-1.6172026,143
SHAPE_12935814,12.2967153,-1.6175719,144
SHAPE_12935814,12.2960969,-1.6179748,145
SHAPE_12935814,12.2957341,-1.6182831,146
SHAPE_12935814,12.2956746,-1.6183232,147
SHAPE_12935814,12.2956618,-1.618334,148
SHAPE_12935814,12.2951773,-1.6186939,149
SHAPE_12935814,12.294986,-1.6188606,150
SHAPE_12935814,12.2947113,-1.6191,151
SHAPE_12935814,12.2945967,-1.619242,152
SHAPE_12935814,12.2941887,-1.619685,153
SHAPE_12935814,12.2941374,-1.6197537,154
SHAPE_12935814,12.29407,-1.6198171,155
SHAPE_12935814,12.2940034,-1.6198652,156
SHAPE_12935814,12.2939183,-1.6199134,157
SHAPE_12935814,12.2938219,-1.6199491,158
SHAPE_12935814,12.2936985,-1.6200002,159
SHAPE_12935814,12.2936172,-1.6200292,160
SHAPE_12935814,12.2932333,-1.620155,161
SHAPE_12935814,12.2931542,-1.6201766,162
SHAPE_12935814,12.2931132,-1.6201811,163
SHAPE_12935814,12.2930123,-1.6201929,164
SHAPE_12935814,12.2928451,-1.6202333,165
SHAPE_12935814,12.2928273,-1.6202356,166
SHAPE_12935814,12.2925623,-1.6202841,167
SHAPE_12935814,12.2924671,-1.6202968,168
SHAPE_12935814,12.2922888,-1.6203095,169
SHAPE_12935814,12.2919215,-1.6203317,170
SHAPE_12935814,12.2918792,-1.6203318,171
SHAPE_12935814,12.2915405,-1.6203361,172
SHAPE_12935814,12.2913168,-1.6203327,173
SHAPE_12935814,12.2912084,-1.6203363,174
SHAPE_12935814,12.2909619,-1.6203478,175
SHAPE_12935814,12.2908408,-1.6203557,176
SHAPE_12935814,12.2907156,-1.6203767,177
SHAPE_12935814,12.2906025,-1.6203966,178
SHAPE_12935814,12.2902824,-1.6204732,179
SHAPE_12935814,12.2902352,-1.6204868,180
SHAPE_12935814,12.2900284,-1.6205377,181
SHAPE_12935814,12.28981,-1.6205999,182
SHAPE_12935814,12.2896201,-1.6206448,183
SHAPE_12935814,12.2895003,-1.6206779,184
SHAPE_12935814,12.2893343,-1.6207245,185
SHAPE_12935814,12.2892485,-1.6207571,186
SHAPE_12935814,12.288995,-1.6208534,187
SHAPE_12935814,12.2888225,-1.6209252,188
SHAPE_12935814,12.2882922,-1.6211459,189
SHAPE_12935814,12.3245993,-1.5896662,190
SHAPE_12935814,12.3248029,-1.5895336,191
SHAPE_12935814,12.3248762,-1.5894844,192
SHAPE_12935814,12.3253702,-1.5891619,193
SHAPE_12935814,12.3255616,-1.5890392,194
SHAPE_12935814,12.3258112,-1.5888738,195
SHAPE_12935814,12.3259929,-1.5887433,196
SHAPE_12935814,12.3261349,-1.5886539,197
SHAPE_12935814,12.3262839,-1.5885525,198
SHAPE_12935814,12.3267106,-1.5882688,199
SHAPE_12935814,12.3274798,-1.5877623,200
SHAPE_12935814,12.3280434,-1.5873806,201
SHAPE_12935814,12.3299579,-1.5861098,202
SHAPE_12935814,12.3303466,-1.5858073,203
SHAPE_12935814,12.3305742,-1.5856346,204
SHAPE_12935814,12.3309147,-1.5853948,205
SHAPE_12935814,12.3311167,-1.585233,206
SHAPE_12935814,12.331215,-1.5851523,207
SHAPE_12935814,12.3313392,-1.5849736,208
SHAPE_12935814,12.3314217,-1.5848637,209
SHAPE_12935814,12.3315153,-1.5847186,210
SHAPE_12935814,12.3315621,-1.584644,211
SHAPE_12935814,12.3318895,-1.5841658,212
SHAPE_12935814,12.3320424,-1.5839323,213
SHAPE_12935814,12.3322224,-1.5836751,214
SHAPE_12935814,12.3326157,-1.5830772,215
SHAPE_12935814,12.3329191,-1.5826093,216
SHAPE_12935814,12.3331785,-1.5822158,217
SHAPE_12935814,12.3333765,-1.5818262,218
SHAPE_12935814,12.333565,-1.5814129,219
SHAPE_12935814,12.3337746,-1.58101,220
SHAPE_12935814,12.3340717,-1.5806295,221
SHAPE_12935814,12.3343219,-1.5802715,222
SHAPE_12935814,12.3343738,-1.580184,223
SHAPE_12935814,12.3346683,-1.5797543,224
SHAPE_12935814,12.3348922,-1.5794331,225
SHAPE_12935814,12.3349152,-1.5793975,226
SHAPE_12935814,12.3349683,-1.5793186,227
SHAPE_12935814,12.3350253,-1.5792411,228
SHAPE_12935814,12.3353017,-1.578868,229
SHAPE_12935814,12.3353624,-1.5787861,230
SHAPE_12935814,12.3354998,-1.5786212,231
SHAPE_12935814,12.3360246,-1.5781148,232
SHAPE_12935814,12.3366889,-1.5774184,233
SHAPE_12935814,12.3371397,-1.5767013,234
SHAPE_12935814,12.3374102,-1.5762564,235
SHAPE_12935814,12.3377127,-1.5757589,236
SHAPE_12935814,12.3377606,-1.5756802,237
SHAPE_12935814,12.3380182,-1.5752642,238
SHAPE_12935814,12.3381461,-1.5750462,239
SHAPE_12935814,12.3383268,-1.5747496,240
SHAPE_12935814,12.3384601,-1.5745286,241
SHAPE_12935814,12.3386431,-1.5742225,242
SHAPE_12935814,12.3392574,-1.5732108,243
SHAPE_12935814,12.3394325,-1.5729352,244
SHAPE_12935814,12.3400713,-1.571926,245
SHAPE_12935814,12.3403834,-1.5713869,246
SHAPE_12935814,12.3409146,-1.571715,247
SHAPE_12935814,12.3410843,-1.5718293,248
SHAPE_12935814,12.3412019,-1.5719005,249
SHAPE_12935814,12.3414201,-1.5720273,250
SHAPE_12935814,12.3416638,-1.5721716,251
SHAPE_12935814,12.3417238,-1.5722044,252
SHAPE_12935814,12.3419729,-1.572329,253
SHAPE_12935814,12.3421845,-1.5724263,254
SHAPE_12935814,12.3425015,-1.5725475,255
SHAPE_12935814,12.3426537,-1.5726107,256
SHAPE_12935814,12.342851,-1.5717329,257
SHAPE_12935814,12.3428708,-1.5716629,258
SHAPE_12935814,12.342883,-1.5716199,259
SHAPE_12935814,12.3431587,-1.5706985,260
SHAPE_12935814,12.3434548,-1.5698673,261
SHAPE_12935814,12.3435027,-1.5697495,262
SHAPE_12935814,12.3438612,-1.5688897,263
SHAPE_12935814,12.3439618,-1.5686792,264
SHAPE_12935814,12.3446064,-1.5674693,265
SHAPE_12935814,12.3447008,-1.5673125,266
SHAPE_12935814,12.345293,-1.5663148,267
SHAPE_12935814,12.3461502,-1.5649088,268
SHAPE_12935814,12.3462064,-1.5648167,269
SHAPE_12935814,12.3462406,-1.5647398,270
SHAPE_12935814,12.3467805,-1.563848,271
SHAPE_12935814,12.3468769,-1.5637297,272
SHAPE_12935814,12.3469147,-1.5636308,273
SHAPE_12935814,12.3471992,-1.5631749,274
SHAPE_12935814,12.3473334,-1.5629455,275
SHAPE_12935814,12.347417,-1.5627976,276
SHAPE_12935814,12.3475117,-1.5626538,277
SHAPE_12935814,12.3478031,-1.5621744,278
SHAPE_12935814,12.3480774,-1.5617027,279
SHAPE_12935814,12.3484761,-1.5610303,280
SHAPE_12935814,12.3487163,-1.560659,281
SHAPE_12935814,12.3489825,-1.5602101,282
SHAPE_12935814,12.3490223,-1.5601471,283
SHAPE_12935814,12.3491837,-1.5598869,284
SHAPE_12935814,12.3495235,-1.559359,285
SHAPE_12935814,12.3498854,-1.5587671,286
SHAPE_12935814,12.3502701,-1.558137,287
SHAPE_12935814,12.350618,-1.5575431,288
SHAPE_12935814,12.3507591,-1.5573136,289
SHAPE_12935814,12.3508721,-1.5571297,290
SHAPE_12935814,12.3509755,-1.5569615,291
SHAPE_12935814,12.3510646,-1.5568165,292
SHAPE_12935814,12.3516269,-1.5559017,293
SHAPE_12935814,12.3528106,-1.5538737,294
SHAPE_12935814,12.3529855,-1.5535693,295
SHAPE_12935814,12.3536739,-1.5524181,296
SHAPE_12935814,12.3541084,-1.5517006,297
SHAPE_12935814,12.3541962,-1.5515601,298
SHAPE_12935814,12.3545933,-1.550869,299
SHAPE_12935814,12.3548258,-1.5504968,300
SHAPE_12935814,12.3553013,-1.5497014,301
SHAPE_12935814,12.355658,-1.5490826,302
SHAPE_12935814,12.3563928,-1.5478881,303
SHAPE_12935814,12.3564361,-1.547815,304
SHAPE_12935814,12.3569669,-1.5469223,305
SHAPE_12935814,12.3570537,-1.5467786,306
SHAPE_12935814,12.3572181,-1.546503,307
SHAPE_12935814,12.3580068,-1.5451805,308
SHAPE_12935814,12.3582943,-1.544702,309
SHAPE_12935814,12.358474,-1.5443982,310
SHAPE_12935814,12.358563,-1.5442476,311
SHAPE_12935814,12.3588193,-1.5438216,312
SHAPE_12935814,12.3590753,-1.5434213,313
SHAPE_12935814,12.3593459,-1.5429822,314
SHAPE_12935814,12.3593963,-1.54289,315
SHAPE_12935814,12.3595188,-1.542684,316
SHAPE_12935814,12.3597039,-1.542365,317
SHAPE_12935814,12.3598854,-1.5420608,318
SHAPE_12935814,12.3599009,-1.5420342,319
SHAPE_12935814,12.3599875,-1.5418861,320
SHAPE_12935814,12.3600921,-1.5417215,321
SHAPE_12935814,12.3601845,-1.5415475,322
SHAPE_12935814,12.3602443,-1.5414513,323
SHAPE_12935814,12.3605149,-1.5410163,324
SHAPE_12935814,12.3606537,-1.5407789,325
SHAPE_12935814,12.3607399,-1.5406374,326
SHAPE_12935814,12.3609118,-1.5403468,327
SHAPE_12935814,12.3609468,-1.5402861,328
SHAPE_12935814,12.3610479,-1.540108,329
SHAPE_12935814,12.361412,-1.5395089,330
SHAPE_12935814,12.3616029,-1.539196,331
SHAPE_12935814,12.361749,-1.5389379,332
SHAPE_12935814,12.3618228,-1.5388341,333
SHAPE_12935814,12.3618593,-1.5387774,334
SHAPE_12935814,12.3619676,-1.5385982,335
SHAPE_12935814,12.3621665,-1.5382513,336
SHAPE_12935814,12.3623909,-1.5378694,337
SHAPE_12935814,12.3625611,-1.5376005,338
SHAPE_12935814,12.3627393,-1.5373188,339
SHAPE_12935814,12.3629122,-1.5370332,340
SHAPE_12935814,12.3630606,-1.53679,341
SHAPE_12935814,12.3632088,-1.5365334,342
SHAPE_12935814,12.3635489,-1.5359724,343
SHAPE_12935814,12.3638887,-1.5353974,344
SHAPE_12935814,12.3641594,-1.535017,345
SHAPE_12935814,12.3642332,-1.5349057,346
SHAPE_12935814,12.3645623,-1.5344259,347
SHAPE_12935814,12.3646791,-1.5342139,348
SHAPE_12935814,12.3646932,-1.5341846,349
SHAPE_12935814,12.364702,-1.5341474,350
SHAPE_12935814,12.3647108,-1.5340813,351
SHAPE_12935814,12.3647088,-1.5340629,352
SHAPE_12935814,12.36472,-1.5340133,353
SHAPE_12935814,12.3647353,-1.5339825,354
SHAPE_12935814,12.3647568,-1.5339559,355
SHAPE_12935814,12.3647834,-1.5339347,356
SHAPE_12935814,12.364814,-1.5339201,357
SHAPE_12935814,12.3648462,-1.5339128,358
SHAPE_12935814,12.3648686,-1.533912,359
SHAPE_12935814,12.3650009,-1.5338819,360
SHAPE_12935814,12.3650979,-1.5338383,361
SHAPE_12935814,12.3652005,-1.5337673,362
SHAPE_12935814,12.3654591,-1.5335794,363
SHAPE_12935814,12.3654955,-1.5335409,364
SHAPE_12935814,12.3658586,-1.533148,365
SHAPE_12935814,12.3668048,-1.5321493,366
SHAPE_12935814,12.3669933,-1.5319518,367
SHAPE_12935814,12.3672056,-1.5317471,368
SHAPE_12935814,12.3674134,-1.5315121,369
SHAPE_12935814,12.3675581,-1.531367,370
SHAPE_12935814,12.3675743,-1.5313463,371
SHAPE_12935814,12.3676387,-1.5312383,372
SHAPE_12935814,12.3677192,-1.5311306,373
SHAPE_12935814,12.3677798,-1.5310407,374
SHAPE_12935814,12.3678297,-1.5309446,375
SHAPE_12935814,12.3678307,-1.5309366,376
SHAPE_12935814,12.3678324,-1.5309287,377
SHAPE_12935814,12.367835,-1.5309211,378
SHAPE_12935814,12.3678383,-1.5309138,379
SHAPE_12935814,12.3678423,-1.5309068,380
SHAPE_12935814,12.367847,-1.5309003,381
SHAPE_12935814,12.3678523,-1.5308943,382
SHAPE_12935814,12.3678581,-1.5308889,383
SHAPE_12935814,12.3678895,-1.5308413,384
SHAPE_12935814,12.3679083,-1.5308013,385
SHAPE_12935814,12.3680275,-1.530145,386
SHAPE_12935814,12.3680486,-1.5300585,387
SHAPE_12935814,12.3680698,-1.5299782,388
SHAPE_12935814,12.3681239,-1.5298012,389
SHAPE_12935814,12.3681608,-1.5295734,390
SHAPE_12935814,12.368202,-1.5293647,391
SHAPE_12935814,12.3682233,-1.529104,392
SHAPE_12935814,12.3682466,-1.529008,393
SHAPE_12935814,12.368344,-1.5285755,394
SHAPE_12935814,12.3683843,-1.5283517,395
SHAPE_12935814,12.3684018,-1.5281631,396
SHAPE_12935814,12.3684146,-1.5279768,397
SHAPE_12935814,12.3684334,-1.5278426,398
SHAPE_12935814,12.3684688,-1.5275938,399
SHAPE_12935814,12.3684574,-1.5275732,400
SHAPE_12935814,12.368452,-1.5275412,401
SHAPE_12935814,12.3684622,-1.5274988,402
SHAPE_12935814,12.3684857,-1.5274657,403
SHAPE_12935814,12.3684984,-1.5274602,404
SHAPE_12935814,12.3685131,-1.5274528,405
SHAPE_12935814,12.3685295,-1.5274485,406
SHAPE_12935814,12.3685601,-1.5274498,407
SHAPE_12935814,12.3685948,-1.5274644,408
SHAPE_12935814,12.3686127,-1.5274777,409
SHAPE_12935814,12.3688008,-1.5274583,410
SHAPE_12935814,12.3689527,-1.5274364,411
SHAPE_12935814,12.3690599,-1.5274104,412
SHAPE_12935814,12.369149,-1.5273804,413
SHAPE_12935814,12.3692716,-1.52725,414
SHAPE_12935814,12.369486,-1.5270217,415
SHAPE_12935814,12.3695802,-1.5268972,416
SHAPE_12935814,12.3697207,-1.5266933,417
SHAPE_12935814,12.3698695,-1.5264519,418
SHAPE_12935814,12.3699581,-1.5262699,419
SHAPE_12935814,12.3699947,-1.5261287,420
SHAPE_12935814,12.3701272,-1.5255287,421
SHAPE_12935814,12.3702691,-1.5248774,422
SHAPE_12935814,12.3703483,-1.5245194,423
SHAPE_12935814,12.3705053,-1.5238732,424
SHAPE_12935814,12.3706235,-1.5232815,425
SHAPE_12935814,12.3706903,-1.5229587,426
SHAPE_12935814,12.3707516,-1.5226996,427
SHAPE_12935814,12.3707663,-1.5225982,428
SHAPE_12935814,12.3707846,-1.5225064,429
SHAPE_12935814,12.3709175,-1.5218686,430
SHAPE_12935814,12.3710059,-1.5214663,431
SHAPE_12935814,12.3711402,-1.5208406,432
SHAPE_12935814,12.3711755,-1.5206,433
SHAPE_12935814,12.3712236,-1.5203341,434
SHAPE_12935814,12.3712487,-1.5201386,435
SHAPE_12935814,12.3712779,-1.5199837,436
SHAPE_12935814,12.3712976,-1.5198667,437
SHAPE_12935814,12.3713197,-1.5197711,438
SHAPE_12935814,12.3713381,-1.5196966,439
SHAPE_12935814,12.3713338,-1.5196918,440
SHAPE_12935814,12.3713285,-1.5196847,441
SHAPE_12935814,12.3713167,-1.5196625,442
SHAPE_12935814,12.3713123,-1.5196364,443
SHAPE_12935814,12.3713112,-1.5196107,444
SHAPE_12935814,12.3713162,-1.5195855,445
SHAPE_12935814,12.3713269,-1.5195622,446
SHAPE_12935814,12.3713427,-1.5195423,447
SHAPE_12935814,12.3713548,-1.5195321,448
SHAPE_12935814,12.3714095,-1.5194332,449
SHAPE_12935814,12.3714317,-1.5193574,450
SHAPE_12935814,12.3714527,-1.5192622,451
SHAPE_12935814,12.3715084,-1.519012,452
SHAPE_12935814,12.3715346,-1.5189188,453
SHAPE_12935814,12.3716175,-1.5185628,454
SHAPE_12935814,12.3716604,-1.5183273,455
SHAPE_12935814,12.3717861,-1.5178191,456
SHAPE_12935814,12.3719138,-1.517219,457
SHAPE_12935814,12.3721404,-1.5161984,458
SHAPE_12935814,12.3722688,-1.5156003,459
SHAPE_12935814,12.3723238,-1.5153482,460
SHAPE_12935814,12.3723867,-1.5150571,461
SHAPE_12935814,12.3724947,-1.5144967,462
SHAPE_12935814,12.372624,-1.5139355,463
SHAPE_12935814,12.372734,-1.5133637,464
SHAPE_12935814,12.3728507,-1.5128359,465
SHAPE_12935814,12.3728967,-1.5128344,466
SHAPE_12935814,12.374166,-1.5131142,467
SHAPE_12935814,12.3746653,-1.5132433,468
SHAPE_12935814,12.3752702,-1.5133827,469
SHAPE_12935814,12.3756718,-1.5134733,470
SHAPE_12935824,12.3756718,-1.5134733,1
SHAPE_12935824,12.3762911,-1.5136307,2
SHAPE_12935824,12.3752767,-1.5148757,3
SHAPE_12935824,12.3748439,-1.5154089,4
SHAPE_12935824,12.3746961,-1.5155884,5
SHAPE_12935824,12.3739035,-1.5166146,6
SHAPE_12935824,12.3732308,-1.5174487,7
SHAPE_12935824,12.3730184,-1.5176956,8
SHAPE_12935824,12.3721703,-1.518778,9
SHAPE_12935824,12.3719805,-1.5190083,10
SHAPE_12935824,12.3717168,-1.5193245,11
SHAPE_12935824,12.3716831,-1.5193919,12
SHAPE_12935824,12.3715998,-1.5194983,13
SHAPE_12935824,12.3715563,-1.5195488,14
SHAPE_12935824,12.3715022,-1.5196054,15
SHAPE_12935824,12.3715034,-1.5196296,16
SHAPE_12935824,12.3714966,-1.5196578,17
SHAPE_12935824,12.3714822,-1.5196827,18
SHAPE_12935824,12.3714613,-1.5197023,19
SHAPE_12935824,12.3714422,-1.5197126,20
SHAPE_12935824,12.3714158,-1.5197187,21
SHAPE_12935824,12.3713852,-1.5197892,22
SHAPE_12935824,12.3713495,-1.5198768,23
SHAPE_12935824,12.371305,-1.5199887,24
SHAPE_12935824,12.3712487,-1.5201386,25
SHAPE_12935824,12.3712236,-1.5203341,26
SHAPE_12935824,12.3711755,-1.5206,27
SHAPE_12935824,12.3711402,-1.5208406,28
SHAPE_12935824,12.3710059,-1.5214663,29
SHAPE_12935824,12.3709175,-1.5218686,30
SHAPE_12935824,12.3707846,-1.5225064,31
SHAPE_12935824,12.3707663,-1.5225982,32
SHAPE_12935824,12.3707516,-1.5226996,33
SHAPE_12935824,12.3706903,-1.5229587,34
SHAPE_12935824,12.3706235,-1.5232815,35
SHAPE_12935824,12.3705053,-1.5238732,36
SHAPE_12935824,12.3703483,-1.5245194,37
SHAPE_12935824,12.3702691,-1.5248774,38
SHAPE_12935824,12.3705499,-1.5249554,39
SHAPE_12935824,12.3708544,-1.52504,40
SHAPE_12935824,12.3714297,-1.5251948,41
SHAPE_12935824,12.3719257,-1.5253282,42
SHAPE_12935824,12.3721875,-1.5254,43
SHAPE_12935824,12.3726313,-1.5255218,44
SHAPE_12935824,12.3729406,-1.5257906,45
SHAPE_12935824,12.3729989,-1.5257877,46
SHAPE_12935824,12.3730585,-1.5257941,47
SHAPE_12935824,12.3731169,-1.5258082,48
SHAPE_12935824,12.3731713,-1.5258289,49
SHAPE_12935824,12.373223,-1.5258563,50
SHAPE_12935824,12.3732709,-1.5258898,51
SHAPE_12935824,12.3733146,-1.5259291,52
SHAPE_12935824,12.3733532,-1.5259736,53
SHAPE_12935824,12.3733862,-1.5260225,54
SHAPE_12935824,12.3734132,-1.5260752,55
SHAPE_12935824,12.3734338,-1.5261308,56
SHAPE_12935824,12.3734475,-1.5261886,57
SHAPE_12935824,12.3734542,-1.5262465,58
SHAPE_12935824,12.3734542,-1.5263047,59
SHAPE_12935824,12.3734473,-1.5263626,60
SHAPE_12935824,12.3734338,-1.5264192,61
SHAPE_12935824,12.3734137,-1.5264737,62
SHAPE_12935824,12.3733875,-1.5265254,63
SHAPE_12935824,12.3733554,-1.5265735,64
SHAPE_12935824,12.3733227,-1.5266124,65
SHAPE_12935824,12.3732862,-1.5266475,66
SHAPE_12935824,12.3732463,-1.5266785,67
SHAPE_12935824,12.3732034,-1.526705,68
SHAPE_12935824,12.3731454,-1.5267319,69
SHAPE_12935824,12.3730843,-1.5267506,70
SHAPE_12935824,12.3730214,-1.5267608,71
SHAPE_12935824,12.3729577,-1.5267623,72
SHAPE_12935824,12.372897,-1.5267555,73
SHAPE_12935824,12.3728377,-1.5267409,74
SHAPE_12935824,12.3727807,-1.5267186,75
SHAPE_12935824,12.3726455,-1.5267135,76
SHAPE_12935824,12.3722795,-1.5267128,77
SHAPE_12935824,12.3721258,-1.5266927,78
SHAPE_12935824,12.3718285,-1.5266364,79
SHAPE_12935824,12.3707551,-1.526342,80
SHAPE_12935824,12.3703274,-1.526222,81
SHAPE_12935824,12.3699947,-1.5261287,82
SHAPE_12935824,12.3699581,-1.5262699,83
SHAPE_12935824,12.3698695,-1.5264519,84
SHAPE_12935824,12.3697207,-1.5266933,85
SHAPE_12935824,12.3695802,-1.5268972,86
SHAPE_12935824,12.369486,-1.5270217,87
SHAPE_12935824,12.3692716,-1.52725,88
SHAPE_12935824,12.369149,-1.5273804,89
SHAPE_12935824,12.369079,-1.527451,90
SHAPE_12935824,12.3689821,-1.5275107,91
SHAPE_12935824,12.3688979,-1.5275479,92
SHAPE_12935824,12.3688224,-1.5275767,93
SHAPE_12935824,12.3687911,-1.5275841,94
SHAPE_12935824,12.3686965,-1.5276636,95
SHAPE_12935824,12.3686182,-1.5277486,96
SHAPE_12935824,12.3685273,-1.5278567,97
SHAPE_12935824,12.3684958,-1.5279861,98
SHAPE_12935824,12.3684472,-1.5281701,99
SHAPE_12935824,12.3683843,-1.5283517,100
SHAPE_12935824,12.368344,-1.5285755,101
SHAPE_12935824,12.3682466,-1.529008,102
SHAPE_12935824,12.3682233,-1.529104,103
SHAPE_12935824,12.368202,-1.5293647,104
SHAPE_12935824,12.3681608,-1.5295734,105
SHAPE_12935824,12.3681239,-1.5298012,106
SHAPE_12935824,12.3681231,-1.5299838,107
SHAPE_12935824,12.3680928,-1.5301669,108
SHAPE_12935824,12.3679886,-1.5308036,109
SHAPE_12935824,12.3679821,-1.5308466,110
SHAPE_12935824,12.3679715,-1.5309069,111
SHAPE_12935824,12.3679756,-1.5309142,112
SHAPE_12935824,12.367979,-1.5309219,113
SHAPE_12935824,12.3679816,-1.5309299,114
SHAPE_12935824,12.3679833,-1.5309381,115
SHAPE_12935824,12.3679841,-1.5309465,116
SHAPE_12935824,12.3679841,-1.5309549,117
SHAPE_12935824,12.3679832,-1.5309636,118
SHAPE_12935824,12.3679813,-1.5309721,119
SHAPE_12935824,12.3679785,-1.5309804,120
SHAPE_12935824,12.3679748,-1.5309883,121
SHAPE_12935824,12.3679703,-1.5309958,122
SHAPE_12935824,12.3679651,-1.5310027,123
SHAPE_12935824,12.3679591,-1.531009,124
SHAPE_12935824,12.3679525,-1.5310145,125
SHAPE_12935824,12.3679453,-1.5310193,126
SHAPE_12935824,12.3679376,-1.5310232,127
SHAPE_12935824,12.3679296,-1.5310262,128
SHAPE_12935824,12.3679213,-1.5310283,129
SHAPE_12935824,12.3679128,-1.5310295,130
SHAPE_12935824,12.3679043,-1.5310297,131
SHAPE_12935824,12.3678933,-1.5310285,132
SHAPE_12935824,12.3678474,-1.5310891,133
SHAPE_12935824,12.3677975,-1.5311545,134
SHAPE_12935824,12.3677055,-1.531245,135
SHAPE_12935824,12.3675743,-1.5313463,136
SHAPE_12935824,12.3675581,-1.531367,137
SHAPE_12935824,12.3674134,-1.5315121,138
SHAPE_12935824,12.3672056,-1.5317471,139
SHAPE_12935824,12.3669933,-1.5319518,140
SHAPE_12935824,12.3668048,-1.5321493,141
SHAPE_12935824,12.3658586,-1.533148,142
SHAPE_12935824,12.3654955,-1.5335409,143
SHAPE_12935824,12.3654591,-1.5335794,144
SHAPE_12935824,12.3651544,-1.533912,145
SHAPE_12935824,12.3651009,-1.5339756,146
SHAPE_12935824,12.365012,-1.534103,147
SHAPE_12935824,12.3650031,-1.5341307,148
SHAPE_12935824,12.3649893,-1.5341563,149
SHAPE_12935824,12.3649712,-1.5341787,150
SHAPE_12935824,12.3649492,-1.5341974,151
SHAPE_12935824,12.3649243,-1.5342115,152
SHAPE_12935824,12.364831,-1.534267,153
SHAPE_12935824,12.3647809,-1.5343042,154
SHAPE_12935824,12.3647212,-1.5343683,155
SHAPE_12935824,12.364636,-1.5344767,156
SHAPE_12935824,12.3642906,-1.5349763,157
SHAPE_12935824,12.3642378,-1.5350527,158
SHAPE_12935824,12.3639658,-1.535478,159
SHAPE_12935824,12.3632959,-1.5365819,160
SHAPE_12935824,12.3631522,-1.5368241,161
SHAPE_12935824,12.3625,-1.5378817,162
SHAPE_12935824,12.3622455,-1.5383046,163
SHAPE_12935824,12.362064,-1.5386027,164
SHAPE_12935824,12.3620341,-1.5386535,165
SHAPE_12935824,12.3619488,-1.5387945,166
SHAPE_12935824,12.3619036,-1.5388665,167
SHAPE_12935824,12.3618362,-1.5389763,168
SHAPE_12935824,12.3616887,-1.5392339,169
SHAPE_12935824,12.3614804,-1.5395772,170
SHAPE_12935824,12.3611269,-1.5401512,171
SHAPE_12935824,12.3610221,-1.5403358,172
SHAPE_12935824,12.3609865,-1.5403986,173
SHAPE_12935824,12.360944,-1.5404684,174
SHAPE_12935824,12.3606826,-1.540909,175
SHAPE_12935824,12.3605372,-1.5411584,176
SHAPE_12935824,12.3602873,-1.5415855,177
SHAPE_12935824,12.3602717,-1.541612,178
SHAPE_12935824,12.3601677,-1.5417748,179
SHAPE_12935824,12.360062,-1.541943,180
SHAPE_12935824,12.359976,-1.5420858,181
SHAPE_12935824,12.359592,-1.542741,182
SHAPE_12935824,12.3595617,-1.5427927,183
SHAPE_12935824,12.3594889,-1.542917,184
SHAPE_12935824,12.3594331,-1.5430015,185
SHAPE_12935824,12.3591463,-1.5434728,186
SHAPE_12935824,12.3589032,-1.5438843,187
SHAPE_12935824,12.3586756,-1.5442567,188
SHAPE_12935824,12.3583783,-1.5447571,189
SHAPE_12935824,12.3580953,-1.5452319,190
SHAPE_12935824,12.3574969,-1.5462358,191
SHAPE_12935824,12.3573947,-1.5463947,192
SHAPE_12935824,12.3572968,-1.5465543,193
SHAPE_12935824,12.3570914,-1.5468684,194
SHAPE_12935824,12.3565125,-1.5478613,195
SHAPE_12935824,12.3564659,-1.547938,196
SHAPE_12935824,12.3560894,-1.548564,197
SHAPE_12935824,12.3558356,-1.5489751,198
SHAPE_12935824,12.3557569,-1.549111,199
SHAPE_12935824,12.3553963,-1.5497338,200
SHAPE_12935824,12.3543568,-1.5514398,201
SHAPE_12935824,12.3542676,-1.5515985,202
SHAPE_12935824,12.3540336,-1.5518979,203
SHAPE_12935824,12.3538615,-1.5522324,204
SHAPE_12935824,12.3530557,-1.5536445,205
SHAPE_12935824,12.3528831,-1.5539289,206
SHAPE_12935824,12.3516766,-1.5559549,207
SHAPE_12935824,12.351148,-1.5568254,208
SHAPE_12935824,12.3508747,-1.5572754,209
SHAPE_12935824,12.3503325,-1.558186,210
SHAPE_12935824,12.3493743,-1.5597352,211
SHAPE_12935824,12.349258,-1.5599329,212
SHAPE_12935824,12.349131,-1.560172,213
SHAPE_12935824,12.3490772,-1.5602769,214
SHAPE_12935824,12.348588,-1.5610455,215
SHAPE_12935824,12.3484454,-1.5612746,216
SHAPE_12935824,12.3483017,-1.5615078,217
SHAPE_12935824,12.3481535,-1.5617568,218
SHAPE_12935824,12.347897,-1.5621869,219
SHAPE_12935824,12.347584,-1.5627007,220
SHAPE_12935824,12.347497,-1.5628443,221
SHAPE_12935824,12.3474136,-1.5629835,222
SHAPE_12935824,12.3470058,-1.5636539,223
SHAPE_12935824,12.3469215,-1.5637897,224
SHAPE_12935824,12.3466696,-1.5641904,225
SHAPE_12935824,12.3463134,-1.5647989,226
SHAPE_12935824,12.346259,-1.5648733,227
SHAPE_12935824,12.3454511,-1.5662414,228
SHAPE_12935824,12.3453604,-1.5663931,229
SHAPE_12935824,12.344826,-1.5673305,230
SHAPE_12935824,12.3446412,-1.5676611,231
SHAPE_12935824,12.3444622,-1.5679747,232
SHAPE_12935824,12.3442859,-1.56836,233
SHAPE_12935824,12.3440518,-1.5687354,234
SHAPE_12935824,12.3438657,-1.5691163,235
SHAPE_12935824,12.3437264,-1.5694604,236
SHAPE_12935824,12.3435693,-1.569886,237
SHAPE_12935824,12.343419,-1.570289,238
SHAPE_12935824,12.3433012,-1.5706207,239
SHAPE_12935824,12.3432398,-1.57083,240
SHAPE_12935824,12.3431337,-1.5711719,241
SHAPE_12935824,12.3429943,-1.5716473,242
SHAPE_12935824,12.3429722,-1.5717401,243
SHAPE_12935824,12.3428749,-1.5721136,244
SHAPE_12935824,12.3427467,-1.5726405,245
SHAPE_12935824,12.3426537,-1.5726107,246
SHAPE_12935824,12.3425015,-1.5725475,247
SHAPE_12935824,12.3421845,-1.5724263,248
SHAPE_12935824,12.3419729,-1.572329,249
SHAPE_12935824,12.3417238,-1.5722044,250
SHAPE_12935824,12.3416638,-1.5721716,251
SHAPE_12935824,12.3414201,-1.5720273,252
SHAPE_12935824,12.3412019,-1.5719005,253
SHAPE_12935824,12.3410843,-1.5718293,254
SHAPE_12935824,12.3409146,-1.571715,255
SHAPE_12935824,12.3403834,-1.5713869,256
SHAPE_12935824,12.3400713,-1.571926,257
SHAPE_12935824,12.3394325,-1.5729352,258
SHAPE_12935824,12.3392574,-1.5732108,259
SHAPE_12935824,12.3386431,-1.5742225,260
SHAPE_12935824,12.3384601,-1.5745286,261
SHAPE_12935824,12.3383268,-1.5747496,262
SHAPE_12935824,12.3381461,-1.5750462,263
SHAPE_12935824,12.3380182,-1.5752642,264
SHAPE_12935824,12.3377606,-1.5756802,265
SHAPE_12935824,12.3377127,-1.5757589,266
SHAPE_12935824,12.3374102,-1.5762564,267
SHAPE_12935824,12.3371397,-1.5767013,268
SHAPE_12935824,12.3366889,-1.5774184,269
SHAPE_12935824,12.3360246,-1.5781148,270
SHAPE_12935824,12.3354998,-1.5786212,271
SHAPE_12935824,12.3353624,-1.5787861,272
SHAPE_12935824,12.3353017,-1.578868,273
SHAPE_12935824,12.3350253,-1.5792411,274
SHAPE_12935824,12.3349683,-1.5793186,275
SHAPE_12935824,12.3349152,-1.5793975,276
SHAPE_12935824,12.3348922,-1.5794331,277
SHAPE_12935824,12.3346683,-1.5797543,278
SHAPE_12935824,12.3343738,-1.580184,279
SHAPE_12935824,12.3343219,-1.5802715,280
SHAPE_12935824,12.3340717,-1.5806295,281
SHAPE_12935824,12.3337746,-1.58101,282
SHAPE_12935824,12.333565,-1.5814129,283
SHAPE_12935824,12.3333765,-1.5818262,284
SHAPE_12935824,12.3331785,-1.5822158,285
SHAPE_12935824,12.3329191,-1.5826093,286
SHAPE_12935824,12.3326157,-1.5830772,287
SHAPE_12935824,12.3322224,-1.5836751,288
SHAPE_12935824,12.3320424,-1.5839323,289
SHAPE_12935824,12.3318895,-1.5841658,290
SHAPE_12935824,12.3315621,-1.584644,291
SHAPE_12935824,12.3315153,-1.5847186,292
SHAPE_12935824,12.3314217,-1.5848637,293
SHAPE_12935824,12.3313392,-1.5849736,294
SHAPE_12935824,12.331215,-1.5851523,295
SHAPE_12935824,12.3311167,-1.585233,296
SHAPE_12935824,12.3309147,-1.5853948,297
SHAPE_12935824,12.3305742,-1.5856346,298
SHAPE_12935824,12.3303466,-1.5858073,299
SHAPE_12935824,12.3299579,-1.5861098,300
SHAPE_12935824,12.3280434,-1.5873806,301
SHAPE_12935824,12.3274798,-1.5877623,302
SHAPE_12935824,12.3267106,-1.5882688,303
SHAPE_12935824,12.3262839,-1.5885525,304
SHAPE_12935824,12.3261349,-1.5886539,305
SHAPE_12935824,12.3259929,-1.5887433,306
SHAPE_12935824,12.3258112,-1.5888738,307
SHAPE_12935824,12.3255616,-1.5890392,308
SHAPE_12935824,12.3253702,-1.5891619,309
SHAPE_12935824,12.3248762,-1.5894844,310
SHAPE_12935824,12.3248029,-1.5895336,311
SHAPE_12935824,12.3245993,-1.5896662,312
SHAPE_12935824,12.324537,-1.5897125,313
SHAPE_12935824,12.3240351,-1.5900849,314
SHAPE_12935824,12.32383,-1.5902554,315
SHAPE_12935824,12.3236688,-1.5904153,316
SHAPE_12935824,12.323038,-1.5911014,317
SHAPE_12935824,12.3227233,-1.5914364,318
SHAPE_12935824,12.322691,-1.5914714,319
SHAPE_12935824,12.3224862,-1.5916942,320
SHAPE_12935824,12.322351,-1.5918325,321
SHAPE_12935824,12.3219036,-1.5923008,322
SHAPE_12935824,12.3214586,-1.5927815,323
SHAPE_12935824,12.3213965,-1.5928424,324
SHAPE_12935824,12.3209518,-1.5934097,325
SHAPE_12935824,12.3208847,-1.5934953,326
SHAPE_12935824,12.3205741,-1.5938916,327
SHAPE_12935824,12.3201668,-1.5944003,328
SHAPE_12935824,12.3200996,-1.5944885,329
SHAPE_12935824,12.3199794,-1.5946421,330
SHAPE_12935824,12.3199402,-1.594693,331
SHAPE_12935824,12.319875,-1.5947758,332
SHAPE_12935824,12.3198301,-1.5948243,333
SHAPE_12935824,12.3196211,-1.5950986,334
SHAPE_12935824,12.3194563,-1.5953103,335
SHAPE_12935824,12.3193427,-1.5954606,336
SHAPE_12935824,12.3190003,-1.5959586,337
SHAPE_12935824,12.3185896,-1.5966506,338
SHAPE_12935824,12.3185059,-1.5967917,339
SHAPE_12935824,12.3184542,-1.5968896,340
SHAPE_12935824,12.3184404,-1.5969025,341
SHAPE_12935824,12.3183675,-1.5970258,342
SHAPE_12935824,12.317614,-1.5980882,343
SHAPE_12935824,12.3173577,-1.5984478,344
SHAPE_12935824,12.3173012,-1.5985336,345
SHAPE_12935824,12.3169479,-1.5990284,346
SHAPE_12935824,12.31585,-1.6004457,347
SHAPE_12935824,12.3152998,-1.6011374,348
SHAPE_12935824,12.3152106,-1.601252,349
SHAPE_12935824,12.3151397,-1.6013441,350
SHAPE_12935824,12.3150855,-1.6014144,351
SHAPE_12935824,12.3150699,-1.6014357,352
SHAPE_12935824,12.3149276,-1.6016302,353
SHAPE_12935824,12.3147672,-1.6018371,354
SHAPE_12935824,12.3144695,-1.6022133,355
SHAPE_12935824,12.3143996,-1.6023111,356
SHAPE_12935824,12.3143128,-1.6024324,357
SHAPE_12935824,12.3142625,-1.6025119,358
SHAPE_12935824,12.3141509,-1.6026754,359
SHAPE_12935824,12.3139804,-1.6029156,360
SHAPE_12935824,12.3138795,-1.6030629,361
SHAPE_12935824,12.313796,-1.6032453,362
SHAPE_12935824,12.3136972,-1.6034769,363
SHAPE_12935824,12.3133304,-1.6042741,364
SHAPE_12935824,12.313241,-1.6044867,365
SHAPE_12935824,12.3130652,-1.6049168,366
SHAPE_12935824,12.3130325,-1.6049929,367
SHAPE_12935824,12.3128993,-1.6053007,368
SHAPE_12935824,12.3127827,-1.6055557,369
SHAPE_12935824,12.3127387,-1.6056459,370
SHAPE_12935824,12.3125973,-1.605969,371
SHAPE_12935824,12.3125069,-1.6061785,372
SHAPE_12935824,12.3124291,-1.60635,373
SHAPE_12935824,12.3123423,-1.6065134,374
SHAPE_12935824,12.3121911,-1.6068102,375
SHAPE_12935824,12.3121551,-1.6068806,376
SHAPE_12935824,12.3121027,-1.6069645,377
SHAPE_12935824,12.3120293,-1.6070496,378
SHAPE_12935824,12.3119585,-1.6071193,379
SHAPE_12935824,12.3117515,-1.6073237,380
SHAPE_12935824,12.3116855,-1.607387,381
SHAPE_12935824,12.3115741,-1.6074825,382
SHAPE_12935824,12.3113972,-1.6076375,383
SHAPE_12935824,12.3112907,-1.6077187,384
SHAPE_12935824,12.3112364,-1.6077699,385
SHAPE_12935824,12.3111724,-1.6078226,386
SHAPE_12935824,12.3110378,-1.6079334,387
SHAPE_12935824,12.3109451,-1.6080063,388
SHAPE_12935824,12.310535,-1.6083174,389
SHAPE_12935824,12.3101976,-1.6085553,390
SHAPE_12935824,12.3097688,-1.6088647,391
SHAPE_12935824,12.3096145,-1.6089579,392
SHAPE_12935824,12.3095064,-1.6090308,393
SHAPE_12935824,12.3094163,-1.6090916,394
SHAPE_12935824,12.3092384,-1.6092155,395
SHAPE_12935824,12.3088742,-1.6094649,396
SHAPE_12935824,12.3086437,-1.6096118,397
SHAPE_12935824,12.3083287,-1.6098027,398
SHAPE_12935824,12.3080712,-1.6099924,399
SHAPE_12935824,12.3079669,-1.6100573,400
SHAPE_12935824,12.3077184,-1.6102346,401
SHAPE_12935824,12.3073056,-1.6105007,402
SHAPE_12935824,12.3071521,-1.6106022,403
SHAPE_12935824,12.3070323,-1.610684,404
SHAPE_12935824,12.3069002,-1.6107607,405
SHAPE_12935824,12.3066457,-1.6109206,406
SHAPE_12935824,12.3066181,-1.6109391,407
SHAPE_12935824,12.3064826,-1.6110344,408
SHAPE_12935824,12.3063732,-1.6111157,409
SHAPE_12935824,12.3060459,-1.6113424,410
SHAPE_12935824,12.3059884,-1.6113891,411
SHAPE_12935824,12.305824,-1.6114976,412
SHAPE_12935824,12.3056797,-1.6115946,413
SHAPE_12935824,12.3055153,-1.6117028,414
SHAPE_12935824,12.3053822,-1.6117883,415
SHAPE_12935824,12.3052362,-1.6118813,416
SHAPE_12935824,12.305178,-1.6119181,417
SHAPE_12935824,12.3051295,-1.611949,418
SHAPE_12935824,12.304993,-1.6120374,419
SHAPE_12935824,12.3046935,-1.6122227,420
SHAPE_12935824,12.304134,-1.6125768,421
SHAPE_12935824,12.3040051,-1.6126594,422
SHAPE_12935824,12.3038296,-1.612774,423
SHAPE_12935824,12.3034713,-1.6130038,424
SHAPE_12935824,12.3032331,-1.6131642,425
SHAPE_12935824,12.3031128,-1.6132428,426
SHAPE_12935824,12.3030291,-1.6132987,427
SHAPE_12935824,12.3029814,-1.6133306,428
SHAPE_12935824,12.3029603,-1.6133447,429
SHAPE_12935824,12.3028337,-1.6134305,430
SHAPE_12935824,12.3026342,-1.6135743,431
SHAPE_12935824,12.3025605,-1.6136179,432
SHAPE_12935824,12.3023937,-1.6137222,433
SHAPE_12935824,12.3021838,-1.6138597,434
SHAPE_12935824,12.3019125,-1.6140346,435
SHAPE_12935824,12.3016399,-1.6142186,436
SHAPE_12935824,12.3010824,-1.6145976,437
SHAPE_12935824,12.3009285,-1.6147069,438
SHAPE_12935824,12.3008198,-1.6147801,439
SHAPE_12935824,12.3007506,-1.6148245,440
SHAPE_12935824,12.3001395,-1.6152172,441
SHAPE_12935824,12.3000528,-1.6152735,442
SHAPE_12935824,12.2996568,-1.615572,443
SHAPE_12935824,12.2992427,-1.6158569,444
SHAPE_12935824,12.2990179,-1.6159915,445
SHAPE_12935824,12.2989255,-1.6160599,446
SHAPE_12935824,12.298544,-1.6162545,447
SHAPE_12935824,12.2984154,-1.6163543,448
SHAPE_12935824,12.2983369,-1.6164086,449
SHAPE_12935824,12.2982626,-1.6164312,450
SHAPE_12935824,12.2981806,-1.6165156,451
SHAPE_12935824,12.2980565,-1.6166025,452
SHAPE_12935824,12.2979692,-1.6166637,453
SHAPE_12935824,12.2972319,-1.6172026,454
SHAPE_12935824,12.2967153,-1.6175719,455
SHAPE_12935824,12.2960969,-1.6179748,456
SHAPE_12935824,12.2957341,-1.6182831,457
SHAPE_12935824,12.2956746,-1.6183232,458
SHAPE_12935824,12.2956618,-1.618334,459
SHAPE_12935824,12.2951773,-1.6186939,460
SHAPE_12935824,12.294986,-1.6188606,461
SHAPE_12935824,12.2947113,-1.6191,462
SHAPE_12935824,12.2945967,-1.619242,463
SHAPE_12935824,12.2941887,-1.619685,464
SHAPE_12935824,12.2941374,-1.6197537,465
SHAPE_12935824,12.29407,-1.6198171,466
SHAPE_12935824,12.2940034,-1.6198652,467
SHAPE_12935824,12.2939183,-1.6199134,468
SHAPE_12935824,12.2938219,-1.6199491,469
SHAPE_12935824,12.2936985,-1.6200002,470
SHAPE_12935824,12.2936172,-1.6200292,471
SHAPE_12935824,12.2932333,-1.620155,472
SHAPE_12935824,12.2931542,-1.6201766,473
SHAPE_12935824,12.2931132,-1.6201811,474
SHAPE_12935824,12.2930123,-1.6201929,475
SHAPE_12935824,12.2928451,-1.6202333,476
SHAPE_12935824,12.2928273,-1.6202356,477
SHAPE_12935824,12.2925623,-1.6202841,478
SHAPE_12935824,12.2924671,-1.6202968,479
SHAPE_12935824,12.2922888,-1.6203095,480
SHAPE_12935824,12.2919215,-1.6203317,481
SHAPE_12935824,12.2918792,-1.6203318,482
SHAPE_12935824,12.2915405,-1.6203361,483
SHAPE_12935824,12.2913168,-1.6203327,484
SHAPE_12935824,12.2912084,-1.6203363,485
SHAPE_12935824,12.2909619,-1.6203478,486
SHAPE_12935824,12.2908408,-1.6203557,487
SHAPE_12935824,12.2907156,-1.6203767,488
SHAPE_12935824,12.2906025,-1.6203966,489
SHAPE_12935824,12.2902824,-1.6204732,490
SHAPE_12935824,12.2902352,-1.6204868,491
SHAPE_12935824,12.2900284,-1.6205377,492
SHAPE_12935824,12.28981,-1.6205999,493
SHAPE_12935824,12.2896201,-1.6206448,494
SHAPE_12935824,12.2895003,-1.6206779,495
SHAPE_12935824,12.2893343,-1.6207245,496
SHAPE_12935824,12.2892485,-1.6207571,497
SHAPE_12935824,12.288995,-1.6208534,498
SHAPE_12935824,12.2888225,-1.6209252,499
SHAPE_12935824,12.2882922,-1.6211459,500
SHAPE_13490052,12.3779218,-1.4965128,1
SHAPE_13490052,12.3779303,-1.4965126,2
SHAPE_13490052,12.3779356,-1.4965124,3
SHAPE_13490052,12.3780458,-1.4965096,4
SHAPE_13490052,12.3780732,-1.4965084,5
SHAPE_13490052,12.3781067,-1.4965072,6
SHAPE_13490052,12.3784766,-1.496494,7
SHAPE_13490052,12.3779218,-1.4965128,8
SHAPE_13490052,12.3778233,-1.4965154,9
SHAPE_13490052,12.3766555,-1.4965559,10
SHAPE_13490052,12.3763241,-1.4965701,11
SHAPE_13490052,12.37621,-1.496575,12
SHAPE_13490052,12.3761091,-1.4965852,13
SHAPE_13490052,12.3759594,-1.4966226,14
SHAPE_13490052,12.3755233,-1.4967573,15
SHAPE_13490052,12.3748382,-1.4969652,16
SHAPE_13490052,12.3743653,-1.4971343,17
SHAPE_13490052,12.3737069,-1.4973434,18
SHAPE_13490052,12.3735262,-1.4973949,19
SHAPE_13490052,12.3733595,-1.4974313,20
SHAPE_13490052,12.3732478,-1.4974585,21
SHAPE_13490052,12.3726211,-1.4974833,22
SHAPE_13490052,12.3721515,-1.4974942,23
SHAPE_13490052,12.3714697,-1.4975189,24
SHAPE_13490052,12.3710312,-1.4975386,25
SHAPE_13490052,12.3706251,-1.4975551,26
SHAPE_13490052,12.3705331,-1.4975604,27
SHAPE_13490052,12.3698369,-1.4975899,28
SHAPE_13490052,12.3696488,-1.4975971,29
SHAPE_13490052,12.3693752,-1.4976101,30
SHAPE_13490052,12.3690775,-1.4976168,31
SHAPE_13490052,12.3688989,-1.49763,32
SHAPE_13490052,12.3686887,-1.497636,33
SHAPE_13490052,12.3685999,-1.4976411,34
SHAPE_13490052,12.3684038,-1.4976494,35
SHAPE_13490052,12.3678747,-1.4976718,36
SHAPE_13490052,12.3674273,-1.4976847,37
SHAPE_13490052,12.3667206,-1.4977006,38
SHAPE_13490052,12.3662733,-1.4977193,39
SHAPE_13490052,12.3659078,-1.4977346,40
SHAPE_13490052,12.3655538,-1.4977495,41
SHAPE_13490052,12.3650474,-1.497766,42
SHAPE_13490052,12.3643912,-1.4977915,43
SHAPE_13490052,12.3639266,-1.497815,44
SHAPE_13490052,12.3637071,-1.4978232,45
SHAPE_13490052,12.3631224,-1.4978452,46
SHAPE_13490052,12.3625059,-1.497864,47
SHAPE_13490052,12.3621967,-1.4978697,48
SHAPE_13490052,12.3618046,-1.4979015,49
SHAPE_13490052,12.3616436,-1.4979017,50
SHAPE_13490052,12.3614417,-1.4979129,51
SHAPE_13490052,12.3611941,-1.4979114,52
SHAPE_13490052,12.3609554,-1.4978792,53
SHAPE_13490052,12.3609024,-1.4978792,54
SHAPE_13490052,12.3607689,-1.497826,55
SHAPE_13490052,12.3606812,-1.4977569,56
SHAPE_13490052,12.3605718,-1.4976402,57
SHAPE_13490052,12.3604569,-1.4974989,58
SHAPE_13490052,12.3600825,-1.4968611,59
SHAPE_13490052,12.3594521,-1.4957461,60
SHAPE_13490052,12.3593286,-1.4955139,61
SHAPE_13490052,12.3591158,-1.4951302,62
SHAPE_13490052,12.3592793,-1.4949787,63
SHAPE_13490052,12.3593381,-1.4949394,64
SHAPE_13490052,12.359388,-1.4948889,65
SHAPE_13490052,12.3594364,-1.4948094,66
SHAPE_13490052,12.359463,-1.4947198,67
SHAPE_13490052,12.3594657,-1.4946261,68
SHAPE_13490052,12.3594446,-1.4945349,69
SHAPE_13490052,12.3594009,-1.4944526,70
SHAPE_13490052,12.3593378,-1.4943847,71
SHAPE_13490052,12.3592596,-1.494336,72
SHAPE_13490052,12.3591717,-1.4943099,73
SHAPE_13490052,12.3590386,-1.4943157,74
SHAPE_13490052,12.3589114,-1.4943177,75
SHAPE_13490052,12.3587675,-1.4943224,76
SHAPE_13490052,12.3586442,-1.4943003,77
SHAPE_13490052,12.3585604,-1.4942668,78
SHAPE_13490052,12.3584698,-1.4942036,79
SHAPE_13490052,12.3582558,-1.4938485,80
SHAPE_13490052,12.3581914,-1.493727,81
SHAPE_13490052,12.3579699,-1.4933571,82
SHAPE_13490052,12.3579641,-1.4933364,83
SHAPE_13490052,12.3575245,-1.4925835,84
SHAPE_13490052,12.3573715,-1.4923214,85
SHAPE_13490052,12.357124,-1.4918997,86
SHAPE_13490052,12.3564504,-1.4907563,87
SHAPE_13490052,12.3561918,-1.4903016,88
SHAPE_13490052,12.3561479,-1.4902322,89
SHAPE_13490052,12.3548757,-1.491034,90
SHAPE_13490052,12.3541743,-1.4915416,91
SHAPE_13490052,12.3534836,-1.4920122,92
SHAPE_13490052,12.3520573,-1.4929688,93
SHAPE_13490052,12.3510236,-1.4936808,94
SHAPE_13490052,12.3506152,-1.4939535,95
SHAPE_13490052,12.3502985,-1.493452,96
SHAPE_13490052,12.3498898,-1.4928186,97
SHAPE_13490052,12.3494625,-1.492158,98
SHAPE_13490052,12.3485135,-1.4906926,99
SHAPE_13490052,12.3484814,-1.4906081,100
SHAPE_13490052,12.3484441,-1.4904547,101
SHAPE_13490052,12.3491189,-1.4899808,102
SHAPE_13490052,12.3492312,-1.489904,103
SHAPE_13490052,12.3494447,-1.4897581,104
SHAPE_13490052,12.3495362,-1.4896967,105
SHAPE_13490052,12.3500325,-1.4893633,106
SHAPE_13490052,12.3506552,-1.48894,107
SHAPE_13490052,12.3512679,-1.4885515,108
SHAPE_13490052,12.3516163,-1.4883028,109
SHAPE_13490052,12.3517647,-1.4881964,110
SHAPE_13490052,12.3520489,-1.4880013,111
SHAPE_13490052,12.3521975,-1.4879052,112
SHAPE_13490052,12.3526358,-1.4876225,113
SHAPE_13490052,12.3536519,-1.4869398,114
SHAPE_13490052,12.3537341,-1.4868853,115
SHAPE_13490052,12.3540735,-1.4866604,116
SHAPE_13490052,12.3543996,-1.4864532,117
SHAPE_13490052,12.3545034,-1.4863781,118
SHAPE_13490052,12.3553033,-1.48584,119
SHAPE_13490052,12.3557211,-1.4855575,120
SHAPE_13490052,12.3568673,-1.4847855,121
SHAPE_13490052,12.3578557,-1.4841231,122
SHAPE_13490052,12.3589025,-1.4834131,123
SHAPE_13490052,12.3588519,-1.4833411,124
SHAPE_13490052,12.358481,-1.4827749,125
SHAPE_13490052,12.3583757,-1.482608,126
SHAPE_13490052,12.3580788,-1.4821375,127
SHAPE_13490052,12.3584682,-1.481419,128
SHAPE_13490052,12.3584906,-1.4813777,129
SHAPE_13490052,12.358517,-1.4813325,130
SHAPE_13490052,12.3589931,-1.4805172,131
SHAPE_13490113,12.4679766,-1.3392755,1
SHAPE_13490113,12.4688561,-1.3399811,2
SHAPE_13490113,12.4695938,-1.3405738,3
SHAPE_13490113,12.4697368,-1.3406913,4
SHAPE_13490113,12.4705027,-1.3413208,5
SHAPE_13490113,12.4723756,-1.342805,6
SHAPE_13490113,12.4726872,-1.3430458,7
SHAPE_13490113,12.4680169,-1.3392264,8
SHAPE_13490113,12.4680006,-1.3392542,9
SHAPE_13490113,12.4679766,-1.3392755,10
SHAPE_13490113,12.4680169,-1.3392264,11
SHAPE_13490113,12.4680242,-1.3391926,12
SHAPE_13490113,12.4680201,-1.3391582,13
SHAPE_13490113,12.4680051,-1.3391271,14
SHAPE_13490113,12.4679809,-1.3391029,15
SHAPE_13490113,12.4679505,-1.3390882,16
SHAPE_13490113,12.4679172,-1.3390846,17
SHAPE_13490113,12.4678845,-1.3390924,18
SHAPE_13490113,12.4678561,-1.3391108,19
SHAPE_13490113,12.4678352,-1.3391377,20
SHAPE_13490113,12.467824,-1.3391701,21
SHAPE_13490113,12.4520224,-1.3348991,22
SHAPE_13490113,12.4518648,-1.3346923,23
SHAPE_13490113,12.4517621,-1.334853,24
SHAPE_13490113,12.4520224,-1.3348991,25
SHAPE_13490113,12.4529801,-1.3352855,26
SHAPE_13490113,12.4532527,-1.3354024,27
SHAPE_13490113,12.453744,-1.3355912,28
SHAPE_13490113,12.4543922,-1.3357938,29
SHAPE_13490113,12.4548674,-1.3359456,30
SHAPE_13490113,12.4553269,-1.3360703,31
SHAPE_13490113,12.4557438,-1.3361512,32
SHAPE_13490113,12.4562861,-1.3362402,33
SHAPE_13490113,12.4563275,-1.3362499,34
SHAPE_13490113,12.4565227,-1.3363036,35
SHAPE_13490113,12.4567256,-1.3363572,36
SHAPE_13490113,12.4568932,-1.3364082,37
SHAPE_13490113,12.4571053,-1.3364886,38
SHAPE_13490113,12.4572871,-1.3365555,39
SHAPE_13490113,12.4574394,-1.33662,40
SHAPE_13490113,12.4576973,-1.3367167,41
SHAPE_13490113,12.4588809,-1.3371037,42
SHAPE_13490113,12.4589731,-1.3371316,43
SHAPE_13490113,12.4592926,-1.3372513,44
SHAPE_13490113,12.4597115,-1.3374055,45
SHAPE_13490113,12.4605282,-1.3376796,46
SHAPE_13490113,12.4606275,-1.3377088,47
SHAPE_13490113,12.4607535,-1.3377367,48
SHAPE_13490113,12.4612644,-1.3378483,49
SHAPE_13490113,12.4614831,-1.3378835,50
SHAPE_13490113,12.4616533,-1.3379197,51
SHAPE_13490113,12.4618877,-1.3379679,52
SHAPE_13490113,12.4620954,-1.3380027,53
SHAPE_13490113,12.4631212,-1.3381892,54
SHAPE_13490113,12.4660204,-1.3387739,55
SHAPE_13490113,12.466814,-1.3389535,56
SHAPE_13490113,12.467824,-1.3391701,57
SHAPE_13490113,12.4515248,-1.334684,58
SHAPE_13490113,12.4514929,-1.3348389,59
SHAPE_13490113,12.4514771,-1.3349274,60
SHAPE_13490113,12.451451,-1.3350253,61
SHAPE_13490113,12.4514012,-1.3351661,62
SHAPE_13490113,12.4513606,-1.3352573,63
SHAPE_13490113,12.4512192,-1.3355577,64
SHAPE_13490113,12.4507962,-1.3364589,65
SHAPE_13490113,12.4502357,-1.3376069,66
SHAPE_13490113,12.4496804,-1.338775,67
SHAPE_13490113,12.4494735,-1.3392008,68
SHAPE_13490113,12.4491514,-1.339864,69
SHAPE_13490113,12.4485765,-1.3410589,70
SHAPE_13490113,12.4480592,-1.3421318,71
SHAPE_13490113,12.4474869,-1.3433254,72
SHAPE_13490113,12.4469303,-1.3444881,73
SHAPE_13490113,12.4464536,-1.3454779,74
SHAPE_13490113,12.4460188,-1.3463992,75
SHAPE_13490113,12.4456299,-1.3471985,76
SHAPE_13490113,12.4453968,-1.3476632,77
SHAPE_13490113,12.4452344,-1.3479871,78
SHAPE_13490113,12.4447435,-1.3488679,79
SHAPE_13490113,12.4446845,-1.3489736,80
SHAPE_13490113,12.4443723,-1.3495687,81
SHAPE_13490113,12.4439961,-1.3502855,82
SHAPE_13490113,12.443267,-1.3516748,83
SHAPE_13490113,12.4429315,-1.3523074,84
SHAPE_13490113,12.4429282,-1.3524596,85
SHAPE_13490113,12.4429072,-1.3526648,86
SHAPE_13490113,12.4429361,-1.3527507,87
SHAPE_13490113,12.4429806,-1.3528284,88
SHAPE_13490113,12.4429976,-1.3528794,89
SHAPE_13490113,12.4429967,-1.3529303,90
SHAPE_13490113,12.4429282,-1.3524596,91
SHAPE_13490113,12.4430408,-1.3523859,92
SHAPE_13490113,12.4433755,-1.3517443,93
SHAPE_13490113,12.4445547,-1.3494837,94
SHAPE_13490113,12.4453994,-1.3478811,95
SHAPE_13490113,12.4454754,-1.3477148,96
SHAPE_13490113,12.446155,-1.3463442,97
SHAPE_13490113,12.4464654,-1.3456924,98
SHAPE_13490113,12.4468007,-1.3449951,99
SHAPE_13490113,12.4472302,-1.3440858,100
SHAPE_13490113,12.4474057,-1.3437304,101
SHAPE_13490113,12.4482451,-1.341995,102
SHAPE_13490113,12.4485372,-1.3413768,103
SHAPE_13490113,12.4495626,-1.3392444,104
SHAPE_13490113,12.4498664,-1.338606,105
SHAPE_13490113,12.4506168,-1.3370651,106
SHAPE_13490113,12.4511409,-1.3359774,107
SHAPE_13490113,12.4513514,-1.3355148,108
SHAPE_13490113,12.4514418,-1.3353217,109
SHAPE_13490113,12.4515387,-1.335146,110
SHAPE_13490113,12.4516579,-1.3349864,111
SHAPE_13490113,12.4517621,-1.334853,112
SHAPE_13490113,12.4518565,-1.3347428,113
SHAPE_13490113,12.4518648,-1.3346923,114
SHAPE_13490113,12.4518573,-1.3346423,115
SHAPE_13490113,12.4518361,-1.3345965,116
SHAPE_13490113,12.451803,-1.3345589,117
SHAPE_13490113,12.4517608,-1.3345326,118
SHAPE_13490113,12.4517159,-1.3345201,119
SHAPE_13490113,12.4516694,-1.3345205,120
SHAPE_13490113,12.4516247,-1.3345338,121
SHAPE_13490113,12.4515852,-1.3345589,122
SHAPE_13490113,12.4515538,-1.334594,123
SHAPE_13490113,12.4515338,-1.3346377,124
SHAPE_13490113,12.4515248,-1.334684,125
SHAPE_13490113,12.4515284,-1.3347311,126
SHAPE_13490113,12.4515461,-1.3347788,127
SHAPE_13490113,12.4515765,-1.3348192,128
SHAPE_13490113,12.4516171,-1.3348487,129
SHAPE_13490113,12.4516643,-1.3348649,130
SHAPE_13490113,12.451714,-1.3348664,131
SHAPE_13490113,12.4517621,-1.334853,132
SHAPE_13490113,12.4518037,-1.3348263,133
SHAPE_13490113,12.4518361,-1.3347885,134
SHAPE_13490113,12.4518565,-1.3347428,135
SHAPE_13490113,12.4429967,-1.3529303,136
SHAPE_13490113,12.4426259,-1.3537296,137
SHAPE_13490113,12.4424708,-1.354034,138
SHAPE_13490113,12.4421372,-1.3547284,139
SHAPE_13490113,12.4415911,-1.3558848,140
SHAPE_13490113,12.441027,-1.3570623,141
SHAPE_13490113,12.4407751,-1.357606,142
SHAPE_13490113,12.4405977,-1.3579814,143
SHAPE_13490113,12.4403853,-1.3583705,144
SHAPE_13490113,12.4400984,-1.3589526,145
SHAPE_13490113,12.4398523,-1.3594723,146
SHAPE_13490113,12.4396806,-1.3598444,147
SHAPE_13490113,12.439481,-1.3602433,148
SHAPE_13490113,12.4389271,-1.361329,149
SHAPE_13490113,12.4385698,-1.362066,150
SHAPE_13490113,12.4381821,-1.362876,151
SHAPE_13490113,12.437454,-1.3642171,152
SHAPE_13490113,12.4367074,-1.3655825,153
SHAPE_13490113,12.4363182,-1.3662609,154
SHAPE_13490113,12.4361679,-1.3665399,155
SHAPE_13490113,12.4360972,-1.3666981,156
SHAPE_13490113,12.4360763,-1.3668591,157
SHAPE_13490113,12.4360684,-1.3670012,158
SHAPE_13490113,12.4360374,-1.3671425,159
SHAPE_13490113,12.4360057,-1.3671492,160
SHAPE_13490113,12.435948,-1.3671789,161
SHAPE_13490113,12.4359134,-1.3672104,162
SHAPE_13490113,12.4358998,-1.3672228,163
SHAPE_13490113,12.4358643,-1.3672779,164
SHAPE_13490113,12.4358439,-1.3673406,165
SHAPE_13490113,12.4358417,-1.3673771,166
SHAPE_13490113,12.43584,-1.3674065,167
SHAPE_13490113,12.4358528,-1.3674713,168
SHAPE_13490113,12.4358668,-1.3675001,169
SHAPE_13490113,12.4358816,-1.3675304,170
SHAPE_13490113,12.4359243,-1.3675799,171
SHAPE_13490113,12.4359781,-1.3676165,172
SHAPE_13490113,12.4360392,-1.3676376,173
SHAPE_13490113,12.4361036,-1.3676418,174
SHAPE_13490113,12.4361668,-1.3676288,175
SHAPE_13490113,12.4362113,-1.3676081,176
SHAPE_13490113,12.4362509,-1.3675789,177
SHAPE_13490113,12.4366184,-1.367763,178
SHAPE_13490113,12.4366787,-1.3678005,179
SHAPE_13490113,12.4368594,-1.3678944,180
SHAPE_13490113,12.4370594,-1.3680183,181
SHAPE_13490113,12.4385358,-1.3687984,182
SHAPE_13490113,12.4389548,-1.36908,183
SHAPE_13490113,12.4394996,-1.3694286,184
SHAPE_13490113,12.4401178,-1.3698953,185
SHAPE_13490113,12.4406364,-1.3702977,186
SHAPE_13490113,12.4409926,-1.3706142,187
SHAPE_13490113,12.4417417,-1.3713062,188
SHAPE_13490113,12.4421712,-1.3717353,189
SHAPE_13490113,12.4423441,-1.3719285,190
SHAPE_13490113,12.442813,-1.3724649,191
SHAPE_13490113,12.4429727,-1.3726527,192
SHAPE_13490113,12.4435568,-1.373401,193
SHAPE_13490113,12.4441042,-1.3741601,194
SHAPE_13490113,12.4451938,-1.3756272,195
SHAPE_13490113,12.4459115,-1.3766465,196
SHAPE_13490113,12.4464073,-1.3774314,197
SHAPE_13490113,12.4468308,-1.3782236,198
SHAPE_13490113,12.4472001,-1.3789639,199
SHAPE_13490113,12.4475511,-1.3797632,200
SHAPE_13490113,12.4478706,-1.380592,201
SHAPE_13490113,12.4480801,-1.381233,202
SHAPE_13490113,12.4483158,-1.3820538,203
SHAPE_13490113,12.4485097,-1.3828048,204
SHAPE_13490113,12.4486225,-1.3833921,205
SHAPE_13490113,12.4489401,-1.3853074,206
SHAPE_13490113,12.4491724,-1.3866833,207
SHAPE_13490113,12.4495168,-1.3887232,208
SHAPE_13490113,12.4499604,-1.3914183,209
SHAPE_13490113,12.4504995,-1.3946931,210
SHAPE_13490113,12.4513275,-1.3997923,211
SHAPE_13490113,12.451384,-1.4001272,212
SHAPE_13490113,12.4516366,-1.401624,213
SHAPE_13490113,12.4518795,-1.4027207,214
SHAPE_13490113,12.452128,-1.403597,215
SHAPE_13490113,12.4526689,-1.4050782,216
SHAPE_13490113,12.4531823,-1.4062484,217
SHAPE_13490113,12.4538825,-1.4075509,218
SHAPE_13490113,12.4542579,-1.408175,219
SHAPE_13490113,12.4548916,-1.4091037,220
SHAPE_13490113,12.4562567,-1.410906,221
SHAPE_13490113,12.4565117,-1.4112407,222
SHAPE_13490113,12.4594938,-1.4151548,223
SHAPE_13490113,12.4618034,-1.4181799,224
SHAPE_13490113,12.4641849,-1.4213493,225
SHAPE_13490113,12.4651534,-1.4226684,226
SHAPE_13490113,12.4652348,-1.4228288,227
SHAPE_13490113,12.4652717,-1.4229079,228
SHAPE_13490113,12.4653029,-1.4230566,229
SHAPE_13490113,12.4652959,-1.4232107,230
SHAPE_13490113,12.4652627,-1.4233306,231
SHAPE_13490113,12.4649908,-1.4236863,232
SHAPE_13490113,12.4630414,-1.425478,233
SHAPE_13490113,12.4623879,-1.4260524,234
SHAPE_13490113,12.4621341,-1.4262754,235
SHAPE_13490113,12.4618094,-1.4265248,236
SHAPE_13490113,12.4614586,-1.426801,237
SHAPE_13490113,12.4609269,-1.4272196,238
SHAPE_13490113,12.4605704,-1.4274845,239
SHAPE_13490113,12.460018,-1.4279088,240
SHAPE_13490113,12.4594509,-1.428342,241
SHAPE_13490113,12.4583143,-1.4292137,242
SHAPE_13490113,12.4578808,-1.4295544,243
SHAPE_13490113,12.4574398,-1.4298921,244
SHAPE_13490113,12.4569846,-1.4302304,245
SHAPE_13490113,12.4560496,-1.4309534,246
SHAPE_13490113,12.4531758,-1.4331755,247
SHAPE_13490113,12.4529019,-1.4333886,248
SHAPE_13490113,12.4526191,-1.4336072,249
SHAPE_13490113,12.4520459,-1.4340655,250
SHAPE_13490113,12.4515321,-1.4344394,251
SHAPE_13490113,12.4510445,-1.4347955,252
SHAPE_13490113,12.4508614,-1.4349424,253
SHAPE_13490113,12.4505775,-1.4351629,254
SHAPE_13490113,12.4502959,-1.4353761,255
SHAPE_13490113,12.4497446,-1.4358053,256
SHAPE_13490113,12.4494486,-1.4360373,257
SHAPE_13490113,12.44915,-1.4362666,258
SHAPE_13490113,12.4485974,-1.4366824,259
SHAPE_13490113,12.4483747,-1.4368479,260
SHAPE_13490113,12.4482327,-1.4369566,261
SHAPE_13490113,12.4480815,-1.4370719,262
SHAPE_13490113,12.4477842,-1.4373174,263
SHAPE_13490113,12.447589,-1.4374931,264
SHAPE_13490113,12.4473265,-1.4377184,265
SHAPE_13490113,12.4471019,-1.4379192,266
SHAPE_13490113,12.4469624,-1.4380442,267
SHAPE_13490113,12.4467391,-1.4382602,268
SHAPE_13490113,12.446618,-1.4383922,269
SHAPE_13490113,12.4464239,-1.4385961,270
SHAPE_13490113,12.4463044,-1.4387234,271
SHAPE_13490113,12.4461629,-1.4388916,272
SHAPE_13490113,12.4460854,-1.4389838,273
SHAPE_13490113,12.4459677,-1.4391238,274
SHAPE_13490113,12.4457634,-1.4393666,275
SHAPE_13490113,12.4456152,-1.439543,276
SHAPE_13490113,12.4455051,-1.4396738,277
SHAPE_13490113,12.4452892,-1.4399306,278
SHAPE_13490113,12.4451451,-1.4401019,279
SHAPE_13490113,12.4449738,-1.4403057,280
SHAPE_13490113,12.4444819,-1.4408906,281
SHAPE_13490113,12.4440957,-1.4413579,282
SHAPE_13490113,12.4438391,-1.4416549,283
SHAPE_13490113,12.4435922,-1.4419485,284
SHAPE_13490113,12.4433053,-1.4422851,285
SHAPE_13490113,12.4430614,-1.4425712,286
SHAPE_13490113,12.4427992,-1.4428944,287
SHAPE_13490113,12.4427129,-1.4430059,288
SHAPE_13490113,12.4424032,-1.443386,289
SHAPE_13490113,12.4420883,-1.4437628,290
SHAPE_13490113,12.4419695,-1.4439021,291
SHAPE_13490113,12.4415245,-1.4444237,292
SHAPE_13490113,12.4410104,-1.4450263,293
SHAPE_13490113,12.43979,-1.4464566,294
SHAPE_13490113,12.4396528,-1.4466173,295
SHAPE_13490113,12.4395699,-1.4467186,296
SHAPE_13490113,12.4395267,-1.4467751,297
SHAPE_13490113,12.4389391,-1.4475439,298
SHAPE_13490113,12.4380712,-1.4485857,299
SHAPE_13490113,12.43801,-1.4486655,300
SHAPE_13490113,12.4379251,-1.4487675,301
SHAPE_13490113,12.4378126,-1.4489032,302
SHAPE_13490113,12.437203,-1.4496386,303
SHAPE_13490113,12.4367754,-1.4501536,304
SHAPE_13490113,12.436248,-1.4507828,305
SHAPE_13490113,12.4361119,-1.4509544,306
SHAPE_13490113,12.435982,-1.4511165,307
SHAPE_13490113,12.4357176,-1.4514044,308
SHAPE_13490113,12.4349448,-1.4523425,309
SHAPE_13490113,12.4347859,-1.4525231,310
SHAPE_13490113,12.4347023,-1.4526253,311
SHAPE_13490113,12.4345752,-1.4527751,312
SHAPE_13490113,12.4343582,-1.4530592,313
SHAPE_13490113,12.4337427,-1.4537964,314
SHAPE_13490113,12.4334711,-1.454127,315
SHAPE_13490113,12.4333653,-1.4542557,316
SHAPE_13490113,12.433271,-1.4543714,317
SHAPE_13490113,12.4332195,-1.4544344,318
SHAPE_13490113,12.4323554,-1.4554392,319
SHAPE_13490113,12.4322589,-1.4555664,320
SHAPE_13490113,12.432211,-1.4556237,321
SHAPE_13490113,12.4320897,-1.455769,322
SHAPE_13490113,12.4315738,-1.4563744,323
SHAPE_13490113,12.43143,-1.4565595,324
SHAPE_13490113,12.4313111,-1.4567031,325
SHAPE_13490113,12.431004,-1.457074,326
SHAPE_13490113,12.4306271,-1.4575164,327
SHAPE_13490113,12.4301383,-1.4581239,328
SHAPE_13490113,12.4299846,-1.4582964,329
SHAPE_13490113,12.4298785,-1.4584229,330
SHAPE_13490113,12.4281803,-1.4604073,331
SHAPE_13490113,12.4280387,-1.4605763,332
SHAPE_13490113,12.4276005,-1.4610655,333
SHAPE_13490113,12.4267071,-1.462117,334
SHAPE_13490113,12.4266033,-1.4622397,335
SHAPE_13490113,12.4264889,-1.462373,336
SHAPE_13490113,12.4263682,-1.4625138,337
SHAPE_13490113,12.4260457,-1.4628788,338
SHAPE_13490113,12.4259128,-1.4630345,339
SHAPE_13490113,12.4252381,-1.4638255,340
SHAPE_13490113,12.4250621,-1.4640388,341
SHAPE_13490113,12.4249063,-1.4642319,342
SHAPE_13490113,12.4242933,-1.4649635,343
SHAPE_13490113,12.4242468,-1.4650186,344
SHAPE_13490113,12.4239618,-1.4653564,345
SHAPE_13490113,12.423902,-1.4654201,346
SHAPE_13490113,12.4236417,-1.465726,347
SHAPE_13490113,12.4235821,-1.4658064,348
SHAPE_13490113,12.4231308,-1.4663262,349
SHAPE_13490113,12.4228705,-1.4666633,350
SHAPE_13490113,12.4225942,-1.4670213,351
SHAPE_13490113,12.42249,-1.4671519,352
SHAPE_13490113,12.4222004,-1.4675149,353
SHAPE_13490113,12.4218259,-1.4679575,354
SHAPE_13490113,12.4216882,-1.4681205,355
SHAPE_13490113,12.4214409,-1.4684041,356
SHAPE_13490113,12.4213678,-1.4684719,357
SHAPE_13490113,12.421054,-1.4688487,358
SHAPE_13490113,12.4209152,-1.4690177,359
SHAPE_13490113,12.4208104,-1.4691505,360
SHAPE_13490113,12.4199903,-1.4701,361
SHAPE_13490113,12.4198531,-1.4702689,362
SHAPE_13490113,12.4195884,-1.4705854,363
SHAPE_13490113,12.419091,-1.4711661,364
SHAPE_13490113,12.4189968,-1.4712793,365
SHAPE_13490113,12.4183113,-1.472103,366
SHAPE_13490113,12.4181729,-1.4722792,367
SHAPE_13490113,12.4180222,-1.4724537,368
SHAPE_13490113,12.4176784,-1.472856,369
SHAPE_13490113,12.4173762,-1.4732245,370
SHAPE_13490113,12.4169324,-1.4737657,371
SHAPE_13490113,12.4162369,-1.474602,372
SHAPE_13490113,12.4156268,-1.4753428,373
SHAPE_13490113,12.4155538,-1.4754255,374
SHAPE_13490113,12.4153758,-1.4756399,375
SHAPE_13490113,12.4150147,-1.476075,376
SHAPE_13490113,12.4146366,-1.476514,377
SHAPE_13490113,12.4144948,-1.4766727,378
SHAPE_13490113,12.4143982,-1.4767305,379
SHAPE_13490113,12.4143534,-1.4767763,380
SHAPE_13490113,12.4141045,-1.4770258,381
SHAPE_13490113,12.4140521,-1.4770687,382
SHAPE_13490113,12.4139788,-1.4771116,383
SHAPE_13490113,12.4139057,-1.4771382,384
SHAPE_13490113,12.4138271,-1.4771569,385
SHAPE_13490113,12.4137564,-1.4771596,386
SHAPE_13490113,12.413688,-1.4771492,387
SHAPE_13490113,12.4136123,-1.4771274,388
SHAPE_13490113,12.4134997,-1.4770765,389
SHAPE_13490113,12.4131557,-1.4768217,390
SHAPE_13490113,12.4130311,-1.4767508,391
SHAPE_13490113,12.4124614,-1.4762601,392
SHAPE_13490113,12.4118298,-1.4757252,393
SHAPE_13490113,12.411329,-1.475305,394
SHAPE_13490113,12.411139,-1.475167,395
SHAPE_13490113,12.4109577,-1.4750491,396
SHAPE_13490113,12.4107407,-1.4749283,397
SHAPE_13490113,12.4105157,-1.4748129,398
SHAPE_13490113,12.4102684,-1.4747028,399
SHAPE_13490113,12.410062,-1.4746171,400
SHAPE_13490113,12.4098436,-1.4745421,401
SHAPE_13490113,12.4096019,-1.4744711,402
SHAPE_13490113,12.4093222,-1.4744026,403
SHAPE_13490113,12.408352,-1.4741502,404
SHAPE_13490113,12.4076582,-1.4739744,405
SHAPE_13490113,12.4069813,-1.473803,406
SHAPE_13490113,12.4067963,-1.4737585,407
SHAPE_13490113,12.4066482,-1.4737187,408
SHAPE_13490113,12.4061116,-1.4735828,409
SHAPE_13490113,12.4057462,-1.473497,410
SHAPE_13490113,12.4046157,-1.4732027,411
SHAPE_13490113,12.404301,-1.4731257,412
SHAPE_13490113,12.4040304,-1.4730606,413
SHAPE_13490113,12.40283,-1.4727536,414
SHAPE_13490113,12.4017474,-1.472467,415
SHAPE_13490113,12.4009675,-1.4722808,416
SHAPE_13490113,12.4005591,-1.4721747,417
SHAPE_13490113,12.400184,-1.4720817,418
SHAPE_13490113,12.3994681,-1.4718942,419
SHAPE_13490113,12.3982479,-1.4715879,420
SHAPE_13490113,12.3972269,-1.4713311,421
SHAPE_13490113,12.3967178,-1.4712307,422
SHAPE_13490113,12.3966141,-1.4712091,423
SHAPE_13490113,12.3965821,-1.4712008,424
SHAPE_13490113,12.396538,-1.4711762,425
SHAPE_13490113,12.396048,-1.471004,426
SHAPE_13490113,12.3959607,-1.4709733,427
SHAPE_13490113,12.3951236,-1.4707216,428
SHAPE_13490113,12.3947326,-1.4706253,429
SHAPE_13490113,12.3940444,-1.470453,430
SHAPE_13490113,12.3929986,-1.4701829,431
SHAPE_13490113,12.3929817,-1.4701303,432
SHAPE_13490113,12.3929556,-1.4700818,433
SHAPE_13490113,12.3929173,-1.4700356,434
SHAPE_13490113,12.3928706,-1.4699984,435
SHAPE_13490113,12.3928175,-1.4699717,436
SHAPE_13490113,12.3927601,-1.4699568,437
SHAPE_13490113,12.392701,-1.4699542,438
SHAPE_13490113,12.3926216,-1.4699694,439
SHAPE_13490113,12.3925969,-1.4699802,440
SHAPE_13490113,12.3925766,-1.4699918,441
SHAPE_13490113,12.3924757,-1.4700223,442
SHAPE_13490113,12.3924026,-1.4700179,443
SHAPE_13490113,12.3923143,-1.470004,444
SHAPE_13490113,12.3917516,-1.4698683,445
SHAPE_13490113,12.3906347,-1.4695874,446
SHAPE_13490113,12.3900018,-1.4694406,447
SHAPE_13490113,12.389859,-1.4694241,448
SHAPE_13490113,12.3896963,-1.4694094,449
SHAPE_13490113,12.3892599,-1.4693561,450
SHAPE_13490113,12.3880384,-1.4690481,451
SHAPE_13490113,12.3877343,-1.4689694,452
SHAPE_13490113,12.3872381,-1.4688459,453
SHAPE_13490113,12.3856298,-1.4684358,454
SHAPE_13490113,12.3853428,-1.4683616,455
SHAPE_13490113,12.3851049,-1.4683001,456
SHAPE_13490113,12.3846618,-1.4681856,457
SHAPE_13490113,12.3842901,-1.4680865,458
SHAPE_13490113,12.3841181,-1.468045,459
SHAPE_13490113,12.3835735,-1.4679042,460
SHAPE_13490113,12.3832486,-1.4678507,461
SHAPE_13490113,12.3831135,-1.4678415,462
SHAPE_13490113,12.3828278,-1.467822,463
SHAPE_13490113,12.3824976,-1.4678402,464
SHAPE_13490113,12.3822319,-1.4678706,465
SHAPE_13490113,12.3819959,-1.4679331,466
SHAPE_13490113,12.3817945,-1.4680041,467
SHAPE_13490113,12.3815206,-1.4681207,468
SHAPE_13490113,12.3812648,-1.4682744,469
SHAPE_13490113,12.3809941,-1.4684468,470
SHAPE_13490113,12.380801,-1.468582,471
SHAPE_13490113,12.3803675,-1.4688668,472
SHAPE_13490113,12.3802923,-1.46892,473
SHAPE_13490113,12.3800012,-1.4691163,474
SHAPE_13490113,12.3798942,-1.4691869,475
SHAPE_13490113,12.3782627,-1.4702862,476
SHAPE_13490113,12.3778401,-1.4705743,477
SHAPE_13490113,12.3769449,-1.4711666,478
SHAPE_13490113,12.3763521,-1.4715762,479
SHAPE_13490113,12.3761227,-1.471732,480
SHAPE_13490113,12.3753267,-1.4722483,481
SHAPE_13490113,12.3752561,-1.4722946,482
SHAPE_13490113,12.3743966,-1.4728795,483
SHAPE_13490113,12.3742097,-1.4730045,484
SHAPE_13490113,12.3738569,-1.4732404,485
SHAPE_13490113,12.3732968,-1.4736245,486
SHAPE_13490113,12.372938,-1.4738752,487
SHAPE_13490113,12.3724838,-1.4741745,488
SHAPE_13490113,12.3720096,-1.4745001,489
SHAPE_13490113,12.3714654,-1.4748727,490
SHAPE_13490113,12.370444,-1.47556,491
SHAPE_13490113,12.3700048,-1.4758399,492
SHAPE_13490113,12.3691024,-1.4764479,493
SHAPE_13490113,12.3685714,-1.4767966,494
SHAPE_13490113,12.3673613,-1.4776327,495
SHAPE_13490113,12.3664137,-1.4782547,496
SHAPE_13490113,12.3650114,-1.4792097,497
SHAPE_13490113,12.3637331,-1.4800563,498
SHAPE_13490113,12.3632857,-1.4803589,499
SHAPE_13490113,12.3631814,-1.4804265,500
SHAPE_13490113,12.3623824,-1.4809643,501
SHAPE_13490113,12.3623495,-1.480978,502
SHAPE_13490113,12.3617405,-1.4813963,503
SHAPE_13490113,12.3611701,-1.481773,504
SHAPE_13490113,12.36105,-1.4818523,505
SHAPE_13490113,12.3605129,-1.4822122,506
SHAPE_13490113,12.359939,-1.4826064,507
SHAPE_13490113,12.3598314,-1.4826808,508
SHAPE_13490113,12.3594629,-1.4829131,509
SHAPE_13490113,12.3588519,-1.4833411,510
SHAPE_13490113,12.3578059,-1.4840515,511
SHAPE_13490113,12.356818,-1.4847115,512
SHAPE_13490113,12.3552684,-1.485765,513
SHAPE_13490113,12.3550382,-1.4859112,514
SHAPE_13490113,12.3544546,-1.4863093,515
SHAPE_13490113,12.3540218,-1.4865687,516
SHAPE_13490113,12.353605,-1.4868616,517
SHAPE_13490113,12.3528653,-1.4873681,518
SHAPE_13490113,12.3525851,-1.4875635,519
SHAPE_13490113,12.3519935,-1.4879426,520
SHAPE_13490113,12.3516893,-1.4881503,521
SHAPE_13490113,12.3515626,-1.4882597,522
SHAPE_13490113,12.3512199,-1.4884784,523
SHAPE_13490113,12.3505923,-1.4888985,524
SHAPE_13490113,12.3496112,-1.4895611,525
SHAPE_13490113,12.3495007,-1.4896383,526
SHAPE_13490113,12.3494967,-1.489641,527
SHAPE_13490152,12.4679766,-1.3392755,1
SHAPE_13490152,12.4688561,-1.3399811,2
SHAPE_13490152,12.4695938,-1.3405738,3
SHAPE_13490152,12.4697368,-1.3406913,4
SHAPE_13490152,12.4705027,-1.3413208,5
SHAPE_13490152,12.4723756,-1.342805,6
SHAPE_13490152,12.4726872,-1.3430458,7
SHAPE_13490152,12.4679766,-1.3392755,8
SHAPE_13490152,12.4679461,-1.3392884,9
SHAPE_13490152,12.4679132,-1.3392905,10
SHAPE_13490152,12.4678814,-1.3392817,11
SHAPE_13490152,12.4678541,-1.3392628,12
SHAPE_13490152,12.4678342,-1.3392359,13
SHAPE_13490152,12.4678238,-1.3392038,14
SHAPE_13490152,12.467824,-1.3391701,15
SHAPE_13490152,12.4520224,-1.3348991,16
SHAPE_13490152,12.4518648,-1.3346923,17
SHAPE_13490152,12.4517621,-1.334853,18
SHAPE_13490152,12.4520224,-1.3348991,19
SHAPE_13490152,12.4529801,-1.3352855,20
SHAPE_13490152,12.4532527,-1.3354024,21
SHAPE_13490152,12.453744,-1.3355912,22
SHAPE_13490152,12.4543922,-1.3357938,23
SHAPE_13490152,12.4548674,-1.3359456,24
SHAPE_13490152,12.4553269,-1.3360703,25
SHAPE_13490152,12.4557438,-1.3361512,26
SHAPE_13490152,12.4562861,-1.3362402,27
SHAPE_13490152,12.4563275,-1.3362499,28
SHAPE_13490152,12.4565227,-1.3363036,29
SHAPE_13490152,12.4567256,-1.3363572,30
SHAPE_13490152,12.4568932,-1.3364082,31
SHAPE_13490152,12.4571053,-1.3364886,32
SHAPE_13490152,12.4572871,-1.3365555,33
SHAPE_13490152,12.4574394,-1.33662,34
SHAPE_13490152,12.4576973,-1.3367167,35
SHAPE_13490152,12.4588809,-1.3371037,36
SHAPE_13490152,12.4589731,-1.3371316,37
SHAPE_13490152,12.4592926,-1.3372513,38
SHAPE_13490152,12.4597115,-1.3374055,39
SHAPE_13490152,12.4605282,-1.3376796,40
SHAPE_13490152,12.4606275,-1.3377088,41
SHAPE_13490152,12.4607535,-1.3377367,42
SHAPE_13490152,12.4612644,-1.3378483,43
SHAPE_13490152,12.4614831,-1.3378835,44
SHAPE_13490152,12.4616533,-1.3379197,45
SHAPE_13490152,12.4618877,-1.3379679,46
SHAPE_13490152,12.4620954,-1.3380027,47
SHAPE_13490152,12.4631212,-1.3381892,48
SHAPE_13490152,12.4660204,-1.3387739,49
SHAPE_13490152,12.466814,-1.3389535,50
SHAPE_13490152,12.467824,-1.3391701,51
SHAPE_13490152,12.4515248,-1.334684,52
SHAPE_13490152,12.4514929,-1.3348389,53
SHAPE_13490152,12.4514771,-1.3349274,54
SHAPE_13490152,12.451451,-1.3350253,55
SHAPE_13490152,12.4514012,-1.3351661,56
SHAPE_13490152,12.4513606,-1.3352573,57
SHAPE_13490152,12.4512192,-1.3355577,58
SHAPE_13490152,12.4507962,-1.3364589,59
SHAPE_13490152,12.4502357,-1.3376069,60
SHAPE_13490152,12.4496804,-1.338775,61
SHAPE_13490152,12.4494735,-1.3392008,62
SHAPE_13490152,12.4491514,-1.339864,63
SHAPE_13490152,12.4485765,-1.3410589,64
SHAPE_13490152,12.4480592,-1.3421318,65
SHAPE_13490152,12.4474869,-1.3433254,66
SHAPE_13490152,12.4469303,-1.3444881,67
SHAPE_13490152,12.4464536,-1.3454779,68
SHAPE_13490152,12.4460188,-1.3463992,69
SHAPE_13490152,12.4456299,-1.3471985,70
SHAPE_13490152,12.4453968,-1.3476632,71
SHAPE_13490152,12.4452344,-1.3479871,72
SHAPE_13490152,12.4447435,-1.3488679,73
SHAPE_13490152,12.4446845,-1.3489736,74
SHAPE_13490152,12.4443723,-1.3495687,75
SHAPE_13490152,12.4439961,-1.3502855,76
SHAPE_13490152,12.443267,-1.3516748,77
SHAPE_13490152,12.4429315,-1.3523074,78
SHAPE_13490152,12.4429282,-1.3524596,79
SHAPE_13490152,12.4429072,-1.3526648,80
SHAPE_13490152,12.4429361,-1.3527507,81
SHAPE_13490152,12.4429806,-1.3528284,82
SHAPE_13490152,12.4429976,-1.3528794,83
SHAPE_13490152,12.4429967,-1.3529303,84
SHAPE_13490152,12.4429282,-1.3524596,85
SHAPE_13490152,12.4430408,-1.3523859,86
SHAPE_13490152,12.4433755,-1.3517443,87
SHAPE_13490152,12.4445547,-1.3494837,88
SHAPE_13490152,12.4453994,-1.3478811,89
SHAPE_13490152,12.4454754,-1.3477148,90
SHAPE_13490152,12.446155,-1.3463442,91
SHAPE_13490152,12.4464654,-1.3456924,92
SHAPE_13490152,12.4468007,-1.3449951,93
SHAPE_13490152,12.4472302,-1.3440858,94
SHAPE_13490152,12.4474057,-1.3437304,95
SHAPE_13490152,12.4482451,-1.341995,96
SHAPE_13490152,12.4485372,-1.3413768,97
SHAPE_13490152,12.4495626,-1.3392444,98
SHAPE_13490152,12.4498664,-1.338606,99
SHAPE_13490152,12.4506168,-1.3370651,100
SHAPE_13490152,12.4511409,-1.3359774,101
SHAPE_13490152,12.4513514,-1.3355148,102
SHAPE_13490152,12.4514418,-1.3353217,103
SHAPE_13490152,12.4515387,-1.335146,104
SHAPE_13490152,12.4516579,-1.3349864,105
SHAPE_13490152,12.4517621,-1.334853,106
SHAPE_13490152,12.4518565,-1.3347428,107
SHAPE_13490152,12.4518648,-1.3346923,108
SHAPE_13490152,12.4518573,-1.3346423,109
SHAPE_13490152,12.4518361,-1.3345965,110
SHAPE_13490152,12.451803,-1.3345589,111
SHAPE_13490152,12.4517608,-1.3345326,112
SHAPE_13490152,12.4517159,-1.3345201,113
SHAPE_13490152,12.4516694,-1.3345205,114
SHAPE_13490152,12.4516247,-1.3345338,115
SHAPE_13490152,12.4515852,-1.3345589,116
SHAPE_13490152,12.4515538,-1.334594,117
SHAPE_13490152,12.4515338,-1.3346377,118
SHAPE_13490152,12.4515248,-1.334684,119
SHAPE_13490152,12.4515284,-1.3347311,120
SHAPE_13490152,12.4515461,-1.3347788,121
SHAPE_13490152,12.4515765,-1.3348192,122
SHAPE_13490152,12.4516171,-1.3348487,123
SHAPE_13490152,12.4516643,-1.3348649,124
SHAPE_13490152,12.451714,-1.3348664,125
SHAPE_13490152,12.4517621,-1.334853,126
SHAPE_13490152,12.4518037,-1.3348263,127
SHAPE_13490152,12.4518361,-1.3347885,128
SHAPE_13490152,12.4518565,-1.3347428,129
SHAPE_13490152,12.4429967,-1.3529303,130
SHAPE_13490152,12.4426259,-1.3537296,131
SHAPE_13490152,12.4424708,-1.354034,132
SHAPE_13490152,12.4421372,-1.3547284,133
SHAPE_13490152,12.4415911,-1.3558848,134
SHAPE_13490152,12.441027,-1.3570623,135
SHAPE_13490152,12.4407751,-1.357606,136
SHAPE_13490152,12.4405977,-1.3579814,137
SHAPE_13490152,12.440348,-1.3585626,138
SHAPE_13490152,12.4402451,-1.3587762,139
SHAPE_13490152,12.4400605,-1.3591524,140
SHAPE_13490152,12.4398981,-1.3595017,141
SHAPE_13490152,12.4395739,-1.3601763,142
SHAPE_13490152,12.4392918,-1.3607818,143
SHAPE_13490152,12.4389515,-1.3614579,144
SHAPE_13490152,12.4387359,-1.3619418,145
SHAPE_13490152,12.4381245,-1.3632998,146
SHAPE_13490152,12.4375718,-1.3645852,147
SHAPE_13490152,12.4367392,-1.3666525,148
SHAPE_13490152,12.4367023,-1.3668001,149
SHAPE_13490152,12.4366577,-1.366953,150
SHAPE_13490152,12.4366237,-1.3671112,151
SHAPE_13490152,12.4366184,-1.3672373,152
SHAPE_13490152,12.4366577,-1.3673633,153
SHAPE_13490152,12.4367258,-1.367476,154
SHAPE_13490152,12.4368123,-1.3675645,155
SHAPE_13490152,12.4368882,-1.3676208,156
SHAPE_13490152,12.4369812,-1.3676906,157
SHAPE_13490152,12.437158,-1.3678006,158
SHAPE_13490152,12.4382429,-1.368383,159
SHAPE_13490152,12.4389286,-1.3688225,160
SHAPE_13490152,12.4395206,-1.3692355,161
SHAPE_13490152,12.4401021,-1.3696539,162
SHAPE_13490152,12.4408564,-1.3702601,163
SHAPE_13490152,12.4415845,-1.3709199,164
SHAPE_13490152,12.4423179,-1.3716763,165
SHAPE_13490152,12.4429361,-1.3723522,166
SHAPE_13490152,12.4430919,-1.372548,167
SHAPE_13490152,12.4436013,-1.3731891,168
SHAPE_13490152,12.4442771,-1.3741252,169
SHAPE_13490152,12.4454845,-1.3757828,170
SHAPE_13490152,12.4459796,-1.3764721,171
SHAPE_13490152,12.446417,-1.3771507,172
SHAPE_13490152,12.4465409,-1.3773618,173
SHAPE_13490152,12.4468701,-1.3779634,174
SHAPE_13490152,12.4473075,-1.3788244,175
SHAPE_13490152,12.4476008,-1.3794628,176
SHAPE_13490152,12.4479439,-1.3802969,177
SHAPE_13490152,12.4482451,-1.3811982,178
SHAPE_13490152,12.4485018,-1.3821101,179
SHAPE_13490152,12.4486747,-1.3828182,180
SHAPE_13490152,12.4487766,-1.3833792,181
SHAPE_13490152,12.4490946,-1.3852872,182
SHAPE_13490152,12.4499855,-1.3906324,183
SHAPE_13490152,12.4501089,-1.3913833,184
SHAPE_13490152,12.4511729,-1.3978589,185
SHAPE_13490152,12.4514821,-1.3997754,186
SHAPE_13490152,12.4515394,-1.4001029,187
SHAPE_13490152,12.4518243,-1.4017314,188
SHAPE_13490152,12.452139,-1.4030204,189
SHAPE_13490152,12.4525861,-1.4043659,190
SHAPE_13490152,12.4530498,-1.405553,191
SHAPE_13490152,12.4535467,-1.4066159,192
SHAPE_13490152,12.4541484,-1.4076674,193
SHAPE_13490152,12.4546397,-1.4084588,194
SHAPE_13490152,12.4562847,-1.4106693,195
SHAPE_13490152,12.4565586,-1.4110294,196
SHAPE_13490152,12.4596352,-1.4150749,197
SHAPE_13490152,12.4619379,-1.418064,198
SHAPE_13490152,12.4643496,-1.4212463,199
SHAPE_13490152,12.4652178,-1.4223169,200
SHAPE_13490152,12.4655035,-1.4227831,201
SHAPE_13490152,12.4656017,-1.4229615,202
SHAPE_13490152,12.4656763,-1.4230688,203
SHAPE_13490152,12.4657012,-1.423103,204
SHAPE_13490152,12.4657569,-1.4231532,205
SHAPE_13490152,12.4658177,-1.4231355,206
SHAPE_13490152,12.4658808,-1.4231339,207
SHAPE_13490152,12.4659423,-1.4231485,208
SHAPE_13490152,12.4660041,-1.4231828,209
SHAPE_13490152,12.4660542,-1.4232333,210
SHAPE_13490152,12.4660885,-1.4232961,211
SHAPE_13490152,12.4661044,-1.4233662,212
SHAPE_13490152,12.4661011,-1.4234354,213
SHAPE_13490152,12.4660799,-1.4235011,214
SHAPE_13490152,12.4660397,-1.4235615,215
SHAPE_13490152,12.4659844,-1.4236078,216
SHAPE_13490152,12.4659187,-1.4236362,217
SHAPE_13490152,12.4658422,-1.4236441,218
SHAPE_13490152,12.465767,-1.423628,219
SHAPE_13490152,12.4656204,-1.4238797,220
SHAPE_13490152,12.4655038,-1.4240112,221
SHAPE_13490152,12.4654038,-1.4241129,222
SHAPE_13490152,12.463892,-1.4251285,223
SHAPE_13490152,12.4634388,-1.425444,224
SHAPE_13490152,12.4622022,-1.4263371,225
SHAPE_13490152,12.4609807,-1.4272558,226
SHAPE_13490152,12.4607347,-1.4274468,227
SHAPE_13490152,12.4583693,-1.4292835,228
SHAPE_13490152,12.457036,-1.430303,229
SHAPE_13490152,12.4554317,-1.4315416,230
SHAPE_13490152,12.4520788,-1.43413,231
SHAPE_13490152,12.4515439,-1.4345245,232
SHAPE_13490152,12.451503,-1.434559,233
SHAPE_13490152,12.4504779,-1.4353345,234
SHAPE_13490152,12.4494421,-1.4361419,235
SHAPE_13490152,12.4486498,-1.43674,236
SHAPE_13490152,12.4482478,-1.4370405,237
SHAPE_13490152,12.4481377,-1.4371358,238
SHAPE_13490152,12.4478929,-1.4373395,239
SHAPE_13490152,12.4474043,-1.4377592,240
SHAPE_13490152,12.4471247,-1.4380024,241
SHAPE_13490152,12.4468831,-1.4382286,242
SHAPE_13490152,12.4466212,-1.438513,243
SHAPE_13490152,12.4464287,-1.4387128,244
SHAPE_13490152,12.4462291,-1.4389406,245
SHAPE_13490152,12.4461821,-1.4389943,246
SHAPE_13490152,12.4459442,-1.4392707,247
SHAPE_13490152,12.4455513,-1.4397387,248
SHAPE_13490152,12.4454799,-1.4398159,249
SHAPE_13490152,12.4451099,-1.4402605,250
SHAPE_13490152,12.4449188,-1.4404938,251
SHAPE_13490152,12.4445495,-1.4409229,252
SHAPE_13490152,12.4443567,-1.4411457,253
SHAPE_13490152,12.4441852,-1.4413503,254
SHAPE_13490152,12.4440937,-1.4414633,255
SHAPE_13490152,12.443891,-1.4416985,256
SHAPE_13490152,12.4435756,-1.4420872,257
SHAPE_13490152,12.4433355,-1.4423687,258
SHAPE_13490152,12.4430985,-1.4426435,259
SHAPE_13490152,12.4428438,-1.4429394,260
SHAPE_13490152,12.4425584,-1.4432955,261
SHAPE_13490152,12.442221,-1.4437165,262
SHAPE_13490152,12.4415007,-1.4445975,263
SHAPE_13490152,12.4410738,-1.4450883,264
SHAPE_13490152,12.440474,-1.4457871,265
SHAPE_13490152,12.4398736,-1.4465249,266
SHAPE_13490152,12.439734,-1.4466964,267
SHAPE_13490152,12.4396576,-1.4467945,268
SHAPE_13490152,12.4396174,-1.4468437,269
SHAPE_13490152,12.4393084,-1.4472208,270
SHAPE_13490152,12.4389875,-1.4476124,271
SHAPE_13490152,12.4381333,-1.4486371,272
SHAPE_13490152,12.4379921,-1.4488142,273
SHAPE_13490152,12.4378703,-1.4489627,274
SHAPE_13490152,12.436325,-1.4508472,275
SHAPE_13490152,12.4361772,-1.4510429,276
SHAPE_13490152,12.4360583,-1.4511909,277
SHAPE_13490152,12.4355765,-1.4517533,278
SHAPE_13490152,12.4350273,-1.4524121,279
SHAPE_13490152,12.4348684,-1.4525814,280
SHAPE_13490152,12.4347835,-1.4526886,281
SHAPE_13490152,12.4346589,-1.4528358,282
SHAPE_13490152,12.4341337,-1.4534847,283
SHAPE_13490152,12.4340092,-1.4536448,284
SHAPE_13490152,12.4335538,-1.4541885,285
SHAPE_13490152,12.4334363,-1.4543288,286
SHAPE_13490152,12.4333466,-1.4544312,287
SHAPE_13490152,12.4332812,-1.4545066,288
SHAPE_13490152,12.4331205,-1.454692,289
SHAPE_13490152,12.4326411,-1.4552673,290
SHAPE_13490152,12.4324347,-1.4555073,291
SHAPE_13490152,12.4323402,-1.4556173,292
SHAPE_13490152,12.4322861,-1.455677,293
SHAPE_13490152,12.4321627,-1.4558223,294
SHAPE_13490152,12.4316357,-1.4564426,295
SHAPE_13490152,12.4315003,-1.4566205,296
SHAPE_13490152,12.431382,-1.4567623,297
SHAPE_13490152,12.4304536,-1.4578745,298
SHAPE_13490152,12.4303451,-1.4580031,299
SHAPE_13490152,12.4301974,-1.4581759,300
SHAPE_13490152,12.4300465,-1.4583526,301
SHAPE_13490152,12.4299366,-1.4584726,302
SHAPE_13490152,12.4282511,-1.4604722,303
SHAPE_13490152,12.4281099,-1.4606414,304
SHAPE_13490152,12.4276868,-1.4611248,305
SHAPE_13490152,12.427078,-1.4618175,306
SHAPE_13490152,12.4265733,-1.4624355,307
SHAPE_13490152,12.4264528,-1.4625831,308
SHAPE_13490152,12.4261444,-1.4629536,309
SHAPE_13490152,12.4260104,-1.4631117,310
SHAPE_13490152,12.4257194,-1.4634548,311
SHAPE_13490152,12.4253245,-1.4638921,312
SHAPE_13490152,12.4251463,-1.4641204,313
SHAPE_13490152,12.4249818,-1.4643075,314
SHAPE_13490152,12.4243704,-1.4650364,315
SHAPE_13490152,12.4243258,-1.465087,316
SHAPE_13490152,12.4240339,-1.4654182,317
SHAPE_13490152,12.4239886,-1.4654717,318
SHAPE_13490152,12.4237189,-1.4658007,319
SHAPE_13490152,12.4236526,-1.4658796,320
SHAPE_13490152,12.4229421,-1.4667261,321
SHAPE_13490152,12.4228134,-1.4669066,322
SHAPE_13490152,12.4225655,-1.4672203,323
SHAPE_13490152,12.4222801,-1.4675814,324
SHAPE_13490152,12.4219066,-1.4680299,325
SHAPE_13490152,12.421772,-1.4681876,326
SHAPE_13490152,12.4215254,-1.4684765,327
SHAPE_13490152,12.4214604,-1.4685485,328
SHAPE_13490152,12.4211334,-1.4689339,329
SHAPE_13490152,12.4208854,-1.4692128,330
SHAPE_13490152,12.420085,-1.4701898,331
SHAPE_13490152,12.4199543,-1.4703521,332
SHAPE_13490152,12.4196782,-1.4706724,333
SHAPE_13490152,12.4191848,-1.4712356,334
SHAPE_13490152,12.4190799,-1.471357,335
SHAPE_13490152,12.4189436,-1.4715248,336
SHAPE_13490152,12.4183917,-1.47218,337
SHAPE_13490152,12.4181229,-1.4725329,338
SHAPE_13490152,12.4174845,-1.4733169,339
SHAPE_13490152,12.4170405,-1.4738622,340
SHAPE_13490152,12.4163509,-1.4746982,341
SHAPE_13490152,12.4157366,-1.475443,342
SHAPE_13490152,12.4156661,-1.4755247,343
SHAPE_13490152,12.4154935,-1.4757189,344
SHAPE_13490152,12.4154271,-1.4757939,345
SHAPE_13490152,12.4149169,-1.4763563,346
SHAPE_13490152,12.4147166,-1.4765859,347
SHAPE_13490152,12.4145751,-1.4767465,348
SHAPE_13490152,12.414105,-1.4772786,349
SHAPE_13490152,12.4139005,-1.4775137,350
SHAPE_13490152,12.4138792,-1.4775568,351
SHAPE_13490152,12.4138612,-1.4776075,352
SHAPE_13490152,12.4138534,-1.4776856,353
SHAPE_13490152,12.4138663,-1.4777246,354
SHAPE_13490152,12.4138758,-1.4777651,355
SHAPE_13490152,12.4138741,-1.4778054,356
SHAPE_13490152,12.4138691,-1.4778454,357
SHAPE_13490152,12.4138584,-1.4778842,358
SHAPE_13490152,12.4138443,-1.477921,359
SHAPE_13490152,12.4138207,-1.4779547,360
SHAPE_13490152,12.4137946,-1.4779849,361
SHAPE_13490152,12.4137651,-1.47801,362
SHAPE_13490152,12.4137307,-1.4780317,363
SHAPE_13490152,12.4136944,-1.4780473,364
SHAPE_13490152,12.4136563,-1.4780571,365
SHAPE_13490152,12.4136171,-1.4780611,366
SHAPE_13490152,12.4135861,-1.4780599,367
SHAPE_13490152,12.4135554,-1.4780551,368
SHAPE_13490152,12.4135165,-1.4780432,369
SHAPE_13490152,12.4134798,-1.4780254,370
SHAPE_13490152,12.4134462,-1.4780019,371
SHAPE_13490152,12.4134166,-1.4779735,372
SHAPE_13490152,12.4133915,-1.4779407,373
SHAPE_13490152,12.4133717,-1.4779044,374
SHAPE_13490152,12.4133631,-1.4778828,375
SHAPE_13490152,12.4133563,-1.4778605,376
SHAPE_13490152,12.4133122,-1.4778294,377
SHAPE_13490152,12.4132807,-1.4778112,378
SHAPE_13490152,12.4132417,-1.4777899,379
SHAPE_13490152,12.4131878,-1.4777679,380
SHAPE_13490152,12.4131365,-1.4777435,381
SHAPE_13490152,12.4130733,-1.4777055,382
SHAPE_13490152,12.4130078,-1.4776535,383
SHAPE_13490152,12.4128819,-1.4775115,384
SHAPE_13490152,12.4124752,-1.4770232,385
SHAPE_13490152,12.4116157,-1.4760092,386
SHAPE_13490152,12.411326,-1.4756713,387
SHAPE_13490152,12.4111301,-1.4754728,388
SHAPE_13490152,12.4109778,-1.4753129,389
SHAPE_13490152,12.4107925,-1.4751938,390
SHAPE_13490152,12.4106589,-1.4750997,391
SHAPE_13490152,12.4104135,-1.4749422,392
SHAPE_13490152,12.410183,-1.474819,393
SHAPE_13490152,12.4100102,-1.4747397,394
SHAPE_13490152,12.4098393,-1.4746708,395
SHAPE_13490152,12.4096356,-1.4745957,396
SHAPE_13490152,12.4094593,-1.474542,397
SHAPE_13490152,12.4092883,-1.4744938,398
SHAPE_13490152,12.4083176,-1.4742446,399
SHAPE_13490152,12.4060877,-1.4736821,400
SHAPE_13490152,12.4057221,-1.473602,401
SHAPE_13490152,12.40459,-1.4733059,402
SHAPE_13490152,12.4042564,-1.4732236,403
SHAPE_13490152,12.4040043,-1.473161,404
SHAPE_13490152,12.4028342,-1.4728573,405
SHAPE_13490152,12.4019972,-1.4726537,406
SHAPE_13490152,12.4017265,-1.4725859,407
SHAPE_13490152,12.4009401,-1.4723774,408
SHAPE_13490152,12.4005525,-1.4722806,409
SHAPE_13490152,12.4001591,-1.472187,410
SHAPE_13490152,12.3994409,-1.472008,411
SHAPE_13490152,12.398227,-1.4717056,412
SHAPE_13490152,12.3966926,-1.4713367,413
SHAPE_13490152,12.3965995,-1.4713169,414
SHAPE_13490152,12.3965609,-1.471307,415
SHAPE_13490152,12.3965078,-1.4713047,416
SHAPE_13490152,12.3963683,-1.4712916,417
SHAPE_13490152,12.3960107,-1.4712299,418
SHAPE_13490152,12.3959154,-1.4712149,419
SHAPE_13490152,12.3950534,-1.4710146,420
SHAPE_13490152,12.394666,-1.4709207,421
SHAPE_13490152,12.3930328,-1.4704864,422
SHAPE_13490152,12.3929912,-1.4704797,423
SHAPE_13490152,12.3929559,-1.470471,424
SHAPE_13490152,12.3929207,-1.470457,425
SHAPE_13490152,12.3928872,-1.4704862,426
SHAPE_13490152,12.3928496,-1.4705099,427
SHAPE_13490152,12.392809,-1.4705273,428
SHAPE_13490152,12.3927606,-1.4705392,429
SHAPE_13490152,12.3927109,-1.4705423,430
SHAPE_13490152,12.3926614,-1.4705366,431
SHAPE_13490152,12.3926137,-1.4705223,432
SHAPE_13490152,12.392569,-1.4704997,433
SHAPE_13490152,12.3925289,-1.4704696,434
SHAPE_13490152,12.3924815,-1.4704327,435
SHAPE_13490152,12.3924607,-1.470404,436
SHAPE_13490152,12.3923988,-1.4703588,437
SHAPE_13490152,12.3923338,-1.4703329,438
SHAPE_13490152,12.3914604,-1.4701107,439
SHAPE_13490152,12.3899033,-1.469714,440
SHAPE_13490152,12.3896346,-1.4695948,441
SHAPE_13490152,12.389232,-1.4694624,442
SHAPE_13490152,12.388209,-1.4691849,443
SHAPE_13490152,12.3872163,-1.4689346,444
SHAPE_13490152,12.3867809,-1.4688288,445
SHAPE_13490152,12.3856122,-1.4685244,446
SHAPE_13490152,12.3845889,-1.4682518,447
SHAPE_13490152,12.3845292,-1.4682327,448
SHAPE_13490152,12.3840671,-1.4681252,449
SHAPE_13490152,12.3837968,-1.4680763,450
SHAPE_13490152,12.383548,-1.4680149,451
SHAPE_13490152,12.3832163,-1.4679706,452
SHAPE_13490152,12.3830865,-1.4679532,453
SHAPE_13490152,12.3828202,-1.4679391,454
SHAPE_13490152,12.3825125,-1.4679534,455
SHAPE_13490152,12.3822567,-1.467972,456
SHAPE_13490152,12.3820192,-1.4680331,457
SHAPE_13490152,12.3818196,-1.4680969,458
SHAPE_13490152,12.3815493,-1.4682183,459
SHAPE_13490152,12.3813165,-1.4683528,460
SHAPE_13490152,12.3808277,-1.4686767,461
SHAPE_13490152,12.3800516,-1.4691912,462
SHAPE_13490152,12.3799385,-1.4692661,463
SHAPE_13490152,12.3786925,-1.470092,464
SHAPE_13490152,12.3782833,-1.4703647,465
SHAPE_13490152,12.3778557,-1.4706496,466
SHAPE_13490152,12.3775289,-1.4708832,467
SHAPE_13490152,12.3766699,-1.4714718,468
SHAPE_13490152,12.3761715,-1.4717998,469
SHAPE_13490152,12.3758137,-1.4720389,470
SHAPE_13490152,12.3753359,-1.4723523,471
SHAPE_13490152,12.3752597,-1.4724,472
SHAPE_13490152,12.3748658,-1.4726721,473
SHAPE_13490152,12.3746797,-1.4727989,474
SHAPE_13490152,12.3744508,-1.4729548,475
SHAPE_13490152,12.3742761,-1.4730904,476
SHAPE_13490152,12.3733451,-1.4736995,477
SHAPE_13490152,12.3727039,-1.474132,478
SHAPE_13490152,12.3723829,-1.4743394,479
SHAPE_13490152,12.3720572,-1.4745639,480
SHAPE_13490152,12.3713347,-1.4750428,481
SHAPE_13490152,12.3704776,-1.4756113,482
SHAPE_13490152,12.370047,-1.4758958,483
SHAPE_13490152,12.369532,-1.4762484,484
SHAPE_13490152,12.3686148,-1.4768639,485
SHAPE_13490152,12.3674017,-1.4777049,486
SHAPE_13490152,12.3669547,-1.4779966,487
SHAPE_13490152,12.3664591,-1.4783215,488
SHAPE_13490152,12.3650539,-1.4792699,489
SHAPE_13490152,12.3637764,-1.4801302,490
SHAPE_13490152,12.3631694,-1.4805391,491
SHAPE_13490152,12.3628003,-1.4807877,492
SHAPE_13490152,12.3624353,-1.4810299,493
SHAPE_13490152,12.362242,-1.4811618,494
SHAPE_13490152,12.3617824,-1.4814687,495
SHAPE_13490152,12.3610448,-1.4819733,496
SHAPE_13490152,12.3605404,-1.4823134,497
SHAPE_13490152,12.3602081,-1.482543,498
SHAPE_13490152,12.3600089,-1.4826734,499
SHAPE_13490152,12.3597602,-1.4828554,500
SHAPE_13490152,12.3589025,-1.4834131,501
SHAPE_13490152,12.3578557,-1.4841231,502
SHAPE_13490152,12.3568673,-1.4847855,503
SHAPE_13490152,12.3557211,-1.4855575,504
SHAPE_13490152,12.3553033,-1.48584,505
SHAPE_13490152,12.3545034,-1.4863781,506
SHAPE_13490152,12.3543996,-1.4864532,507
SHAPE_13490152,12.3540735,-1.4866604,508
SHAPE_13490152,12.3537341,-1.4868853,509
SHAPE_13490152,12.3536519,-1.4869398,510
SHAPE_13490152,12.3526358,-1.4876225,511
SHAPE_13490152,12.3521975,-1.4879052,512
SHAPE_13490152,12.3520489,-1.4880013,513
SHAPE_13490152,12.3517647,-1.4881964,514
SHAPE_13490152,12.3516163,-1.4883028,515
SHAPE_13490152,12.3512679,-1.4885515,516
SHAPE_13490152,12.3506552,-1.48894,517
SHAPE_13490152,12.3500325,-1.4893633,518
SHAPE_13490152,12.3495362,-1.4896967,519
SHAPE_13492305,12.3829666,-1.5050373,1
SHAPE_13492305,12.3830774,-1.504888,2
SHAPE_13492305,12.3833814,-1.5043739,3
SHAPE_13492305,12.3837389,-1.5038611,4
SHAPE_13492305,12.3839332,-1.5035847,5
SHAPE_13492305,12.3841793,-1.503265,6
SHAPE_13492305,12.3842849,-1.5031081,7
SHAPE_13492305,12.3843952,-1.5028792,8
SHAPE_13492305,12.3844422,-1.5028045,9
SHAPE_13492305,12.3844982,-1.502737,10
SHAPE_13492305,12.3846036,-1.5026316,11
SHAPE_13492305,12.3845966,-1.5025608,12
SHAPE_13492305,12.3846102,-1.502491,13
SHAPE_13492305,12.3846432,-1.5024283,14
SHAPE_13492305,12.3846928,-1.5023784,15
SHAPE_13492305,12.3847545,-1.5023457,16
SHAPE_13492305,12.384759,-1.5022266,17
SHAPE_13492305,12.3847908,-1.5021108,18
SHAPE_13492305,12.3848661,-1.5019771,19
SHAPE_13492305,12.3849608,-1.5018067,20
SHAPE_13492305,12.3850357,-1.5016045,21
SHAPE_13492305,12.3851467,-1.5011335,22
SHAPE_13492305,12.3851804,-1.500991,23
SHAPE_13492305,12.3852852,-1.5005719,24
SHAPE_13492305,12.3855223,-1.499738,25
SHAPE_13492305,12.3857365,-1.4990716,26
SHAPE_13492305,12.3861326,-1.4975913,27
SHAPE_13492305,12.3862068,-1.4973131,28
SHAPE_13492305,12.3862884,-1.4968758,29
SHAPE_13492305,12.3862701,-1.4968417,30
SHAPE_13492305,12.3862629,-1.4968035,31
SHAPE_13492305,12.3862675,-1.4967649,32
SHAPE_13492305,12.3862833,-1.4967295,33
SHAPE_13492305,12.386309,-1.4967009,34
SHAPE_13492305,12.3863378,-1.4966063,35
SHAPE_13492305,12.3865001,-1.4960221,36
SHAPE_13492305,12.3865945,-1.4956206,37
SHAPE_13492305,12.3867984,-1.4947806,38
SHAPE_13492305,12.3868615,-1.4945075,39
SHAPE_13492305,12.3870749,-1.4935383,40
SHAPE_13492305,12.3874826,-1.4917797,41
SHAPE_13492305,12.3877024,-1.4907961,42
SHAPE_13492305,12.3876776,-1.4907682,43
SHAPE_13492305,12.3876625,-1.4907337,44
SHAPE_13492305,12.3876585,-1.4906962,45
SHAPE_13492305,12.387666,-1.4906592,46
SHAPE_13492305,12.3876843,-1.4906264,47
SHAPE_13492305,12.3877117,-1.490601,48
SHAPE_13492305,12.3877467,-1.4905907,49
SHAPE_13492305,12.3880302,-1.4894702,50
SHAPE_13492305,12.3882856,-1.4882807,51
SHAPE_13492305,12.3884074,-1.4877778,52
SHAPE_13492305,12.388579,-1.4870805,53
SHAPE_13492305,12.3887925,-1.4862222,54
SHAPE_13492305,12.3889195,-1.4857032,55
SHAPE_13492305,12.3893579,-1.4839509,56
SHAPE_13492305,12.3896111,-1.4828024,57
SHAPE_13492305,12.3898234,-1.4818622,58
SHAPE_13492305,12.3899834,-1.481203,59
SHAPE_13492305,12.3900024,-1.4810937,60
SHAPE_13492305,12.3900014,-1.4809764,61
SHAPE_13492305,12.3899846,-1.4809483,62
SHAPE_13492305,12.3899743,-1.480917,63
SHAPE_13492305,12.389971,-1.4808842,64
SHAPE_13492305,12.389975,-1.4808514,65
SHAPE_13492305,12.389986,-1.4808204,66
SHAPE_13492305,12.3900035,-1.4807926,67
SHAPE_13492305,12.3900265,-1.4807696,68
SHAPE_13492305,12.390054,-1.4807523,69
SHAPE_13492305,12.3901196,-1.4806183,70
SHAPE_13492305,12.3901586,-1.4804609,71
SHAPE_13492305,12.3904763,-1.4791814,72
SHAPE_13492305,12.3907193,-1.4782024,73
SHAPE_13492305,12.3908293,-1.4776847,74
SHAPE_13492305,12.3908513,-1.4775883,75
SHAPE_13492305,12.3908244,-1.4775623,76
SHAPE_13492305,12.3908048,-1.47753,77
SHAPE_13492305,12.390794,-1.4774938,78
SHAPE_13492305,12.3907926,-1.4774558,79
SHAPE_13492305,12.3907965,-1.4774281,80
SHAPE_13492305,12.3908022,-1.4774114,81
SHAPE_13492305,12.3908176,-1.4773852,82
SHAPE_13492305,12.3908425,-1.4773571,83
SHAPE_13492305,12.3908708,-1.4773374,84
SHAPE_13492305,12.3908923,-1.4773312,85
SHAPE_13492305,12.3909249,-1.4772461,86
SHAPE_13492305,12.3913102,-1.4757533,87
SHAPE_13492305,12.391544,-1.4747768,88
SHAPE_13492305,12.3916763,-1.4742684,89
SHAPE_13492305,12.3917526,-1.4739754,90
SHAPE_13492305,12.3917876,-1.4737262,91
SHAPE_13492305,12.3918604,-1.4733173,92
SHAPE_13492305,12.3919665,-1.4727592,93
SHAPE_13492305,12.3920989,-1.4721997,94
SHAPE_13492305,12.3922689,-1.4714761,95
SHAPE_13492305,12.3924682,-1.470673,96
SHAPE_13492305,12.3924812,-1.4705774,97
SHAPE_13492305,12.3924889,-1.4704936,98
SHAPE_13492305,12.3924815,-1.4704327,99
SHAPE_13492305,12.3924607,-1.470404,100
SHAPE_13492305,12.3924386,-1.4703165,101
SHAPE_13492305,12.392431,-1.4702628,102
SHAPE_13492305,12.3924332,-1.4702087,103
SHAPE_13492305,12.3924451,-1.4701559,104
SHAPE_13492305,12.3924662,-1.4701062,105
SHAPE_13492305,12.3924959,-1.4700613,106
SHAPE_13492305,12.3925331,-1.4700227,107
SHAPE_13492305,12.3925766,-1.4699918,108
SHAPE_13492305,12.3925969,-1.4699802,109
SHAPE_13492305,12.3926216,-1.4699694,110
SHAPE_13492305,12.392701,-1.4699542,111
SHAPE_13492305,12.3927601,-1.4699568,112
SHAPE_13492305,12.3928175,-1.4699717,113
SHAPE_13492305,12.3928706,-1.4699984,114
SHAPE_13492305,12.3929173,-1.4700356,115
SHAPE_13492305,12.3929556,-1.4700818,116
SHAPE_13492305,12.3929817,-1.4701303,117
SHAPE_13492305,12.3929986,-1.4701829,118
SHAPE_13492305,12.3940444,-1.470453,119
SHAPE_13492305,12.3947326,-1.4706253,120
SHAPE_13492305,12.3951236,-1.4707216,121
SHAPE_13492305,12.3959607,-1.4709733,122
SHAPE_13492305,12.396048,-1.471004,123
SHAPE_13492305,12.396538,-1.4711762,124
SHAPE_13492305,12.3965821,-1.4712008,125
SHAPE_13492305,12.3966141,-1.4712091,126
SHAPE_13492305,12.3967178,-1.4712307,127
SHAPE_13492305,12.3972269,-1.4713311,128
SHAPE_13492305,12.3982479,-1.4715879,129
SHAPE_13492305,12.3994681,-1.4718942,130
SHAPE_13492305,12.400184,-1.4720817,131
SHAPE_13492305,12.4005591,-1.4721747,132
SHAPE_13492305,12.4009675,-1.4722808,133
SHAPE_13492305,12.4017474,-1.472467,134
SHAPE_13492305,12.40283,-1.4727536,135
SHAPE_13492305,12.4040304,-1.4730606,136
SHAPE_13492305,12.404301,-1.4731257,137
SHAPE_13492305,12.4046157,-1.4732027,138
SHAPE_13492305,12.4057462,-1.473497,139
SHAPE_13492305,12.4061116,-1.4735828,140
SHAPE_13492305,12.4066482,-1.4737187,141
SHAPE_13492305,12.4067963,-1.4737585,142
SHAPE_13492305,12.4069813,-1.473803,143
SHAPE_13492305,12.4076582,-1.4739744,144
SHAPE_13492305,12.408352,-1.4741502,145
SHAPE_13492305,12.4093222,-1.4744026,146
SHAPE_13492305,12.4096019,-1.4744711,147
SHAPE_13492305,12.4098436,-1.4745421,148
SHAPE_13492305,12.410062,-1.4746171,149
SHAPE_13492305,12.4102684,-1.4747028,150
SHAPE_13492305,12.4105157,-1.4748129,151
SHAPE_13492305,12.4107407,-1.4749283,152
SHAPE_13492305,12.4109577,-1.4750491,153
SHAPE_13492305,12.411139,-1.475167,154
SHAPE_13492305,12.411329,-1.475305,155
SHAPE_13492305,12.4118298,-1.4757252,156
SHAPE_13492305,12.4124614,-1.4762601,157
SHAPE_13492305,12.4130311,-1.4767508,158
SHAPE_13492305,12.4131557,-1.4768217,159
SHAPE_13492305,12.4134997,-1.4770765,160
SHAPE_13492305,12.4136123,-1.4771274,161
SHAPE_13492305,12.413688,-1.4771492,162
SHAPE_13492305,12.4137564,-1.4771596,163
SHAPE_13492305,12.4138271,-1.4771569,164
SHAPE_13492305,12.4139057,-1.4771382,165
SHAPE_13492305,12.4139788,-1.4771116,166
SHAPE_13492305,12.4140521,-1.4770687,167
SHAPE_13492305,12.4141045,-1.4770258,168
SHAPE_13492305,12.4143534,-1.4767763,169
SHAPE_13492305,12.4143982,-1.4767305,170
SHAPE_13492305,12.4144948,-1.4766727,171
SHAPE_13492305,12.4146366,-1.476514,172
SHAPE_13492305,12.4150147,-1.476075,173
SHAPE_13492305,12.4153758,-1.4756399,174
SHAPE_13492305,12.4155538,-1.4754255,175
SHAPE_13492305,12.4156268,-1.4753428,176
SHAPE_13492305,12.4162369,-1.474602,177
SHAPE_13492305,12.4169324,-1.4737657,178
SHAPE_13492305,12.4173762,-1.4732245,179
SHAPE_13492305,12.4176784,-1.472856,180
SHAPE_13492305,12.4180222,-1.4724537,181
SHAPE_13492305,12.4181729,-1.4722792,182
SHAPE_13492305,12.4183113,-1.472103,183
SHAPE_13492305,12.4189968,-1.4712793,184
SHAPE_13492305,12.419091,-1.4711661,185
SHAPE_13492305,12.4195884,-1.4705854,186
SHAPE_13492305,12.4198531,-1.4702689,187
SHAPE_13492305,12.4199903,-1.4701,188
SHAPE_13492305,12.4208104,-1.4691505,189
SHAPE_13492305,12.4209152,-1.4690177,190
SHAPE_13492305,12.421054,-1.4688487,191
SHAPE_13492305,12.4213678,-1.4684719,192
SHAPE_13492305,12.4214409,-1.4684041,193
SHAPE_13492305,12.4216882,-1.4681205,194
SHAPE_13492305,12.4218259,-1.4679575,195
SHAPE_13492305,12.4222004,-1.4675149,196
SHAPE_13492305,12.42249,-1.4671519,197
SHAPE_13492305,12.4225942,-1.4670213,198
SHAPE_13492305,12.4228705,-1.4666633,199
SHAPE_13492305,12.4231308,-1.4663262,200
SHAPE_13492305,12.4235821,-1.4658064,201
SHAPE_13492305,12.4236417,-1.465726,202
SHAPE_13492305,12.423902,-1.4654201,203
SHAPE_13492305,12.4239618,-1.4653564,204
SHAPE_13492305,12.4242468,-1.4650186,205
SHAPE_13492305,12.4242933,-1.4649635,206
SHAPE_13492305,12.4249063,-1.4642319,207
SHAPE_13492305,12.4250621,-1.4640388,208
SHAPE_13492305,12.4252381,-1.4638255,209
SHAPE_13492305,12.4259128,-1.4630345,210
SHAPE_13492305,12.4260457,-1.4628788,211
SHAPE_13492305,12.4263682,-1.4625138,212
SHAPE_13492305,12.4264889,-1.462373,213
SHAPE_13492305,12.4266033,-1.4622397,214
SHAPE_13492305,12.4267071,-1.462117,215
SHAPE_13492305,12.4276005,-1.4610655,216
SHAPE_13492305,12.4280387,-1.4605763,217
SHAPE_13492305,12.4281803,-1.4604073,218
SHAPE_13492305,12.4298785,-1.4584229,219
SHAPE_13492305,12.4299846,-1.4582964,220
SHAPE_13492305,12.4301383,-1.4581239,221
SHAPE_13492305,12.4306271,-1.4575164,222
SHAPE_13492305,12.431004,-1.457074,223
SHAPE_13492305,12.4313111,-1.4567031,224
SHAPE_13492305,12.43143,-1.4565595,225
SHAPE_13492305,12.4315738,-1.4563744,226
SHAPE_13492305,12.4320897,-1.455769,227
SHAPE_13492305,12.432211,-1.4556237,228
SHAPE_13492305,12.4322589,-1.4555664,229
SHAPE_13492305,12.4323554,-1.4554392,230
SHAPE_13492305,12.4332195,-1.4544344,231
SHAPE_13492305,12.433271,-1.4543714,232
SHAPE_13492305,12.4333653,-1.4542557,233
SHAPE_13492305,12.4334711,-1.454127,234
SHAPE_13492305,12.4337427,-1.4537964,235
SHAPE_13492305,12.4343582,-1.4530592,236
SHAPE_13492305,12.4345752,-1.4527751,237
SHAPE_13492305,12.4347023,-1.4526253,238
SHAPE_13492305,12.4347859,-1.4525231,239
SHAPE_13492305,12.4349448,-1.4523425,240
SHAPE_13492305,12.4357176,-1.4514044,241
SHAPE_13492305,12.435982,-1.4511165,242
SHAPE_13492305,12.4361119,-1.4509544,243
SHAPE_13492305,12.436248,-1.4507828,244
SHAPE_13492305,12.4367754,-1.4501536,245
SHAPE_13492305,12.437203,-1.4496386,246
SHAPE_13492305,12.4378126,-1.4489032,247
SHAPE_13492305,12.4379251,-1.4487675,248
SHAPE_13492305,12.43801,-1.4486655,249
SHAPE_13492305,12.4380712,-1.4485857,250
SHAPE_13492305,12.4389391,-1.4475439,251
SHAPE_13492305,12.4395267,-1.4467751,252
SHAPE_13492305,12.4395699,-1.4467186,253
SHAPE_13492305,12.4396528,-1.4466173,254
SHAPE_13492305,12.43979,-1.4464566,255
SHAPE_13492305,12.4410104,-1.4450263,256
SHAPE_13492305,12.4415245,-1.4444237,257
SHAPE_13492305,12.4419695,-1.4439021,258
SHAPE_13492305,12.4420883,-1.4437628,259
SHAPE_13492305,12.4424032,-1.443386,260
SHAPE_13492305,12.4427129,-1.4430059,261
SHAPE_13492305,12.4427992,-1.4428944,262
SHAPE_13492305,12.4430614,-1.4425712,263
SHAPE_13492305,12.4433053,-1.4422851,264
SHAPE_13492305,12.4435922,-1.4419485,265
SHAPE_13492305,12.4438391,-1.4416549,266
SHAPE_13492305,12.4440957,-1.4413579,267
SHAPE_13492305,12.4444819,-1.4408906,268
SHAPE_13492305,12.4449738,-1.4403057,269
SHAPE_13492305,12.4451451,-1.4401019,270
SHAPE_13492305,12.4452892,-1.4399306,271
SHAPE_13492305,12.4455051,-1.4396738,272
SHAPE_13492305,12.4456152,-1.439543,273
SHAPE_13492305,12.4457634,-1.4393666,274
SHAPE_13492305,12.4459677,-1.4391238,275
SHAPE_13492305,12.4460854,-1.4389838,276
SHAPE_13492305,12.4461629,-1.4388916,277
SHAPE_13492305,12.4463044,-1.4387234,278
SHAPE_13492305,12.4464239,-1.4385961,279
SHAPE_13492305,12.446618,-1.4383922,280
SHAPE_13492305,12.4467391,-1.4382602,281
SHAPE_13492305,12.4469624,-1.4380442,282
SHAPE_13492305,12.4471019,-1.4379192,283
SHAPE_13492305,12.4473265,-1.4377184,284
SHAPE_13492305,12.447589,-1.4374931,285
SHAPE_13492305,12.4477842,-1.4373174,286
SHAPE_13492305,12.4480815,-1.4370719,287
SHAPE_13492305,12.4482327,-1.4369566,288
SHAPE_13492305,12.4483747,-1.4368479,289
SHAPE_13492305,12.4485974,-1.4366824,290
SHAPE_13492305,12.44915,-1.4362666,291
SHAPE_13492305,12.4494486,-1.4360373,292
SHAPE_13492305,12.4497446,-1.4358053,293
SHAPE_13492305,12.4502959,-1.4353761,294
SHAPE_13492305,12.4505775,-1.4351629,295
SHAPE_13492305,12.4508614,-1.4349424,296
SHAPE_13492305,12.4510445,-1.4347955,297
SHAPE_13492305,12.4515321,-1.4344394,298
SHAPE_13492305,12.4520459,-1.4340655,299
SHAPE_13492305,12.4526191,-1.4336072,300
SHAPE_13492305,12.4529019,-1.4333886,301
SHAPE_13492305,12.4531758,-1.4331755,302
SHAPE_13492305,12.4560496,-1.4309534,303
SHAPE_13492305,12.4569846,-1.4302304,304
SHAPE_13492305,12.4574398,-1.4298921,305
SHAPE_13492305,12.4578808,-1.4295544,306
SHAPE_13492305,12.4583143,-1.4292137,307
SHAPE_13492305,12.4594509,-1.428342,308
SHAPE_13492305,12.460018,-1.4279088,309
SHAPE_13492305,12.4605704,-1.4274845,310
SHAPE_13492305,12.4609269,-1.4272196,311
SHAPE_13492305,12.4614586,-1.426801,312
SHAPE_13492305,12.4618094,-1.4265248,313
SHAPE_13492305,12.4621341,-1.4262754,314
SHAPE_13492305,12.4623879,-1.4260524,315
SHAPE_13492305,12.4630414,-1.425478,316
SHAPE_13492305,12.4649908,-1.4236863,317
SHAPE_13492305,12.4652627,-1.4233306,318
SHAPE_13492305,12.4652959,-1.4232107,319
SHAPE_13492305,12.4653029,-1.4230566,320
SHAPE_13492305,12.4652717,-1.4229079,321
SHAPE_13492305,12.4652348,-1.4228288,322
SHAPE_13492305,12.4651534,-1.4226684,323
SHAPE_13492305,12.4641849,-1.4213493,324
SHAPE_13492305,12.4618034,-1.4181799,325
SHAPE_13492305,12.4594938,-1.4151548,326
SHAPE_13492305,12.4565117,-1.4112407,327
SHAPE_13492305,12.4562567,-1.410906,328
SHAPE_13492305,12.4548916,-1.4091037,329
SHAPE_13492305,12.4542579,-1.408175,330
SHAPE_13492305,12.4538825,-1.4075509,331
SHAPE_13492305,12.4531823,-1.4062484,332
SHAPE_13492305,12.4526689,-1.4050782,333
SHAPE_13492305,12.452128,-1.403597,334
SHAPE_13492305,12.4518795,-1.4027207,335
SHAPE_13492305,12.4516366,-1.401624,336
SHAPE_13492305,12.451384,-1.4001272,337
SHAPE_13492305,12.4513275,-1.3997923,338
SHAPE_13492305,12.4504995,-1.3946931,339
SHAPE_13492305,12.4499604,-1.3914183,340
SHAPE_13492305,12.4495168,-1.3887232,341
SHAPE_13492305,12.4491724,-1.3866833,342
SHAPE_13492305,12.4489401,-1.3853074,343
SHAPE_13492305,12.4486225,-1.3833921,344
SHAPE_13492305,12.4485097,-1.3828048,345
SHAPE_13492305,12.4483158,-1.3820538,346
SHAPE_13492305,12.4480801,-1.381233,347
SHAPE_13492305,12.4478706,-1.380592,348
SHAPE_13492305,12.4475511,-1.3797632,349
SHAPE_13492305,12.4472001,-1.3789639,350
SHAPE_13492305,12.4468308,-1.3782236,351
SHAPE_13492305,12.4464073,-1.3774314,352
SHAPE_13492305,12.4459115,-1.3766465,353
SHAPE_13492305,12.4451938,-1.3756272,354
SHAPE_13492305,12.4441042,-1.3741601,355
SHAPE_13492305,12.4435568,-1.373401,356
SHAPE_13492305,12.4429727,-1.3726527,357
SHAPE_13492305,12.442813,-1.3724649,358
SHAPE_13492305,12.4423441,-1.3719285,359
SHAPE_13492305,12.4421712,-1.3717353,360
SHAPE_13492305,12.4417417,-1.3713062,361
SHAPE_13492305,12.4409926,-1.3706142,362
SHAPE_13492305,12.4406364,-1.3702977,363
SHAPE_13492305,12.4401178,-1.3698953,364
SHAPE_13492305,12.4394996,-1.3694286,365
SHAPE_13492305,12.4389548,-1.36908,366
SHAPE_13492305,12.4385358,-1.3687984,367
SHAPE_13492305,12.4370594,-1.3680183,368
SHAPE_13492305,12.4368594,-1.3678944,369
SHAPE_13492305,12.4366787,-1.3678005,370
SHAPE_13492305,12.4366184,-1.367763,371
SHAPE_13492305,12.4362509,-1.3675789,372
SHAPE_13492305,12.4362113,-1.3676081,373
SHAPE_13492305,12.4361668,-1.3676288,374
SHAPE_13492305,12.4361036,-1.3676418,375
SHAPE_13492305,12.4360392,-1.3676376,376
SHAPE_13492305,12.4359781,-1.3676165,377
SHAPE_13492305,12.4359243,-1.3675799,378
SHAPE_13492305,12.4358816,-1.3675304,379
SHAPE_13492305,12.4358668,-1.3675001,380
SHAPE_13492305,12.4358528,-1.3674713,381
SHAPE_13492305,12.43584,-1.3674065,382
SHAPE_13492305,12.4358417,-1.3673771,383
SHAPE_13492305,12.4358439,-1.3673406,384
SHAPE_13492305,12.4358643,-1.3672779,385
SHAPE_13492305,12.4358998,-1.3672228,386
SHAPE_13492305,12.4359134,-1.3672104,387
SHAPE_13492305,12.435948,-1.3671789,388
SHAPE_13492305,12.4360057,-1.3671492,389
SHAPE_13492305,12.4360374,-1.3671425,390
SHAPE_13492305,12.4360684,-1.3670012,391
SHAPE_13492305,12.4360763,-1.3668591,392
SHAPE_13492305,12.4360972,-1.3666981,393
SHAPE_13492305,12.4361679,-1.3665399,394
SHAPE_13492305,12.4363182,-1.3662609,395
SHAPE_13492305,12.4367074,-1.3655825,396
SHAPE_13492305,12.437454,-1.3642171,397
SHAPE_13492305,12.4381821,-1.362876,398
SHAPE_13492305,12.4385698,-1.362066,399
SHAPE_13492305,12.4389271,-1.361329,400
SHAPE_13492305,12.439481,-1.3602433,401
SHAPE_13492305,12.4396806,-1.3598444,402
SHAPE_13492305,12.4398523,-1.3594723,403
SHAPE_13492305,12.4400984,-1.3589526,404
SHAPE_13492305,12.4403853,-1.3583705,405
SHAPE_13492305,12.4405977,-1.3579814,406
SHAPE_13492305,12.4407751,-1.357606,407
SHAPE_13492305,12.441027,-1.3570623,408
SHAPE_13492305,12.4415911,-1.3558848,409
SHAPE_13492305,12.4421372,-1.3547284,410
SHAPE_13492305,12.4424708,-1.354034,411
SHAPE_13492305,12.4426259,-1.3537296,412
SHAPE_13492305,12.4429967,-1.3529303,413
SHAPE_13492305,12.4429282,-1.3524596,414
SHAPE_13492305,12.4429315,-1.3523074,415
SHAPE_13492305,12.443267,-1.3516748,416
SHAPE_13492305,12.4439961,-1.3502855,417
SHAPE_13492305,12.4443723,-1.3495687,418
SHAPE_13492305,12.4446845,-1.3489736,419
SHAPE_13492305,12.4447435,-1.3488679,420
SHAPE_13492305,12.4452344,-1.3479871,421
SHAPE_13492305,12.4453968,-1.3476632,422
SHAPE_13492305,12.4456299,-1.3471985,423
SHAPE_13492305,12.4460188,-1.3463992,424
SHAPE_13492305,12.4464536,-1.3454779,425
SHAPE_13492305,12.4469303,-1.3444881,426
SHAPE_13492305,12.4474869,-1.3433254,427
SHAPE_13492305,12.4480592,-1.3421318,428
SHAPE_13492305,12.4485765,-1.3410589,429
SHAPE_13492305,12.4491514,-1.339864,430
SHAPE_13492305,12.4494735,-1.3392008,431
SHAPE_13492305,12.4496804,-1.338775,432
SHAPE_13492305,12.4502357,-1.3376069,433
SHAPE_13492305,12.4507962,-1.3364589,434
SHAPE_13492305,12.4512192,-1.3355577,435
SHAPE_13492305,12.4513606,-1.3352573,436
SHAPE_13492305,12.4514012,-1.3351661,437
SHAPE_13492305,12.451451,-1.3350253,438
SHAPE_13492305,12.4514771,-1.3349274,439
SHAPE_13492305,12.4514929,-1.3348389,440
SHAPE_13492305,12.4515248,-1.334684,441
SHAPE_13492305,12.4429282,-1.3524596,442
SHAPE_13492305,12.4429072,-1.3526648,443
SHAPE_13492305,12.4429361,-1.3527507,444
SHAPE_13492305,12.4429806,-1.3528284,445
SHAPE_13492305,12.4429976,-1.3528794,446
SHAPE_13492305,12.4429967,-1.3529303,447
SHAPE_13492305,12.4429282,-1.3524596,448
SHAPE_13492305,12.4430408,-1.3523859,449
SHAPE_13492305,12.4433755,-1.3517443,450
SHAPE_13492305,12.4445547,-1.3494837,451
SHAPE_13492305,12.4453994,-1.3478811,452
SHAPE_13492305,12.4454754,-1.3477148,453
SHAPE_13492305,12.446155,-1.3463442,454
SHAPE_13492305,12.4464654,-1.3456924,455
SHAPE_13492305,12.4468007,-1.3449951,456
SHAPE_13492305,12.4472302,-1.3440858,457
SHAPE_13492305,12.4474057,-1.3437304,458
SHAPE_13492305,12.4482451,-1.341995,459
SHAPE_13492305,12.4485372,-1.3413768,460
SHAPE_13492305,12.4495626,-1.3392444,461
SHAPE_13492305,12.4498664,-1.338606,462
SHAPE_13492305,12.4506168,-1.3370651,463
SHAPE_13492305,12.4511409,-1.3359774,464
SHAPE_13492305,12.4513514,-1.3355148,465
SHAPE_13492305,12.4514418,-1.3353217,466
SHAPE_13492305,12.4515387,-1.335146,467
SHAPE_13492305,12.4516579,-1.3349864,468
SHAPE_13492305,12.4517621,-1.334853,469
SHAPE_13492305,12.4518565,-1.3347428,470
SHAPE_13492305,12.4518648,-1.3346923,471
SHAPE_13492305,12.4518573,-1.3346423,472
SHAPE_13492305,12.4518361,-1.3345965,473
SHAPE_13492305,12.451803,-1.3345589,474
SHAPE_13492305,12.4517608,-1.3345326,475
SHAPE_13492305,12.4517159,-1.3345201,476
SHAPE_13492305,12.4516694,-1.3345205,477
SHAPE_13492305,12.4516247,-1.3345338,478
SHAPE_13492305,12.4515852,-1.3345589,479
SHAPE_13492305,12.4515538,-1.334594,480
SHAPE_13492305,12.4515338,-1.3346377,481
SHAPE_13492305,12.4515248,-1.334684,482
SHAPE_13492305,12.4515284,-1.3347311,483
SHAPE_13492305,12.4515461,-1.3347788,484
SHAPE_13492305,12.4515765,-1.3348192,485
SHAPE_13492305,12.4516171,-1.3348487,486
SHAPE_13492305,12.4516643,-1.3348649,487
SHAPE_13492305,12.451714,-1.3348664,488
SHAPE_13492305,12.4517621,-1.334853,489
SHAPE_13492305,12.4518037,-1.3348263,490
SHAPE_13492305,12.4518361,-1.3347885,491
SHAPE_13492305,12.4518565,-1.3347428,492
SHAPE_13492305,12.4518648,-1.3346923,493
SHAPE_13492305,12.4520224,-1.3348991,494
SHAPE_13492305,12.4517621,-1.334853,495
SHAPE_13492305,12.4520224,-1.3348991,496
SHAPE_13492305,12.4529801,-1.3352855,497
SHAPE_13492305,12.4532527,-1.3354024,498
SHAPE_13492305,12.453744,-1.3355912,499
SHAPE_13492305,12.4543922,-1.3357938,500
SHAPE_13492305,12.4548674,-1.3359456,501
SHAPE_13492305,12.4553269,-1.3360703,502
SHAPE_13492305,12.4557438,-1.3361512,503
SHAPE_13492305,12.4562861,-1.3362402,504
SHAPE_13492305,12.4563275,-1.3362499,505
SHAPE_13492305,12.4565227,-1.3363036,506
SHAPE_13492305,12.4567256,-1.3363572,507
SHAPE_13492305,12.4568932,-1.3364082,508
SHAPE_13492305,12.4571053,-1.3364886,509
SHAPE_13492305,12.4572871,-1.3365555,510
SHAPE_13492305,12.4574394,-1.33662,511
SHAPE_13492305,12.4576973,-1.3367167,512
SHAPE_13492305,12.4588809,-1.3371037,513
SHAPE_13492305,12.4589731,-1.3371316,514
SHAPE_13492305,12.4592926,-1.3372513,515
SHAPE_13492305,12.4597115,-1.3374055,516
SHAPE_13492305,12.4605282,-1.3376796,517
SHAPE_13492305,12.4606275,-1.3377088,518
SHAPE_13492305,12.4607535,-1.3377367,519
SHAPE_13492305,12.4612644,-1.3378483,520
SHAPE_13492305,12.4614831,-1.3378835,521
SHAPE_13492305,12.4616533,-1.3379197,522
SHAPE_13492305,12.4618877,-1.3379679,523
SHAPE_13492305,12.4620954,-1.3380027,524
SHAPE_13492305,12.4631212,-1.3381892,525
SHAPE_13492305,12.4660204,-1.3387739,526
SHAPE_13492305,12.466814,-1.3389535,527
SHAPE_13492305,12.467824,-1.3391701,528
SHAPE_13492305,12.4678352,-1.3391377,529
SHAPE_13492305,12.4678561,-1.3391108,530
SHAPE_13492305,12.4678845,-1.3390924,531
SHAPE_13492305,12.4679172,-1.3390846,532
SHAPE_13492305,12.4679505,-1.3390882,533
SHAPE_13492305,12.4679809,-1.3391029,534
SHAPE_13492305,12.4680051,-1.3391271,535
SHAPE_13492305,12.4680201,-1.3391582,536
SHAPE_13492305,12.4680242,-1.3391926,537
SHAPE_13492305,12.4680169,-1.3392264,538
SHAPE_13492305,12.4680006,-1.3392542,539
SHAPE_13492305,12.4679766,-1.3392755,540
SHAPE_13492305,12.4688561,-1.3399811,541
SHAPE_13492305,12.4695938,-1.3405738,542
SHAPE_13492305,12.4697368,-1.3406913,543
SHAPE_13492305,12.4705027,-1.3413208,544
SHAPE_13492305,12.4723756,-1.342805,545
SHAPE_13492305,12.4726872,-1.3430458,546
SHAPE_13492443,12.4679766,-1.3392755,1
SHAPE_13492443,12.4688561,-1.3399811,2
SHAPE_13492443,12.4695938,-1.3405738,3
SHAPE_13492443,12.4697368,-1.3406913,4
SHAPE_13492443,12.4705027,-1.3413208,5
SHAPE_13492443,12.4723756,-1.342805,6
SHAPE_13492443,12.4726872,-1.3430458,7
SHAPE_13492443,12.4679766,-1.3392755,8
SHAPE_13492443,12.4679461,-1.3392884,9
SHAPE_13492443,12.4679132,-1.3392905,10
SHAPE_13492443,12.4678814,-1.3392817,11
SHAPE_13492443,12.4678541,-1.3392628,12
SHAPE_13492443,12.4678342,-1.3392359,13
SHAPE_13492443,12.4678238,-1.3392038,14
SHAPE_13492443,12.467824,-1.3391701,15
SHAPE_13492443,12.4520224,-1.3348991,16
SHAPE_13492443,12.4518648,-1.3346923,17
SHAPE_13492443,12.4517621,-1.334853,18
SHAPE_13492443,12.4520224,-1.3348991,19
SHAPE_13492443,12.4529801,-1.3352855,20
SHAPE_13492443,12.4532527,-1.3354024,21
SHAPE_13492443,12.453744,-1.3355912,22
SHAPE_13492443,12.4543922,-1.3357938,23
SHAPE_13492443,12.4548674,-1.3359456,24
SHAPE_13492443,12.4553269,-1.3360703,25
SHAPE_13492443,12.4557438,-1.3361512,26
SHAPE_13492443,12.4562861,-1.3362402,27
SHAPE_13492443,12.4563275,-1.3362499,28
SHAPE_13492443,12.4565227,-1.3363036,29
SHAPE_13492443,12.4567256,-1.3363572,30
SHAPE_13492443,12.4568932,-1.3364082,31
SHAPE_13492443,12.4571053,-1.3364886,32
SHAPE_13492443,12.4572871,-1.3365555,33
SHAPE_13492443,12.4574394,-1.33662,34
SHAPE_13492443,12.4576973,-1.3367167,35
SHAPE_13492443,12.4588809,-1.3371037,36
SHAPE_13492443,12.4589731,-1.3371316,37
SHAPE_13492443,12.4592926,-1.3372513,38
SHAPE_13492443,12.4597115,-1.3374055,39
SHAPE_13492443,12.4605282,-1.3376796,40
SHAPE_13492443,12.4606275,-1.3377088,41
SHAPE_13492443,12.4607535,-1.3377367,42
SHAPE_13492443,12.4612644,-1.3378483,43
SHAPE_13492443,12.4614831,-1.3378835,44
SHAPE_13492443,12.4616533,-1.3379197,45
SHAPE_13492443,12.4618877,-1.3379679,46
SHAPE_13492443,12.4620954,-1.3380027,47
SHAPE_13492443,12.4631212,-1.3381892,48
SHAPE_13492443,12.4660204,-1.3387739,49
SHAPE_13492443,12.466814,-1.3389535,50
SHAPE_13492443,12.467824,-1.3391701,51
SHAPE_13492443,12.4515248,-1.334684,52
SHAPE_13492443,12.4514929,-1.3348389,53
SHAPE_13492443,12.4514771,-1.3349274,54
SHAPE_13492443,12.451451,-1.3350253,55
SHAPE_13492443,12.4514012,-1.3351661,56
SHAPE_13492443,12.4513606,-1.3352573,57
SHAPE_13492443,12.4512192,-1.3355577,58
SHAPE_13492443,12.4507962,-1.3364589,59
SHAPE_13492443,12.4502357,-1.3376069,60
SHAPE_13492443,12.4496804,-1.338775,61
SHAPE_13492443,12.4494735,-1.3392008,62
SHAPE_13492443,12.4491514,-1.339864,63
SHAPE_13492443,12.4485765,-1.3410589,64
SHAPE_13492443,12.4480592,-1.3421318,65
SHAPE_13492443,12.4474869,-1.3433254,66
SHAPE_13492443,12.4469303,-1.3444881,67
SHAPE_13492443,12.4464536,-1.3454779,68
SHAPE_13492443,12.4460188,-1.3463992,69
SHAPE_13492443,12.4456299,-1.3471985,70
SHAPE_13492443,12.4453968,-1.3476632,71
SHAPE_13492443,12.4452344,-1.3479871,72
SHAPE_13492443,12.4447435,-1.3488679,73
SHAPE_13492443,12.4446845,-1.3489736,74
SHAPE_13492443,12.4443723,-1.3495687,75
SHAPE_13492443,12.4439961,-1.3502855,76
SHAPE_13492443,12.443267,-1.3516748,77
SHAPE_13492443,12.4429315,-1.3523074,78
SHAPE_13492443,12.4429282,-1.3524596,79
SHAPE_13492443,12.4429072,-1.3526648,80
SHAPE_13492443,12.4429361,-1.3527507,81
SHAPE_13492443,12.4429806,-1.3528284,82
SHAPE_13492443,12.4429976,-1.3528794,83
SHAPE_13492443,12.4429967,-1.3529303,84
SHAPE_13492443,12.4429282,-1.3524596,85
SHAPE_13492443,12.4430408,-1.3523859,86
SHAPE_13492443,12.4433755,-1.3517443,87
SHAPE_13492443,12.4445547,-1.3494837,88
SHAPE_13492443,12.4453994,-1.3478811,89
SHAPE_13492443,12.4454754,-1.3477148,90
SHAPE_13492443,12.446155,-1.3463442,91
SHAPE_13492443,12.4464654,-1.3456924,92
SHAPE_13492443,12.4468007,-1.3449951,93
SHAPE_13492443,12.4472302,-1.3440858,94
SHAPE_13492443,12.4474057,-1.3437304,95
SHAPE_13492443,12.4482451,-1.341995,96
SHAPE_13492443,12.4485372,-1.3413768,97
SHAPE_13492443,12.4495626,-1.3392444,98
SHAPE_13492443,12.4498664,-1.338606,99
SHAPE_13492443,12.4506168,-1.3370651,100
SHAPE_13492443,12.4511409,-1.3359774,101
SHAPE_13492443,12.4513514,-1.3355148,102
SHAPE_13492443,12.4514418,-1.3353217,103
SHAPE_13492443,12.4515387,-1.335146,104
SHAPE_13492443,12.4516579,-1.3349864,105
SHAPE_13492443,12.4517621,-1.334853,106
SHAPE_13492443,12.4518565,-1.3347428,107
SHAPE_13492443,12.4518648,-1.3346923,108
SHAPE_13492443,12.4518573,-1.3346423,109
SHAPE_13492443,12.4518361,-1.3345965,110
SHAPE_13492443,12.451803,-1.3345589,111
SHAPE_13492443,12.4517608,-1.3345326,112
SHAPE_13492443,12.4517159,-1.3345201,113
SHAPE_13492443,12.4516694,-1.3345205,114
SHAPE_13492443,12.4516247,-1.3345338,115
SHAPE_13492443,12.4515852,-1.3345589,116
SHAPE_13492443,12.4515538,-1.334594,117
SHAPE_13492443,12.4515338,-1.3346377,118
SHAPE_13492443,12.4515248,-1.334684,119
SHAPE_13492443,12.4515284,-1.3347311,120
SHAPE_13492443,12.4515461,-1.3347788,121
SHAPE_13492443,12.4515765,-1.3348192,122
SHAPE_13492443,12.4516171,-1.3348487,123
SHAPE_13492443,12.4516643,-1.3348649,124
SHAPE_13492443,12.451714,-1.3348664,125
SHAPE_13492443,12.4517621,-1.334853,126
SHAPE_13492443,12.4518037,-1.3348263,127
SHAPE_13492443,12.4518361,-1.3347885,128
SHAPE_13492443,12.4518565,-1.3347428,129
SHAPE_13492443,12.4429967,-1.3529303,130
SHAPE_13492443,12.4426259,-1.3537296,131
SHAPE_13492443,12.4424708,-1.354034,132
SHAPE_13492443,12.4421372,-1.3547284,133
SHAPE_13492443,12.4415911,-1.3558848,134
SHAPE_13492443,12.441027,-1.3570623,135
SHAPE_13492443,12.4407751,-1.357606,136
SHAPE_13492443,12.4405977,-1.3579814,137
SHAPE_13492443,12.440348,-1.3585626,138
SHAPE_13492443,12.4402451,-1.3587762,139
SHAPE_13492443,12.4400605,-1.3591524,140
SHAPE_13492443,12.4398981,-1.3595017,141
SHAPE_13492443,12.4395739,-1.3601763,142
SHAPE_13492443,12.4392918,-1.3607818,143
SHAPE_13492443,12.4389515,-1.3614579,144
SHAPE_13492443,12.4387359,-1.3619418,145
SHAPE_13492443,12.4381245,-1.3632998,146
SHAPE_13492443,12.4375718,-1.3645852,147
SHAPE_13492443,12.4367392,-1.3666525,148
SHAPE_13492443,12.4367023,-1.3668001,149
SHAPE_13492443,12.4366577,-1.366953,150
SHAPE_13492443,12.4366237,-1.3671112,151
SHAPE_13492443,12.4366184,-1.3672373,152
SHAPE_13492443,12.4366577,-1.3673633,153
SHAPE_13492443,12.4367258,-1.367476,154
SHAPE_13492443,12.4368123,-1.3675645,155
SHAPE_13492443,12.4368882,-1.3676208,156
SHAPE_13492443,12.4369812,-1.3676906,157
SHAPE_13492443,12.437158,-1.3678006,158
SHAPE_13492443,12.4382429,-1.368383,159
SHAPE_13492443,12.4389286,-1.3688225,160
SHAPE_13492443,12.4395206,-1.3692355,161
SHAPE_13492443,12.4401021,-1.3696539,162
SHAPE_13492443,12.4408564,-1.3702601,163
SHAPE_13492443,12.4415845,-1.3709199,164
SHAPE_13492443,12.4423179,-1.3716763,165
SHAPE_13492443,12.4429361,-1.3723522,166
SHAPE_13492443,12.4430919,-1.372548,167
SHAPE_13492443,12.4436013,-1.3731891,168
SHAPE_13492443,12.4442771,-1.3741252,169
SHAPE_13492443,12.4454845,-1.3757828,170
SHAPE_13492443,12.4459796,-1.3764721,171
SHAPE_13492443,12.446417,-1.3771507,172
SHAPE_13492443,12.4465409,-1.3773618,173
SHAPE_13492443,12.4468701,-1.3779634,174
SHAPE_13492443,12.4473075,-1.3788244,175
SHAPE_13492443,12.4476008,-1.3794628,176
SHAPE_13492443,12.4479439,-1.3802969,177
SHAPE_13492443,12.4482451,-1.3811982,178
SHAPE_13492443,12.4485018,-1.3821101,179
SHAPE_13492443,12.4486747,-1.3828182,180
SHAPE_13492443,12.4487766,-1.3833792,181
SHAPE_13492443,12.4490946,-1.3852872,182
SHAPE_13492443,12.4499855,-1.3906324,183
SHAPE_13492443,12.4501089,-1.3913833,184
SHAPE_13492443,12.4511729,-1.3978589,185
SHAPE_13492443,12.4514821,-1.3997754,186
SHAPE_13492443,12.4515394,-1.4001029,187
SHAPE_13492443,12.4518243,-1.4017314,188
SHAPE_13492443,12.452139,-1.4030204,189
SHAPE_13492443,12.4525861,-1.4043659,190
SHAPE_13492443,12.4530498,-1.405553,191
SHAPE_13492443,12.4535467,-1.4066159,192
SHAPE_13492443,12.4541484,-1.4076674,193
SHAPE_13492443,12.4546397,-1.4084588,194
SHAPE_13492443,12.4562847,-1.4106693,195
SHAPE_13492443,12.4565586,-1.4110294,196
SHAPE_13492443,12.4596352,-1.4150749,197
SHAPE_13492443,12.4619379,-1.418064,198
SHAPE_13492443,12.4643496,-1.4212463,199
SHAPE_13492443,12.4652178,-1.4223169,200
SHAPE_13492443,12.4655035,-1.4227831,201
SHAPE_13492443,12.4656017,-1.4229615,202
SHAPE_13492443,12.4656763,-1.4230688,203
SHAPE_13492443,12.4657012,-1.423103,204
SHAPE_13492443,12.4657569,-1.4231532,205
SHAPE_13492443,12.4658177,-1.4231355,206
SHAPE_13492443,12.4658808,-1.4231339,207
SHAPE_13492443,12.4659423,-1.4231485,208
SHAPE_13492443,12.4660041,-1.4231828,209
SHAPE_13492443,12.4660542,-1.4232333,210
SHAPE_13492443,12.4660885,-1.4232961,211
SHAPE_13492443,12.4661044,-1.4233662,212
SHAPE_13492443,12.4661011,-1.4234354,213
SHAPE_13492443,12.4660799,-1.4235011,214
SHAPE_13492443,12.4660397,-1.4235615,215
SHAPE_13492443,12.4659844,-1.4236078,216
SHAPE_13492443,12.4659187,-1.4236362,217
SHAPE_13492443,12.4658422,-1.4236441,218
SHAPE_13492443,12.465767,-1.423628,219
SHAPE_13492443,12.4656204,-1.4238797,220
SHAPE_13492443,12.4655038,-1.4240112,221
SHAPE_13492443,12.4654038,-1.4241129,222
SHAPE_13492443,12.463892,-1.4251285,223
SHAPE_13492443,12.4634388,-1.425444,224
SHAPE_13492443,12.4622022,-1.4263371,225
SHAPE_13492443,12.4609807,-1.4272558,226
SHAPE_13492443,12.4607347,-1.4274468,227
SHAPE_13492443,12.4583693,-1.4292835,228
SHAPE_13492443,12.457036,-1.430303,229
SHAPE_13492443,12.4554317,-1.4315416,230
SHAPE_13492443,12.4520788,-1.43413,231
SHAPE_13492443,12.4515439,-1.4345245,232
SHAPE_13492443,12.451503,-1.434559,233
SHAPE_13492443,12.4504779,-1.4353345,234
SHAPE_13492443,12.4494421,-1.4361419,235
SHAPE_13492443,12.4486498,-1.43674,236
SHAPE_13492443,12.4482478,-1.4370405,237
SHAPE_13492443,12.4481377,-1.4371358,238
SHAPE_13492443,12.4478929,-1.4373395,239
SHAPE_13492443,12.4474043,-1.4377592,240
SHAPE_13492443,12.4471247,-1.4380024,241
SHAPE_13492443,12.4468831,-1.4382286,242
SHAPE_13492443,12.4466212,-1.438513,243
SHAPE_13492443,12.4464287,-1.4387128,244
SHAPE_13492443,12.4462291,-1.4389406,245
SHAPE_13492443,12.4461821,-1.4389943,246
SHAPE_13492443,12.4459442,-1.4392707,247
SHAPE_13492443,12.4455513,-1.4397387,248
SHAPE_13492443,12.4454799,-1.4398159,249
SHAPE_13492443,12.4451099,-1.4402605,250
SHAPE_13492443,12.4449188,-1.4404938,251
SHAPE_13492443,12.4445495,-1.4409229,252
SHAPE_13492443,12.4443567,-1.4411457,253
SHAPE_13492443,12.4441852,-1.4413503,254
SHAPE_13492443,12.4440937,-1.4414633,255
SHAPE_13492443,12.443891,-1.4416985,256
SHAPE_13492443,12.4435756,-1.4420872,257
SHAPE_13492443,12.4433355,-1.4423687,258
SHAPE_13492443,12.4430985,-1.4426435,259
SHAPE_13492443,12.4428438,-1.4429394,260
SHAPE_13492443,12.4425584,-1.4432955,261
SHAPE_13492443,12.442221,-1.4437165,262
SHAPE_13492443,12.4415007,-1.4445975,263
SHAPE_13492443,12.4410738,-1.4450883,264
SHAPE_13492443,12.440474,-1.4457871,265
SHAPE_13492443,12.4398736,-1.4465249,266
SHAPE_13492443,12.439734,-1.4466964,267
SHAPE_13492443,12.4396576,-1.4467945,268
SHAPE_13492443,12.4396174,-1.4468437,269
SHAPE_13492443,12.4393084,-1.4472208,270
SHAPE_13492443,12.4389875,-1.4476124,271
SHAPE_13492443,12.4381333,-1.4486371,272
SHAPE_13492443,12.4379921,-1.4488142,273
SHAPE_13492443,12.4378703,-1.4489627,274
SHAPE_13492443,12.436325,-1.4508472,275
SHAPE_13492443,12.4361772,-1.4510429,276
SHAPE_13492443,12.4360583,-1.4511909,277
SHAPE_13492443,12.4355765,-1.4517533,278
SHAPE_13492443,12.4350273,-1.4524121,279
SHAPE_13492443,12.4348684,-1.4525814,280
SHAPE_13492443,12.4347835,-1.4526886,281
SHAPE_13492443,12.4346589,-1.4528358,282
SHAPE_13492443,12.4341337,-1.4534847,283
SHAPE_13492443,12.4340092,-1.4536448,284
SHAPE_13492443,12.4335538,-1.4541885,285
SHAPE_13492443,12.4334363,-1.4543288,286
SHAPE_13492443,12.4333466,-1.4544312,287
SHAPE_13492443,12.4332812,-1.4545066,288
SHAPE_13492443,12.4331205,-1.454692,289
SHAPE_13492443,12.4326411,-1.4552673,290
SHAPE_13492443,12.4324347,-1.4555073,291
SHAPE_13492443,12.4323402,-1.4556173,292
SHAPE_13492443,12.4322861,-1.455677,293
SHAPE_13492443,12.4321627,-1.4558223,294
SHAPE_13492443,12.4316357,-1.4564426,295
SHAPE_13492443,12.4315003,-1.4566205,296
SHAPE_13492443,12.431382,-1.4567623,297
SHAPE_13492443,12.4304536,-1.4578745,298
SHAPE_13492443,12.4303451,-1.4580031,299
SHAPE_13492443,12.4301974,-1.4581759,300
SHAPE_13492443,12.4300465,-1.4583526,301
SHAPE_13492443,12.4299366,-1.4584726,302
SHAPE_13492443,12.4282511,-1.4604722,303
SHAPE_13492443,12.4281099,-1.4606414,304
SHAPE_13492443,12.4276868,-1.4611248,305
SHAPE_13492443,12.427078,-1.4618175,306
SHAPE_13492443,12.4265733,-1.4624355,307
SHAPE_13492443,12.4264528,-1.4625831,308
SHAPE_13492443,12.4261444,-1.4629536,309
SHAPE_13492443,12.4260104,-1.4631117,310
SHAPE_13492443,12.4257194,-1.4634548,311
SHAPE_13492443,12.4253245,-1.4638921,312
SHAPE_13492443,12.4251463,-1.4641204,313
SHAPE_13492443,12.4249818,-1.4643075,314
SHAPE_13492443,12.4243704,-1.4650364,315
SHAPE_13492443,12.4243258,-1.465087,316
SHAPE_13492443,12.4240339,-1.4654182,317
SHAPE_13492443,12.4239886,-1.4654717,318
SHAPE_13492443,12.4237189,-1.4658007,319
SHAPE_13492443,12.4236526,-1.4658796,320
SHAPE_13492443,12.4229421,-1.4667261,321
SHAPE_13492443,12.4228134,-1.4669066,322
SHAPE_13492443,12.4225655,-1.4672203,323
SHAPE_13492443,12.4222801,-1.4675814,324
SHAPE_13492443,12.4219066,-1.4680299,325
SHAPE_13492443,12.421772,-1.4681876,326
SHAPE_13492443,12.4215254,-1.4684765,327
SHAPE_13492443,12.4214604,-1.4685485,328
SHAPE_13492443,12.4211334,-1.4689339,329
SHAPE_13492443,12.4208854,-1.4692128,330
SHAPE_13492443,12.420085,-1.4701898,331
SHAPE_13492443,12.4199543,-1.4703521,332
SHAPE_13492443,12.4196782,-1.4706724,333
SHAPE_13492443,12.4191848,-1.4712356,334
SHAPE_13492443,12.4190799,-1.471357,335
SHAPE_13492443,12.4189436,-1.4715248,336
SHAPE_13492443,12.4183917,-1.47218,337
SHAPE_13492443,12.4181229,-1.4725329,338
SHAPE_13492443,12.4174845,-1.4733169,339
SHAPE_13492443,12.4170405,-1.4738622,340
SHAPE_13492443,12.4163509,-1.4746982,341
SHAPE_13492443,12.4157366,-1.475443,342
SHAPE_13492443,12.4156661,-1.4755247,343
SHAPE_13492443,12.4154935,-1.4757189,344
SHAPE_13492443,12.4154271,-1.4757939,345
SHAPE_13492443,12.4149169,-1.4763563,346
SHAPE_13492443,12.4147166,-1.4765859,347
SHAPE_13492443,12.4145751,-1.4767465,348
SHAPE_13492443,12.414105,-1.4772786,349
SHAPE_13492443,12.4139005,-1.4775137,350
SHAPE_13492443,12.4138792,-1.4775568,351
SHAPE_13492443,12.4138612,-1.4776075,352
SHAPE_13492443,12.4138534,-1.4776856,353
SHAPE_13492443,12.4138663,-1.4777246,354
SHAPE_13492443,12.4138758,-1.4777651,355
SHAPE_13492443,12.4138741,-1.4778054,356
SHAPE_13492443,12.4138691,-1.4778454,357
SHAPE_13492443,12.4138584,-1.4778842,358
SHAPE_13492443,12.4138443,-1.477921,359
SHAPE_13492443,12.4138207,-1.4779547,360
SHAPE_13492443,12.4137946,-1.4779849,361
SHAPE_13492443,12.4137651,-1.47801,362
SHAPE_13492443,12.4137307,-1.4780317,363
SHAPE_13492443,12.4136944,-1.4780473,364
SHAPE_13492443,12.4136563,-1.4780571,365
SHAPE_13492443,12.4136171,-1.4780611,366
SHAPE_13492443,12.4135861,-1.4780599,367
SHAPE_13492443,12.4135554,-1.4780551,368
SHAPE_13492443,12.4135165,-1.4780432,369
SHAPE_13492443,12.4134798,-1.4780254,370
SHAPE_13492443,12.4134462,-1.4780019,371
SHAPE_13492443,12.4134166,-1.4779735,372
SHAPE_13492443,12.4133915,-1.4779407,373
SHAPE_13492443,12.4133717,-1.4779044,374
SHAPE_13492443,12.4133631,-1.4778828,375
SHAPE_13492443,12.4133563,-1.4778605,376
SHAPE_13492443,12.4133122,-1.4778294,377
SHAPE_13492443,12.4132807,-1.4778112,378
SHAPE_13492443,12.4132417,-1.4777899,379
SHAPE_13492443,12.4131878,-1.4777679,380
SHAPE_13492443,12.4131365,-1.4777435,381
SHAPE_13492443,12.4130733,-1.4777055,382
SHAPE_13492443,12.4130078,-1.4776535,383
SHAPE_13492443,12.4128819,-1.4775115,384
SHAPE_13492443,12.4124752,-1.4770232,385
SHAPE_13492443,12.4116157,-1.4760092,386
SHAPE_13492443,12.411326,-1.4756713,387
SHAPE_13492443,12.4111301,-1.4754728,388
SHAPE_13492443,12.4109778,-1.4753129,389
SHAPE_13492443,12.4107925,-1.4751938,390
SHAPE_13492443,12.4106589,-1.4750997,391
SHAPE_13492443,12.4104135,-1.4749422,392
SHAPE_13492443,12.410183,-1.474819,393
SHAPE_13492443,12.4100102,-1.4747397,394
SHAPE_13492443,12.4098393,-1.4746708,395
SHAPE_13492443,12.4096356,-1.4745957,396
SHAPE_13492443,12.4094593,-1.474542,397
SHAPE_13492443,12.4092883,-1.4744938,398
SHAPE_13492443,12.4083176,-1.4742446,399
SHAPE_13492443,12.4060877,-1.4736821,400
SHAPE_13492443,12.4057221,-1.473602,401
SHAPE_13492443,12.40459,-1.4733059,402
SHAPE_13492443,12.4042564,-1.4732236,403
SHAPE_13492443,12.4040043,-1.473161,404
SHAPE_13492443,12.4028342,-1.4728573,405
SHAPE_13492443,12.4019972,-1.4726537,406
SHAPE_13492443,12.4017265,-1.4725859,407
SHAPE_13492443,12.4009401,-1.4723774,408
SHAPE_13492443,12.4005525,-1.4722806,409
SHAPE_13492443,12.4001591,-1.472187,410
SHAPE_13492443,12.3994409,-1.472008,411
SHAPE_13492443,12.398227,-1.4717056,412
SHAPE_13492443,12.3966926,-1.4713367,413
SHAPE_13492443,12.3965995,-1.4713169,414
SHAPE_13492443,12.3965609,-1.471307,415
SHAPE_13492443,12.3965078,-1.4713047,416
SHAPE_13492443,12.3963683,-1.4712916,417
SHAPE_13492443,12.3960107,-1.4712299,418
SHAPE_13492443,12.3959154,-1.4712149,419
SHAPE_13492443,12.3950534,-1.4710146,420
SHAPE_13492443,12.394666,-1.4709207,421
SHAPE_13492443,12.3930328,-1.4704864,422
SHAPE_13492443,12.3929912,-1.4704797,423
SHAPE_13492443,12.3929559,-1.470471,424
SHAPE_13492443,12.3929207,-1.470457,425
SHAPE_13492443,12.3928872,-1.4704862,426
SHAPE_13492443,12.3928496,-1.4705099,427
SHAPE_13492443,12.392809,-1.4705273,428
SHAPE_13492443,12.392782,-1.4705882,429
SHAPE_13492443,12.3927612,-1.4706618,430
SHAPE_13492443,12.392735,-1.4707476,431
SHAPE_13492443,12.3926828,-1.4709656,432
SHAPE_13492443,12.392522,-1.471637,433
SHAPE_13492443,12.3923622,-1.4722807,434
SHAPE_13492443,12.3922213,-1.4728163,435
SHAPE_13492443,12.3921762,-1.4729781,436
SHAPE_13492443,12.3920109,-1.4735507,437
SHAPE_13492443,12.391827,-1.4741166,438
SHAPE_13492443,12.3916724,-1.4747456,439
SHAPE_13492443,12.3916322,-1.4748944,440
SHAPE_13492443,12.391401,-1.4757418,441
SHAPE_13492443,12.3912112,-1.476545,442
SHAPE_13492443,12.3910382,-1.4772734,443
SHAPE_13492443,12.39103,-1.4773576,444
SHAPE_13492443,12.391052,-1.477382,445
SHAPE_13492443,12.3910682,-1.4774108,446
SHAPE_13492443,12.3910775,-1.4774425,447
SHAPE_13492443,12.3910798,-1.4774757,448
SHAPE_13492443,12.3910742,-1.4775104,449
SHAPE_13492443,12.3910607,-1.4775428,450
SHAPE_13492443,12.3910401,-1.477571,451
SHAPE_13492443,12.3910135,-1.4775934,452
SHAPE_13492443,12.3909825,-1.4776087,453
SHAPE_13492443,12.3908662,-1.4780648,454
SHAPE_13492443,12.3905712,-1.4792106,455
SHAPE_13492443,12.3902427,-1.4804868,456
SHAPE_13492443,12.3902231,-1.4806451,457
SHAPE_13492443,12.3902286,-1.4807953,458
SHAPE_13492443,12.3902454,-1.4808234,459
SHAPE_13492443,12.3902557,-1.4808547,460
SHAPE_13492443,12.390259,-1.4808876,461
SHAPE_13492443,12.390255,-1.4809203,462
SHAPE_13492443,12.390244,-1.4809513,463
SHAPE_13492443,12.3902265,-1.4809791,464
SHAPE_13492443,12.3902035,-1.4810022,465
SHAPE_13492443,12.390176,-1.4810194,466
SHAPE_13492443,12.3901209,-1.4811011,467
SHAPE_13492443,12.3900829,-1.481211,468
SHAPE_13492443,12.3899546,-1.4816884,469
SHAPE_13492443,12.3897654,-1.4825255,470
SHAPE_13492443,12.3895183,-1.4836679,471
SHAPE_13492443,12.3886907,-1.4870705,472
SHAPE_13492443,12.3884203,-1.488399,473
SHAPE_13492443,12.3882085,-1.489196,474
SHAPE_13492443,12.388154,-1.4894423,475
SHAPE_13492443,12.387919,-1.4903842,476
SHAPE_13492443,12.3878913,-1.4906444,477
SHAPE_13492443,12.387894,-1.4907079,478
SHAPE_13492443,12.3878865,-1.4907449,479
SHAPE_13492443,12.3878682,-1.490778,480
SHAPE_13492443,12.38749,-1.4924359,481
SHAPE_13492443,12.3872053,-1.4936266,482
SHAPE_13492443,12.3869673,-1.4946339,483
SHAPE_13492443,12.3865542,-1.4962984,484
SHAPE_13492443,12.3864767,-1.4967152,485
SHAPE_13492443,12.3864977,-1.4967486,486
SHAPE_13492443,12.3865075,-1.496787,487
SHAPE_13492443,12.386505,-1.4968267,488
SHAPE_13492443,12.3864906,-1.4968636,489
SHAPE_13492443,12.3864656,-1.496894,490
SHAPE_13492443,12.3864325,-1.4969149,491
SHAPE_13492443,12.3863696,-1.4971034,492
SHAPE_13492443,12.3863083,-1.4973975,493
SHAPE_13492443,12.3858647,-1.499076,494
SHAPE_13492443,12.3857067,-1.499798,495
SHAPE_13492443,12.3855887,-1.5003486,496
SHAPE_13492443,12.3854944,-1.5007845,497
SHAPE_13492443,12.3853232,-1.5016494,498
SHAPE_13492443,12.3852995,-1.5017808,499
SHAPE_13492443,12.3852458,-1.5019993,500
SHAPE_13492443,12.385188,-1.5022452,501
SHAPE_13492443,12.3851592,-1.502326,502
SHAPE_13492443,12.3851087,-1.5023878,503
SHAPE_13492443,12.3850227,-1.5024367,504
SHAPE_13492443,12.3850561,-1.5025113,505
SHAPE_13492443,12.3850629,-1.502593,506
SHAPE_13492443,12.3850361,-1.5026871,507
SHAPE_13492443,12.3850648,-1.5027477,508
SHAPE_13492443,12.3850875,-1.5028091,509
SHAPE_13492443,12.3850978,-1.5028789,510
SHAPE_13492443,12.3850989,-1.5029615,511
SHAPE_13492443,12.3850266,-1.5030461,512
SHAPE_13492443,12.3849502,-1.5030842,513
SHAPE_13492443,12.3847683,-1.503154,514
SHAPE_13492443,12.3846919,-1.5032027,515
SHAPE_13492443,12.3841691,-1.5038754,516
SHAPE_13492443,12.3839191,-1.5041568,517
SHAPE_13492443,12.3836587,-1.5044551,518
SHAPE_13492443,12.38362,-1.5045061,519
SHAPE_13492443,12.3831965,-1.5050686,520
SHAPE_13493522,12.3778891,-1.4965902,1
SHAPE_13493522,12.3778272,-1.4965929,2
SHAPE_13493522,12.3762101,-1.4966876,3
SHAPE_13493522,12.3761124,-1.4967121,4
SHAPE_13493522,12.3761091,-1.4965852,5
SHAPE_13493522,12.3760932,-1.4961737,6
SHAPE_13493522,12.376082,-1.4957985,7
SHAPE_13493522,12.3760601,-1.495325,8
SHAPE_13493522,12.3760359,-1.4946649,9
SHAPE_13493522,12.3760116,-1.4940047,10
SHAPE_13493522,12.3759982,-1.4937255,11
SHAPE_13493522,12.37598,-1.4930559,12
SHAPE_13493522,12.3759649,-1.4924162,13
SHAPE_13493522,12.3759337,-1.4915566,14
SHAPE_13493522,12.3759137,-1.491119,15
SHAPE_13493522,12.3758906,-1.490522,16
SHAPE_13493522,12.3758663,-1.4899384,17
SHAPE_13493522,12.3758191,-1.4887046,18
SHAPE_13493522,12.3758039,-1.4883924,19
SHAPE_13493522,12.3757996,-1.4883045,20
SHAPE_13493522,12.3757851,-1.4879643,21
SHAPE_13493522,12.3757484,-1.4863308,22
SHAPE_13493522,12.3757357,-1.4859808,23
SHAPE_13493522,12.3757055,-1.485122,24
SHAPE_13493522,12.3756689,-1.4843535,25
SHAPE_13493522,12.375652,-1.4836911,26
SHAPE_13493522,12.3756507,-1.4836376,27
SHAPE_13493522,12.3756251,-1.4828883,28
SHAPE_13493522,12.3756178,-1.4827254,29
SHAPE_13493522,12.375603,-1.4822842,30
SHAPE_13493522,12.375582,-1.4817158,31
SHAPE_13493522,12.3755688,-1.4815099,32
SHAPE_13493522,12.3755588,-1.4813226,33
SHAPE_13493522,12.3755527,-1.4809551,34
SHAPE_13493522,12.3755416,-1.4806906,35
SHAPE_13493522,12.3755363,-1.4805543,36
SHAPE_13493522,12.3755194,-1.4800552,37
SHAPE_13493522,12.3754956,-1.4793046,38
SHAPE_13493522,12.3754847,-1.4791352,39
SHAPE_13493522,12.3754403,-1.4777045,40
SHAPE_13493522,12.3753764,-1.4760683,41
SHAPE_13493522,12.3753461,-1.4750579,42
SHAPE_13493522,12.3753274,-1.4744093,43
SHAPE_13493522,12.3753178,-1.4741166,44
SHAPE_13493522,12.3753085,-1.473928,45
SHAPE_13493522,12.3752966,-1.4734713,46
SHAPE_13493522,12.3752864,-1.4731784,47
SHAPE_13493522,12.3752725,-1.4728447,48
SHAPE_13493522,12.3752597,-1.4724,49
SHAPE_13493522,12.3752561,-1.4722946,50
SHAPE_13493522,12.3753267,-1.4722483,51
SHAPE_13493522,12.3761227,-1.471732,52
SHAPE_13493522,12.3763521,-1.4715762,53
SHAPE_13493522,12.3769449,-1.4711666,54
SHAPE_13493522,12.3778401,-1.4705743,55
SHAPE_13493522,12.3782627,-1.4702862,56
SHAPE_13493522,12.3798942,-1.4691869,57
SHAPE_13493522,12.3800012,-1.4691163,58
SHAPE_13493522,12.3802923,-1.46892,59
SHAPE_13493522,12.3803675,-1.4688668,60
SHAPE_13493522,12.380801,-1.468582,61
SHAPE_13493522,12.3809941,-1.4684468,62
SHAPE_13493522,12.3812648,-1.4682744,63
SHAPE_13493522,12.3815206,-1.4681207,64
SHAPE_13493522,12.3817945,-1.4680041,65
SHAPE_13493522,12.3819959,-1.4679331,66
SHAPE_13493522,12.3822319,-1.4678706,67
SHAPE_13493522,12.3824976,-1.4678402,68
SHAPE_13493522,12.3828278,-1.467822,69
SHAPE_13493522,12.3831135,-1.4678415,70
SHAPE_13493522,12.3832486,-1.4678507,71
SHAPE_13493522,12.3835735,-1.4679042,72
SHAPE_13493522,12.3841181,-1.468045,73
SHAPE_13493522,12.3842901,-1.4680865,74
SHAPE_13493522,12.3846618,-1.4681856,75
SHAPE_13493522,12.3851049,-1.4683001,76
SHAPE_13493522,12.3853428,-1.4683616,77
SHAPE_13493522,12.3856298,-1.4684358,78
SHAPE_13493522,12.3872381,-1.4688459,79
SHAPE_13493522,12.3877343,-1.4689694,80
SHAPE_13493522,12.3880384,-1.4690481,81
SHAPE_13493522,12.3892599,-1.4693561,82
SHAPE_13493522,12.3896963,-1.4694094,83
SHAPE_13493522,12.389859,-1.4694241,84
SHAPE_13493522,12.3900018,-1.4694406,85
SHAPE_13493522,12.3906347,-1.4695874,86
SHAPE_13493522,12.3917516,-1.4698683,87
SHAPE_13493522,12.3923143,-1.470004,88
SHAPE_13493522,12.3924026,-1.4700179,89
SHAPE_13493522,12.3924757,-1.4700223,90
SHAPE_13493522,12.3925766,-1.4699918,91
SHAPE_13493522,12.3925969,-1.4699802,92
SHAPE_13493522,12.3926216,-1.4699694,93
SHAPE_13493522,12.392701,-1.4699542,94
SHAPE_13493522,12.3927601,-1.4699568,95
SHAPE_13493522,12.3928175,-1.4699717,96
SHAPE_13493522,12.3928706,-1.4699984,97
SHAPE_13493522,12.3929173,-1.4700356,98
SHAPE_13493522,12.3929556,-1.4700818,99
SHAPE_13493522,12.3929817,-1.4701303,100
SHAPE_13493522,12.3929986,-1.4701829,101
SHAPE_13493522,12.3940444,-1.470453,102
SHAPE_13493522,12.3947326,-1.4706253,103
SHAPE_13493522,12.3951236,-1.4707216,104
SHAPE_13493522,12.3959607,-1.4709733,105
SHAPE_13493522,12.396048,-1.471004,106
SHAPE_13493522,12.396538,-1.4711762,107
SHAPE_13493522,12.3965821,-1.4712008,108
SHAPE_13493522,12.3966141,-1.4712091,109
SHAPE_13493522,12.3967178,-1.4712307,110
SHAPE_13493522,12.3972269,-1.4713311,111
SHAPE_13493522,12.3982479,-1.4715879,112
SHAPE_13493522,12.3994681,-1.4718942,113
SHAPE_13493522,12.400184,-1.4720817,114
SHAPE_13493522,12.4005591,-1.4721747,115
SHAPE_13493522,12.4009675,-1.4722808,116
SHAPE_13493522,12.4017474,-1.472467,117
SHAPE_13493522,12.40283,-1.4727536,118
SHAPE_13493522,12.4040304,-1.4730606,119
SHAPE_13493522,12.404301,-1.4731257,120
SHAPE_13493522,12.4046157,-1.4732027,121
SHAPE_13493522,12.4057462,-1.473497,122
SHAPE_13493522,12.4061116,-1.4735828,123
SHAPE_13493522,12.4066482,-1.4737187,124
SHAPE_13493522,12.4067963,-1.4737585,125
SHAPE_13493522,12.4069813,-1.473803,126
SHAPE_13493522,12.4076582,-1.4739744,127
SHAPE_13493522,12.408352,-1.4741502,128
SHAPE_13493522,12.4093222,-1.4744026,129
SHAPE_13493522,12.4096019,-1.4744711,130
SHAPE_13493522,12.4098436,-1.4745421,131
SHAPE_13493522,12.410062,-1.4746171,132
SHAPE_13493522,12.4102684,-1.4747028,133
SHAPE_13493522,12.4105157,-1.4748129,134
SHAPE_13493522,12.4107407,-1.4749283,135
SHAPE_13493522,12.4109577,-1.4750491,136
SHAPE_13493522,12.411139,-1.475167,137
SHAPE_13493522,12.411329,-1.475305,138
SHAPE_13493522,12.4118298,-1.4757252,139
SHAPE_13493522,12.4124614,-1.4762601,140
SHAPE_13493522,12.4130311,-1.4767508,141
SHAPE_13493522,12.4131557,-1.4768217,142
SHAPE_13493522,12.4134997,-1.4770765,143
SHAPE_13493522,12.4136123,-1.4771274,144
SHAPE_13493522,12.413688,-1.4771492,145
SHAPE_13493522,12.4137564,-1.4771596,146
SHAPE_13493522,12.4138271,-1.4771569,147
SHAPE_13493522,12.4139057,-1.4771382,148
SHAPE_13493522,12.4139788,-1.4771116,149
SHAPE_13493522,12.4140521,-1.4770687,150
SHAPE_13493522,12.4141045,-1.4770258,151
SHAPE_13493522,12.4143534,-1.4767763,152
SHAPE_13493522,12.4143982,-1.4767305,153
SHAPE_13493522,12.4144948,-1.4766727,154
SHAPE_13493522,12.4146366,-1.476514,155
SHAPE_13493522,12.4150147,-1.476075,156
SHAPE_13493522,12.4153758,-1.4756399,157
SHAPE_13493522,12.4155538,-1.4754255,158
SHAPE_13493522,12.4156268,-1.4753428,159
SHAPE_13493522,12.4162369,-1.474602,160
SHAPE_13493522,12.4169324,-1.4737657,161
SHAPE_13493522,12.4173762,-1.4732245,162
SHAPE_13493522,12.4176784,-1.472856,163
SHAPE_13493522,12.4180222,-1.4724537,164
SHAPE_13493522,12.4181729,-1.4722792,165
SHAPE_13493522,12.4183113,-1.472103,166
SHAPE_13493522,12.4189968,-1.4712793,167
SHAPE_13493522,12.419091,-1.4711661,168
SHAPE_13493522,12.4195884,-1.4705854,169
SHAPE_13493522,12.4198531,-1.4702689,170
SHAPE_13493522,12.4199903,-1.4701,171
SHAPE_13493522,12.4208104,-1.4691505,172
SHAPE_13493522,12.4209152,-1.4690177,173
SHAPE_13493522,12.421054,-1.4688487,174
SHAPE_13493522,12.4213678,-1.4684719,175
SHAPE_13493522,12.4214409,-1.4684041,176
SHAPE_13493522,12.4216882,-1.4681205,177
SHAPE_13493522,12.4218259,-1.4679575,178
SHAPE_13493522,12.4222004,-1.4675149,179
SHAPE_13493522,12.42249,-1.4671519,180
SHAPE_13493522,12.4225942,-1.4670213,181
SHAPE_13493522,12.4228705,-1.4666633,182
SHAPE_13493522,12.4231308,-1.4663262,183
SHAPE_13493522,12.4235821,-1.4658064,184
SHAPE_13493522,12.4236417,-1.465726,185
SHAPE_13493522,12.423902,-1.4654201,186
SHAPE_13493522,12.4239618,-1.4653564,187
SHAPE_13493522,12.4242468,-1.4650186,188
SHAPE_13493522,12.4242933,-1.4649635,189
SHAPE_13493522,12.4249063,-1.4642319,190
SHAPE_13493522,12.4250621,-1.4640388,191
SHAPE_13493522,12.4252381,-1.4638255,192
SHAPE_13493522,12.4259128,-1.4630345,193
SHAPE_13493522,12.4260457,-1.4628788,194
SHAPE_13493522,12.4263682,-1.4625138,195
SHAPE_13493522,12.4264889,-1.462373,196
SHAPE_13493522,12.4266033,-1.4622397,197
SHAPE_13493522,12.4267071,-1.462117,198
SHAPE_13493522,12.4276005,-1.4610655,199
SHAPE_13493522,12.4280387,-1.4605763,200
SHAPE_13493522,12.4281803,-1.4604073,201
SHAPE_13493522,12.4298785,-1.4584229,202
SHAPE_13493522,12.4299846,-1.4582964,203
SHAPE_13493522,12.4301383,-1.4581239,204
SHAPE_13493522,12.4306271,-1.4575164,205
SHAPE_13493522,12.431004,-1.457074,206
SHAPE_13493522,12.4313111,-1.4567031,207
SHAPE_13493522,12.43143,-1.4565595,208
SHAPE_13493522,12.4315738,-1.4563744,209
SHAPE_13493522,12.4320897,-1.455769,210
SHAPE_13493522,12.432211,-1.4556237,211
SHAPE_13493522,12.4322589,-1.4555664,212
SHAPE_13493522,12.4323554,-1.4554392,213
SHAPE_13493522,12.4332195,-1.4544344,214
SHAPE_13493522,12.433271,-1.4543714,215
SHAPE_13493522,12.4333653,-1.4542557,216
SHAPE_13493522,12.4334711,-1.454127,217
SHAPE_13493522,12.4337427,-1.4537964,218
SHAPE_13493522,12.4343582,-1.4530592,219
SHAPE_13493522,12.4345752,-1.4527751,220
SHAPE_13493522,12.4347023,-1.4526253,221
SHAPE_13493522,12.4347859,-1.4525231,222
SHAPE_13493522,12.4349448,-1.4523425,223
SHAPE_13493522,12.4357176,-1.4514044,224
SHAPE_13493522,12.435982,-1.4511165,225
SHAPE_13493522,12.4361119,-1.4509544,226
SHAPE_13493522,12.436248,-1.4507828,227
SHAPE_13493522,12.4367754,-1.4501536,228
SHAPE_13493522,12.437203,-1.4496386,229
SHAPE_13493522,12.4378126,-1.4489032,230
SHAPE_13493522,12.4379251,-1.4487675,231
SHAPE_13493522,12.43801,-1.4486655,232
SHAPE_13493522,12.4380712,-1.4485857,233
SHAPE_13493522,12.4389391,-1.4475439,234
SHAPE_13493522,12.4395267,-1.4467751,235
SHAPE_13493522,12.4395699,-1.4467186,236
SHAPE_13493522,12.4396528,-1.4466173,237
SHAPE_13493522,12.43979,-1.4464566,238
SHAPE_13493522,12.4410104,-1.4450263,239
SHAPE_13493522,12.4415245,-1.4444237,240
SHAPE_13493522,12.4419695,-1.4439021,241
SHAPE_13493522,12.4420883,-1.4437628,242
SHAPE_13493522,12.4424032,-1.443386,243
SHAPE_13493522,12.4427129,-1.4430059,244
SHAPE_13493522,12.4427992,-1.4428944,245
SHAPE_13493522,12.4430614,-1.4425712,246
SHAPE_13493522,12.4433053,-1.4422851,247
SHAPE_13493522,12.4435922,-1.4419485,248
SHAPE_13493522,12.4438391,-1.4416549,249
SHAPE_13493522,12.4440957,-1.4413579,250
SHAPE_13493522,12.4444819,-1.4408906,251
SHAPE_13493522,12.4449738,-1.4403057,252
SHAPE_13493522,12.4451451,-1.4401019,253
SHAPE_13493522,12.4452892,-1.4399306,254
SHAPE_13493522,12.4455051,-1.4396738,255
SHAPE_13493522,12.4456152,-1.439543,256
SHAPE_13493522,12.4457634,-1.4393666,257
SHAPE_13493522,12.4459677,-1.4391238,258
SHAPE_13493522,12.4460854,-1.4389838,259
SHAPE_13493522,12.4461629,-1.4388916,260
SHAPE_13493522,12.4463044,-1.4387234,261
SHAPE_13493522,12.4464239,-1.4385961,262
SHAPE_13493522,12.446618,-1.4383922,263
SHAPE_13493522,12.4467391,-1.4382602,264
SHAPE_13493522,12.4469624,-1.4380442,265
SHAPE_13493522,12.4471019,-1.4379192,266
SHAPE_13493522,12.4473265,-1.4377184,267
SHAPE_13493522,12.447589,-1.4374931,268
SHAPE_13493522,12.4477842,-1.4373174,269
SHAPE_13493522,12.4480815,-1.4370719,270
SHAPE_13493522,12.4482327,-1.4369566,271
SHAPE_13493522,12.4483747,-1.4368479,272
SHAPE_13493522,12.4485974,-1.4366824,273
SHAPE_13493522,12.44915,-1.4362666,274
SHAPE_13493522,12.4494486,-1.4360373,275
SHAPE_13493522,12.4497446,-1.4358053,276
SHAPE_13493522,12.4502959,-1.4353761,277
SHAPE_13493522,12.4505775,-1.4351629,278
SHAPE_13493522,12.4508614,-1.4349424,279
SHAPE_13493522,12.4510445,-1.4347955,280
SHAPE_13493522,12.4515321,-1.4344394,281
SHAPE_13493522,12.4520459,-1.4340655,282
SHAPE_13493522,12.4526191,-1.4336072,283
SHAPE_13493522,12.4529019,-1.4333886,284
SHAPE_13493522,12.4531758,-1.4331755,285
SHAPE_13493522,12.4560496,-1.4309534,286
SHAPE_13493522,12.4569846,-1.4302304,287
SHAPE_13493522,12.4574398,-1.4298921,288
SHAPE_13493522,12.4578808,-1.4295544,289
SHAPE_13493522,12.4583143,-1.4292137,290
SHAPE_13493522,12.4594509,-1.428342,291
SHAPE_13493522,12.460018,-1.4279088,292
SHAPE_13493522,12.4605704,-1.4274845,293
SHAPE_13493522,12.4609269,-1.4272196,294
SHAPE_13493522,12.4614586,-1.426801,295
SHAPE_13493522,12.4618094,-1.4265248,296
SHAPE_13493522,12.4621341,-1.4262754,297
SHAPE_13493522,12.4623879,-1.4260524,298
SHAPE_13493522,12.4630414,-1.425478,299
SHAPE_13493522,12.4649908,-1.4236863,300
SHAPE_13493522,12.4652627,-1.4233306,301
SHAPE_13493522,12.4652959,-1.4232107,302
SHAPE_13493522,12.4653029,-1.4230566,303
SHAPE_13493522,12.4652717,-1.4229079,304
SHAPE_13493522,12.4652348,-1.4228288,305
SHAPE_13493522,12.4651534,-1.4226684,306
SHAPE_13493522,12.4641849,-1.4213493,307
SHAPE_13493522,12.4618034,-1.4181799,308
SHAPE_13493522,12.4594938,-1.4151548,309
SHAPE_13493522,12.4565117,-1.4112407,310
SHAPE_13493522,12.4562567,-1.410906,311
SHAPE_13493522,12.4548916,-1.4091037,312
SHAPE_13493522,12.4542579,-1.408175,313
SHAPE_13493522,12.4538825,-1.4075509,314
SHAPE_13493522,12.4531823,-1.4062484,315
SHAPE_13493522,12.4526689,-1.4050782,316
SHAPE_13493522,12.452128,-1.403597,317
SHAPE_13493522,12.4518795,-1.4027207,318
SHAPE_13493522,12.4516366,-1.401624,319
SHAPE_13493522,12.451384,-1.4001272,320
SHAPE_13493522,12.4513275,-1.3997923,321
SHAPE_13493522,12.4504995,-1.3946931,322
SHAPE_13493522,12.4499604,-1.3914183,323
SHAPE_13493522,12.4495168,-1.3887232,324
SHAPE_13493522,12.4491724,-1.3866833,325
SHAPE_13493522,12.4489401,-1.3853074,326
SHAPE_13493522,12.4486225,-1.3833921,327
SHAPE_13493522,12.4485097,-1.3828048,328
SHAPE_13493522,12.4483158,-1.3820538,329
SHAPE_13493522,12.4480801,-1.381233,330
SHAPE_13493522,12.4478706,-1.380592,331
SHAPE_13493522,12.4475511,-1.3797632,332
SHAPE_13493522,12.4472001,-1.3789639,333
SHAPE_13493522,12.4468308,-1.3782236,334
SHAPE_13493522,12.4464073,-1.3774314,335
SHAPE_13493522,12.4459115,-1.3766465,336
SHAPE_13493522,12.4451938,-1.3756272,337
SHAPE_13493522,12.4441042,-1.3741601,338
SHAPE_13493522,12.4435568,-1.373401,339
SHAPE_13493522,12.4429727,-1.3726527,340
SHAPE_13493522,12.442813,-1.3724649,341
SHAPE_13493522,12.4423441,-1.3719285,342
SHAPE_13493522,12.4421712,-1.3717353,343
SHAPE_13493522,12.4417417,-1.3713062,344
SHAPE_13493522,12.4409926,-1.3706142,345
SHAPE_13493522,12.4406364,-1.3702977,346
SHAPE_13493522,12.4401178,-1.3698953,347
SHAPE_13493522,12.4394996,-1.3694286,348
SHAPE_13493522,12.4389548,-1.36908,349
SHAPE_13493522,12.4385358,-1.3687984,350
SHAPE_13493522,12.4370594,-1.3680183,351
SHAPE_13493522,12.4368594,-1.3678944,352
SHAPE_13493522,12.4366787,-1.3678005,353
SHAPE_13493522,12.4366184,-1.367763,354
SHAPE_13493522,12.4362509,-1.3675789,355
SHAPE_13493522,12.4362113,-1.3676081,356
SHAPE_13493522,12.4361668,-1.3676288,357
SHAPE_13493522,12.4361036,-1.3676418,358
SHAPE_13493522,12.4360392,-1.3676376,359
SHAPE_13493522,12.4359781,-1.3676165,360
SHAPE_13493522,12.4359243,-1.3675799,361
SHAPE_13493522,12.4358816,-1.3675304,362
SHAPE_13493522,12.4358668,-1.3675001,363
SHAPE_13493522,12.4358528,-1.3674713,364
SHAPE_13493522,12.43584,-1.3674065,365
SHAPE_13493522,12.4358417,-1.3673771,366
SHAPE_13493522,12.4358439,-1.3673406,367
SHAPE_13493522,12.4358643,-1.3672779,368
SHAPE_13493522,12.4358998,-1.3672228,369
SHAPE_13493522,12.4359134,-1.3672104,370
SHAPE_13493522,12.435948,-1.3671789,371
SHAPE_13493522,12.4360057,-1.3671492,372
SHAPE_13493522,12.4360374,-1.3671425,373
SHAPE_13493522,12.4360684,-1.3670012,374
SHAPE_13493522,12.4360763,-1.3668591,375
SHAPE_13493522,12.4360972,-1.3666981,376
SHAPE_13493522,12.4361679,-1.3665399,377
SHAPE_13493522,12.4363182,-1.3662609,378
SHAPE_13493522,12.4367074,-1.3655825,379
SHAPE_13493522,12.437454,-1.3642171,380
SHAPE_13493522,12.4381821,-1.362876,381
SHAPE_13493522,12.4385698,-1.362066,382
SHAPE_13493522,12.4389271,-1.361329,383
SHAPE_13493522,12.439481,-1.3602433,384
SHAPE_13493522,12.4396806,-1.3598444,385
SHAPE_13493522,12.4398523,-1.3594723,386
SHAPE_13493522,12.4400984,-1.3589526,387
SHAPE_13493522,12.4403853,-1.3583705,388
SHAPE_13493522,12.4405977,-1.3579814,389
SHAPE_13493522,12.4407751,-1.357606,390
SHAPE_13493522,12.441027,-1.3570623,391
SHAPE_13493522,12.4415911,-1.3558848,392
SHAPE_13493522,12.4421372,-1.3547284,393
SHAPE_13493522,12.4424708,-1.354034,394
SHAPE_13493522,12.4426259,-1.3537296,395
SHAPE_13493522,12.4429967,-1.3529303,396
SHAPE_13493522,12.4429282,-1.3524596,397
SHAPE_13493522,12.4429315,-1.3523074,398
SHAPE_13493522,12.443267,-1.3516748,399
SHAPE_13493522,12.4439961,-1.3502855,400
SHAPE_13493522,12.4443723,-1.3495687,401
SHAPE_13493522,12.4446845,-1.3489736,402
SHAPE_13493522,12.4447435,-1.3488679,403
SHAPE_13493522,12.4452344,-1.3479871,404
SHAPE_13493522,12.4453968,-1.3476632,405
SHAPE_13493522,12.4456299,-1.3471985,406
SHAPE_13493522,12.4460188,-1.3463992,407
SHAPE_13493522,12.4464536,-1.3454779,408
SHAPE_13493522,12.4469303,-1.3444881,409
SHAPE_13493522,12.4474869,-1.3433254,410
SHAPE_13493522,12.4480592,-1.3421318,411
SHAPE_13493522,12.4485765,-1.3410589,412
SHAPE_13493522,12.4491514,-1.339864,413
SHAPE_13493522,12.4494735,-1.3392008,414
SHAPE_13493522,12.4496804,-1.338775,415
SHAPE_13493522,12.4502357,-1.3376069,416
SHAPE_13493522,12.4507962,-1.3364589,417
SHAPE_13493522,12.4512192,-1.3355577,418
SHAPE_13493522,12.4513606,-1.3352573,419
SHAPE_13493522,12.4514012,-1.3351661,420
SHAPE_13493522,12.451451,-1.3350253,421
SHAPE_13493522,12.4514771,-1.3349274,422
SHAPE_13493522,12.4514929,-1.3348389,423
SHAPE_13493522,12.4515248,-1.334684,424
SHAPE_13493522,12.4429282,-1.3524596,425
SHAPE_13493522,12.4429072,-1.3526648,426
SHAPE_13493522,12.4429361,-1.3527507,427
SHAPE_13493522,12.4429806,-1.3528284,428
SHAPE_13493522,12.4429976,-1.3528794,429
SHAPE_13493522,12.4429967,-1.3529303,430
SHAPE_13493522,12.4429282,-1.3524596,431
SHAPE_13493522,12.4430408,-1.3523859,432
SHAPE_13493522,12.4433755,-1.3517443,433
SHAPE_13493522,12.4445547,-1.3494837,434
SHAPE_13493522,12.4453994,-1.3478811,435
SHAPE_13493522,12.4454754,-1.3477148,436
SHAPE_13493522,12.446155,-1.3463442,437
SHAPE_13493522,12.4464654,-1.3456924,438
SHAPE_13493522,12.4468007,-1.3449951,439
SHAPE_13493522,12.4472302,-1.3440858,440
SHAPE_13493522,12.4474057,-1.3437304,441
SHAPE_13493522,12.4482451,-1.341995,442
SHAPE_13493522,12.4485372,-1.3413768,443
SHAPE_13493522,12.4495626,-1.3392444,444
SHAPE_13493522,12.4498664,-1.338606,445
SHAPE_13493522,12.4506168,-1.3370651,446
SHAPE_13493522,12.4511409,-1.3359774,447
SHAPE_13493522,12.4513514,-1.3355148,448
SHAPE_13493522,12.4514418,-1.3353217,449
SHAPE_13493522,12.4515387,-1.335146,450
SHAPE_13493522,12.4516579,-1.3349864,451
SHAPE_13493522,12.4517621,-1.334853,452
SHAPE_13493522,12.4518565,-1.3347428,453
SHAPE_13493522,12.4518648,-1.3346923,454
SHAPE_13493522,12.4518573,-1.3346423,455
SHAPE_13493522,12.4518361,-1.3345965,456
SHAPE_13493522,12.451803,-1.3345589,457
SHAPE_13493522,12.4517608,-1.3345326,458
SHAPE_13493522,12.4517159,-1.3345201,459
SHAPE_13493522,12.4516694,-1.3345205,460
SHAPE_13493522,12.4516247,-1.3345338,461
SHAPE_13493522,12.4515852,-1.3345589,462
SHAPE_13493522,12.4515538,-1.334594,463
SHAPE_13493522,12.4515338,-1.3346377,464
SHAPE_13493522,12.4515248,-1.334684,465
SHAPE_13493522,12.4515284,-1.3347311,466
SHAPE_13493522,12.4515461,-1.3347788,467
SHAPE_13493522,12.4515765,-1.3348192,468
SHAPE_13493522,12.4516171,-1.3348487,469
SHAPE_13493522,12.4516643,-1.3348649,470
SHAPE_13493522,12.451714,-1.3348664,471
SHAPE_13493522,12.4517621,-1.334853,472
SHAPE_13493522,12.4518037,-1.3348263,473
SHAPE_13493522,12.4518361,-1.3347885,474
SHAPE_13493522,12.4518565,-1.3347428,475
SHAPE_13493522,12.4518648,-1.3346923,476
SHAPE_13493522,12.4520224,-1.3348991,477
SHAPE_13493522,12.4517621,-1.334853,478
SHAPE_13493522,12.4520224,-1.3348991,479
SHAPE_13493522,12.4529801,-1.3352855,480
SHAPE_13493522,12.4532527,-1.3354024,481
SHAPE_13493522,12.453744,-1.3355912,482
SHAPE_13493522,12.4543922,-1.3357938,483
SHAPE_13493522,12.4548674,-1.3359456,484
SHAPE_13493522,12.4553269,-1.3360703,485
SHAPE_13493522,12.4557438,-1.3361512,486
SHAPE_13493522,12.4562861,-1.3362402,487
SHAPE_13493522,12.4563275,-1.3362499,488
SHAPE_13493522,12.4565227,-1.3363036,489
SHAPE_13493522,12.4567256,-1.3363572,490
SHAPE_13493522,12.4568932,-1.3364082,491
SHAPE_13493522,12.4571053,-1.3364886,492
SHAPE_13493522,12.4572871,-1.3365555,493
SHAPE_13493522,12.4574394,-1.33662,494
SHAPE_13493522,12.4576973,-1.3367167,495
SHAPE_13493522,12.4588809,-1.3371037,496
SHAPE_13493522,12.4589731,-1.3371316,497
SHAPE_13493522,12.4592926,-1.3372513,498
SHAPE_13493522,12.4597115,-1.3374055,499
SHAPE_13493522,12.4605282,-1.3376796,500
SHAPE_13493522,12.4606275,-1.3377088,501
SHAPE_13493522,12.4607535,-1.3377367,502
SHAPE_13493522,12.4612644,-1.3378483,503
SHAPE_13493522,12.4614831,-1.3378835,504
SHAPE_13493522,12.4616533,-1.3379197,505
SHAPE_13493522,12.4618877,-1.3379679,506
SHAPE_13493522,12.4620954,-1.3380027,507
SHAPE_13493522,12.4631212,-1.3381892,508
SHAPE_13493522,12.4660204,-1.3387739,509
SHAPE_13493522,12.466814,-1.3389535,510
SHAPE_13493522,12.467824,-1.3391701,511
SHAPE_13493522,12.4678352,-1.3391377,512
SHAPE_13493522,12.4678561,-1.3391108,513
SHAPE_13493522,12.4678845,-1.3390924,514
SHAPE_13493522,12.4679172,-1.3390846,515
SHAPE_13493522,12.4679505,-1.3390882,516
SHAPE_13493522,12.4679809,-1.3391029,517
SHAPE_13493522,12.4680051,-1.3391271,518
SHAPE_13493522,12.4680201,-1.3391582,519
SHAPE_13493522,12.4680242,-1.3391926,520
SHAPE_13493522,12.4680169,-1.3392264,521
SHAPE_13493522,12.4680006,-1.3392542,522
SHAPE_13493522,12.4679766,-1.3392755,523
SHAPE_13493522,12.4688561,-1.3399811,524
SHAPE_13493522,12.4695938,-1.3405738,525
SHAPE_13493522,12.4697368,-1.3406913,526
SHAPE_13493522,12.4705027,-1.3413208,527
SHAPE_13493522,12.4723756,-1.342805,528
SHAPE_13493522,12.4726872,-1.3430458,529
SHAPE_13493545,12.4679766,-1.3392755,1
SHAPE_13493545,12.4688561,-1.3399811,2
SHAPE_13493545,12.4695938,-1.3405738,3
SHAPE_13493545,12.4697368,-1.3406913,4
SHAPE_13493545,12.4705027,-1.3413208,5
SHAPE_13493545,12.4723756,-1.342805,6
SHAPE_13493545,12.4726872,-1.3430458,7
SHAPE_13493545,12.4679766,-1.3392755,8
SHAPE_13493545,12.4679461,-1.3392884,9
SHAPE_13493545,12.4679132,-1.3392905,10
SHAPE_13493545,12.4678814,-1.3392817,11
SHAPE_13493545,12.4678541,-1.3392628,12
SHAPE_13493545,12.4678342,-1.3392359,13
SHAPE_13493545,12.4678238,-1.3392038,14
SHAPE_13493545,12.467824,-1.3391701,15
SHAPE_13493545,12.4520224,-1.3348991,16
SHAPE_13493545,12.4518648,-1.3346923,17
SHAPE_13493545,12.4517621,-1.334853,18
SHAPE_13493545,12.4520224,-1.3348991,19
SHAPE_13493545,12.4529801,-1.3352855,20
SHAPE_13493545,12.4532527,-1.3354024,21
SHAPE_13493545,12.453744,-1.3355912,22
SHAPE_13493545,12.4543922,-1.3357938,23
SHAPE_13493545,12.4548674,-1.3359456,24
SHAPE_13493545,12.4553269,-1.3360703,25
SHAPE_13493545,12.4557438,-1.3361512,26
SHAPE_13493545,12.4562861,-1.3362402,27
SHAPE_13493545,12.4563275,-1.3362499,28
SHAPE_13493545,12.4565227,-1.3363036,29
SHAPE_13493545,12.4567256,-1.3363572,30
SHAPE_13493545,12.4568932,-1.3364082,31
SHAPE_13493545,12.4571053,-1.3364886,32
SHAPE_13493545,12.4572871,-1.3365555,33
SHAPE_13493545,12.4574394,-1.33662,34
SHAPE_13493545,12.4576973,-1.3367167,35
SHAPE_13493545,12.4588809,-1.3371037,36
SHAPE_13493545,12.4589731,-1.3371316,37
SHAPE_13493545,12.4592926,-1.3372513,38
SHAPE_13493545,12.4597115,-1.3374055,39
SHAPE_13493545,12.4605282,-1.3376796,40
SHAPE_13493545,12.4606275,-1.3377088,41
SHAPE_13493545,12.4607535,-1.3377367,42
SHAPE_13493545,12.4612644,-1.3378483,43
SHAPE_13493545,12.4614831,-1.3378835,44
SHAPE_13493545,12.4616533,-1.3379197,45
SHAPE_13493545,12.4618877,-1.3379679,46
SHAPE_13493545,12.4620954,-1.3380027,47
SHAPE_13493545,12.4631212,-1.3381892,48
SHAPE_13493545,12.4660204,-1.3387739,49
SHAPE_13493545,12.466814,-1.3389535,50
SHAPE_13493545,12.467824,-1.3391701,51
SHAPE_13493545,12.4515248,-1.334684,52
SHAPE_13493545,12.4514929,-1.3348389,53
SHAPE_13493545,12.4514771,-1.3349274,54
SHAPE_13493545,12.451451,-1.3350253,55
SHAPE_13493545,12.4514012,-1.3351661,56
SHAPE_13493545,12.4513606,-1.3352573,57
SHAPE_13493545,12.4512192,-1.3355577,58
SHAPE_13493545,12.4507962,-1.3364589,59
SHAPE_13493545,12.4502357,-1.3376069,60
SHAPE_13493545,12.4496804,-1.338775,61
SHAPE_13493545,12.4494735,-1.3392008,62
SHAPE_13493545,12.4491514,-1.339864,63
SHAPE_13493545,12.4485765,-1.3410589,64
SHAPE_13493545,12.4480592,-1.3421318,65
SHAPE_13493545,12.4474869,-1.3433254,66
SHAPE_13493545,12.4469303,-1.3444881,67
SHAPE_13493545,12.4464536,-1.3454779,68
SHAPE_13493545,12.4460188,-1.3463992,69
SHAPE_13493545,12.4456299,-1.3471985,70
SHAPE_13493545,12.4453968,-1.3476632,71
SHAPE_13493545,12.4452344,-1.3479871,72
SHAPE_13493545,12.4447435,-1.3488679,73
SHAPE_13493545,12.4446845,-1.3489736,74
SHAPE_13493545,12.4443723,-1.3495687,75
SHAPE_13493545,12.4439961,-1.3502855,76
SHAPE_13493545,12.443267,-1.3516748,77
SHAPE_13493545,12.4429315,-1.3523074,78
SHAPE_13493545,12.4429282,-1.3524596,79
SHAPE_13493545,12.4429072,-1.3526648,80
SHAPE_13493545,12.4429361,-1.3527507,81
SHAPE_13493545,12.4429806,-1.3528284,82
SHAPE_13493545,12.4429976,-1.3528794,83
SHAPE_13493545,12.4429967,-1.3529303,84
SHAPE_13493545,12.4429282,-1.3524596,85
SHAPE_13493545,12.4430408,-1.3523859,86
SHAPE_13493545,12.4433755,-1.3517443,87
SHAPE_13493545,12.4445547,-1.3494837,88
SHAPE_13493545,12.4453994,-1.3478811,89
SHAPE_13493545,12.4454754,-1.3477148,90
SHAPE_13493545,12.446155,-1.3463442,91
SHAPE_13493545,12.4464654,-1.3456924,92
SHAPE_13493545,12.4468007,-1.3449951,93
SHAPE_13493545,12.4472302,-1.3440858,94
SHAPE_13493545,12.4474057,-1.3437304,95
SHAPE_13493545,12.4482451,-1.341995,96
SHAPE_13493545,12.4485372,-1.3413768,97
SHAPE_13493545,12.4495626,-1.3392444,98
SHAPE_13493545,12.4498664,-1.338606,99
SHAPE_13493545,12.4506168,-1.3370651,100
SHAPE_13493545,12.4511409,-1.3359774,101
SHAPE_13493545,12.4513514,-1.3355148,102
SHAPE_13493545,12.4514418,-1.3353217,103
SHAPE_13493545,12.4515387,-1.335146,104
SHAPE_13493545,12.4516579,-1.3349864,105
SHAPE_13493545,12.4517621,-1.334853,106
SHAPE_13493545,12.4518565,-1.3347428,107
SHAPE_13493545,12.4518648,-1.3346923,108
SHAPE_13493545,12.4518573,-1.3346423,109
SHAPE_13493545,12.4518361,-1.3345965,110
SHAPE_13493545,12.451803,-1.3345589,111
SHAPE_13493545,12.4517608,-1.3345326,112
SHAPE_13493545,12.4517159,-1.3345201,113
SHAPE_13493545,12.4516694,-1.3345205,114
SHAPE_13493545,12.4516247,-1.3345338,115
SHAPE_13493545,12.4515852,-1.3345589,116
SHAPE_13493545,12.4515538,-1.334594,117
SHAPE_13493545,12.4515338,-1.3346377,118
SHAPE_13493545,12.4515248,-1.334684,119
SHAPE_13493545,12.4515284,-1.3347311,120
SHAPE_13493545,12.4515461,-1.3347788,121
SHAPE_13493545,12.4515765,-1.3348192,122
SHAPE_13493545,12.4516171,-1.3348487,123
SHAPE_13493545,12.4516643,-1.3348649,124
SHAPE_13493545,12.451714,-1.3348664,125
SHAPE_13493545,12.4517621,-1.334853,126
SHAPE_13493545,12.4518037,-1.3348263,127
SHAPE_13493545,12.4518361,-1.3347885,128
SHAPE_13493545,12.4518565,-1.3347428,129
SHAPE_13493545,12.4429967,-1.3529303,130
SHAPE_13493545,12.4426259,-1.3537296,131
SHAPE_13493545,12.4424708,-1.354034,132
SHAPE_13493545,12.4421372,-1.3547284,133
SHAPE_13493545,12.4415911,-1.3558848,134
SHAPE_13493545,12.441027,-1.3570623,135
SHAPE_13493545,12.4407751,-1.357606,136
SHAPE_13493545,12.4405977,-1.3579814,137
SHAPE_13493545,12.440348,-1.3585626,138
SHAPE_13493545,12.4402451,-1.3587762,139
SHAPE_13493545,12.4400605,-1.3591524,140
SHAPE_13493545,12.4398981,-1.3595017,141
SHAPE_13493545,12.4395739,-1.3601763,142
SHAPE_13493545,12.4392918,-1.3607818,143
SHAPE_13493545,12.4389515,-1.3614579,144
SHAPE_13493545,12.4387359,-1.3619418,145
SHAPE_13493545,12.4381245,-1.3632998,146
SHAPE_13493545,12.4375718,-1.3645852,147
SHAPE_13493545,12.4367392,-1.3666525,148
SHAPE_13493545,12.4367023,-1.3668001,149
SHAPE_13493545,12.4366577,-1.366953,150
SHAPE_13493545,12.4366237,-1.3671112,151
SHAPE_13493545,12.4366184,-1.3672373,152
SHAPE_13493545,12.4366577,-1.3673633,153
SHAPE_13493545,12.4367258,-1.367476,154
SHAPE_13493545,12.4368123,-1.3675645,155
SHAPE_13493545,12.4368882,-1.3676208,156
SHAPE_13493545,12.4369812,-1.3676906,157
SHAPE_13493545,12.437158,-1.3678006,158
SHAPE_13493545,12.4382429,-1.368383,159
SHAPE_13493545,12.4389286,-1.3688225,160
SHAPE_13493545,12.4395206,-1.3692355,161
SHAPE_13493545,12.4401021,-1.3696539,162
SHAPE_13493545,12.4408564,-1.3702601,163
SHAPE_13493545,12.4415845,-1.3709199,164
SHAPE_13493545,12.4423179,-1.3716763,165
SHAPE_13493545,12.4429361,-1.3723522,166
SHAPE_13493545,12.4430919,-1.372548,167
SHAPE_13493545,12.4436013,-1.3731891,168
SHAPE_13493545,12.4442771,-1.3741252,169
SHAPE_13493545,12.4454845,-1.3757828,170
SHAPE_13493545,12.4459796,-1.3764721,171
SHAPE_13493545,12.446417,-1.3771507,172
SHAPE_13493545,12.4465409,-1.3773618,173
SHAPE_13493545,12.4468701,-1.3779634,174
SHAPE_13493545,12.4473075,-1.3788244,175
SHAPE_13493545,12.4476008,-1.3794628,176
SHAPE_13493545,12.4479439,-1.3802969,177
SHAPE_13493545,12.4482451,-1.3811982,178
SHAPE_13493545,12.4485018,-1.3821101,179
SHAPE_13493545,12.4486747,-1.3828182,180
SHAPE_13493545,12.4487766,-1.3833792,181
SHAPE_13493545,12.4490946,-1.3852872,182
SHAPE_13493545,12.4499855,-1.3906324,183
SHAPE_13493545,12.4501089,-1.3913833,184
SHAPE_13493545,12.4511729,-1.3978589,185
SHAPE_13493545,12.4514821,-1.3997754,186
SHAPE_13493545,12.4515394,-1.4001029,187
SHAPE_13493545,12.4518243,-1.4017314,188
SHAPE_13493545,12.452139,-1.4030204,189
SHAPE_13493545,12.4525861,-1.4043659,190
SHAPE_13493545,12.4530498,-1.405553,191
SHAPE_13493545,12.4535467,-1.4066159,192
SHAPE_13493545,12.4541484,-1.4076674,193
SHAPE_13493545,12.4546397,-1.4084588,194
SHAPE_13493545,12.4562847,-1.4106693,195
SHAPE_13493545,12.4565586,-1.4110294,196
SHAPE_13493545,12.4596352,-1.4150749,197
SHAPE_13493545,12.4619379,-1.418064,198
SHAPE_13493545,12.4643496,-1.4212463,199
SHAPE_13493545,12.4652178,-1.4223169,200
SHAPE_13493545,12.4655035,-1.4227831,201
SHAPE_13493545,12.4656017,-1.4229615,202
SHAPE_13493545,12.4656763,-1.4230688,203
SHAPE_13493545,12.4657012,-1.423103,204
SHAPE_13493545,12.4657569,-1.4231532,205
SHAPE_13493545,12.4658177,-1.4231355,206
SHAPE_13493545,12.4658808,-1.4231339,207
SHAPE_13493545,12.4659423,-1.4231485,208
SHAPE_13493545,12.4660041,-1.4231828,209
SHAPE_13493545,12.4660542,-1.4232333,210
SHAPE_13493545,12.4660885,-1.4232961,211
SHAPE_13493545,12.4661044,-1.4233662,212
SHAPE_13493545,12.4661011,-1.4234354,213
SHAPE_13493545,12.4660799,-1.4235011,214
SHAPE_13493545,12.4660397,-1.4235615,215
SHAPE_13493545,12.4659844,-1.4236078,216
SHAPE_13493545,12.4659187,-1.4236362,217
SHAPE_13493545,12.4658422,-1.4236441,218
SHAPE_13493545,12.465767,-1.423628,219
SHAPE_13493545,12.4656204,-1.4238797,220
SHAPE_13493545,12.4655038,-1.4240112,221
SHAPE_13493545,12.4654038,-1.4241129,222
SHAPE_13493545,12.463892,-1.4251285,223
SHAPE_13493545,12.4634388,-1.425444,224
SHAPE_13493545,12.4622022,-1.4263371,225
SHAPE_13493545,12.4609807,-1.4272558,226
SHAPE_13493545,12.4607347,-1.4274468,227
SHAPE_13493545,12.4583693,-1.4292835,228
SHAPE_13493545,12.457036,-1.430303,229
SHAPE_13493545,12.4554317,-1.4315416,230
SHAPE_13493545,12.4520788,-1.43413,231
SHAPE_13493545,12.4515439,-1.4345245,232
SHAPE_13493545,12.451503,-1.434559,233
SHAPE_13493545,12.4504779,-1.4353345,234
SHAPE_13493545,12.4494421,-1.4361419,235
SHAPE_13493545,12.4486498,-1.43674,236
SHAPE_13493545,12.4482478,-1.4370405,237
SHAPE_13493545,12.4481377,-1.4371358,238
SHAPE_13493545,12.4478929,-1.4373395,239
SHAPE_13493545,12.4474043,-1.4377592,240
SHAPE_13493545,12.4471247,-1.4380024,241
SHAPE_13493545,12.4468831,-1.4382286,242
SHAPE_13493545,12.4466212,-1.438513,243
SHAPE_13493545,12.4464287,-1.4387128,244
SHAPE_13493545,12.4462291,-1.4389406,245
SHAPE_13493545,12.4461821,-1.4389943,246
SHAPE_13493545,12.4459442,-1.4392707,247
SHAPE_13493545,12.4455513,-1.4397387,248
SHAPE_13493545,12.4454799,-1.4398159,249
SHAPE_13493545,12.4451099,-1.4402605,250
SHAPE_13493545,12.4449188,-1.4404938,251
SHAPE_13493545,12.4445495,-1.4409229,252
SHAPE_13493545,12.4443567,-1.4411457,253
SHAPE_13493545,12.4441852,-1.4413503,254
SHAPE_13493545,12.4440937,-1.4414633,255
SHAPE_13493545,12.443891,-1.4416985,256
SHAPE_13493545,12.4435756,-1.4420872,257
SHAPE_13493545,12.4433355,-1.4423687,258
SHAPE_13493545,12.4430985,-1.4426435,259
SHAPE_13493545,12.4428438,-1.4429394,260
SHAPE_13493545,12.4425584,-1.4432955,261
SHAPE_13493545,12.442221,-1.4437165,262
SHAPE_13493545,12.4415007,-1.4445975,263
SHAPE_13493545,12.4410738,-1.4450883,264
SHAPE_13493545,12.440474,-1.4457871,265
SHAPE_13493545,12.4398736,-1.4465249,266
SHAPE_13493545,12.439734,-1.4466964,267
SHAPE_13493545,12.4396576,-1.4467945,268
SHAPE_13493545,12.4396174,-1.4468437,269
SHAPE_13493545,12.4393084,-1.4472208,270
SHAPE_13493545,12.4389875,-1.4476124,271
SHAPE_13493545,12.4381333,-1.4486371,272
SHAPE_13493545,12.4379921,-1.4488142,273
SHAPE_13493545,12.4378703,-1.4489627,274
SHAPE_13493545,12.436325,-1.4508472,275
SHAPE_13493545,12.4361772,-1.4510429,276
SHAPE_13493545,12.4360583,-1.4511909,277
SHAPE_13493545,12.4355765,-1.4517533,278
SHAPE_13493545,12.4350273,-1.4524121,279
SHAPE_13493545,12.4348684,-1.4525814,280
SHAPE_13493545,12.4347835,-1.4526886,281
SHAPE_13493545,12.4346589,-1.4528358,282
SHAPE_13493545,12.4341337,-1.4534847,283
SHAPE_13493545,12.4340092,-1.4536448,284
SHAPE_13493545,12.4335538,-1.4541885,285
SHAPE_13493545,12.4334363,-1.4543288,286
SHAPE_13493545,12.4333466,-1.4544312,287
SHAPE_13493545,12.4332812,-1.4545066,288
SHAPE_13493545,12.4331205,-1.454692,289
SHAPE_13493545,12.4326411,-1.4552673,290
SHAPE_13493545,12.4324347,-1.4555073,291
SHAPE_13493545,12.4323402,-1.4556173,292
SHAPE_13493545,12.4322861,-1.455677,293
SHAPE_13493545,12.4321627,-1.4558223,294
SHAPE_13493545,12.4316357,-1.4564426,295
SHAPE_13493545,12.4315003,-1.4566205,296
SHAPE_13493545,12.431382,-1.4567623,297
SHAPE_13493545,12.4304536,-1.4578745,298
SHAPE_13493545,12.4303451,-1.4580031,299
SHAPE_13493545,12.4301974,-1.4581759,300
SHAPE_13493545,12.4300465,-1.4583526,301
SHAPE_13493545,12.4299366,-1.4584726,302
SHAPE_13493545,12.4282511,-1.4604722,303
SHAPE_13493545,12.4281099,-1.4606414,304
SHAPE_13493545,12.4276868,-1.4611248,305
SHAPE_13493545,12.427078,-1.4618175,306
SHAPE_13493545,12.4265733,-1.4624355,307
SHAPE_13493545,12.4264528,-1.4625831,308
SHAPE_13493545,12.4261444,-1.4629536,309
SHAPE_13493545,12.4260104,-1.4631117,310
SHAPE_13493545,12.4257194,-1.4634548,311
SHAPE_13493545,12.4253245,-1.4638921,312
SHAPE_13493545,12.4251463,-1.4641204,313
SHAPE_13493545,12.4249818,-1.4643075,314
SHAPE_13493545,12.4243704,-1.4650364,315
SHAPE_13493545,12.4243258,-1.465087,316
SHAPE_13493545,12.4240339,-1.4654182,317
SHAPE_13493545,12.4239886,-1.4654717,318
SHAPE_13493545,12.4237189,-1.4658007,319
SHAPE_13493545,12.4236526,-1.4658796,320
SHAPE_13493545,12.4229421,-1.4667261,321
SHAPE_13493545,12.4228134,-1.4669066,322
SHAPE_13493545,12.4225655,-1.4672203,323
SHAPE_13493545,12.4222801,-1.4675814,324
SHAPE_13493545,12.4219066,-1.4680299,325
SHAPE_13493545,12.421772,-1.4681876,326
SHAPE_13493545,12.4215254,-1.4684765,327
SHAPE_13493545,12.4214604,-1.4685485,328
SHAPE_13493545,12.4211334,-1.4689339,329
SHAPE_13493545,12.4208854,-1.4692128,330
SHAPE_13493545,12.420085,-1.4701898,331
SHAPE_13493545,12.4199543,-1.4703521,332
SHAPE_13493545,12.4196782,-1.4706724,333
SHAPE_13493545,12.4191848,-1.4712356,334
SHAPE_13493545,12.4190799,-1.471357,335
SHAPE_13493545,12.4189436,-1.4715248,336
SHAPE_13493545,12.4183917,-1.47218,337
SHAPE_13493545,12.4181229,-1.4725329,338
SHAPE_13493545,12.4174845,-1.4733169,339
SHAPE_13493545,12.4170405,-1.4738622,340
SHAPE_13493545,12.4163509,-1.4746982,341
SHAPE_13493545,12.4157366,-1.475443,342
SHAPE_13493545,12.4156661,-1.4755247,343
SHAPE_13493545,12.4154935,-1.4757189,344
SHAPE_13493545,12.4154271,-1.4757939,345
SHAPE_13493545,12.4149169,-1.4763563,346
SHAPE_13493545,12.4147166,-1.4765859,347
SHAPE_13493545,12.4145751,-1.4767465,348
SHAPE_13493545,12.414105,-1.4772786,349
SHAPE_13493545,12.4139005,-1.4775137,350
SHAPE_13493545,12.4138792,-1.4775568,351
SHAPE_13493545,12.4138612,-1.4776075,352
SHAPE_13493545,12.4138534,-1.4776856,353
SHAPE_13493545,12.4138663,-1.4777246,354
SHAPE_13493545,12.4138758,-1.4777651,355
SHAPE_13493545,12.4138741,-1.4778054,356
SHAPE_13493545,12.4138691,-1.4778454,357
SHAPE_13493545,12.4138584,-1.4778842,358
SHAPE_13493545,12.4138443,-1.477921,359
SHAPE_13493545,12.4138207,-1.4779547,360
SHAPE_13493545,12.4137946,-1.4779849,361
SHAPE_13493545,12.4137651,-1.47801,362
SHAPE_13493545,12.4137307,-1.4780317,363
SHAPE_13493545,12.4136944,-1.4780473,364
SHAPE_13493545,12.4136563,-1.4780571,365
SHAPE_13493545,12.4136171,-1.4780611,366
SHAPE_13493545,12.4135861,-1.4780599,367
SHAPE_13493545,12.4135554,-1.4780551,368
SHAPE_13493545,12.4135165,-1.4780432,369
SHAPE_13493545,12.4134798,-1.4780254,370
SHAPE_13493545,12.4134462,-1.4780019,371
SHAPE_13493545,12.4134166,-1.4779735,372
SHAPE_13493545,12.4133915,-1.4779407,373
SHAPE_13493545,12.4133717,-1.4779044,374
SHAPE_13493545,12.4133631,-1.4778828,375
SHAPE_13493545,12.4133563,-1.4778605,376
SHAPE_13493545,12.4133122,-1.4778294,377
SHAPE_13493545,12.4132807,-1.4778112,378
SHAPE_13493545,12.4132417,-1.4777899,379
SHAPE_13493545,12.4131878,-1.4777679,380
SHAPE_13493545,12.4131365,-1.4777435,381
SHAPE_13493545,12.4130733,-1.4777055,382
SHAPE_13493545,12.4130078,-1.4776535,383
SHAPE_13493545,12.4128819,-1.4775115,384
SHAPE_13493545,12.4124752,-1.4770232,385
SHAPE_13493545,12.4116157,-1.4760092,386
SHAPE_13493545,12.411326,-1.4756713,387
SHAPE_13493545,12.4111301,-1.4754728,388
SHAPE_13493545,12.4109778,-1.4753129,389
SHAPE_13493545,12.4107925,-1.4751938,390
SHAPE_13493545,12.4106589,-1.4750997,391
SHAPE_13493545,12.4104135,-1.4749422,392
SHAPE_13493545,12.410183,-1.474819,393
SHAPE_13493545,12.4100102,-1.4747397,394
SHAPE_13493545,12.4098393,-1.4746708,395
SHAPE_13493545,12.4096356,-1.4745957,396
SHAPE_13493545,12.4094593,-1.474542,397
SHAPE_13493545,12.4092883,-1.4744938,398
SHAPE_13493545,12.4083176,-1.4742446,399
SHAPE_13493545,12.4060877,-1.4736821,400
SHAPE_13493545,12.4057221,-1.473602,401
SHAPE_13493545,12.40459,-1.4733059,402
SHAPE_13493545,12.4042564,-1.4732236,403
SHAPE_13493545,12.4040043,-1.473161,404
SHAPE_13493545,12.4028342,-1.4728573,405
SHAPE_13493545,12.4019972,-1.4726537,406
SHAPE_13493545,12.4017265,-1.4725859,407
SHAPE_13493545,12.4009401,-1.4723774,408
SHAPE_13493545,12.4005525,-1.4722806,409
SHAPE_13493545,12.4001591,-1.472187,410
SHAPE_13493545,12.3994409,-1.472008,411
SHAPE_13493545,12.398227,-1.4717056,412
SHAPE_13493545,12.3966926,-1.4713367,413
SHAPE_13493545,12.3965995,-1.4713169,414
SHAPE_13493545,12.3965609,-1.471307,415
SHAPE_13493545,12.3965078,-1.4713047,416
SHAPE_13493545,12.3963683,-1.4712916,417
SHAPE_13493545,12.3960107,-1.4712299,418
SHAPE_13493545,12.3959154,-1.4712149,419
SHAPE_13493545,12.3950534,-1.4710146,420
SHAPE_13493545,12.394666,-1.4709207,421
SHAPE_13493545,12.3930328,-1.4704864,422
SHAPE_13493545,12.3929912,-1.4704797,423
SHAPE_13493545,12.3929559,-1.470471,424
SHAPE_13493545,12.3929207,-1.470457,425
SHAPE_13493545,12.3928872,-1.4704862,426
SHAPE_13493545,12.3928496,-1.4705099,427
SHAPE_13493545,12.392809,-1.4705273,428
SHAPE_13493545,12.3927606,-1.4705392,429
SHAPE_13493545,12.3927109,-1.4705423,430
SHAPE_13493545,12.3926614,-1.4705366,431
SHAPE_13493545,12.3926137,-1.4705223,432
SHAPE_13493545,12.392569,-1.4704997,433
SHAPE_13493545,12.3925289,-1.4704696,434
SHAPE_13493545,12.3924815,-1.4704327,435
SHAPE_13493545,12.3924607,-1.470404,436
SHAPE_13493545,12.3923988,-1.4703588,437
SHAPE_13493545,12.3923338,-1.4703329,438
SHAPE_13493545,12.3914604,-1.4701107,439
SHAPE_13493545,12.3899033,-1.469714,440
SHAPE_13493545,12.3896346,-1.4695948,441
SHAPE_13493545,12.389232,-1.4694624,442
SHAPE_13493545,12.388209,-1.4691849,443
SHAPE_13493545,12.3872163,-1.4689346,444
SHAPE_13493545,12.3867809,-1.4688288,445
SHAPE_13493545,12.3856122,-1.4685244,446
SHAPE_13493545,12.3845889,-1.4682518,447
SHAPE_13493545,12.3845292,-1.4682327,448
SHAPE_13493545,12.3840671,-1.4681252,449
SHAPE_13493545,12.3837968,-1.4680763,450
SHAPE_13493545,12.383548,-1.4680149,451
SHAPE_13493545,12.3832163,-1.4679706,452
SHAPE_13493545,12.3830865,-1.4679532,453
SHAPE_13493545,12.3828202,-1.4679391,454
SHAPE_13493545,12.3825125,-1.4679534,455
SHAPE_13493545,12.3822567,-1.467972,456
SHAPE_13493545,12.3820192,-1.4680331,457
SHAPE_13493545,12.3818196,-1.4680969,458
SHAPE_13493545,12.3815493,-1.4682183,459
SHAPE_13493545,12.3813165,-1.4683528,460
SHAPE_13493545,12.3808277,-1.4686767,461
SHAPE_13493545,12.3800516,-1.4691912,462
SHAPE_13493545,12.3799385,-1.4692661,463
SHAPE_13493545,12.3786925,-1.470092,464
SHAPE_13493545,12.3782833,-1.4703647,465
SHAPE_13493545,12.3778557,-1.4706496,466
SHAPE_13493545,12.3775289,-1.4708832,467
SHAPE_13493545,12.3766699,-1.4714718,468
SHAPE_13493545,12.3761715,-1.4717998,469
SHAPE_13493545,12.3758137,-1.4720389,470
SHAPE_13493545,12.375585,-1.4722715,471
SHAPE_13493545,12.3755063,-1.472353,472
SHAPE_13493545,12.3754357,-1.4724512,473
SHAPE_13493545,12.3753958,-1.4725369,474
SHAPE_13493545,12.3753506,-1.4726522,475
SHAPE_13493545,12.3753645,-1.4731805,476
SHAPE_13493545,12.3753722,-1.4734758,477
SHAPE_13493545,12.3753866,-1.4739302,478
SHAPE_13493545,12.3753962,-1.4741119,479
SHAPE_13493545,12.3754309,-1.4750527,480
SHAPE_13493545,12.3754724,-1.4760702,481
SHAPE_13493545,12.3755418,-1.4778243,482
SHAPE_13493545,12.375592,-1.4793077,483
SHAPE_13493545,12.3756143,-1.4800403,484
SHAPE_13493545,12.3756351,-1.480689,485
SHAPE_13493545,12.3756466,-1.4809556,486
SHAPE_13493545,12.3756685,-1.4814092,487
SHAPE_13493545,12.3756776,-1.4816402,488
SHAPE_13493545,12.37569,-1.4819261,489
SHAPE_13493545,12.3756971,-1.4822385,490
SHAPE_13493545,12.3757007,-1.48243,491
SHAPE_13493545,12.375717,-1.4828865,492
SHAPE_13493545,12.3757387,-1.4836343,493
SHAPE_13493545,12.3757395,-1.4836588,494
SHAPE_13493545,12.3757405,-1.4836877,495
SHAPE_13493545,12.3757994,-1.4854846,496
SHAPE_13493545,12.3758071,-1.4856228,497
SHAPE_13493545,12.3758233,-1.4859776,498
SHAPE_13493545,12.3758751,-1.4875188,499
SHAPE_13493545,12.3758942,-1.4882993,500
SHAPE_13493545,12.3758995,-1.4883884,501
SHAPE_13493545,12.3759417,-1.4893326,502
SHAPE_13493545,12.3759904,-1.4904694,503
SHAPE_13493545,12.376008,-1.4909602,504
SHAPE_13493545,12.3760298,-1.4915535,505
SHAPE_13493545,12.3760573,-1.4926562,506
SHAPE_13493545,12.3760946,-1.4937177,507
SHAPE_13493545,12.3761097,-1.4942039,508
SHAPE_13493545,12.3761322,-1.4947116,509
SHAPE_13493545,12.3761876,-1.4958262,510
SHAPE_13493545,12.3761967,-1.4961737,511
SHAPE_13493545,12.37621,-1.496575,512
SHAPE_13493545,12.3763241,-1.4965701,513
SHAPE_13493545,12.3766555,-1.4965559,514
SHAPE_13493545,12.3778233,-1.4965154,515
SHAPE_13493545,12.3779218,-1.4965128,516
SHAPE_13493740,12.3778891,-1.4965902,1
SHAPE_13493740,12.3778272,-1.4965929,2
SHAPE_13493740,12.3762101,-1.4966876,3
SHAPE_13493740,12.3761124,-1.4967121,4
SHAPE_13493740,12.3759984,-1.4967356,5
SHAPE_13493740,12.3755219,-1.4968474,6
SHAPE_13493740,12.3743706,-1.4972151,7
SHAPE_13493740,12.3737146,-1.4974256,8
SHAPE_13493740,12.3733285,-1.4975289,9
SHAPE_13493740,12.3732552,-1.4975403,10
SHAPE_13493740,12.3726221,-1.4975879,11
SHAPE_13493740,12.3721507,-1.4976003,12
SHAPE_13493740,12.3714687,-1.4976252,13
SHAPE_13493740,12.3710309,-1.4976332,14
SHAPE_13493740,12.3709749,-1.4976329,15
SHAPE_13493740,12.3705753,-1.4976402,16
SHAPE_13493740,12.3705024,-1.4976395,17
SHAPE_13493740,12.3698385,-1.4976692,18
SHAPE_13493740,12.3693934,-1.4976875,19
SHAPE_13493740,12.3692534,-1.4976932,20
SHAPE_13493740,12.3688873,-1.4977131,21
SHAPE_13493740,12.3686919,-1.4977237,22
SHAPE_13493740,12.3686035,-1.4977251,23
SHAPE_13493740,12.3678762,-1.4977479,24
SHAPE_13493740,12.3669529,-1.4977719,25
SHAPE_13493740,12.3667234,-1.4977811,26
SHAPE_13493740,12.3662791,-1.4977988,27
SHAPE_13493740,12.3660134,-1.4978094,28
SHAPE_13493740,12.3656416,-1.4978242,29
SHAPE_13493740,12.3655562,-1.4978275,30
SHAPE_13493740,12.3650469,-1.497847,31
SHAPE_13493740,12.3643939,-1.4978797,32
SHAPE_13493740,12.3637132,-1.4978988,33
SHAPE_13493740,12.3631264,-1.4979271,34
SHAPE_13493740,12.3625079,-1.4979399,35
SHAPE_13493740,12.3623489,-1.4979412,36
SHAPE_13493740,12.3621872,-1.4979425,37
SHAPE_13493740,12.3620509,-1.4979463,38
SHAPE_13493740,12.3616094,-1.4979712,39
SHAPE_13493740,12.3614783,-1.4979786,40
SHAPE_13493740,12.3612442,-1.4980513,41
SHAPE_13493740,12.3610652,-1.4981273,42
SHAPE_13493740,12.3610301,-1.4981763,43
SHAPE_13493740,12.3609819,-1.4982116,44
SHAPE_13493740,12.3609253,-1.4982297,45
SHAPE_13493740,12.3608659,-1.4982286,46
SHAPE_13493740,12.3608196,-1.4982137,47
SHAPE_13493740,12.3607786,-1.498187,48
SHAPE_13493740,12.3607457,-1.4981504,49
SHAPE_13493740,12.3607232,-1.4981063,50
SHAPE_13493740,12.3607124,-1.4980578,51
SHAPE_13493740,12.360615,-1.4979243,52
SHAPE_13493740,12.3605778,-1.4978663,53
SHAPE_13493740,12.3603714,-1.4975229,54
SHAPE_13493740,12.3601908,-1.4972098,55
SHAPE_13493740,12.3600064,-1.4968914,56
SHAPE_13493740,12.3598415,-1.4966056,57
SHAPE_13493740,12.3596679,-1.496323,58
SHAPE_13493740,12.3593563,-1.4957821,59
SHAPE_13493740,12.359154,-1.4954526,60
SHAPE_13493740,12.359011,-1.4951835,61
SHAPE_13493740,12.3589481,-1.4950485,62
SHAPE_13493740,12.358923,-1.495001,63
SHAPE_13493740,12.3588622,-1.4949021,64
SHAPE_13493740,12.3587965,-1.4947949,65
SHAPE_13493740,12.358673,-1.4945591,66
SHAPE_13493740,12.3584997,-1.4942653,67
SHAPE_13493740,12.3584698,-1.4942036,68
SHAPE_13493740,12.3582558,-1.4938485,69
SHAPE_13493740,12.3581914,-1.493727,70
SHAPE_13493740,12.3579699,-1.4933571,71
SHAPE_13493740,12.3579641,-1.4933364,72
SHAPE_13493740,12.3575245,-1.4925835,73
SHAPE_13493740,12.3573715,-1.4923214,74
SHAPE_13493740,12.357124,-1.4918997,75
SHAPE_13493740,12.3564504,-1.4907563,76
SHAPE_13493740,12.3561918,-1.4903016,77
SHAPE_13493740,12.3561479,-1.4902322,78
SHAPE_13493740,12.355892,-1.4897716,79
SHAPE_13493740,12.3554293,-1.4889628,80
SHAPE_13493740,12.3549573,-1.4881763,81
SHAPE_13493740,12.3544001,-1.4871955,82
SHAPE_13493740,12.354214,-1.4868955,83
SHAPE_13493740,12.3541599,-1.486864,84
SHAPE_13493740,12.3541049,-1.4868452,85
SHAPE_13493740,12.354021,-1.4868278,86
SHAPE_13493740,12.353911,-1.4868452,87
SHAPE_13493740,12.3537341,-1.4868853,88
SHAPE_13493740,12.3536519,-1.4869398,89
SHAPE_13493740,12.3526358,-1.4876225,90
SHAPE_13493740,12.3521975,-1.4879052,91
SHAPE_13493740,12.3520489,-1.4880013,92
SHAPE_13493740,12.3517647,-1.4881964,93
SHAPE_13493740,12.3516163,-1.4883028,94
SHAPE_13493740,12.3512679,-1.4885515,95
SHAPE_13493740,12.3506552,-1.48894,96
SHAPE_13493740,12.3500325,-1.4893633,97
SHAPE_13493740,12.3495362,-1.4896967,98
SHAPE_13493740,12.3494447,-1.4897581,99
SHAPE_13493740,12.3492312,-1.489904,100
SHAPE_13493740,12.3491189,-1.4899808,101
SHAPE_13493740,12.3490796,-1.4899237,102
SHAPE_13493740,12.3491957,-1.4898454,103
SHAPE_13493740,12.3493988,-1.4897085,104
SHAPE_13493740,12.3494967,-1.489641,105
SHAPE_13493740,12.3495007,-1.4896383,106
SHAPE_13493740,12.3496112,-1.4895611,107
SHAPE_13493740,12.3505923,-1.4888985,108
SHAPE_13493740,12.3512199,-1.4884784,109
SHAPE_13493740,12.3515626,-1.4882597,110
SHAPE_13493740,12.3516893,-1.4881503,111
SHAPE_13493740,12.3519935,-1.4879426,112
SHAPE_13493740,12.3525851,-1.4875635,113
SHAPE_13493740,12.3528653,-1.4873681,114
SHAPE_13493740,12.353605,-1.4868616,115
SHAPE_13493740,12.3540218,-1.4865687,116
SHAPE_13493740,12.3544546,-1.4863093,117
SHAPE_13493740,12.3550382,-1.4859112,118
SHAPE_13493740,12.3552684,-1.485765,119
SHAPE_13493740,12.356818,-1.4847115,120
SHAPE_13493740,12.3578059,-1.4840515,121
SHAPE_13493740,12.3588519,-1.4833411,122
SHAPE_13493740,12.358481,-1.4827749,123
SHAPE_13493740,12.3583757,-1.482608,124
SHAPE_13493740,12.3580788,-1.4821375,125
SHAPE_13493740,12.3584682,-1.481419,126
SHAPE_13493740,12.3584906,-1.4813777,127
SHAPE_13493740,12.358517,-1.4813325,128
SHAPE_13493740,12.3589931,-1.4805172,129
SHAPE_13502993,12.3494967,-1.489641,1
SHAPE_13502993,12.3495007,-1.4896383,2
SHAPE_13502993,12.3496112,-1.4895611,3
SHAPE_13502993,12.3505923,-1.4888985,4
SHAPE_13502993,12.3512199,-1.4884784,5
SHAPE_13502993,12.3512679,-1.4885515,6
SHAPE_13502993,12.3513433,-1.4886689,7
SHAPE_13502993,12.3515107,-1.4889296,8
SHAPE_13502993,12.351877,-1.4895,9
SHAPE_13502993,12.3519432,-1.4895959,10
SHAPE_13502993,12.3523429,-1.4902208,11
SHAPE_13502993,12.3527797,-1.4908819,12
SHAPE_13502993,12.3528007,-1.490916,13
SHAPE_13502993,12.3531993,-1.4915692,14
SHAPE_13502993,12.3534836,-1.4920122,15
SHAPE_13502993,12.3541743,-1.4915416,16
SHAPE_13502993,12.3548757,-1.491034,17
SHAPE_13502993,12.3561479,-1.4902322,18
SHAPE_13502993,12.3561918,-1.4903016,19
SHAPE_13502993,12.3564504,-1.4907563,20
SHAPE_13502993,12.357124,-1.4918997,21
SHAPE_13502993,12.3573715,-1.4923214,22
SHAPE_13502993,12.3575245,-1.4925835,23
SHAPE_13502993,12.3579641,-1.4933364,24
SHAPE_13502993,12.3579699,-1.4933571,25
SHAPE_13502993,12.3581914,-1.493727,26
SHAPE_13502993,12.3582558,-1.4938485,27
SHAPE_13502993,12.3584698,-1.4942036,28
SHAPE_13502993,12.3585604,-1.4942668,29
SHAPE_13502993,12.3586442,-1.4943003,30
SHAPE_13502993,12.3587675,-1.4943224,31
SHAPE_13502993,12.3589114,-1.4943177,32
SHAPE_13502993,12.3590386,-1.4943157,33
SHAPE_13502993,12.3591717,-1.4943099,34
SHAPE_13502993,12.3592596,-1.494336,35
SHAPE_13502993,12.3593378,-1.4943847,36
SHAPE_13502993,12.3594009,-1.4944526,37
SHAPE_13502993,12.3594446,-1.4945349,38
SHAPE_13502993,12.3594657,-1.4946261,39
SHAPE_13502993,12.359463,-1.4947198,40
SHAPE_13502993,12.3594364,-1.4948094,41
SHAPE_13502993,12.359388,-1.4948889,42
SHAPE_13502993,12.3593381,-1.4949394,43
SHAPE_13502993,12.3592793,-1.4949787,44
SHAPE_13502993,12.3591158,-1.4951302,45
SHAPE_13502993,12.3593286,-1.4955139,46
SHAPE_13502993,12.3594521,-1.4957461,47
SHAPE_13502993,12.3600825,-1.4968611,48
SHAPE_13502993,12.3604569,-1.4974989,49
SHAPE_13502993,12.3605718,-1.4976402,50
SHAPE_13502993,12.3606812,-1.4977569,51
SHAPE_13502993,12.3607689,-1.497826,52
SHAPE_13502993,12.3609024,-1.4978792,53
SHAPE_13502993,12.3609554,-1.4978792,54
SHAPE_13502993,12.3611941,-1.4979114,55
SHAPE_13502993,12.3614417,-1.4979129,56
SHAPE_13502993,12.3616436,-1.4979017,57
SHAPE_13502993,12.3618046,-1.4979015,58
SHAPE_13502993,12.3621967,-1.4978697,59
SHAPE_13502993,12.3625059,-1.497864,60
SHAPE_13502993,12.3631224,-1.4978452,61
SHAPE_13502993,12.3637071,-1.4978232,62
SHAPE_13502993,12.3639266,-1.497815,63
SHAPE_13502993,12.3643912,-1.4977915,64
SHAPE_13502993,12.3650474,-1.497766,65
SHAPE_13502993,12.3655538,-1.4977495,66
SHAPE_13502993,12.3659078,-1.4977346,67
SHAPE_13502993,12.3662733,-1.4977193,68
SHAPE_13502993,12.3667206,-1.4977006,69
SHAPE_13502993,12.3674273,-1.4976847,70
SHAPE_13502993,12.3678747,-1.4976718,71
SHAPE_13502993,12.3684038,-1.4976494,72
SHAPE_13502993,12.3685999,-1.4976411,73
SHAPE_13502993,12.3686887,-1.497636,74
SHAPE_13502993,12.3688989,-1.49763,75
SHAPE_13502993,12.3690775,-1.4976168,76
SHAPE_13502993,12.3693752,-1.4976101,77
SHAPE_13502993,12.3696488,-1.4975971,78
SHAPE_13502993,12.3698369,-1.4975899,79
SHAPE_13502993,12.3705331,-1.4975604,80
SHAPE_13502993,12.3706251,-1.4975551,81
SHAPE_13502993,12.3710312,-1.4975386,82
SHAPE_13502993,12.3714697,-1.4975189,83
SHAPE_13502993,12.3721515,-1.4974942,84
SHAPE_13502993,12.3726211,-1.4974833,85
SHAPE_13502993,12.3732478,-1.4974585,86
SHAPE_13502993,12.3733595,-1.4974313,87
SHAPE_13502993,12.3735262,-1.4973949,88
SHAPE_13502993,12.3737069,-1.4973434,89
SHAPE_13502993,12.3743653,-1.4971343,90
SHAPE_13502993,12.3748382,-1.4969652,91
SHAPE_13502993,12.3755233,-1.4967573,92
SHAPE_13502993,12.3759594,-1.4966226,93
SHAPE_13502993,12.3761091,-1.4965852,94
SHAPE_13502993,12.37621,-1.496575,95
SHAPE_13502993,12.3763241,-1.4965701,96
SHAPE_13502993,12.3766555,-1.4965559,97
SHAPE_13502993,12.3778233,-1.4965154,98
SHAPE_13502993,12.3779218,-1.4965128,99
SHAPE_13502993,12.3779303,-1.4965126,100
SHAPE_13502993,12.3779356,-1.4965124,101
SHAPE_13502993,12.3780458,-1.4965096,102
SHAPE_13502993,12.3780732,-1.4965084,103
SHAPE_13502993,12.3781067,-1.4965072,104
SHAPE_13502993,12.3784766,-1.496494,105
SHAPE_13502993,12.3789243,-1.4964781,106
SHAPE_13502993,12.3795159,-1.4964509,107
SHAPE_13502993,12.3800176,-1.4964484,108
SHAPE_13502993,12.3805022,-1.4964384,109
SHAPE_13502993,12.3806257,-1.4964291,110
SHAPE_13502993,12.3809919,-1.496409,111
SHAPE_13502993,12.3811452,-1.4963985,112
SHAPE_13502993,12.3820074,-1.496365,113
SHAPE_13502993,12.3823911,-1.4963597,114
SHAPE_13502993,12.3827988,-1.4963416,115
SHAPE_13502993,12.383177,-1.4963273,116
SHAPE_13502993,12.3835564,-1.4963233,117
SHAPE_13502993,12.3838327,-1.4963224,118
SHAPE_13502993,12.3843297,-1.4963179,119
SHAPE_13502993,12.3845751,-1.4963184,120
SHAPE_13502993,12.3856352,-1.4965741,121
SHAPE_13502993,12.3859273,-1.4966398,122
SHAPE_13502993,12.3861199,-1.4966811,123
SHAPE_13502993,12.386309,-1.4967009,124
SHAPE_13502993,12.3863378,-1.4966063,125
SHAPE_13502993,12.3865001,-1.4960221,126
SHAPE_13502993,12.3865945,-1.4956206,127
SHAPE_13502993,12.3867984,-1.4947806,128
SHAPE_13502993,12.3868615,-1.4945075,129
SHAPE_13502993,12.3870749,-1.4935383,130
SHAPE_13502993,12.3874826,-1.4917797,131
SHAPE_13502993,12.3877024,-1.4907961,132
SHAPE_13502993,12.3876776,-1.4907682,133
SHAPE_13502993,12.3876625,-1.4907337,134
SHAPE_13502993,12.3876585,-1.4906962,135
SHAPE_13502993,12.387666,-1.4906592,136
SHAPE_13502993,12.3876843,-1.4906264,137
SHAPE_13502993,12.3877117,-1.490601,138
SHAPE_13502993,12.3877467,-1.4905907,139
SHAPE_13502993,12.3880302,-1.4894702,140
SHAPE_13502993,12.3882856,-1.4882807,141
SHAPE_13502993,12.3884074,-1.4877778,142
SHAPE_13502993,12.388579,-1.4870805,143
SHAPE_13502993,12.3887925,-1.4862222,144
SHAPE_13502993,12.3889195,-1.4857032,145
SHAPE_13502993,12.3893579,-1.4839509,146
SHAPE_13502993,12.3896111,-1.4828024,147
SHAPE_13502993,12.3898234,-1.4818622,148
SHAPE_13502993,12.3899834,-1.481203,149
SHAPE_13502993,12.3900024,-1.4810937,150
SHAPE_13502993,12.3900014,-1.4809764,151
SHAPE_13502993,12.3899846,-1.4809483,152
SHAPE_13502993,12.3899743,-1.480917,153
SHAPE_13502993,12.389971,-1.4808842,154
SHAPE_13502993,12.389975,-1.4808514,155
SHAPE_13502993,12.389986,-1.4808204,156
SHAPE_13502993,12.3900035,-1.4807926,157
SHAPE_13502993,12.3900265,-1.4807696,158
SHAPE_13502993,12.390054,-1.4807523,159
SHAPE_13502993,12.3901196,-1.4806183,160
SHAPE_13502993,12.3901586,-1.4804609,161
SHAPE_13502993,12.3904763,-1.4791814,162
SHAPE_13502993,12.3907193,-1.4782024,163
SHAPE_13502993,12.3908293,-1.4776847,164
SHAPE_13502993,12.3908513,-1.4775883,165
SHAPE_13502993,12.3908244,-1.4775623,166
SHAPE_13502993,12.3908048,-1.47753,167
SHAPE_13502993,12.390794,-1.4774938,168
SHAPE_13502993,12.3907926,-1.4774558,169
SHAPE_13502993,12.3907965,-1.4774281,170
SHAPE_13502993,12.3908022,-1.4774114,171
SHAPE_13502993,12.3908176,-1.4773852,172
SHAPE_13502993,12.3908425,-1.4773571,173
SHAPE_13502993,12.3908708,-1.4773374,174
SHAPE_13502993,12.3908923,-1.4773312,175
SHAPE_13502993,12.3909249,-1.4772461,176
SHAPE_13502993,12.3913102,-1.4757533,177
SHAPE_13502993,12.391544,-1.4747768,178
SHAPE_13502993,12.3916763,-1.4742684,179
SHAPE_13502993,12.3917526,-1.4739754,180
SHAPE_13502993,12.3917876,-1.4737262,181
SHAPE_13502993,12.3918604,-1.4733173,182
SHAPE_13502993,12.3919665,-1.4727592,183
SHAPE_13502993,12.3920989,-1.4721997,184
SHAPE_13502993,12.3922689,-1.4714761,185
SHAPE_13502993,12.3924682,-1.470673,186
SHAPE_13502993,12.3924812,-1.4705774,187
SHAPE_13502993,12.3924889,-1.4704936,188
SHAPE_13502993,12.3924815,-1.4704327,189
SHAPE_13502993,12.3924607,-1.470404,190
SHAPE_13502993,12.3924386,-1.4703165,191
SHAPE_13502993,12.392431,-1.4702628,192
SHAPE_13502993,12.3924332,-1.4702087,193
SHAPE_13502993,12.3924451,-1.4701559,194
SHAPE_13502993,12.3924662,-1.4701062,195
SHAPE_13502993,12.3924959,-1.4700613,196
SHAPE_13502993,12.3925331,-1.4700227,197
SHAPE_13502993,12.3925766,-1.4699918,198
SHAPE_13502993,12.3925969,-1.4699802,199
SHAPE_13502993,12.3926216,-1.4699694,200
SHAPE_13502993,12.392701,-1.4699542,201
SHAPE_13502993,12.3927601,-1.4699568,202
SHAPE_13502993,12.3928175,-1.4699717,203
SHAPE_13502993,12.3928706,-1.4699984,204
SHAPE_13502993,12.3929173,-1.4700356,205
SHAPE_13502993,12.3929556,-1.4700818,206
SHAPE_13502993,12.3929817,-1.4701303,207
SHAPE_13502993,12.3929986,-1.4701829,208
SHAPE_13502993,12.3940444,-1.470453,209
SHAPE_13502993,12.3947326,-1.4706253,210
SHAPE_13502993,12.3951236,-1.4707216,211
SHAPE_13502993,12.3959607,-1.4709733,212
SHAPE_13502993,12.396048,-1.471004,213
SHAPE_13502993,12.396538,-1.4711762,214
SHAPE_13502993,12.3965821,-1.4712008,215
SHAPE_13502993,12.3966141,-1.4712091,216
SHAPE_13502993,12.3967178,-1.4712307,217
SHAPE_13502993,12.3972269,-1.4713311,218
SHAPE_13502993,12.3982479,-1.4715879,219
SHAPE_13502993,12.3994681,-1.4718942,220
SHAPE_13502993,12.400184,-1.4720817,221
SHAPE_13502993,12.4005591,-1.4721747,222
SHAPE_13502993,12.4009675,-1.4722808,223
SHAPE_13502993,12.4017474,-1.472467,224
SHAPE_13502993,12.40283,-1.4727536,225
SHAPE_13502993,12.4040304,-1.4730606,226
SHAPE_13502993,12.404301,-1.4731257,227
SHAPE_13502993,12.4046157,-1.4732027,228
SHAPE_13502993,12.4057462,-1.473497,229
SHAPE_13502993,12.4061116,-1.4735828,230
SHAPE_13502993,12.4066482,-1.4737187,231
SHAPE_13502993,12.4067963,-1.4737585,232
SHAPE_13502993,12.4069813,-1.473803,233
SHAPE_13502993,12.4076582,-1.4739744,234
SHAPE_13502993,12.408352,-1.4741502,235
SHAPE_13502993,12.4093222,-1.4744026,236
SHAPE_13502993,12.4096019,-1.4744711,237
SHAPE_13502993,12.4098436,-1.4745421,238
SHAPE_13502993,12.410062,-1.4746171,239
SHAPE_13502993,12.4102684,-1.4747028,240
SHAPE_13502993,12.4105157,-1.4748129,241
SHAPE_13502993,12.4107407,-1.4749283,242
SHAPE_13502993,12.4109577,-1.4750491,243
SHAPE_13502993,12.411139,-1.475167,244
SHAPE_13502993,12.411329,-1.475305,245
SHAPE_13502993,12.4118298,-1.4757252,246
SHAPE_13502993,12.4124614,-1.4762601,247
SHAPE_13502993,12.4130311,-1.4767508,248
SHAPE_13502993,12.4131557,-1.4768217,249
SHAPE_13502993,12.4134997,-1.4770765,250
SHAPE_13502993,12.4136123,-1.4771274,251
SHAPE_13502993,12.413688,-1.4771492,252
SHAPE_13502993,12.4137564,-1.4771596,253
SHAPE_13502993,12.4138271,-1.4771569,254
SHAPE_13502993,12.4139057,-1.4771382,255
SHAPE_13502993,12.4139788,-1.4771116,256
SHAPE_13502993,12.4140521,-1.4770687,257
SHAPE_13502993,12.4141045,-1.4770258,258
SHAPE_13502993,12.4143534,-1.4767763,259
SHAPE_13502993,12.4143982,-1.4767305,260
SHAPE_13502993,12.4144948,-1.4766727,261
SHAPE_13502993,12.4146366,-1.476514,262
SHAPE_13502993,12.4150147,-1.476075,263
SHAPE_13502993,12.4153758,-1.4756399,264
SHAPE_13502993,12.4155538,-1.4754255,265
SHAPE_13502993,12.4156268,-1.4753428,266
SHAPE_13502993,12.4162369,-1.474602,267
SHAPE_13502993,12.4169324,-1.4737657,268
SHAPE_13502993,12.4173762,-1.4732245,269
SHAPE_13502993,12.4176784,-1.472856,270
SHAPE_13502993,12.4180222,-1.4724537,271
SHAPE_13502993,12.4181729,-1.4722792,272
SHAPE_13502993,12.4183113,-1.472103,273
SHAPE_13502993,12.4189968,-1.4712793,274
SHAPE_13502993,12.419091,-1.4711661,275
SHAPE_13502993,12.4195884,-1.4705854,276
SHAPE_13502993,12.4198531,-1.4702689,277
SHAPE_13502993,12.4199903,-1.4701,278
SHAPE_13502993,12.4208104,-1.4691505,279
SHAPE_13502993,12.4209152,-1.4690177,280
SHAPE_13502993,12.421054,-1.4688487,281
SHAPE_13502993,12.4213678,-1.4684719,282
SHAPE_13502993,12.4214409,-1.4684041,283
SHAPE_13502993,12.4216882,-1.4681205,284
SHAPE_13502993,12.4218259,-1.4679575,285
SHAPE_13502993,12.4222004,-1.4675149,286
SHAPE_13502993,12.42249,-1.4671519,287
SHAPE_13502993,12.4225942,-1.4670213,288
SHAPE_13502993,12.4228705,-1.4666633,289
SHAPE_13502993,12.4231308,-1.4663262,290
SHAPE_13502993,12.4235821,-1.4658064,291
SHAPE_13502993,12.4236417,-1.465726,292
SHAPE_13502993,12.423902,-1.4654201,293
SHAPE_13502993,12.4239618,-1.4653564,294
SHAPE_13502993,12.4242468,-1.4650186,295
SHAPE_13502993,12.4242933,-1.4649635,296
SHAPE_13502993,12.4243704,-1.4650364,297
SHAPE_13502993,12.425867,-1.466331,298
SHAPE_13502993,12.4273922,-1.4676503,299
SHAPE_13502993,12.4290296,-1.4690753,300
SHAPE_13502993,12.4290512,-1.4690942,301
SHAPE_13502993,12.4290364,-1.4691538,302
SHAPE_13502993,12.428936,-1.4693356,303
SHAPE_13502993,12.4288747,-1.4694928,304
SHAPE_13502993,12.4288522,-1.4696628,305
SHAPE_13502993,12.4288443,-1.4698425,306
SHAPE_13502993,12.4288889,-1.4700785,307
SHAPE_13502993,12.4289864,-1.4702926,308
SHAPE_13503067,12.3778891,-1.4965902,1
SHAPE_13503067,12.3778272,-1.4965929,2
SHAPE_13503067,12.3762101,-1.4966876,3
SHAPE_13503067,12.3761124,-1.4967121,4
SHAPE_13503067,12.3759984,-1.4967356,5
SHAPE_13503067,12.3755219,-1.4968474,6
SHAPE_13503067,12.3743706,-1.4972151,7
SHAPE_13503067,12.3737146,-1.4974256,8
SHAPE_13503067,12.3733285,-1.4975289,9
SHAPE_13503067,12.3732552,-1.4975403,10
SHAPE_13503067,12.3726221,-1.4975879,11
SHAPE_13503067,12.3721507,-1.4976003,12
SHAPE_13503067,12.3714687,-1.4976252,13
SHAPE_13503067,12.3710309,-1.4976332,14
SHAPE_13503067,12.3709749,-1.4976329,15
SHAPE_13503067,12.3705753,-1.4976402,16
SHAPE_13503067,12.3705024,-1.4976395,17
SHAPE_13503067,12.3698385,-1.4976692,18
SHAPE_13503067,12.3693934,-1.4976875,19
SHAPE_13503067,12.3692534,-1.4976932,20
SHAPE_13503067,12.3688873,-1.4977131,21
SHAPE_13503067,12.3686919,-1.4977237,22
SHAPE_13503067,12.3686035,-1.4977251,23
SHAPE_13503067,12.3678762,-1.4977479,24
SHAPE_13503067,12.3669529,-1.4977719,25
SHAPE_13503067,12.3667234,-1.4977811,26
SHAPE_13503067,12.3662791,-1.4977988,27
SHAPE_13503067,12.3660134,-1.4978094,28
SHAPE_13503067,12.3656416,-1.4978242,29
SHAPE_13503067,12.3655562,-1.4978275,30
SHAPE_13503067,12.3650469,-1.497847,31
SHAPE_13503067,12.3643939,-1.4978797,32
SHAPE_13503067,12.3637132,-1.4978988,33
SHAPE_13503067,12.3631264,-1.4979271,34
SHAPE_13503067,12.3625079,-1.4979399,35
SHAPE_13503067,12.3623489,-1.4979412,36
SHAPE_13503067,12.3621872,-1.4979425,37
SHAPE_13503067,12.3620509,-1.4979463,38
SHAPE_13503067,12.3616094,-1.4979712,39
SHAPE_13503067,12.3614783,-1.4979786,40
SHAPE_13503067,12.3612442,-1.4980513,41
SHAPE_13503067,12.3610652,-1.4981273,42
SHAPE_13503067,12.3610301,-1.4981763,43
SHAPE_13503067,12.3609819,-1.4982116,44
SHAPE_13503067,12.3609253,-1.4982297,45
SHAPE_13503067,12.3608659,-1.4982286,46
SHAPE_13503067,12.3608196,-1.4982137,47
SHAPE_13503067,12.3607786,-1.498187,48
SHAPE_13503067,12.3607457,-1.4981504,49
SHAPE_13503067,12.3607232,-1.4981063,50
SHAPE_13503067,12.3607124,-1.4980578,51
SHAPE_13503067,12.360615,-1.4979243,52
SHAPE_13503067,12.3605778,-1.4978663,53
SHAPE_13503067,12.3603714,-1.4975229,54
SHAPE_13503067,12.3601908,-1.4972098,55
SHAPE_13503067,12.3600064,-1.4968914,56
SHAPE_13503067,12.3598415,-1.4966056,57
SHAPE_13503067,12.3596679,-1.496323,58
SHAPE_13503067,12.3593563,-1.4957821,59
SHAPE_13503067,12.359154,-1.4954526,60
SHAPE_13503067,12.359011,-1.4951835,61
SHAPE_13503067,12.3589481,-1.4950485,62
SHAPE_13503067,12.358923,-1.495001,63
SHAPE_13503067,12.3588622,-1.4949021,64
SHAPE_13503067,12.3587965,-1.4947949,65
SHAPE_13503067,12.358673,-1.4945591,66
SHAPE_13503067,12.3584997,-1.4942653,67
SHAPE_13503067,12.3584698,-1.4942036,68
SHAPE_13503067,12.3582558,-1.4938485,69
SHAPE_13503067,12.3581914,-1.493727,70
SHAPE_13503067,12.3579699,-1.4933571,71
SHAPE_13503067,12.3579641,-1.4933364,72
SHAPE_13503067,12.3575245,-1.4925835,73
SHAPE_13503067,12.3573715,-1.4923214,74
SHAPE_13503067,12.357124,-1.4918997,75
SHAPE_13503067,12.3564504,-1.4907563,76
SHAPE_13503067,12.3561918,-1.4903016,77
SHAPE_13503067,12.3557423,-1.490587,78
SHAPE_13503067,12.3549396,-1.4911234,79
SHAPE_13503067,12.3544032,-1.4914962,80
SHAPE_13503067,12.3539503,-1.4917991,81
SHAPE_13503067,12.3535336,-1.492084,82
SHAPE_13503067,12.3534836,-1.4920122,83
SHAPE_13503067,12.3531993,-1.4915692,84
SHAPE_13503067,12.3528007,-1.490916,85
SHAPE_13503067,12.3527797,-1.4908819,86
SHAPE_13503067,12.3523429,-1.4902208,87
SHAPE_13503067,12.3519432,-1.4895959,88
SHAPE_13503067,12.351877,-1.4895,89
SHAPE_13503067,12.3515107,-1.4889296,90
SHAPE_13503067,12.3513433,-1.4886689,91
SHAPE_13503067,12.3512679,-1.4885515,92
SHAPE_13503067,12.3506552,-1.48894,93
SHAPE_13503067,12.3500325,-1.4893633,94
SHAPE_13503067,12.3495362,-1.4896967,95
SHAPE_13503067,12.3494447,-1.4897581,96
SHAPE_13503067,12.3492312,-1.489904,97
SHAPE_13503067,12.3491189,-1.4899808,98
SHAPE_13503067,12.3484441,-1.4904547,99
SHAPE_13503067,12.3483579,-1.4905177,100
SHAPE_13503067,12.3479732,-1.4907599,101
SHAPE_13503067,12.3475516,-1.4910388,102
SHAPE_13503067,12.3471126,-1.4913314,103
SHAPE_13503067,12.3468459,-1.4915158,104
SHAPE_13503067,12.3468105,-1.4915378,105
SHAPE_13503067,12.3458303,-1.4922122,106
SHAPE_13503067,12.3446711,-1.492988,107
SHAPE_13503067,12.3445939,-1.4930419,108
SHAPE_13503067,12.343904,-1.4935056,109
SHAPE_13503067,12.3432187,-1.4939582,110
SHAPE_13503067,12.3431868,-1.4939798,111
SHAPE_13503067,12.3418489,-1.4948858,112
SHAPE_13503067,12.3413019,-1.4952572,113
SHAPE_13503067,12.3399959,-1.4961312,114
SHAPE_13503067,12.3399143,-1.4961868,115
SHAPE_13503067,12.3396254,-1.4963801,116
SHAPE_13503067,12.3392427,-1.4966607,117
SHAPE_13503067,12.3391757,-1.4967074,118
SHAPE_13503067,12.3382786,-1.4972894,119
SHAPE_13503067,12.3373349,-1.4979423,120
SHAPE_13503067,12.3368636,-1.4982483,121
SHAPE_13503067,12.3364145,-1.4985491,122
SHAPE_13503067,12.3360487,-1.4988265,123
SHAPE_13503067,12.3359148,-1.4989134,124
SHAPE_13503067,12.33571,-1.4990705,125
SHAPE_13503067,12.3355972,-1.499155,126
SHAPE_13503067,12.3354296,-1.4992824,127
SHAPE_13503067,12.3353168,-1.4993804,128
SHAPE_13503067,12.3351937,-1.4994956,129
SHAPE_13503067,12.3349501,-1.4997826,130
SHAPE_13503067,12.3348221,-1.4999281,131
SHAPE_13503067,12.3346985,-1.5000763,132
SHAPE_13503067,12.3344758,-1.500358,133
SHAPE_13503067,12.3342033,-1.5007656,134
SHAPE_13503067,12.3340067,-1.5010929,135
SHAPE_13503067,12.3338286,-1.5014442,136
SHAPE_13503067,12.3337133,-1.5016856,137
SHAPE_13503067,12.3335899,-1.5019207,138
SHAPE_13503067,12.3334434,-1.5023509,139
SHAPE_13503067,12.3332042,-1.5032897,140
SHAPE_13503067,12.3331472,-1.5036732,141
SHAPE_13503067,12.3330975,-1.5040327,142
SHAPE_13503067,12.3330687,-1.5049312,143
SHAPE_13503067,12.3330635,-1.505583,144
SHAPE_13503067,12.3330392,-1.5059655,145
SHAPE_13503067,12.3330131,-1.5063284,146
SHAPE_13503067,12.3330058,-1.5065215,147
SHAPE_13503067,12.3329955,-1.5070276,148
SHAPE_13503067,12.3329927,-1.5071733,149
SHAPE_13503067,12.3329841,-1.5072465,150
SHAPE_13503067,12.3329907,-1.5074735,151
SHAPE_13503067,12.3330096,-1.5084972,152
SHAPE_13503067,12.3330202,-1.5088096,153
SHAPE_13503067,12.3330257,-1.5100005,154
SHAPE_13503067,12.3330277,-1.5103606,155
SHAPE_13503067,12.3330192,-1.5135431,156
SHAPE_13503067,12.3330203,-1.5139037,157
SHAPE_13503067,12.3330214,-1.513928,158
SHAPE_13503067,12.3330183,-1.514123,159
SHAPE_13503067,12.3330313,-1.5141581,160
SHAPE_13503067,12.3330345,-1.5141955,161
SHAPE_13503067,12.3330287,-1.5142293,162
SHAPE_13503067,12.3330148,-1.5142605,163
SHAPE_13503067,12.3330094,-1.5144919,164
SHAPE_13503067,12.3330024,-1.514791,165
SHAPE_13503067,12.3329952,-1.5154669,166
SHAPE_13503067,12.3329926,-1.5155541,167
SHAPE_13503067,12.3329892,-1.5156931,168
SHAPE_13503067,12.3329877,-1.5157591,169
SHAPE_13503067,12.3329836,-1.5160099,170
SHAPE_13503067,12.3329815,-1.5165149,171
SHAPE_13503067,12.3329762,-1.516855,172
SHAPE_13503067,12.3329749,-1.5169417,173
SHAPE_13503067,12.3329075,-1.516945,174
SHAPE_13503067,12.3326918,-1.5169694,175
SHAPE_13503067,12.3321071,-1.517051,176
SHAPE_13503067,12.3319266,-1.5170794,177
SHAPE_13503067,12.3315978,-1.5171403,178
SHAPE_13503067,12.3314789,-1.5171532,179
SHAPE_13503067,12.3309645,-1.5172425,180
SHAPE_13503067,12.3309306,-1.5172484,181
SHAPE_13736027,12.5921364,-1.2818003,1
SHAPE_13736027,12.5924344,-1.2812127,2
SHAPE_13736027,12.5923777,-1.2811215,3
SHAPE_13736027,12.5912204,-1.2807807,4
SHAPE_13736027,12.591054,-1.2806695,5
SHAPE_13736027,12.5909713,-1.2805819,6
SHAPE_13736027,12.590837,-1.2801507,7
SHAPE_13736027,12.5907752,-1.27993,8
SHAPE_13736027,12.5906702,-1.2795655,9
SHAPE_13736027,12.5921364,-1.2818003,10
SHAPE_13736027,12.5914775,-1.2830682,11
SHAPE_13736027,12.5912803,-1.283448,12
SHAPE_13736027,12.5910098,-1.2839121,13
SHAPE_13736027,12.5909169,-1.2840714,14
SHAPE_13736027,12.5902534,-1.2852091,15
SHAPE_13736027,12.5891272,-1.286919,16
SHAPE_13736027,12.5906087,-1.287951,17
SHAPE_13736027,12.5910901,-1.2882888,18
SHAPE_13736027,12.5917778,-1.2887692,19
SHAPE_13736027,12.5919875,-1.2889188,20
SHAPE_13736027,12.5921779,-1.2890529,21
SHAPE_13736027,12.592468,-1.2892561,22
SHAPE_13736027,12.593648,-1.2900844,23
SHAPE_13736027,12.5944725,-1.2906254,24
SHAPE_13736027,12.5938849,-1.2918955,25
SHAPE_13736027,12.5937425,-1.2922171,26
SHAPE_13736027,12.5935961,-1.292574,27
SHAPE_13736027,12.5933151,-1.2931825,28
SHAPE_13736027,12.5931921,-1.2934201,29
SHAPE_13736027,12.5930828,-1.2936375,30
SHAPE_13736027,12.5929854,-1.2938342,31
SHAPE_13736027,12.5927206,-1.2943245,32
SHAPE_13736027,12.5920716,-1.2954266,33
SHAPE_13736027,12.591414,-1.2964702,34
SHAPE_13736027,12.5909285,-1.2972627,35
SHAPE_13736027,12.5908342,-1.2974164,36
SHAPE_13736027,12.5905678,-1.2978513,37
SHAPE_13736027,12.590261,-1.2983603,38
SHAPE_13736027,12.5899313,-1.2988585,39
SHAPE_13736027,12.5897885,-1.2991042,40
SHAPE_13736027,12.5887598,-1.30078,41
SHAPE_13736027,12.5884592,-1.3012809,42
SHAPE_13736027,12.5883555,-1.3014469,43
SHAPE_13736027,12.5882382,-1.3016329,44
SHAPE_13736027,12.5880872,-1.3018744,45
SHAPE_13736027,12.5877411,-1.3024279,46
SHAPE_13736027,12.5874213,-1.3029451,47
SHAPE_13736027,12.58718,-1.3033369,48
SHAPE_13736027,12.5869358,-1.3036706,49
SHAPE_13736027,12.5866764,-1.3039918,50
SHAPE_13736027,12.586439,-1.3042512,51
SHAPE_13736027,12.5860686,-1.3046023,52
SHAPE_13736027,12.5858422,-1.3047856,53
SHAPE_13736027,12.5855426,-1.3050072,54
SHAPE_13736027,12.5853293,-1.3051415,55
SHAPE_13736027,12.5850535,-1.3053152,56
SHAPE_13736027,12.5843663,-1.3056933,57
SHAPE_13736027,12.5836306,-1.3061019,58
SHAPE_13736027,12.5830093,-1.3064264,59
SHAPE_13736027,12.5828708,-1.3065113,60
SHAPE_13736027,12.5825641,-1.3066783,61
SHAPE_13736027,12.582142,-1.3069047,62
SHAPE_13736027,12.5818492,-1.3070617,63
SHAPE_13736027,12.5813953,-1.3073101,64
SHAPE_13736027,12.580575,-1.3077776,65
SHAPE_13736027,12.5800377,-1.3080636,66
SHAPE_13736027,12.5793207,-1.3084544,67
SHAPE_13736027,12.5792581,-1.3084891,68
SHAPE_13736027,12.5777541,-1.309307,69
SHAPE_13736027,12.575921,-1.310312,70
SHAPE_13736027,12.5754844,-1.3105552,71
SHAPE_13736027,12.575326,-1.3106379,72
SHAPE_13736027,12.5749614,-1.3108282,73
SHAPE_13736027,12.5746156,-1.3110267,74
SHAPE_13736027,12.5742507,-1.3112362,75
SHAPE_13736027,12.5739088,-1.3114405,76
SHAPE_13736027,12.5734517,-1.3117471,77
SHAPE_13736027,12.5730896,-1.3120079,78
SHAPE_13736027,12.5729261,-1.3121299,79
SHAPE_13736027,12.5727896,-1.3122401,80
SHAPE_13736027,12.5709503,-1.3139253,81
SHAPE_13736027,12.5692751,-1.3154438,82
SHAPE_13736027,12.569099,-1.3156033,83
SHAPE_13736027,12.567064,-1.3174479,84
SHAPE_13736027,12.5651216,-1.3192456,85
SHAPE_13736027,12.5648947,-1.3194512,86
SHAPE_13736027,12.564624,-1.3197067,87
SHAPE_13736027,12.5643542,-1.319941,88
SHAPE_13736027,12.5641059,-1.3201636,89
SHAPE_13736027,12.563906,-1.3203398,90
SHAPE_13736027,12.5636654,-1.3205513,91
SHAPE_13736027,12.5633667,-1.3208108,92
SHAPE_13736027,12.5625422,-1.3215062,93
SHAPE_13736027,12.5602781,-1.3233169,94
SHAPE_13736027,12.5600223,-1.3235215,95
SHAPE_13736027,12.5586427,-1.3246249,96
SHAPE_13736027,12.5575867,-1.3254616,97
SHAPE_13736027,12.5541577,-1.3281957,98
SHAPE_13736027,12.5538102,-1.3284787,99
SHAPE_13736027,12.5537162,-1.3285532,100
SHAPE_13736027,12.5535098,-1.3287167,101
SHAPE_13736027,12.5532257,-1.3289581,102
SHAPE_13736027,12.5531352,-1.3290362,103
SHAPE_13736027,12.5528814,-1.3292552,104
SHAPE_13736027,12.552402,-1.3296985,105
SHAPE_13736027,12.5514182,-1.3306081,106
SHAPE_13736027,12.5511372,-1.3308679,107
SHAPE_13736027,12.5510803,-1.3309205,108
SHAPE_13736027,12.5509479,-1.3310429,109
SHAPE_13736027,12.5507869,-1.3312005,110
SHAPE_13736027,12.5506554,-1.3313372,111
SHAPE_13736027,12.5505081,-1.3314868,112
SHAPE_13736027,12.5504232,-1.3315877,113
SHAPE_13736027,12.5503733,-1.331647,114
SHAPE_13736027,12.5502626,-1.3317744,115
SHAPE_13736027,12.5501082,-1.3319696,116
SHAPE_13736027,12.549991,-1.3321225,117
SHAPE_13736027,12.5499589,-1.3321676,118
SHAPE_13736027,12.5498837,-1.3322733,119
SHAPE_13736027,12.549794,-1.3323981,120
SHAPE_13736027,12.5496768,-1.3325644,121
SHAPE_13736027,12.5495983,-1.3326824,122
SHAPE_13736027,12.5495379,-1.3327735,123
SHAPE_13736027,12.5494642,-1.3328941,124
SHAPE_13736027,12.5493807,-1.3330376,125
SHAPE_13736027,12.549174,-1.3334131,126
SHAPE_13736027,12.5490097,-1.3337463,127
SHAPE_13736027,12.5489878,-1.333791,128
SHAPE_13736027,12.5485544,-1.3346751,129
SHAPE_13736027,12.5481247,-1.3355515,130
SHAPE_13736027,12.5480843,-1.3356339,131
SHAPE_13736027,12.5477915,-1.3362424,132
SHAPE_13736027,12.5473546,-1.3371503,133
SHAPE_13736027,12.5448852,-1.3422815,134
SHAPE_13736027,12.5448362,-1.3423823,135
SHAPE_13736027,12.5445645,-1.3429402,136
SHAPE_13736027,12.5422037,-1.347787,137
SHAPE_13736027,12.5416797,-1.3488469,138
SHAPE_13736027,12.5415752,-1.3490584,139
SHAPE_13736027,12.5415202,-1.3491585,140
SHAPE_13736027,12.5413899,-1.3493955,141
SHAPE_13736027,12.5411383,-1.3498533,142
SHAPE_13736027,12.5407738,-1.3503595,143
SHAPE_13736027,12.5403675,-1.3508613,144
SHAPE_13736027,12.5401742,-1.351077,145
SHAPE_13736027,12.5372424,-1.3540419,146
SHAPE_13736027,12.5351904,-1.3561472,147
SHAPE_13736027,12.534598,-1.356755,148
SHAPE_13736027,12.5344681,-1.356888,149
SHAPE_13736027,12.5339185,-1.3574505,150
SHAPE_13736027,12.5331423,-1.3582449,151
SHAPE_13736027,12.5318934,-1.3595232,152
SHAPE_13736027,12.5301981,-1.3612392,153
SHAPE_13736027,12.5299244,-1.3615349,154
SHAPE_13736027,12.5288214,-1.3626423,155
SHAPE_13736027,12.5264423,-1.3651132,156
SHAPE_13736027,12.5261058,-1.3654627,157
SHAPE_13736027,12.526099,-1.3654697,158
SHAPE_13736027,12.5256225,-1.3659659,159
SHAPE_13736027,12.5246665,-1.3669499,160
SHAPE_13736027,12.5241265,-1.3674846,161
SHAPE_13736027,12.5236416,-1.3679808,162
SHAPE_13736027,12.5234637,-1.3681555,163
SHAPE_13736027,12.5233293,-1.3683625,164
SHAPE_13736027,12.5232393,-1.3685168,165
SHAPE_13736027,12.5232537,-1.3685788,166
SHAPE_13736027,12.5232512,-1.3686425,167
SHAPE_13736027,12.5232319,-1.3687032,168
SHAPE_13736027,12.5231973,-1.3687562,169
SHAPE_13736027,12.5231683,-1.3687842,170
SHAPE_13736027,12.523135,-1.3688066,171
SHAPE_13736027,12.5230984,-1.3688227,172
SHAPE_13736027,12.5230577,-1.3688323,173
SHAPE_13736027,12.5230159,-1.3688341,174
SHAPE_13736027,12.5229745,-1.368828,175
SHAPE_13736027,12.5229349,-1.3688143,176
SHAPE_13736027,12.5228239,-1.3688828,177
SHAPE_13736027,12.5226811,-1.3689865,178
SHAPE_13736027,12.522559,-1.3691255,179
SHAPE_13736027,12.5215909,-1.3700745,180
SHAPE_13736027,12.5213973,-1.3702643,181
SHAPE_13736027,12.521221,-1.3704371,182
SHAPE_13736027,12.5208872,-1.3707849,183
SHAPE_13736027,12.5204695,-1.3712203,184
SHAPE_13736027,12.5198751,-1.3718533,185
SHAPE_13736027,12.5194308,-1.3723739,186
SHAPE_13736027,12.5192042,-1.3726394,187
SHAPE_13736027,12.5186937,-1.3732575,188
SHAPE_13736027,12.5183283,-1.3737196,189
SHAPE_13736027,12.5181836,-1.3739025,190
SHAPE_13736027,12.5172466,-1.3750608,191
SHAPE_13736027,12.5169059,-1.3754683,192
SHAPE_13736027,12.5164998,-1.3759765,193
SHAPE_13736027,12.5162393,-1.3762934,194
SHAPE_13736027,12.5162047,-1.3763355,195
SHAPE_13736027,12.5161674,-1.3763809,196
SHAPE_13736027,12.515698,-1.3769878,197
SHAPE_13736027,12.5153243,-1.3774206,198
SHAPE_13736027,12.5149902,-1.3778186,199
SHAPE_13736027,12.5146932,-1.3781672,200
SHAPE_13736027,12.5144572,-1.3784649,201
SHAPE_13736027,12.5143763,-1.3785669,202
SHAPE_13736027,12.5136144,-1.3795057,203
SHAPE_13736027,12.5128144,-1.3805142,204
SHAPE_13736027,12.509924,-1.3840667,205
SHAPE_13736027,12.5094274,-1.384677,206
SHAPE_13736027,12.5093948,-1.3847176,207
SHAPE_13736027,12.5091411,-1.3850334,208
SHAPE_13736027,12.508253,-1.3861441,209
SHAPE_13736027,12.5055023,-1.3895149,210
SHAPE_13736027,12.5053646,-1.3896816,211
SHAPE_13736027,12.5050533,-1.3900586,212
SHAPE_13736027,12.5050258,-1.3900918,213
SHAPE_13736027,12.5047319,-1.3904764,214
SHAPE_13736027,12.5043099,-1.3910285,215
SHAPE_13736027,12.5034387,-1.3920477,216
SHAPE_13736027,12.502584,-1.3928435,217
SHAPE_13736027,12.5022019,-1.3931152,218
SHAPE_13736027,12.5017052,-1.3934585,219
SHAPE_13736027,12.5012331,-1.3937154,220
SHAPE_13736027,12.5009746,-1.3938582,221
SHAPE_13736027,12.5006585,-1.3940251,222
SHAPE_13736027,12.5005582,-1.3940781,223
SHAPE_13736027,12.5001681,-1.3942927,224
SHAPE_13736027,12.4998172,-1.3944858,225
SHAPE_13736027,12.4993877,-1.3947326,226
SHAPE_13736027,12.4987985,-1.3950464,227
SHAPE_13736027,12.4984083,-1.3952609,228
SHAPE_13736027,12.4982933,-1.3953239,229
SHAPE_13736027,12.4978401,-1.3955721,230
SHAPE_13736027,12.4973339,-1.3958807,231
SHAPE_13736027,12.4970746,-1.3960388,232
SHAPE_13736027,12.4967503,-1.396263,233
SHAPE_13736027,12.4964011,-1.3965045,234
SHAPE_13736027,12.4960175,-1.39683,235
SHAPE_13736027,12.4958132,-1.3970151,236
SHAPE_13736027,12.4956718,-1.39716,237
SHAPE_13736027,12.4955199,-1.3973102,238
SHAPE_13736027,12.4953942,-1.397447,239
SHAPE_13736027,12.4950172,-1.3978761,240
SHAPE_13736027,12.4943886,-1.39867,241
SHAPE_13736027,12.494259,-1.3988183,242
SHAPE_13736027,12.4940881,-1.3990236,243
SHAPE_13736027,12.4939671,-1.3991689,244
SHAPE_13736027,12.4934931,-1.399751,245
SHAPE_13736027,12.4927834,-1.4006307,246
SHAPE_13736027,12.4920999,-1.4014676,247
SHAPE_13736027,12.4906261,-1.4033103,248
SHAPE_13736027,12.4902236,-1.4037864,249
SHAPE_13736027,12.489864,-1.404208,250
SHAPE_13736027,12.4897593,-1.4043202,251
SHAPE_13736027,12.4893047,-1.4047496,252
SHAPE_13736027,12.4889749,-1.4050375,253
SHAPE_13736027,12.4887962,-1.4051847,254
SHAPE_13736027,12.488669,-1.4052895,255
SHAPE_13736027,12.4885186,-1.4054133,256
SHAPE_13736027,12.4882975,-1.4055955,257
SHAPE_13736027,12.4878865,-1.4059443,258
SHAPE_13736027,12.4856108,-1.4079173,259
SHAPE_13736027,12.4849744,-1.4084145,260
SHAPE_13736027,12.4845004,-1.4087888,261
SHAPE_13736027,12.4842774,-1.408965,262
SHAPE_13736027,12.482923,-1.4100346,263
SHAPE_13736027,12.4818315,-1.4108849,264
SHAPE_13736027,12.481298,-1.4113006,265
SHAPE_13736027,12.4805216,-1.4118987,266
SHAPE_13736027,12.4789537,-1.4131191,267
SHAPE_13736027,12.4775041,-1.4142617,268
SHAPE_13736027,12.4765522,-1.4149859,269
SHAPE_13736027,12.4736727,-1.4172644,270
SHAPE_13736027,12.4732435,-1.417601,271
SHAPE_13736027,12.4729106,-1.417862,272
SHAPE_13736027,12.4727003,-1.4180297,273
SHAPE_13736027,12.4722205,-1.4184124,274
SHAPE_13736027,12.4719109,-1.4186527,275
SHAPE_13736027,12.4711232,-1.419264,276
SHAPE_13736027,12.4706856,-1.4196057,277
SHAPE_13736027,12.4702747,-1.4199265,278
SHAPE_13736027,12.4699753,-1.420165,279
SHAPE_13736027,12.4693358,-1.4207327,280
SHAPE_13736027,12.4693165,-1.4207524,281
SHAPE_13736027,12.4687656,-1.4212436,282
SHAPE_13736027,12.468423,-1.4215507,283
SHAPE_13736027,12.4669119,-1.4229012,284
SHAPE_13736027,12.4665813,-1.4231629,285
SHAPE_13736027,12.4664519,-1.4232404,286
SHAPE_13736027,12.4662959,-1.4232908,287
SHAPE_13736027,12.4661044,-1.4233662,288
SHAPE_13736027,12.4661011,-1.4234354,289
SHAPE_13736027,12.4660799,-1.4235011,290
SHAPE_13736027,12.4660397,-1.4235615,291
SHAPE_13736027,12.4659844,-1.4236078,292
SHAPE_13736027,12.4659187,-1.4236362,293
SHAPE_13736027,12.4658422,-1.4236441,294
SHAPE_13736027,12.465767,-1.423628,295
SHAPE_13736027,12.4656204,-1.4238797,296
SHAPE_13736027,12.4655038,-1.4240112,297
SHAPE_13736027,12.4654038,-1.4241129,298
SHAPE_13736027,12.463892,-1.4251285,299
SHAPE_13736027,12.4634388,-1.425444,300
SHAPE_13736027,12.4622022,-1.4263371,301
SHAPE_13736027,12.4609807,-1.4272558,302
SHAPE_13736027,12.4607347,-1.4274468,303
SHAPE_13736027,12.4583693,-1.4292835,304
SHAPE_13736027,12.457036,-1.430303,305
SHAPE_13736027,12.4554317,-1.4315416,306
SHAPE_13736027,12.4520788,-1.43413,307
SHAPE_13736027,12.4515439,-1.4345245,308
SHAPE_13736027,12.451503,-1.434559,309
SHAPE_13736027,12.4504779,-1.4353345,310
SHAPE_13736027,12.4494421,-1.4361419,311
SHAPE_13736027,12.4486498,-1.43674,312
SHAPE_13736027,12.4482478,-1.4370405,313
SHAPE_13736027,12.4481377,-1.4371358,314
SHAPE_13736027,12.4478929,-1.4373395,315
SHAPE_13736027,12.4474043,-1.4377592,316
SHAPE_13736027,12.4471247,-1.4380024,317
SHAPE_13736027,12.4468831,-1.4382286,318
SHAPE_13736027,12.4466212,-1.438513,319
SHAPE_13736027,12.4464287,-1.4387128,320
SHAPE_13736027,12.4462291,-1.4389406,321
SHAPE_13736027,12.4461821,-1.4389943,322
SHAPE_13736027,12.4459442,-1.4392707,323
SHAPE_13736027,12.4455513,-1.4397387,324
SHAPE_13736027,12.4454799,-1.4398159,325
SHAPE_13736027,12.4451099,-1.4402605,326
SHAPE_13736027,12.4449188,-1.4404938,327
SHAPE_13736027,12.4445495,-1.4409229,328
SHAPE_13736027,12.4443567,-1.4411457,329
SHAPE_13736027,12.4441852,-1.4413503,330
SHAPE_13736027,12.4440937,-1.4414633,331
SHAPE_13736027,12.443891,-1.4416985,332
SHAPE_13736027,12.4435756,-1.4420872,333
SHAPE_13736027,12.4433355,-1.4423687,334
SHAPE_13736027,12.4430985,-1.4426435,335
SHAPE_13736027,12.4428438,-1.4429394,336
SHAPE_13736027,12.4425584,-1.4432955,337
SHAPE_13736027,12.442221,-1.4437165,338
SHAPE_13736027,12.4415007,-1.4445975,339
SHAPE_13736027,12.4410738,-1.4450883,340
SHAPE_13736027,12.440474,-1.4457871,341
SHAPE_13736027,12.4398736,-1.4465249,342
SHAPE_13736027,12.439734,-1.4466964,343
SHAPE_13736027,12.4396576,-1.4467945,344
SHAPE_13736027,12.4396174,-1.4468437,345
SHAPE_13736027,12.4393084,-1.4472208,346
SHAPE_13736027,12.4389875,-1.4476124,347
SHAPE_13736027,12.4381333,-1.4486371,348
SHAPE_13736027,12.4379921,-1.4488142,349
SHAPE_13736027,12.4378703,-1.4489627,350
SHAPE_13736027,12.436325,-1.4508472,351
SHAPE_13736027,12.4361772,-1.4510429,352
SHAPE_13736027,12.4360583,-1.4511909,353
SHAPE_13736027,12.4355765,-1.4517533,354
SHAPE_13736027,12.4350273,-1.4524121,355
SHAPE_13736027,12.4348684,-1.4525814,356
SHAPE_13736027,12.4347835,-1.4526886,357
SHAPE_13736027,12.4346589,-1.4528358,358
SHAPE_13736027,12.4341337,-1.4534847,359
SHAPE_13736027,12.4340092,-1.4536448,360
SHAPE_13736027,12.4335538,-1.4541885,361
SHAPE_13736027,12.4334363,-1.4543288,362
SHAPE_13736027,12.4333466,-1.4544312,363
SHAPE_13736027,12.4332812,-1.4545066,364
SHAPE_13736027,12.4331205,-1.454692,365
SHAPE_13736027,12.4326411,-1.4552673,366
SHAPE_13736027,12.4324347,-1.4555073,367
SHAPE_13736027,12.4323402,-1.4556173,368
SHAPE_13736027,12.4322861,-1.455677,369
SHAPE_13736027,12.4321627,-1.4558223,370
SHAPE_13736027,12.4316357,-1.4564426,371
SHAPE_13736027,12.4315003,-1.4566205,372
SHAPE_13736027,12.431382,-1.4567623,373
SHAPE_13736027,12.4304536,-1.4578745,374
SHAPE_13736027,12.4303451,-1.4580031,375
SHAPE_13736027,12.4301974,-1.4581759,376
SHAPE_13736027,12.4300465,-1.4583526,377
SHAPE_13736027,12.4299366,-1.4584726,378
SHAPE_13736027,12.4282511,-1.4604722,379
SHAPE_13736027,12.4281099,-1.4606414,380
SHAPE_13736027,12.4276868,-1.4611248,381
SHAPE_13736027,12.427078,-1.4618175,382
SHAPE_13736027,12.4265733,-1.4624355,383
SHAPE_13736027,12.4264528,-1.4625831,384
SHAPE_13736027,12.4261444,-1.4629536,385
SHAPE_13736027,12.4260104,-1.4631117,386
SHAPE_13736027,12.4257194,-1.4634548,387
SHAPE_13736027,12.4253245,-1.4638921,388
SHAPE_13736027,12.4251463,-1.4641204,389
SHAPE_13736027,12.4249818,-1.4643075,390
SHAPE_13736027,12.4243704,-1.4650364,391
SHAPE_13736027,12.4243258,-1.465087,392
SHAPE_13736027,12.4240339,-1.4654182,393
SHAPE_13736027,12.4239886,-1.4654717,394
SHAPE_13736027,12.4237189,-1.4658007,395
SHAPE_13736027,12.4236526,-1.4658796,396
SHAPE_13736027,12.4229421,-1.4667261,397
SHAPE_13736027,12.4228134,-1.4669066,398
SHAPE_13736027,12.4225655,-1.4672203,399
SHAPE_13736027,12.4222801,-1.4675814,400
SHAPE_13736027,12.4219066,-1.4680299,401
SHAPE_13736027,12.421772,-1.4681876,402
SHAPE_13736027,12.4215254,-1.4684765,403
SHAPE_13736027,12.4214604,-1.4685485,404
SHAPE_13736027,12.4211334,-1.4689339,405
SHAPE_13736027,12.4208854,-1.4692128,406
SHAPE_13736027,12.420085,-1.4701898,407
SHAPE_13736027,12.4199543,-1.4703521,408
SHAPE_13736027,12.4196782,-1.4706724,409
SHAPE_13736027,12.4191848,-1.4712356,410
SHAPE_13736027,12.4190799,-1.471357,411
SHAPE_13736027,12.4189436,-1.4715248,412
SHAPE_13736027,12.4183917,-1.47218,413
SHAPE_13736027,12.4181229,-1.4725329,414
SHAPE_13736027,12.4174845,-1.4733169,415
SHAPE_13736027,12.4170405,-1.4738622,416
SHAPE_13736027,12.4163509,-1.4746982,417
SHAPE_13736027,12.4157366,-1.475443,418
SHAPE_13736027,12.4156661,-1.4755247,419
SHAPE_13736027,12.4154935,-1.4757189,420
SHAPE_13736027,12.4154271,-1.4757939,421
SHAPE_13736027,12.4149169,-1.4763563,422
SHAPE_13736027,12.4147166,-1.4765859,423
SHAPE_13736027,12.4145751,-1.4767465,424
SHAPE_13736027,12.414105,-1.4772786,425
SHAPE_13736027,12.4139005,-1.4775137,426
SHAPE_13736027,12.4138792,-1.4775568,427
SHAPE_13736027,12.4138612,-1.4776075,428
SHAPE_13736027,12.4138534,-1.4776856,429
SHAPE_13736027,12.4138663,-1.4777246,430
SHAPE_13736027,12.4138758,-1.4777651,431
SHAPE_13736027,12.4138741,-1.4778054,432
SHAPE_13736027,12.4138691,-1.4778454,433
SHAPE_13736027,12.4138584,-1.4778842,434
SHAPE_13736027,12.4138443,-1.477921,435
SHAPE_13736027,12.4138207,-1.4779547,436
SHAPE_13736027,12.4137946,-1.4779849,437
SHAPE_13736027,12.4137651,-1.47801,438
SHAPE_13736027,12.4137307,-1.4780317,439
SHAPE_13736027,12.4136944,-1.4780473,440
SHAPE_13736027,12.4136563,-1.4780571,441
SHAPE_13736027,12.4136171,-1.4780611,442
SHAPE_13736027,12.4135861,-1.4780599,443
SHAPE_13736027,12.4135554,-1.4780551,444
SHAPE_13736027,12.4135168,-1.4780551,445
SHAPE_13736027,12.4134831,-1.4780687,446
SHAPE_13736027,12.4134514,-1.4780914,447
SHAPE_13736027,12.4134095,-1.4781236,448
SHAPE_13736027,12.4133595,-1.4781748,449
SHAPE_13736027,12.4129605,-1.4786721,450
SHAPE_13736027,12.4127238,-1.4789211,451
SHAPE_13736027,12.4117726,-1.480063,452
SHAPE_13736027,12.4112574,-1.4806835,453
SHAPE_13736027,12.4112325,-1.4807135,454
SHAPE_13736027,12.4110342,-1.480949,455
SHAPE_13736027,12.4106836,-1.4813656,456
SHAPE_13736027,12.4101893,-1.4819667,457
SHAPE_13736027,12.4094519,-1.4828431,458
SHAPE_13736027,12.4093252,-1.4829954,459
SHAPE_13736027,12.4092142,-1.4831288,460
SHAPE_13736027,12.4089745,-1.4834138,461
SHAPE_13736027,12.4088023,-1.483625,462
SHAPE_13736027,12.4084485,-1.484043,463
SHAPE_13736027,12.4080865,-1.4844625,464
SHAPE_13736027,12.4073661,-1.4853168,465
SHAPE_13736027,12.4066306,-1.4861845,466
SHAPE_13736027,12.405983,-1.486951,467
SHAPE_13736027,12.4054238,-1.4876246,468
SHAPE_13736027,12.4050114,-1.4881137,469
SHAPE_13736027,12.4045676,-1.4886542,470
SHAPE_13736027,12.4043266,-1.4889337,471
SHAPE_13736027,12.4041931,-1.4890967,472
SHAPE_13736027,12.4041078,-1.4891892,473
SHAPE_13736027,12.4038222,-1.4895405,474
SHAPE_13736027,12.4036712,-1.4897163,475
SHAPE_13736027,12.4034944,-1.4899215,476
SHAPE_13736027,12.4032486,-1.4902232,477
SHAPE_13736027,12.4028295,-1.4907315,478
SHAPE_13736027,12.4024214,-1.4912186,479
SHAPE_13736027,12.4021204,-1.4915738,480
SHAPE_13736027,12.4018204,-1.4919279,481
SHAPE_13736027,12.401655,-1.4921295,482
SHAPE_13736027,12.4015553,-1.4922624,483
SHAPE_13736027,12.4013012,-1.4925672,484
SHAPE_13736027,12.4012537,-1.4926212,485
SHAPE_13736027,12.401083,-1.4928183,486
SHAPE_13736027,12.4009303,-1.4929966,487
SHAPE_13736027,12.4005713,-1.4934271,488
SHAPE_13736027,12.4002465,-1.4938255,489
SHAPE_13736027,12.3998523,-1.4942962,490
SHAPE_13736027,12.3993414,-1.4949104,491
SHAPE_13736027,12.3991654,-1.495121,492
SHAPE_13736027,12.3990218,-1.495294,493
SHAPE_13736027,12.398466,-1.4959619,494
SHAPE_13736027,12.3983434,-1.496104,495
SHAPE_13736027,12.3980758,-1.4964136,496
SHAPE_13736027,12.3979374,-1.4965815,497
SHAPE_13736027,12.3978425,-1.4966941,498
SHAPE_13736027,12.3976198,-1.4969542,499
SHAPE_13736027,12.3973762,-1.4972158,500
SHAPE_13736027,12.397164,-1.4974317,501
SHAPE_13736027,12.3969846,-1.497606,502
SHAPE_13736027,12.3968635,-1.497708,503
SHAPE_13736027,12.3968248,-1.4977442,504
SHAPE_13736027,12.3965959,-1.4980806,505
SHAPE_13736027,12.3964811,-1.4979531,506
SHAPE_13736027,12.3968248,-1.4977442,507
SHAPE_13736027,12.3964811,-1.4979531,508
SHAPE_13736027,12.3964368,-1.497948,509
SHAPE_13736027,12.3963929,-1.4979559,510
SHAPE_13736027,12.3963529,-1.4979761,511
SHAPE_13736027,12.3963201,-1.498007,512
SHAPE_13736027,12.3962972,-1.4980462,513
SHAPE_13736027,12.396286,-1.4980904,514
SHAPE_13736027,12.3962873,-1.498136,515
SHAPE_13736027,12.3963012,-1.4981794,516
SHAPE_13736027,12.3963265,-1.498217,517
SHAPE_13736027,12.396361,-1.4982458,518
SHAPE_13736027,12.3964021,-1.4982635,519
SHAPE_13736027,12.3964464,-1.4982686,520
SHAPE_13736027,12.3964904,-1.4982607,521
SHAPE_13736027,12.3965303,-1.4982405,522
SHAPE_13736027,12.3965631,-1.4982095,523
SHAPE_13736027,12.396586,-1.4981704,524
SHAPE_13736027,12.3965973,-1.4981262,525
SHAPE_13736027,12.3965959,-1.4980806,526
SHAPE_13736027,12.396582,-1.4980372,527
SHAPE_13736027,12.3965568,-1.4979996,528
SHAPE_13736027,12.3965222,-1.4979708,529
SHAPE_13736027,12.3964811,-1.4979531,530
SHAPE_13736027,12.3964368,-1.497948,531
SHAPE_13736027,12.3963929,-1.4979559,532
SHAPE_13736027,12.3963529,-1.4979761,533
SHAPE_13736027,12.3963201,-1.498007,534
SHAPE_13736027,12.3962972,-1.4980462,535
SHAPE_13736027,12.396286,-1.4980904,536
SHAPE_13736027,12.3962873,-1.498136,537
SHAPE_13736027,12.3963012,-1.4981794,538
SHAPE_13736027,12.3963265,-1.498217,539
SHAPE_13736027,12.396361,-1.4982458,540
SHAPE_13736027,12.3964021,-1.4982635,541
SHAPE_13736027,12.3964464,-1.4982686,542
SHAPE_13736027,12.3964904,-1.4982607,543
SHAPE_13736027,12.3965303,-1.4982405,544
SHAPE_13736027,12.3965631,-1.4982095,545
SHAPE_13736027,12.396586,-1.4981704,546
SHAPE_13736027,12.3965973,-1.4981262,547
SHAPE_13736027,12.3965959,-1.4980806,548
SHAPE_13736027,12.3968248,-1.4977442,549
SHAPE_13736027,12.396286,-1.4980904,550
SHAPE_13736027,12.3961393,-1.4982614,551
SHAPE_13736027,12.39601,-1.4984147,552
SHAPE_13736027,12.3959607,-1.4984522,553
SHAPE_13736027,12.3957093,-1.4986239,554
SHAPE_13736027,12.3955403,-1.4987419,555
SHAPE_13736027,12.3953687,-1.4988559,556
SHAPE_13736027,12.3951906,-1.4989673,557
SHAPE_13736027,12.3949726,-1.4991027,558
SHAPE_13736027,12.3948149,-1.4991931,559
SHAPE_13736027,12.3947478,-1.4992315,560
SHAPE_13736027,12.3944858,-1.4993736,561
SHAPE_13736027,12.394375,-1.4994254,562
SHAPE_13736027,12.3940182,-1.4995962,563
SHAPE_13736027,12.3938087,-1.4996954,564
SHAPE_13736027,12.3934982,-1.4998509,565
SHAPE_13736027,12.3933764,-1.4999207,566
SHAPE_13736027,12.3930629,-1.5000777,567
SHAPE_13736027,12.3928049,-1.5002078,568
SHAPE_13736027,12.3920294,-1.5006141,569
SHAPE_13736027,12.3918002,-1.5007416,570
SHAPE_13736027,12.391381,-1.5009615,571
SHAPE_13736027,12.3911086,-1.5010983,572
SHAPE_13736027,12.3908335,-1.5012391,573
SHAPE_13736027,12.3906438,-1.5013325,574
SHAPE_13736027,12.39601,-1.4984147,575
SHAPE_13736027,12.3961875,-1.4983376,576
SHAPE_13736027,12.3964021,-1.4982635,577
SHAPE_13736027,12.3906438,-1.5013325,578
SHAPE_13736027,12.3905355,-1.5013745,579
SHAPE_13736027,12.3903763,-1.5014233,580
SHAPE_13736027,12.3901956,-1.5014791,581
SHAPE_13736027,12.3900482,-1.5015152,582
SHAPE_13736027,12.3897746,-1.5015834,583
SHAPE_13736027,12.389152,-1.5017097,584
SHAPE_13736027,12.3886353,-1.501813,585
SHAPE_13736027,12.3881578,-1.5019096,586
SHAPE_13736027,12.387592,-1.502033,587
SHAPE_13736027,12.386941,-1.5021886,588
SHAPE_13736027,12.3865507,-1.502273,589
SHAPE_13736027,12.3861878,-1.5023495,590
SHAPE_13736027,12.386023,-1.5023889,591
SHAPE_13736027,12.3858774,-1.5024162,592
SHAPE_13736027,12.3857466,-1.5024736,593
SHAPE_13736027,12.3855499,-1.5025187,594
SHAPE_13736027,12.3853516,-1.5025932,595
SHAPE_13736027,12.3852625,-1.5026436,596
SHAPE_13736027,12.3852054,-1.5027219,597
SHAPE_13736027,12.3851445,-1.5028633,598
SHAPE_13736027,12.3850989,-1.5029615,599
SHAPE_13736027,12.3850266,-1.5030461,600
SHAPE_13736027,12.3849502,-1.5030842,601
SHAPE_13736027,12.3847683,-1.503154,602
SHAPE_13736027,12.3846919,-1.5032027,603
SHAPE_13736027,12.3841691,-1.5038754,604
SHAPE_13736027,12.3839191,-1.5041568,605
SHAPE_13736027,12.3836587,-1.5044551,606
SHAPE_13736027,12.38362,-1.5045061,607
SHAPE_13736027,12.3831965,-1.5050686,608
SHAPE_13736027,12.3828756,-1.5054303,609
SHAPE_13736027,12.382639,-1.5056251,610
SHAPE_13736027,12.3822236,-1.5061704,611
SHAPE_13736027,12.3818335,-1.5066559,612
SHAPE_13736027,12.3817678,-1.5067377,613
SHAPE_13736027,12.3810156,-1.5077221,614
SHAPE_13736027,12.3806937,-1.508105,615
SHAPE_13736027,12.3806206,-1.5081919,616
SHAPE_13736027,12.3805508,-1.5082751,617
SHAPE_13736027,12.3803868,-1.5084701,618
SHAPE_13736027,12.3801326,-1.5087724,619
SHAPE_13736027,12.3797059,-1.5092895,620
SHAPE_13736027,12.3797216,-1.5093175,621
SHAPE_13736027,12.379728,-1.5093491,622
SHAPE_13736027,12.3797246,-1.5093812,623
SHAPE_13736027,12.3797117,-1.5094106,624
SHAPE_13736027,12.3796905,-1.5094346,625
SHAPE_13736027,12.3796631,-1.5094506,626
SHAPE_13736027,12.3796323,-1.5094572,627
SHAPE_13736027,12.3794558,-1.5096773,628
SHAPE_13736027,12.379374,-1.5097462,629
SHAPE_13736027,12.3793322,-1.5098005,630
SHAPE_13736027,12.3791472,-1.5100406,631
SHAPE_13736027,12.3790796,-1.5101599,632
SHAPE_13736027,12.3783457,-1.5110898,633
SHAPE_13736027,12.3777317,-1.5109222,634
SHAPE_13736027,12.3764767,-1.5106467,635
SHAPE_13736027,12.3762926,-1.5106063,636
SHAPE_13736027,12.3759276,-1.5105227,637
SHAPE_13736027,12.3758931,-1.5105147,638
SHAPE_13736027,12.3758001,-1.5104937,639
SHAPE_13736027,12.3747955,-1.5102668,640
SHAPE_13736027,12.3743321,-1.5101706,641
SHAPE_13736027,12.3741711,-1.5101728,642
SHAPE_13736027,12.3740882,-1.5101548,643
SHAPE_13736027,12.3737877,-1.5101033,644
SHAPE_13736027,12.3736661,-1.510109,645
SHAPE_13736027,12.3735783,-1.5101477,646
SHAPE_13736027,12.3734908,-1.5102505,647
SHAPE_13736027,12.3734488,-1.5103633,648
SHAPE_13736027,12.3733212,-1.5109381,649
SHAPE_13736027,12.3732307,-1.5113678,650
SHAPE_13736027,12.3731601,-1.5117032,651
SHAPE_13736027,12.3730313,-1.512237,652
SHAPE_13736027,12.3728967,-1.5128344,653
SHAPE_13736027,12.3728013,-1.5133837,654
SHAPE_13736027,12.3726725,-1.5139529,655
SHAPE_13736027,12.3725621,-1.5145126,656
SHAPE_13736027,12.3724402,-1.5150665,657
SHAPE_13736027,12.3723791,-1.5153803,658
SHAPE_13736027,12.3723271,-1.5156161,659
SHAPE_13736027,12.3722104,-1.5162119,660
SHAPE_13736027,12.3719878,-1.5172297,661
SHAPE_13736027,12.3718594,-1.5178318,662
SHAPE_13736027,12.3717622,-1.5182695,663
SHAPE_13736027,12.3716897,-1.518581,664
SHAPE_13736027,12.3715152,-1.5192933,665
SHAPE_13736027,12.3715056,-1.5193639,666
SHAPE_13736027,12.371497,-1.5194182,667
SHAPE_13736027,12.3714473,-1.5195307,668
SHAPE_13736027,12.3714647,-1.5195404,669
SHAPE_13736027,12.3714806,-1.5195557,670
SHAPE_13736027,12.3714948,-1.519579,671
SHAPE_13736027,12.3715022,-1.5196054,672
SHAPE_13736027,12.3715034,-1.5196296,673
SHAPE_13736027,12.3714966,-1.5196578,674
SHAPE_13736027,12.3714822,-1.5196827,675
SHAPE_13736027,12.3714613,-1.5197023,676
SHAPE_13736027,12.3714422,-1.5197126,677
SHAPE_13736027,12.3714158,-1.5197187,678
SHAPE_13736027,12.3713852,-1.5197892,679
SHAPE_13736027,12.3713495,-1.5198768,680
SHAPE_13736027,12.371305,-1.5199887,681
SHAPE_13736027,12.3712487,-1.5201386,682
SHAPE_13736027,12.3712236,-1.5203341,683
SHAPE_13736027,12.3711755,-1.5206,684
SHAPE_13736027,12.3711402,-1.5208406,685
SHAPE_13736027,12.3710059,-1.5214663,686
SHAPE_13736027,12.3709175,-1.5218686,687
SHAPE_13736027,12.3707846,-1.5225064,688
SHAPE_13736027,12.3707663,-1.5225982,689
SHAPE_13736027,12.3707516,-1.5226996,690
SHAPE_13736027,12.3706903,-1.5229587,691
SHAPE_13736027,12.3706235,-1.5232815,692
SHAPE_13736027,12.3705053,-1.5238732,693
SHAPE_13736027,12.3703483,-1.5245194,694
SHAPE_13736027,12.3702691,-1.5248774,695
SHAPE_13736027,12.3705499,-1.5249554,696
SHAPE_13736027,12.3708544,-1.52504,697
SHAPE_13736027,12.3714297,-1.5251948,698
SHAPE_13736027,12.3719257,-1.5253282,699
SHAPE_13736027,12.3721875,-1.5254,700
SHAPE_13736027,12.3726313,-1.5255218,701
SHAPE_13736027,12.3729406,-1.5257906,702
SHAPE_13736027,12.3729989,-1.5257877,703
SHAPE_13736027,12.3730585,-1.5257941,704
SHAPE_13736027,12.3731169,-1.5258082,705
SHAPE_13736027,12.3731713,-1.5258289,706
SHAPE_13736027,12.373223,-1.5258563,707
SHAPE_13736027,12.3732709,-1.5258898,708
SHAPE_13736027,12.3733146,-1.5259291,709
SHAPE_13736027,12.3733532,-1.5259736,710
SHAPE_13736027,12.3733862,-1.5260225,711
SHAPE_13736027,12.3734132,-1.5260752,712
SHAPE_13736027,12.3734338,-1.5261308,713
SHAPE_13736027,12.3734475,-1.5261886,714
SHAPE_13736027,12.3734542,-1.5262465,715
SHAPE_13736027,12.3734542,-1.5263047,716
SHAPE_13736027,12.3734473,-1.5263626,717
SHAPE_13736027,12.3734338,-1.5264192,718
SHAPE_13736027,12.3734137,-1.5264737,719
SHAPE_13736027,12.3733875,-1.5265254,720
SHAPE_13736027,12.3733554,-1.5265735,721
SHAPE_13736027,12.3733227,-1.5266124,722
SHAPE_13736027,12.3732862,-1.5266475,723
SHAPE_13736027,12.3732463,-1.5266785,724
SHAPE_13736027,12.3732034,-1.526705,725
SHAPE_13736027,12.3731454,-1.5267319,726
SHAPE_13736027,12.3730843,-1.5267506,727
SHAPE_13736027,12.3730214,-1.5267608,728
SHAPE_13736027,12.3729577,-1.5267623,729
SHAPE_13736027,12.372897,-1.5267555,730
SHAPE_13736027,12.3728377,-1.5267409,731
SHAPE_13736027,12.3727807,-1.5267186,732
SHAPE_13736027,12.3726455,-1.5267135,733
SHAPE_18970689,12.334518,-1.5168649,1
SHAPE_18970689,12.3345197,-1.5165974,2
SHAPE_18970689,12.334521,-1.5163736,3
SHAPE_18970689,12.3345213,-1.5163305,4
SHAPE_18970689,12.334518,-1.5168649,5
SHAPE_18970689,12.3340277,-1.5168617,6
SHAPE_18970689,12.3335673,-1.5168588,7
SHAPE_18970689,12.3329762,-1.516855,8
SHAPE_18970689,12.3329749,-1.5169417,9
SHAPE_18970689,12.332961,-1.5180976,10
SHAPE_18970689,12.3329591,-1.5182912,11
SHAPE_18970689,12.3329554,-1.519361,12
SHAPE_18970689,12.3329542,-1.5199313,13
SHAPE_18970689,12.3329558,-1.5200369,14
SHAPE_18970689,12.3329454,-1.5206288,15
SHAPE_18970689,12.3329402,-1.5211719,16
SHAPE_18970689,12.3329294,-1.5222757,17
SHAPE_18970689,12.3329297,-1.5224191,18
SHAPE_18970689,12.3329288,-1.5225204,19
SHAPE_18970689,12.3329277,-1.5226937,20
SHAPE_18970689,12.3329205,-1.5231038,21
SHAPE_18970689,12.3329114,-1.5240888,22
SHAPE_18970689,12.332918,-1.524256,23
SHAPE_18970689,12.3329337,-1.5243815,24
SHAPE_18970689,12.33295,-1.524482,25
SHAPE_18970689,12.3329816,-1.5245954,26
SHAPE_18970689,12.3330234,-1.5247165,27
SHAPE_18970689,12.3330928,-1.5248761,28
SHAPE_18970689,12.3331878,-1.5250511,29
SHAPE_18970689,12.3332773,-1.5252009,30
SHAPE_18970689,12.3334424,-1.5254391,31
SHAPE_18970689,12.3334792,-1.5254673,32
SHAPE_18970689,12.3335113,-1.5254994,33
SHAPE_18970689,12.3335392,-1.5255353,34
SHAPE_18970689,12.3335624,-1.5255746,35
SHAPE_18970689,12.3335806,-1.5256166,36
SHAPE_18970689,12.3335934,-1.5256606,37
SHAPE_18970689,12.3336007,-1.5257059,38
SHAPE_18970689,12.3336023,-1.5257517,39
SHAPE_18970689,12.3335982,-1.5257975,40
SHAPE_18970689,12.3335885,-1.5258423,41
SHAPE_18970689,12.3335733,-1.5258855,42
SHAPE_18970689,12.3335529,-1.5259264,43
SHAPE_18970689,12.3335275,-1.5259642,44
SHAPE_18970689,12.3334977,-1.5259985,45
SHAPE_18970689,12.3334482,-1.5260403,46
SHAPE_18970689,12.3334119,-1.5260625,47
SHAPE_18970689,12.3333734,-1.52608,48
SHAPE_18970689,12.333333,-1.5260927,49
SHAPE_18970689,12.3332915,-1.5261005,50
SHAPE_18970689,12.3332494,-1.526103,51
SHAPE_18970689,12.3332357,-1.5261022,52
SHAPE_18970689,12.3332073,-1.5261004,53
SHAPE_18970689,12.3331657,-1.5260927,54
SHAPE_18970689,12.3329595,-1.526126,55
SHAPE_18970689,12.3322921,-1.5262789,56
SHAPE_18970689,12.3321795,-1.5263065,57
SHAPE_18970689,12.3319603,-1.5263445,58
SHAPE_18970689,12.3316281,-1.526425,59
SHAPE_18970689,12.3304792,-1.5266957,60
SHAPE_18970689,12.3299928,-1.526819,61
SHAPE_18970689,12.3295716,-1.5269243,62
SHAPE_18970689,12.3276231,-1.5274089,63
SHAPE_18970689,12.3274529,-1.5274518,64
SHAPE_18970689,12.3273425,-1.5274791,65
SHAPE_18970689,12.326833,-1.5275763,66
SHAPE_18970689,12.3259463,-1.5277925,67
SHAPE_18970689,12.3253843,-1.5279094,68
SHAPE_18970689,12.3251627,-1.5279537,69
SHAPE_18970689,12.324223,-1.5281216,70
SHAPE_18970689,12.3240943,-1.5281416,71
SHAPE_18970689,12.3228167,-1.5283587,72
SHAPE_18970689,12.3228009,-1.5283614,73
SHAPE_18970689,12.3223472,-1.5284172,74
SHAPE_18970689,12.3219626,-1.5284662,75
SHAPE_18970689,12.3216823,-1.5285076,76
SHAPE_18970689,12.3213627,-1.5285255,77
SHAPE_18970689,12.3209771,-1.528544,78
SHAPE_18970689,12.3205702,-1.528551,79
SHAPE_18970689,12.3199487,-1.5285638,80
SHAPE_18970689,12.3192465,-1.5285623,81
SHAPE_18970689,12.3189129,-1.5285563,82
SHAPE_18970689,12.3184115,-1.528555,83
SHAPE_18970689,12.317975,-1.5285538,84
SHAPE_18970689,12.3177717,-1.5285538,85
SHAPE_18970689,12.3177497,-1.528554,86
SHAPE_18970689,12.3176843,-1.5285547,87
SHAPE_18970689,12.3175441,-1.5285453,88
SHAPE_18970689,12.3174467,-1.5285468,89
SHAPE_18970689,12.3168487,-1.5285517,90
SHAPE_18970689,12.3165043,-1.5285642,91
SHAPE_18970689,12.3163863,-1.5285694,92
SHAPE_18970689,12.3158322,-1.5285783,93
SHAPE_18970689,12.3150236,-1.5286155,94
SHAPE_18970689,12.3145866,-1.52864,95
SHAPE_18970689,12.3126471,-1.5286954,96
SHAPE_18970689,12.3120438,-1.5287152,97
SHAPE_18970689,12.3119652,-1.5287166,98
SHAPE_18970689,12.3115957,-1.5287229,99
SHAPE_18970689,12.3110177,-1.528742,100
SHAPE_18970689,12.3094158,-1.5288035,101
SHAPE_18970689,12.3093038,-1.528808,102
SHAPE_18970689,12.3091175,-1.5288156,103
SHAPE_18970689,12.30856,-1.5288287,104
SHAPE_18970689,12.3077506,-1.5288556,105
SHAPE_18970689,12.3070891,-1.5288776,106
SHAPE_18970689,12.3057644,-1.5289211,107
SHAPE_18970689,12.3056891,-1.5289241,108
SHAPE_18970689,12.3055318,-1.5289314,109
SHAPE_18970689,12.3048082,-1.5289558,110
SHAPE_18970689,12.3045351,-1.5289576,111
SHAPE_18970689,12.3033691,-1.5290041,112
SHAPE_18970689,12.3028519,-1.5290214,113
SHAPE_18970689,12.3022934,-1.5290385,114
SHAPE_18970689,12.3018371,-1.5290604,115
SHAPE_18970689,12.3010098,-1.5291126,116
SHAPE_18970689,12.3001371,-1.5291408,117
SHAPE_18970689,12.2992775,-1.5291703,118
SHAPE_18970689,12.2987829,-1.5291886,119
SHAPE_18970689,12.298625,-1.5291944,120
SHAPE_18970689,12.298016,-1.5292009,121
SHAPE_18970689,12.2976946,-1.529217,122
SHAPE_18970689,12.2976632,-1.5292186,123
SHAPE_18970689,12.2963704,-1.5292514,124
SHAPE_18970689,12.2955654,-1.5292968,125
SHAPE_18970689,12.2954987,-1.5293,126
SHAPE_18970689,12.2953161,-1.5293072,127
SHAPE_18970689,12.2952271,-1.5293126,128
SHAPE_18970689,12.2949802,-1.5293207,129
SHAPE_18970689,12.2938416,-1.5293745,130
SHAPE_18970689,12.2931397,-1.5294029,131
SHAPE_18970689,12.2928196,-1.5294018,132
SHAPE_18970689,12.292623,-1.5294138,133
SHAPE_18970689,12.2921098,-1.5294285,134
SHAPE_18970689,12.2916375,-1.5294409,135
SHAPE_18970689,12.2907255,-1.5294706,136
SHAPE_18970689,12.290371,-1.5294895,137
SHAPE_18970689,12.2900101,-1.5295096,138
SHAPE_18970689,12.2898111,-1.5295084,139
SHAPE_18970689,12.2889673,-1.5295462,140
SHAPE_18970689,12.2878597,-1.5295903,141
SHAPE_18970689,12.2873935,-1.5296031,142
SHAPE_18970689,12.2870299,-1.5296105,143
SHAPE_18970689,12.2864026,-1.5296346,144
SHAPE_18970689,12.2860385,-1.529644,145
SHAPE_18970689,12.2858837,-1.5296556,146
SHAPE_18970689,12.2852095,-1.5296819,147
SHAPE_18970689,12.2846068,-1.529704,148
SHAPE_18970689,12.2842545,-1.529725,149
SHAPE_18970689,12.2827391,-1.5297785,150
SHAPE_18970689,12.2813187,-1.529848,151
SHAPE_18970689,12.2802765,-1.5299048,152
SHAPE_18970689,12.2798615,-1.5299226,153
SHAPE_18970689,12.2791711,-1.5299682,154
SHAPE_18970689,12.2785476,-1.5299985,155
SHAPE_18970689,12.2782781,-1.530021,156
SHAPE_18970689,12.2777232,-1.530056,157
SHAPE_18970689,12.2773928,-1.5300661,158
SHAPE_18970689,12.2771648,-1.5300782,159
SHAPE_18970689,12.2766668,-1.5301032,160
SHAPE_18970689,12.276278,-1.5301269,161
SHAPE_18970689,12.2760648,-1.5301399,162
SHAPE_18970689,12.2758473,-1.5301546,163
SHAPE_18970689,12.2755118,-1.5301721,164
SHAPE_18970689,12.2752064,-1.5301839,165
SHAPE_18970689,12.2743478,-1.5302357,166
SHAPE_18970689,12.2741024,-1.5302512,167
SHAPE_18970689,12.2737885,-1.5302675,168
SHAPE_18970689,12.2728965,-1.5303173,169
SHAPE_18970689,12.2716965,-1.5303698,170
SHAPE_18970689,12.2715156,-1.53038,171
SHAPE_18970689,12.2714873,-1.5303816,172
SHAPE_18970689,12.2714175,-1.5303857,173
SHAPE_18970689,12.2712883,-1.5303926,174
SHAPE_18970689,12.2697704,-1.5304883,175
SHAPE_18970689,12.2696423,-1.5304954,176
SHAPE_18970689,12.2689706,-1.5305142,177
SHAPE_18970689,12.2688802,-1.5305163,178
SHAPE_18970689,12.2683003,-1.5305322,179
SHAPE_18970689,12.268165,-1.5305379,180
SHAPE_18970689,12.2671556,-1.530543,181
SHAPE_18970689,12.2667638,-1.530545,182
SHAPE_18970689,12.2652121,-1.5305296,183
SHAPE_18970689,12.2651566,-1.5305291,184
SHAPE_18970689,12.263591,-1.5304575,185
SHAPE_18970689,12.2634905,-1.5304529,186
SHAPE_18970689,12.2632544,-1.5304388,187
SHAPE_18970689,12.2631337,-1.5304316,188
SHAPE_18970689,12.2630464,-1.5304238,189
SHAPE_18970689,12.262602,-1.5303926,190
SHAPE_18970689,12.2621881,-1.5303616,191
SHAPE_18970689,12.2616252,-1.530312,192
SHAPE_18970689,12.2615838,-1.5303084,193
SHAPE_18970689,12.261575,-1.5303068,194
SHAPE_18970689,12.2602417,-1.5301583,195
SHAPE_18970689,12.2597893,-1.5301143,196
SHAPE_18970689,12.2588476,-1.5300041,197
SHAPE_18970689,12.2583595,-1.52993,198
SHAPE_18970689,12.2583204,-1.5299275,199
SHAPE_18970689,12.2582464,-1.5299207,200
SHAPE_18970689,12.2581467,-1.5299116,201
SHAPE_18970689,12.2569492,-1.5297786,202
SHAPE_18970689,12.256437,-1.5297198,203
SHAPE_18970689,12.2554194,-1.5296241,204
SHAPE_18970689,12.2553426,-1.529615,205
SHAPE_18970689,12.2552835,-1.5296028,206
SHAPE_18970689,12.255069,-1.5295533,207
SHAPE_18970689,12.2540257,-1.5294395,208
SHAPE_18970689,12.2536717,-1.5294009,209
SHAPE_18970689,12.2523051,-1.5292421,210
SHAPE_18970689,12.2521257,-1.5292213,211
SHAPE_18970689,12.2513556,-1.5291322,212
SHAPE_18970689,12.251233,-1.529118,213
SHAPE_18970689,12.2510914,-1.5291022,214
SHAPE_18970689,12.2508887,-1.5290799,215
SHAPE_18970689,12.250466,-1.5290335,216
SHAPE_18970689,12.2497614,-1.5289538,217
SHAPE_18970689,12.2493533,-1.5289083,218
SHAPE_18970689,12.2490903,-1.5288789,219
SHAPE_18970689,12.2479397,-1.5287407,220
SHAPE_18970689,12.2475565,-1.5287024,221
SHAPE_18970689,12.2467901,-1.5286159,222
SHAPE_18970689,12.2464465,-1.5285815,223
SHAPE_18970689,12.2460695,-1.5285446,224
SHAPE_18970689,12.2454623,-1.5284751,225
SHAPE_18970689,12.2446367,-1.5283873,226
SHAPE_18970689,12.2445319,-1.5283758,227
SHAPE_18970689,12.2442628,-1.5283463,228
SHAPE_18970689,12.2441876,-1.528338,229
SHAPE_18970689,12.244107,-1.5283292,230
SHAPE_18970689,12.2436652,-1.5282807,231
SHAPE_18970689,12.2431071,-1.5282168,232
SHAPE_18970689,12.2425636,-1.5281531,233
SHAPE_18970689,12.2422748,-1.5281281,234
SHAPE_18970689,12.2419313,-1.528093,235
SHAPE_18970689,12.2412985,-1.5280531,236
SHAPE_18970689,12.2411213,-1.5280502,237
SHAPE_18970689,12.2407994,-1.5280602,238
SHAPE_18970689,12.2404898,-1.5280838,239
SHAPE_18970689,12.2403702,-1.5280929,240
SHAPE_18970689,12.2401631,-1.5281201,241
SHAPE_18970689,12.239883,-1.5281497,242
SHAPE_18970689,12.2397454,-1.5281658,243
SHAPE_18970689,12.2396253,-1.5281863,244
SHAPE_18970689,12.2391314,-1.5282901,245
SHAPE_18970689,12.2389533,-1.5283341,246
SHAPE_18970689,12.2384214,-1.5284838,247
SHAPE_18970689,12.2380217,-1.5286234,248
SHAPE_18970689,12.2372396,-1.5289292,249
SHAPE_18970689,12.2370022,-1.5290268,250
SHAPE_18970689,12.2367482,-1.5291256,251
SHAPE_18970689,12.236519,-1.5292155,252
SHAPE_18970689,12.2357167,-1.5295348,253
SHAPE_18970689,12.235234,-1.529726,254
SHAPE_18970689,12.2347862,-1.5298987,255
SHAPE_18970689,12.2341348,-1.5301615,256
SHAPE_18970689,12.2333914,-1.5304577,257
SHAPE_18970689,12.2326945,-1.5307349,258
SHAPE_18970689,12.231251,-1.5313062,259
SHAPE_18970689,12.2305391,-1.5315876,260
SHAPE_18970689,12.2299241,-1.5318344,261
SHAPE_18970689,12.2297865,-1.5318874,262
SHAPE_18970689,12.2293159,-1.5320785,263
SHAPE_18970689,12.2287753,-1.5322881,264
SHAPE_18970689,12.2287066,-1.5323119,265
SHAPE_18970689,12.2286664,-1.5323296,266
SHAPE_18970689,12.2285642,-1.5323699,267
SHAPE_18970689,12.2282497,-1.5324922,268
SHAPE_18970689,12.2277973,-1.5326617,269
SHAPE_18970689,12.2274725,-1.532802,270
SHAPE_18970689,12.2271059,-1.5329528,271
SHAPE_18970689,12.226113,-1.5333339,272
SHAPE_18970689,12.2260099,-1.5333804,273
SHAPE_18970689,12.2253758,-1.5336823,274
SHAPE_18970689,12.2250368,-1.5338535,275
SHAPE_18970689,12.2246739,-1.534029,276
SHAPE_18970689,12.2241527,-1.5342884,277
SHAPE_18970689,12.2233253,-1.534751,278
SHAPE_18970689,12.2225207,-1.5351805,279
SHAPE_18970689,12.2223243,-1.5352774,280
SHAPE_18970689,12.2221635,-1.5353133,281
SHAPE_18970689,12.2220947,-1.5353287,282
SHAPE_18970689,12.2219697,-1.5353511,283
SHAPE_18970689,12.2218731,-1.535366,284
SHAPE_18970689,12.221855,-1.5354243,285
SHAPE_18970689,12.2218238,-1.5354764,286
SHAPE_18970689,12.2217812,-1.5355194,287
SHAPE_18970689,12.2217273,-1.5355518,288
SHAPE_18970689,12.2216672,-1.5355693,289
SHAPE_18970689,12.2216048,-1.5355708,290
SHAPE_18970689,12.2215382,-1.5355541,291
SHAPE_18970689,12.2214788,-1.5355193,292
SHAPE_18970689,12.2214366,-1.5356046,293
SHAPE_18970689,12.221375,-1.5357006,294
SHAPE_18970689,12.2213157,-1.5357692,295
SHAPE_18970689,12.2212566,-1.535836,296
SHAPE_18970689,12.2210511,-1.5359501,297
SHAPE_18970689,12.2202817,-1.5363531,298
SHAPE_18970689,12.2184837,-1.5372175,299
SHAPE_18970689,12.2175276,-1.5377016,300
SHAPE_18970689,12.2168127,-1.5380724,301
SHAPE_18970689,12.2166807,-1.5381482,302
SHAPE_18970689,12.2163256,-1.5383518,303
SHAPE_18970689,12.2160437,-1.5385207,304
SHAPE_18970689,12.2156774,-1.5387313,305
SHAPE_18970689,12.215389,-1.5389022,306
SHAPE_18970689,12.2149945,-1.5391333,307
SHAPE_18970689,12.2146487,-1.5393322,308
SHAPE_18970689,12.2136943,-1.5398678,309
SHAPE_18970689,12.2136054,-1.5399206,310
SHAPE_18970689,12.2128034,-1.540382,311
SHAPE_18970689,12.2123516,-1.5406456,312
SHAPE_18970689,12.2123185,-1.540665,313
SHAPE_18970689,12.2118611,-1.5409327,314
SHAPE_18970689,12.2114919,-1.5411445,315
SHAPE_18970689,12.211252,-1.5412821,316
SHAPE_18970689,12.2110038,-1.5414229,317
SHAPE_18970689,12.210918,-1.5414741,318
SHAPE_18970689,12.2106575,-1.5416184,319
SHAPE_18970689,12.210403,-1.5417576,320
SHAPE_18970689,12.2103781,-1.5417718,321
SHAPE_18970689,12.2100713,-1.5419473,322
SHAPE_18970689,12.209914,-1.5420422,323
SHAPE_18970689,12.209776,-1.5421262,324
SHAPE_18970689,12.2096442,-1.5422058,325
SHAPE_18970689,12.2094694,-1.542302,326
SHAPE_18970689,12.2094212,-1.5423285,327
SHAPE_18970689,12.2092148,-1.5424433,328
SHAPE_18970689,12.2089789,-1.5425781,329
SHAPE_18970689,12.2085211,-1.5428427,330
SHAPE_18970689,12.2084243,-1.5428972,331
SHAPE_18970689,12.2080493,-1.543124,332
SHAPE_18970689,12.2077839,-1.5432862,333
SHAPE_18970689,12.2076891,-1.5433463,334
SHAPE_18970689,12.207211,-1.543632,335
SHAPE_18970689,12.2071452,-1.54367,336
SHAPE_18970689,12.2070808,-1.5437097,337
SHAPE_18970689,12.2063904,-1.5441444,338
SHAPE_18970689,12.2056335,-1.5446355,339
SHAPE_18970689,12.2046997,-1.5452582,340
SHAPE_18970689,12.2040863,-1.5456592,341
SHAPE_18970689,12.2034659,-1.5460625,342
SHAPE_18970689,12.202875,-1.5464558,343
SHAPE_18970689,12.2020102,-1.5470256,344
SHAPE_18970689,12.2017725,-1.5471796,345
SHAPE_18970689,12.2016285,-1.5472729,346
SHAPE_18970689,12.200607,-1.5479507,347
SHAPE_18970689,12.2000046,-1.5483491,348
SHAPE_18970689,12.1991815,-1.5488936,349
SHAPE_18970689,12.1990368,-1.5489818,350
SHAPE_18970689,12.1983358,-1.5494532,351
SHAPE_18970689,12.1983121,-1.5494706,352
SHAPE_18970689,12.1982895,-1.5494863,353
SHAPE_18970689,12.1982534,-1.5495104,354
SHAPE_18970689,12.1977249,-1.5498501,355
SHAPE_18970689,12.1973579,-1.5501036,356
SHAPE_18970689,12.1967155,-1.5505113,357
SHAPE_18970689,12.1961335,-1.550902,358
SHAPE_18970689,12.1960899,-1.5509313,359
SHAPE_18970689,12.1960151,-1.5509826,360
SHAPE_18970689,12.1957,-1.5511738,361
SHAPE_18970689,12.195469,-1.5513123,362
SHAPE_18970689,12.1952998,-1.5514138,363
SHAPE_18970689,12.1949164,-1.5516465,364
SHAPE_18970689,12.1944399,-1.5519087,365
SHAPE_18970689,12.1940402,-1.552101,366
SHAPE_18970689,12.1937124,-1.5522534,367
SHAPE_18970689,12.1933672,-1.5524021,368
SHAPE_18970689,12.1933165,-1.5524234,369
SHAPE_18970689,12.1926963,-1.5526819,370
SHAPE_18970689,12.1926343,-1.5527092,371
SHAPE_18970689,12.1920687,-1.5529161,372
SHAPE_18970689,12.1916439,-1.553058,373
SHAPE_18970689,12.1911922,-1.5531999,374
SHAPE_18970689,12.1907323,-1.5533197,375
SHAPE_18970689,12.1899136,-1.5535153,376
SHAPE_18970689,12.1894456,-1.5536132,377
SHAPE_18970689,12.1889815,-1.5536908,378
SHAPE_18970689,12.1881294,-1.5538466,379
SHAPE_18970689,12.1872628,-1.5540031,380
SHAPE_18970689,12.1871217,-1.5540288,381
SHAPE_18970689,12.1844702,-1.5545026,382
SHAPE_18970689,12.1835237,-1.5546717,383
SHAPE_18970689,12.1833796,-1.5547002,384
SHAPE_18970689,12.1827659,-1.5548083,385
SHAPE_18970689,12.1822149,-1.5549076,386
SHAPE_18970689,12.1792201,-1.555442,387
SHAPE_18970689,12.1788245,-1.5555183,388
SHAPE_18970689,12.1786356,-1.5555521,389
SHAPE_18970689,12.1778704,-1.5556892,390
SHAPE_18970689,12.1777484,-1.5557111,391
SHAPE_18970689,12.1765719,-1.5559181,392
SHAPE_18970689,12.1763842,-1.5559523,393
SHAPE_18970689,12.1747814,-1.5562448,394
SHAPE_18970689,12.1736465,-1.5564537,395
SHAPE_18970689,12.1725117,-1.5566596,396
SHAPE_18970689,12.1717056,-1.5568214,397
SHAPE_18970689,12.1713437,-1.5569056,398
SHAPE_18970689,12.1711596,-1.5569486,399
SHAPE_18970689,12.1709597,-1.5569975,400
SHAPE_18970689,12.1706262,-1.5570772,401
SHAPE_18970689,12.1705616,-1.5570926,402
SHAPE_18970689,12.1703717,-1.5571913,403
SHAPE_18970689,12.1701982,-1.5572661,404
SHAPE_18970689,12.170061,-1.5573147,405
SHAPE_18970689,12.1698526,-1.557371,406
SHAPE_18970689,12.1695786,-1.5574515,407
SHAPE_18970689,12.1688807,-1.5576472,408
SHAPE_18970689,12.1684302,-1.5577613,409
SHAPE_18970689,12.1682126,-1.5577975,410
SHAPE_18970689,12.1679835,-1.5577984,411
SHAPE_18970689,12.1679453,-1.5578072,412
SHAPE_18970689,12.16751,-1.5579184,413
SHAPE_18970689,12.1669842,-1.5580536,414
SHAPE_18970689,12.1668343,-1.5580908,415
SHAPE_18970689,12.1665052,-1.5581726,416
SHAPE_18970689,12.1664211,-1.5581944,417
SHAPE_18970689,12.1662062,-1.55825,418
SHAPE_18970689,12.1650222,-1.5585045,419
SHAPE_18970689,12.1646818,-1.5585627,420
SHAPE_18970689,12.1638904,-1.5586978,421
SHAPE_18970689,12.1635503,-1.5587423,422
SHAPE_18970689,12.1633711,-1.5587658,423
SHAPE_18970689,12.1628344,-1.5588313,424
SHAPE_18970689,12.1620889,-1.5589079,425
SHAPE_18970689,12.1620179,-1.5589136,426
SHAPE_18970689,12.1613123,-1.5589707,427
SHAPE_18970689,12.1602832,-1.5590204,428
SHAPE_18970689,12.1591422,-1.559036,429
SHAPE_18970689,12.1590938,-1.5590358,430
SHAPE_18970689,12.1584679,-1.5590528,431
SHAPE_18970689,12.158329,-1.5590501,432
SHAPE_18970689,12.1578989,-1.5590454,433
SHAPE_18970689,12.1567569,-1.5590315,434
SHAPE_18970689,12.1562904,-1.5590258,435
SHAPE_18970689,12.153899,-1.5590035,436
SHAPE_18970689,12.1523434,-1.5589802,437
SHAPE_18970689,12.1510645,-1.5589831,438
SHAPE_18970689,12.1509124,-1.5589857,439
SHAPE_18970689,12.1502411,-1.5590126,440
SHAPE_18970689,12.1498777,-1.5590422,441
SHAPE_18970689,12.1495515,-1.5590688,442
SHAPE_18970689,12.1487622,-1.5591681,443
SHAPE_18970689,12.1482745,-1.5592539,444
SHAPE_18970689,12.1481652,-1.5592775,445
SHAPE_18970689,12.1480451,-1.5593057,446
SHAPE_18970689,12.1478641,-1.559343,447
SHAPE_18970689,12.1460957,-1.5597611,448
SHAPE_18970689,12.1460732,-1.5597662,449
SHAPE_18970689,12.1441217,-1.5602533,450
SHAPE_18970689,12.1440058,-1.5602822,451
SHAPE_18970689,12.1439453,-1.5602973,452
SHAPE_18970689,12.1435415,-1.5603939,453
SHAPE_18970689,12.1434546,-1.5604153,454
SHAPE_18970689,12.1427365,-1.5605924,455
SHAPE_18970689,12.1426821,-1.5606071,456
SHAPE_18970689,12.1424087,-1.5606809,457
SHAPE_18970689,12.1420179,-1.5607678,458
SHAPE_18970689,12.1413166,-1.5609237,459
SHAPE_18970689,12.1409246,-1.5610108,460
SHAPE_18970689,12.1380913,-1.5616814,461
SHAPE_18970689,12.1377774,-1.5617488,462
SHAPE_18970689,12.1377277,-1.5617595,463
SHAPE_18970689,12.137683,-1.5617691,464
SHAPE_18970689,12.1373111,-1.561849,465
SHAPE_18970689,12.1366117,-1.561997,466
SHAPE_18970689,12.1365525,-1.5620075,467
SHAPE_18970689,12.1356517,-1.5621927,468
SHAPE_18970689,12.1354559,-1.5622295,469
SHAPE_18970689,12.1349825,-1.5623184,470
SHAPE_18970689,12.1346586,-1.5623602,471
SHAPE_18970689,12.1343063,-1.5624057,472
SHAPE_18970689,12.1339679,-1.5624602,473
SHAPE_18970689,12.1333797,-1.5625549,474
SHAPE_18970689,12.1333365,-1.5625619,475
SHAPE_18970689,12.1328877,-1.5626342,476
SHAPE_18970689,12.1320406,-1.5627707,477
SHAPE_18970689,12.1311596,-1.5629126,478
SHAPE_18970689,12.1306754,-1.5629876,479
SHAPE_18970689,12.1304719,-1.5630235,480
SHAPE_18970689,12.1285723,-1.5633188,481
SHAPE_18970689,12.1275785,-1.563473,482
SHAPE_18970689,12.1273765,-1.5635052,483
SHAPE_18970689,12.1273417,-1.5635112,484
SHAPE_18970689,12.127252,-1.5635267,485
SHAPE_18970689,12.1272,-1.5635367,486
SHAPE_18970689,12.1263538,-1.5636997,487
SHAPE_18970689,12.1255579,-1.5638673,488
SHAPE_18970689,12.1251832,-1.5639623,489
SHAPE_18970689,12.1240296,-1.564272,490
SHAPE_18970689,12.121825,-1.5648638,491
SHAPE_18970689,12.1212263,-1.565036,492
SHAPE_18970689,12.1209649,-1.5651112,493
SHAPE_18970689,12.1209019,-1.5651293,494
SHAPE_18970689,12.1196352,-1.5654752,495
SHAPE_18970689,12.1170438,-1.5661829,496
SHAPE_18970689,12.1164958,-1.5663173,497
SHAPE_18970689,12.1161912,-1.566392,498
SHAPE_18970689,12.1152139,-1.5665941,499
SHAPE_18970689,12.1115478,-1.5671782,500
SHAPE_18970689,12.1104933,-1.5673462,501
SHAPE_18970689,12.1097642,-1.5674521,502
SHAPE_18970689,12.1084443,-1.5676607,503
SHAPE_18970689,12.108415,-1.5676653,504
SHAPE_18970689,12.1079407,-1.5677356,505
SHAPE_18970689,12.1073659,-1.5678209,506
SHAPE_18970689,12.1064861,-1.5679269,507
SHAPE_18970689,12.1058147,-1.5679939,508
SHAPE_18970689,12.1050004,-1.5680537,509
SHAPE_18970689,12.1047565,-1.5680609,510
SHAPE_18970689,12.1044797,-1.5680691,511
SHAPE_18970689,12.1043291,-1.568066,512
SHAPE_18970689,12.103828,-1.5680556,513
SHAPE_18970689,12.1032878,-1.5680444,514
SHAPE_18970689,12.1031496,-1.5680415,515
SHAPE_18970689,12.102383,-1.568032,516
SHAPE_18970689,12.102067,-1.5680281,517
SHAPE_18970689,12.1017112,-1.5680237,518
SHAPE_18970689,12.1001884,-1.567987,519
SHAPE_18970689,12.0999925,-1.5679859,520
SHAPE_18970689,12.0996844,-1.5679738,521
SHAPE_18970689,12.0994523,-1.5679564,522
SHAPE_18970689,12.0992998,-1.5679436,523
SHAPE_18970689,12.0992281,-1.5679376,524
SHAPE_18970689,12.0990143,-1.5679134,525
SHAPE_18970689,12.0989042,-1.567896,526
SHAPE_18970689,12.0988739,-1.5678888,527
SHAPE_18970689,12.0986275,-1.5678303,528
SHAPE_18970689,12.0985402,-1.5678124,529
SHAPE_18970689,12.0984793,-1.5677999,530
SHAPE_18970689,12.0983672,-1.5677736,531
SHAPE_18970689,12.0982263,-1.5677727,532
SHAPE_18970689,12.0981488,-1.5677722,533
SHAPE_18970689,12.0980637,-1.5677861,534
SHAPE_18970689,12.0980008,-1.5678156,535
SHAPE_18970689,12.09791,-1.5678917,536
SHAPE_18970689,12.0978329,-1.567998,537
SHAPE_18970689,12.0976923,-1.5681739,538
SHAPE_18970689,12.0976006,-1.5682886,539
SHAPE_18970689,12.0975421,-1.5683718,540
SHAPE_18970689,12.0974856,-1.5684524,541
SHAPE_18970689,12.0974065,-1.5685649,542
SHAPE_18970689,12.0972453,-1.5687994,543
SHAPE_18970689,12.0969971,-1.5691323,544
SHAPE_18970689,12.0968417,-1.5693297,545
SHAPE_18970689,12.096723,-1.5694797,546
SHAPE_18970689,12.0966423,-1.5695763,547
SHAPE_18970689,12.0948559,-1.571644,548
SHAPE_18970689,12.0944954,-1.5720602,549
SHAPE_18970689,12.0944302,-1.5721355,550
SHAPE_18970689,12.0942361,-1.5723308,551
SHAPE_18970689,12.0934246,-1.5732477,552
SHAPE_18970689,12.0929745,-1.5737524,553
SHAPE_18970689,12.0927739,-1.5739844,554
SHAPE_18970689,12.0925772,-1.5742084,555
SHAPE_18970689,12.09245,-1.5743478,556
SHAPE_18970689,12.0923601,-1.5744387,557
SHAPE_18970689,12.09221,-1.5745906,558
SHAPE_18970689,12.0907846,-1.5758674,559
SHAPE_18970689,12.0905892,-1.5760511,560
SHAPE_18970689,12.0901231,-1.5765191,561
SHAPE_18970689,12.089367,-1.5773586,562
SHAPE_18970689,12.0882571,-1.5785856,563
SHAPE_18970689,12.0879403,-1.5789358,564
SHAPE_18970689,12.0877986,-1.579086,565
SHAPE_18970689,12.0876675,-1.5792094,566
SHAPE_18970689,12.0871324,-1.5797359,567
SHAPE_18970689,12.0866971,-1.5801642,568
SHAPE_18970689,12.0865502,-1.580293,569
SHAPE_18970689,12.0864432,-1.5803936,570
SHAPE_18970689,12.0863819,-1.5804511,571
SHAPE_18970689,12.0863561,-1.5804754,572
SHAPE_18970689,12.0859778,-1.580791,573
SHAPE_18970689,12.0855011,-1.5811888,574
SHAPE_18970689,12.0851024,-1.5815214,575
SHAPE_18970689,12.0848926,-1.581677,576
SHAPE_18970689,12.0834396,-1.582766,577
SHAPE_18970689,12.0833078,-1.5828641,578
SHAPE_18970689,12.0820433,-1.5838052,579
SHAPE_18970689,12.0815512,-1.5841715,580
SHAPE_18970689,12.0813546,-1.5843117,581
SHAPE_18970689,12.0809852,-1.5845751,582
SHAPE_18970689,12.080228,-1.5851456,583
SHAPE_18970689,12.0784754,-1.5864419,584
SHAPE_18970689,12.0783869,-1.586508,585
SHAPE_18970689,12.0764259,-1.5879713,586
SHAPE_18970689,12.075559,-1.5886338,587
SHAPE_18970689,12.0755035,-1.5886762,588
SHAPE_18970689,12.0745265,-1.5894535,589
SHAPE_18970689,12.0718171,-1.5918039,590
SHAPE_18970689,12.0715973,-1.5920278,591
SHAPE_18970689,12.0712746,-1.5923014,592
SHAPE_18970689,12.0710913,-1.592431,593
SHAPE_18970689,12.0708754,-1.5925727,594
SHAPE_18970689,12.0706485,-1.5927073,595
SHAPE_18970689,12.0704025,-1.5928428,596
SHAPE_18970689,12.0703452,-1.5928661,597
SHAPE_18970689,12.0698583,-1.5930873,598
SHAPE_18970689,12.0696196,-1.5931892,599
SHAPE_18970689,12.0689429,-1.5934253,600
SHAPE_18970689,12.0683055,-1.5936077,601
SHAPE_18970689,12.0675619,-1.5938403,602
SHAPE_18970689,12.0671899,-1.593967,603
SHAPE_18970689,12.0666478,-1.5941575,604
SHAPE_18970689,12.0662029,-1.5943461,605
SHAPE_18970689,12.0661518,-1.5943675,606
SHAPE_18970689,12.065756,-1.594533,607
SHAPE_18970689,12.0655252,-1.5946671,608
SHAPE_18970689,12.0653075,-1.59482,609
SHAPE_18970689,12.0650898,-1.5949702,610
SHAPE_18970689,12.0647226,-1.5952894,611
SHAPE_18970689,12.0644817,-1.5955142,612
SHAPE_18970689,12.0636205,-1.5963781,613
SHAPE_18970689,12.0631068,-1.5968934,614
SHAPE_18970689,12.0625062,-1.5974868,615
SHAPE_18970689,12.0620395,-1.5979439,616
SHAPE_18970689,12.0616898,-1.5982957,617
SHAPE_18970689,12.061304,-1.5986476,618
SHAPE_18970689,12.0608733,-1.5990202,619
SHAPE_18970689,12.0600694,-1.5997151,620
SHAPE_18970689,12.0589966,-1.6005841,621
SHAPE_18970689,12.0584142,-1.6010937,622
SHAPE_18970689,12.0574962,-1.601834,623
SHAPE_18970689,12.0569369,-1.6022654,624
SHAPE_18970689,12.0567525,-1.6023941,625
SHAPE_18970689,12.0565799,-1.6025068,626
SHAPE_18970689,12.056384,-1.6026092,627
SHAPE_18970689,12.0561329,-1.6027187,628
SHAPE_18970689,12.0560684,-1.6027346,629
SHAPE_18970689,12.0558827,-1.6027803,630
SHAPE_18970689,12.055011,-1.6029003,631
SHAPE_18972670,12.055011,-1.6029003,1
SHAPE_18972670,12.0558827,-1.6027803,2
SHAPE_18972670,12.0560684,-1.6027346,3
SHAPE_18972670,12.0561329,-1.6027187,4
SHAPE_18972670,12.056384,-1.6026092,5
SHAPE_18972670,12.0565799,-1.6025068,6
SHAPE_18972670,12.0567525,-1.6023941,7
SHAPE_18972670,12.0569369,-1.6022654,8
SHAPE_18972670,12.0574962,-1.601834,9
SHAPE_18972670,12.0584142,-1.6010937,10
SHAPE_18972670,12.0589966,-1.6005841,11
SHAPE_18972670,12.0600694,-1.5997151,12
SHAPE_18972670,12.0608733,-1.5990202,13
SHAPE_18972670,12.061304,-1.5986476,14
SHAPE_18972670,12.0616898,-1.5982957,15
SHAPE_18972670,12.0620395,-1.5979439,16
SHAPE_18972670,12.0625062,-1.5974868,17
SHAPE_18972670,12.0631068,-1.5968934,18
SHAPE_18972670,12.0636205,-1.5963781,19
SHAPE_18972670,12.0644817,-1.5955142,20
SHAPE_18972670,12.0647226,-1.5952894,21
SHAPE_18972670,12.0650898,-1.5949702,22
SHAPE_18972670,12.0653075,-1.59482,23
SHAPE_18972670,12.0655252,-1.5946671,24
SHAPE_18972670,12.065756,-1.594533,25
SHAPE_18972670,12.0661518,-1.5943675,26
SHAPE_18972670,12.0662029,-1.5943461,27
SHAPE_18972670,12.0666478,-1.5941575,28
SHAPE_18972670,12.0671899,-1.593967,29
SHAPE_18972670,12.0675619,-1.5938403,30
SHAPE_18972670,12.0683055,-1.5936077,31
SHAPE_18972670,12.0689429,-1.5934253,32
SHAPE_18972670,12.0696196,-1.5931892,33
SHAPE_18972670,12.0698583,-1.5930873,34
SHAPE_18972670,12.0703452,-1.5928661,35
SHAPE_18972670,12.0704025,-1.5928428,36
SHAPE_18972670,12.0706485,-1.5927073,37
SHAPE_18972670,12.0708754,-1.5925727,38
SHAPE_18972670,12.0710913,-1.592431,39
SHAPE_18972670,12.0712746,-1.5923014,40
SHAPE_18972670,12.0715973,-1.5920278,41
SHAPE_18972670,12.0718171,-1.5918039,42
SHAPE_18972670,12.0745265,-1.5894535,43
SHAPE_18972670,12.0755035,-1.5886762,44
SHAPE_18972670,12.075559,-1.5886338,45
SHAPE_18972670,12.0764259,-1.5879713,46
SHAPE_18972670,12.0783869,-1.586508,47
SHAPE_18972670,12.0784754,-1.5864419,48
SHAPE_18972670,12.080228,-1.5851456,49
SHAPE_18972670,12.0809852,-1.5845751,50
SHAPE_18972670,12.0813546,-1.5843117,51
SHAPE_18972670,12.0815512,-1.5841715,52
SHAPE_18972670,12.0820433,-1.5838052,53
SHAPE_18972670,12.0833078,-1.5828641,54
SHAPE_18972670,12.0834396,-1.582766,55
SHAPE_18972670,12.0848926,-1.581677,56
SHAPE_18972670,12.0851024,-1.5815214,57
SHAPE_18972670,12.0855011,-1.5811888,58
SHAPE_18972670,12.0859778,-1.580791,59
SHAPE_18972670,12.0863561,-1.5804754,60
SHAPE_18972670,12.0863819,-1.5804511,61
SHAPE_18972670,12.0864432,-1.5803936,62
SHAPE_18972670,12.0865502,-1.580293,63
SHAPE_18972670,12.0866971,-1.5801642,64
SHAPE_18972670,12.0871324,-1.5797359,65
SHAPE_18972670,12.0876675,-1.5792094,66
SHAPE_18972670,12.0877986,-1.579086,67
SHAPE_18972670,12.0879403,-1.5789358,68
SHAPE_18972670,12.0882571,-1.5785856,69
SHAPE_18972670,12.089367,-1.5773586,70
SHAPE_18972670,12.0901231,-1.5765191,71
SHAPE_18972670,12.0905892,-1.5760511,72
SHAPE_18972670,12.0907846,-1.5758674,73
SHAPE_18972670,12.09221,-1.5745906,74
SHAPE_18972670,12.0923601,-1.5744387,75
SHAPE_18972670,12.09245,-1.5743478,76
SHAPE_18972670,12.0925772,-1.5742084,77
SHAPE_18972670,12.0927739,-1.5739844,78
SHAPE_18972670,12.0929745,-1.5737524,79
SHAPE_18972670,12.0934246,-1.5732477,80
SHAPE_18972670,12.0942361,-1.5723308,81
SHAPE_18972670,12.0944302,-1.5721355,82
SHAPE_18972670,12.0944954,-1.5720602,83
SHAPE_18972670,12.0948559,-1.571644,84
SHAPE_18972670,12.0966423,-1.5695763,85
SHAPE_18972670,12.096723,-1.5694797,86
SHAPE_18972670,12.0968417,-1.5693297,87
SHAPE_18972670,12.0969971,-1.5691323,88
SHAPE_18972670,12.0972453,-1.5687994,89
SHAPE_18972670,12.0974065,-1.5685649,90
SHAPE_18972670,12.0974856,-1.5684524,91
SHAPE_18972670,12.0975421,-1.5683718,92
SHAPE_18972670,12.0976006,-1.5682886,93
SHAPE_18972670,12.0976321,-1.5682202,94
SHAPE_18972670,12.0976937,-1.568086,95
SHAPE_18972670,12.0977187,-1.5680311,96
SHAPE_18972670,12.0977277,-1.5680153,97
SHAPE_18972670,12.0977645,-1.5679506,98
SHAPE_18972670,12.0977829,-1.5679162,99
SHAPE_18972670,12.0978512,-1.5677841,100
SHAPE_18972670,12.0978891,-1.5677009,101
SHAPE_18972670,12.097903,-1.5676476,102
SHAPE_18972670,12.0979816,-1.567674,103
SHAPE_18972670,12.0983672,-1.5677736,104
SHAPE_18972670,12.0984793,-1.5677999,105
SHAPE_18972670,12.0985402,-1.5678124,106
SHAPE_18972670,12.0986275,-1.5678303,107
SHAPE_18972670,12.0988739,-1.5678888,108
SHAPE_18972670,12.0989042,-1.567896,109
SHAPE_18972670,12.0990143,-1.5679134,110
SHAPE_18972670,12.0992281,-1.5679376,111
SHAPE_18972670,12.0992998,-1.5679436,112
SHAPE_18972670,12.0994523,-1.5679564,113
SHAPE_18972670,12.0996844,-1.5679738,114
SHAPE_18972670,12.0999925,-1.5679859,115
SHAPE_18972670,12.1001884,-1.567987,116
SHAPE_18972670,12.1017112,-1.5680237,117
SHAPE_18972670,12.102067,-1.5680281,118
SHAPE_18972670,12.102383,-1.568032,119
SHAPE_18972670,12.1031496,-1.5680415,120
SHAPE_18972670,12.1032878,-1.5680444,121
SHAPE_18972670,12.103828,-1.5680556,122
SHAPE_18972670,12.1043291,-1.568066,123
SHAPE_18972670,12.1044797,-1.5680691,124
SHAPE_18972670,12.1047565,-1.5680609,125
SHAPE_18972670,12.1050004,-1.5680537,126
SHAPE_18972670,12.1058147,-1.5679939,127
SHAPE_18972670,12.1064861,-1.5679269,128
SHAPE_18972670,12.1073659,-1.5678209,129
SHAPE_18972670,12.1079407,-1.5677356,130
SHAPE_18972670,12.108415,-1.5676653,131
SHAPE_18972670,12.1084443,-1.5676607,132
SHAPE_18972670,12.1097642,-1.5674521,133
SHAPE_18972670,12.1104933,-1.5673462,134
SHAPE_18972670,12.1115478,-1.5671782,135
SHAPE_18972670,12.1152139,-1.5665941,136
SHAPE_18972670,12.1161912,-1.566392,137
SHAPE_18972670,12.1164958,-1.5663173,138
SHAPE_18972670,12.1170438,-1.5661829,139
SHAPE_18972670,12.1196352,-1.5654752,140
SHAPE_18972670,12.1209019,-1.5651293,141
SHAPE_18972670,12.1209649,-1.5651112,142
SHAPE_18972670,12.1212263,-1.565036,143
SHAPE_18972670,12.121825,-1.5648638,144
SHAPE_18972670,12.1240296,-1.564272,145
SHAPE_18972670,12.1251832,-1.5639623,146
SHAPE_18972670,12.1255579,-1.5638673,147
SHAPE_18972670,12.1263538,-1.5636997,148
SHAPE_18972670,12.1272,-1.5635367,149
SHAPE_18972670,12.127252,-1.5635267,150
SHAPE_18972670,12.1273417,-1.5635112,151
SHAPE_18972670,12.1273765,-1.5635052,152
SHAPE_18972670,12.1275785,-1.563473,153
SHAPE_18972670,12.1285723,-1.5633188,154
SHAPE_18972670,12.1304719,-1.5630235,155
SHAPE_18972670,12.1306754,-1.5629876,156
SHAPE_18972670,12.1311596,-1.5629126,157
SHAPE_18972670,12.1320406,-1.5627707,158
SHAPE_18972670,12.1328877,-1.5626342,159
SHAPE_18972670,12.1333365,-1.5625619,160
SHAPE_18972670,12.1333797,-1.5625549,161
SHAPE_18972670,12.1339679,-1.5624602,162
SHAPE_18972670,12.1343063,-1.5624057,163
SHAPE_18972670,12.1346586,-1.5623602,164
SHAPE_18972670,12.1349825,-1.5623184,165
SHAPE_18972670,12.1354559,-1.5622295,166
SHAPE_18972670,12.1356517,-1.5621927,167
SHAPE_18972670,12.1365525,-1.5620075,168
SHAPE_18972670,12.1366117,-1.561997,169
SHAPE_18972670,12.1373111,-1.561849,170
SHAPE_18972670,12.137683,-1.5617691,171
SHAPE_18972670,12.1377277,-1.5617595,172
SHAPE_18972670,12.1377774,-1.5617488,173
SHAPE_18972670,12.1380913,-1.5616814,174
SHAPE_18972670,12.1409246,-1.5610108,175
SHAPE_18972670,12.1413166,-1.5609237,176
SHAPE_18972670,12.1420179,-1.5607678,177
SHAPE_18972670,12.1424087,-1.5606809,178
SHAPE_18972670,12.1426821,-1.5606071,179
SHAPE_18972670,12.1427365,-1.5605924,180
SHAPE_18972670,12.1434546,-1.5604153,181
SHAPE_18972670,12.1435415,-1.5603939,182
SHAPE_18972670,12.1439453,-1.5602973,183
SHAPE_18972670,12.1440058,-1.5602822,184
SHAPE_18972670,12.1441217,-1.5602533,185
SHAPE_18972670,12.1460732,-1.5597662,186
SHAPE_18972670,12.1460957,-1.5597611,187
SHAPE_18972670,12.1478641,-1.559343,188
SHAPE_18972670,12.1480451,-1.5593057,189
SHAPE_18972670,12.1481652,-1.5592775,190
SHAPE_18972670,12.1482745,-1.5592539,191
SHAPE_18972670,12.1487622,-1.5591681,192
SHAPE_18972670,12.1495515,-1.5590688,193
SHAPE_18972670,12.1498777,-1.5590422,194
SHAPE_18972670,12.1502411,-1.5590126,195
SHAPE_18972670,12.1509124,-1.5589857,196
SHAPE_18972670,12.1510645,-1.5589831,197
SHAPE_18972670,12.1523434,-1.5589802,198
SHAPE_18972670,12.153899,-1.5590035,199
SHAPE_18972670,12.1562904,-1.5590258,200
SHAPE_18972670,12.1567569,-1.5590315,201
SHAPE_18972670,12.1578989,-1.5590454,202
SHAPE_18972670,12.158329,-1.5590501,203
SHAPE_18972670,12.1584679,-1.5590528,204
SHAPE_18972670,12.1590938,-1.5590358,205
SHAPE_18972670,12.1591422,-1.559036,206
SHAPE_18972670,12.1602832,-1.5590204,207
SHAPE_18972670,12.1613123,-1.5589707,208
SHAPE_18972670,12.1620179,-1.5589136,209
SHAPE_18972670,12.1620889,-1.5589079,210
SHAPE_18972670,12.1628344,-1.5588313,211
SHAPE_18972670,12.1633711,-1.5587658,212
SHAPE_18972670,12.1635503,-1.5587423,213
SHAPE_18972670,12.1638904,-1.5586978,214
SHAPE_18972670,12.1646818,-1.5585627,215
SHAPE_18972670,12.1650222,-1.5585045,216
SHAPE_18972670,12.1662062,-1.55825,217
SHAPE_18972670,12.1664211,-1.5581944,218
SHAPE_18972670,12.1665052,-1.5581726,219
SHAPE_18972670,12.1668343,-1.5580908,220
SHAPE_18972670,12.1669842,-1.5580536,221
SHAPE_18972670,12.16751,-1.5579184,222
SHAPE_18972670,12.1679453,-1.5578072,223
SHAPE_18972670,12.1679835,-1.5577984,224
SHAPE_18972670,12.1681968,-1.5576875,225
SHAPE_18972670,12.1683935,-1.5576124,226
SHAPE_18972670,12.1688449,-1.5574728,227
SHAPE_18972670,12.1694737,-1.5572959,228
SHAPE_18972670,12.1698224,-1.557202,229
SHAPE_18972670,12.1700532,-1.5571404,230
SHAPE_18972670,12.1701673,-1.5571176,231
SHAPE_18972670,12.1703547,-1.5571001,232
SHAPE_18972670,12.1705616,-1.5570926,233
SHAPE_18972670,12.1706262,-1.5570772,234
SHAPE_18972670,12.1709597,-1.5569975,235
SHAPE_18972670,12.1711596,-1.5569486,236
SHAPE_18972670,12.1713437,-1.5569056,237
SHAPE_18972670,12.1717056,-1.5568214,238
SHAPE_18972670,12.1725117,-1.5566596,239
SHAPE_18972670,12.1736465,-1.5564537,240
SHAPE_18972670,12.1747814,-1.5562448,241
SHAPE_18972670,12.1763842,-1.5559523,242
SHAPE_18972670,12.1765719,-1.5559181,243
SHAPE_18972670,12.1777484,-1.5557111,244
SHAPE_18972670,12.1778704,-1.5556892,245
SHAPE_18972670,12.1786356,-1.5555521,246
SHAPE_18972670,12.1788245,-1.5555183,247
SHAPE_18972670,12.1792201,-1.555442,248
SHAPE_18972670,12.1822149,-1.5549076,249
SHAPE_18972670,12.1827659,-1.5548083,250
SHAPE_18972670,12.1833796,-1.5547002,251
SHAPE_18972670,12.1835237,-1.5546717,252
SHAPE_18972670,12.1844702,-1.5545026,253
SHAPE_18972670,12.1871217,-1.5540288,254
SHAPE_18972670,12.1872628,-1.5540031,255
SHAPE_18972670,12.1881294,-1.5538466,256
SHAPE_18972670,12.1889815,-1.5536908,257
SHAPE_18972670,12.1894456,-1.5536132,258
SHAPE_18972670,12.1899136,-1.5535153,259
SHAPE_18972670,12.1907323,-1.5533197,260
SHAPE_18972670,12.1911922,-1.5531999,261
SHAPE_18972670,12.1916439,-1.553058,262
SHAPE_18972670,12.1920687,-1.5529161,263
SHAPE_18972670,12.1926343,-1.5527092,264
SHAPE_18972670,12.1926963,-1.5526819,265
SHAPE_18972670,12.1933165,-1.5524234,266
SHAPE_18972670,12.1933672,-1.5524021,267
SHAPE_18972670,12.1937124,-1.5522534,268
SHAPE_18972670,12.1940402,-1.552101,269
SHAPE_18972670,12.1944399,-1.5519087,270
SHAPE_18972670,12.1949164,-1.5516465,271
SHAPE_18972670,12.1952998,-1.5514138,272
SHAPE_18972670,12.195469,-1.5513123,273
SHAPE_18972670,12.1957,-1.5511738,274
SHAPE_18972670,12.1960151,-1.5509826,275
SHAPE_18972670,12.1960899,-1.5509313,276
SHAPE_18972670,12.1961335,-1.550902,277
SHAPE_18972670,12.1967155,-1.5505113,278
SHAPE_18972670,12.1973579,-1.5501036,279
SHAPE_18972670,12.1977249,-1.5498501,280
SHAPE_18972670,12.1982534,-1.5495104,281
SHAPE_18972670,12.1982895,-1.5494863,282
SHAPE_18972670,12.1983121,-1.5494706,283
SHAPE_18972670,12.1983358,-1.5494532,284
SHAPE_18972670,12.1990368,-1.5489818,285
SHAPE_18972670,12.1991815,-1.5488936,286
SHAPE_18972670,12.2000046,-1.5483491,287
SHAPE_18972670,12.200607,-1.5479507,288
SHAPE_18972670,12.2016285,-1.5472729,289
SHAPE_18972670,12.2017725,-1.5471796,290
SHAPE_18972670,12.2020102,-1.5470256,291
SHAPE_18972670,12.202875,-1.5464558,292
SHAPE_18972670,12.2034659,-1.5460625,293
SHAPE_18972670,12.2040863,-1.5456592,294
SHAPE_18972670,12.2046997,-1.5452582,295
SHAPE_18972670,12.2056335,-1.5446355,296
SHAPE_18972670,12.2063904,-1.5441444,297
SHAPE_18972670,12.2070808,-1.5437097,298
SHAPE_18972670,12.2071452,-1.54367,299
SHAPE_18972670,12.207211,-1.543632,300
SHAPE_18972670,12.2076891,-1.5433463,301
SHAPE_18972670,12.2077839,-1.5432862,302
SHAPE_18972670,12.2080493,-1.543124,303
SHAPE_18972670,12.2084243,-1.5428972,304
SHAPE_18972670,12.2085211,-1.5428427,305
SHAPE_18972670,12.2089789,-1.5425781,306
SHAPE_18972670,12.2092148,-1.5424433,307
SHAPE_18972670,12.2094212,-1.5423285,308
SHAPE_18972670,12.2094694,-1.542302,309
SHAPE_18972670,12.2096442,-1.5422058,310
SHAPE_18972670,12.209776,-1.5421262,311
SHAPE_18972670,12.209914,-1.5420422,312
SHAPE_18972670,12.2100713,-1.5419473,313
SHAPE_18972670,12.2103781,-1.5417718,314
SHAPE_18972670,12.210403,-1.5417576,315
SHAPE_18972670,12.2106575,-1.5416184,316
SHAPE_18972670,12.210918,-1.5414741,317
SHAPE_18972670,12.2110038,-1.5414229,318
SHAPE_18972670,12.211252,-1.5412821,319
SHAPE_18972670,12.2114919,-1.5411445,320
SHAPE_18972670,12.2118611,-1.5409327,321
SHAPE_18972670,12.2123185,-1.540665,322
SHAPE_18972670,12.2123516,-1.5406456,323
SHAPE_18972670,12.2128034,-1.540382,324
SHAPE_18972670,12.2136054,-1.5399206,325
SHAPE_18972670,12.2136943,-1.5398678,326
SHAPE_18972670,12.2146487,-1.5393322,327
SHAPE_18972670,12.2149945,-1.5391333,328
SHAPE_18972670,12.215389,-1.5389022,329
SHAPE_18972670,12.2156774,-1.5387313,330
SHAPE_18972670,12.2160437,-1.5385207,331
SHAPE_18972670,12.2163256,-1.5383518,332
SHAPE_18972670,12.2166807,-1.5381482,333
SHAPE_18972670,12.2168127,-1.5380724,334
SHAPE_18972670,12.2171155,-1.5378559,335
SHAPE_18972670,12.2176031,-1.5375362,336
SHAPE_18972670,12.2184859,-1.5369656,337
SHAPE_18972670,12.2196231,-1.5362138,338
SHAPE_18972670,12.2200968,-1.5358987,339
SHAPE_18972670,12.2208131,-1.535435,340
SHAPE_18972670,12.2210193,-1.5353359,341
SHAPE_18972670,12.2212875,-1.5353054,342
SHAPE_18972670,12.2213843,-1.5352916,343
SHAPE_18972670,12.2214026,-1.53522,344
SHAPE_18972670,12.2214405,-1.5351568,345
SHAPE_18972670,12.2214946,-1.5351076,346
SHAPE_18972670,12.2215546,-1.5350783,347
SHAPE_18972670,12.2216201,-1.5350664,348
SHAPE_18972670,12.2216862,-1.5350728,349
SHAPE_18972670,12.221763,-1.5351059,350
SHAPE_18972670,12.221886,-1.5349557,351
SHAPE_18972670,12.2219771,-1.5348543,352
SHAPE_18972670,12.2221191,-1.5347555,353
SHAPE_18972670,12.2223248,-1.5346596,354
SHAPE_18972670,12.2231832,-1.534303,355
SHAPE_18972670,12.224207,-1.5339301,356
SHAPE_18972670,12.2249333,-1.533697,357
SHAPE_18972670,12.2253863,-1.5335681,358
SHAPE_18972670,12.2260099,-1.5333804,359
SHAPE_18972670,12.226113,-1.5333339,360
SHAPE_18972670,12.2271059,-1.5329528,361
SHAPE_18972670,12.2274725,-1.532802,362
SHAPE_18972670,12.2277973,-1.5326617,363
SHAPE_18972670,12.2282497,-1.5324922,364
SHAPE_18972670,12.2285642,-1.5323699,365
SHAPE_18972670,12.2286664,-1.5323296,366
SHAPE_18972670,12.2287066,-1.5323119,367
SHAPE_18972670,12.2287753,-1.5322881,368
SHAPE_18972670,12.2293159,-1.5320785,369
SHAPE_18972670,12.2297865,-1.5318874,370
SHAPE_18972670,12.2299241,-1.5318344,371
SHAPE_18972670,12.2305391,-1.5315876,372
SHAPE_18972670,12.231251,-1.5313062,373
SHAPE_18972670,12.2326945,-1.5307349,374
SHAPE_18972670,12.2333914,-1.5304577,375
SHAPE_18972670,12.2341348,-1.5301615,376
SHAPE_18972670,12.2347862,-1.5298987,377
SHAPE_18972670,12.235234,-1.529726,378
SHAPE_18972670,12.2357167,-1.5295348,379
SHAPE_18972670,12.236519,-1.5292155,380
SHAPE_18972670,12.2367482,-1.5291256,381
SHAPE_18972670,12.2370022,-1.5290268,382
SHAPE_18972670,12.2372396,-1.5289292,383
SHAPE_18972670,12.2380217,-1.5286234,384
SHAPE_18972670,12.2384214,-1.5284838,385
SHAPE_18972670,12.2389533,-1.5283341,386
SHAPE_18972670,12.2391314,-1.5282901,387
SHAPE_18972670,12.2396253,-1.5281863,388
SHAPE_18972670,12.2397454,-1.5281658,389
SHAPE_18972670,12.239883,-1.5281497,390
SHAPE_18972670,12.2401631,-1.5281201,391
SHAPE_18972670,12.2403702,-1.5280929,392
SHAPE_18972670,12.2404898,-1.5280838,393
SHAPE_18972670,12.2407994,-1.5280602,394
SHAPE_18972670,12.2411213,-1.5280502,395
SHAPE_18972670,12.2412985,-1.5280531,396
SHAPE_18972670,12.2419313,-1.528093,397
SHAPE_18972670,12.2422748,-1.5281281,398
SHAPE_18972670,12.2425636,-1.5281531,399
SHAPE_18972670,12.2431071,-1.5282168,400
SHAPE_18972670,12.2436652,-1.5282807,401
SHAPE_18972670,12.244107,-1.5283292,402
SHAPE_18972670,12.2441876,-1.528338,403
SHAPE_18972670,12.2442628,-1.5283463,404
SHAPE_18972670,12.2445319,-1.5283758,405
SHAPE_18972670,12.2446367,-1.5283873,406
SHAPE_18972670,12.2454623,-1.5284751,407
SHAPE_18972670,12.2460695,-1.5285446,408
SHAPE_18972670,12.2464465,-1.5285815,409
SHAPE_18972670,12.2467901,-1.5286159,410
SHAPE_18972670,12.2475565,-1.5287024,411
SHAPE_18972670,12.2479397,-1.5287407,412
SHAPE_18972670,12.2490903,-1.5288789,413
SHAPE_18972670,12.2493533,-1.5289083,414
SHAPE_18972670,12.2497614,-1.5289538,415
SHAPE_18972670,12.250466,-1.5290335,416
SHAPE_18972670,12.2508887,-1.5290799,417
SHAPE_18972670,12.2510914,-1.5291022,418
SHAPE_18972670,12.251233,-1.529118,419
SHAPE_18972670,12.2513556,-1.5291322,420
SHAPE_18972670,12.2521257,-1.5292213,421
SHAPE_18972670,12.2523051,-1.5292421,422
SHAPE_18972670,12.2536717,-1.5294009,423
SHAPE_18972670,12.2540257,-1.5294395,424
SHAPE_18972670,12.255069,-1.5295533,425
SHAPE_18972670,12.255282,-1.5295578,426
SHAPE_18972670,12.2554169,-1.5295771,427
SHAPE_18972670,12.2564386,-1.5296795,428
SHAPE_18972670,12.2577855,-1.5298251,429
SHAPE_18972670,12.2582486,-1.5298752,430
SHAPE_18972670,12.2583171,-1.5298826,431
SHAPE_18972670,12.2588969,-1.5299416,432
SHAPE_18972670,12.2597928,-1.5300328,433
SHAPE_18972670,12.2607745,-1.5301433,434
SHAPE_18972670,12.2615486,-1.5302043,435
SHAPE_18972670,12.2616754,-1.5302224,436
SHAPE_18972670,12.262195,-1.530265,437
SHAPE_18972670,12.2626072,-1.5302951,438
SHAPE_18972670,12.2630523,-1.5303252,439
SHAPE_18972670,12.2631114,-1.530329,440
SHAPE_18972670,12.2633968,-1.5303452,441
SHAPE_18972670,12.2634524,-1.5303483,442
SHAPE_18972670,12.2637824,-1.5303634,443
SHAPE_18972670,12.2645073,-1.5303967,444
SHAPE_18972670,12.2651514,-1.5304263,445
SHAPE_18972670,12.2652289,-1.5304278,446
SHAPE_18972670,12.2667621,-1.5304582,447
SHAPE_18972670,12.2681563,-1.5304493,448
SHAPE_18972670,12.2683009,-1.5304443,449
SHAPE_18972670,12.2688769,-1.5304253,450
SHAPE_18972670,12.2689685,-1.5304228,451
SHAPE_18972670,12.2697652,-1.5303961,452
SHAPE_18972670,12.2714182,-1.5302979,453
SHAPE_18972670,12.2715168,-1.5302886,454
SHAPE_18972670,12.2716492,-1.5302819,455
SHAPE_18972670,12.2721747,-1.5302552,456
SHAPE_18972670,12.2728733,-1.5302226,457
SHAPE_18972670,12.2742846,-1.5301315,458
SHAPE_18972670,12.2750053,-1.5300876,459
SHAPE_18972670,12.2753185,-1.5300699,460
SHAPE_18972670,12.2758597,-1.5300393,461
SHAPE_18972670,12.276279,-1.5300169,462
SHAPE_18972670,12.2764874,-1.5300058,463
SHAPE_18972670,12.276967,-1.5299729,464
SHAPE_18972670,12.2785053,-1.5299128,465
SHAPE_18972670,12.2785424,-1.5299114,466
SHAPE_18972670,12.2789536,-1.5298945,467
SHAPE_18972670,12.2794964,-1.5298522,468
SHAPE_18972670,12.2796724,-1.5298412,469
SHAPE_18972670,12.2798537,-1.52983,470
SHAPE_18972670,12.2802575,-1.529808,471
SHAPE_18972670,12.2802843,-1.5298065,472
SHAPE_18972670,12.2803113,-1.5298046,473
SHAPE_18972670,12.2813108,-1.5297332,474
SHAPE_18972670,12.2818443,-1.5297087,475
SHAPE_18972670,12.2827876,-1.5296653,476
SHAPE_18972670,12.2843306,-1.5296127,477
SHAPE_18972670,12.2846078,-1.5295967,478
SHAPE_18972670,12.2859181,-1.5295451,479
SHAPE_18972670,12.2864399,-1.5295163,480
SHAPE_18972670,12.2864832,-1.5295136,481
SHAPE_18972670,12.2867691,-1.5295064,482
SHAPE_18972670,12.2870295,-1.5294972,483
SHAPE_18972670,12.2890194,-1.5294539,484
SHAPE_18972670,12.2899371,-1.5294135,485
SHAPE_18972670,12.2908068,-1.5293785,486
SHAPE_18972670,12.2928136,-1.5292977,487
SHAPE_18972670,12.2931944,-1.5292913,488
SHAPE_18972670,12.2951616,-1.5292039,489
SHAPE_18972670,12.2953177,-1.5292012,490
SHAPE_18972670,12.2954979,-1.5291998,491
SHAPE_18972670,12.2977382,-1.5291156,492
SHAPE_18972670,12.2980136,-1.5291052,493
SHAPE_18972670,12.2987867,-1.5290643,494
SHAPE_18972670,12.2994973,-1.5290438,495
SHAPE_18972670,12.2995763,-1.5290406,496
SHAPE_18972670,12.300129,-1.5290185,497
SHAPE_18972670,12.3006776,-1.5289978,498
SHAPE_18972670,12.3008436,-1.5289915,499
SHAPE_18972670,12.3010201,-1.5289848,500
SHAPE_18972670,12.3018347,-1.5289595,501
SHAPE_18972670,12.3022883,-1.5289448,502
SHAPE_18972670,12.3033674,-1.5289097,503
SHAPE_18972670,12.3045366,-1.5288556,504
SHAPE_18972670,12.3046947,-1.5288515,505
SHAPE_18972670,12.3048467,-1.5288509,506
SHAPE_18972670,12.3051289,-1.5288478,507
SHAPE_18972670,12.3056863,-1.5288229,508
SHAPE_18972670,12.3057618,-1.5288205,509
SHAPE_18972670,12.3063953,-1.5287963,510
SHAPE_18972670,12.307747,-1.5287591,511
SHAPE_18972670,12.3082052,-1.5287474,512
SHAPE_18972670,12.3085969,-1.5287398,513
SHAPE_18972670,12.3094111,-1.5287077,514
SHAPE_18972670,12.3094739,-1.5287059,515
SHAPE_18972670,12.3095998,-1.5287023,516
SHAPE_18972670,12.3100273,-1.5286841,517
SHAPE_18972670,12.3100587,-1.5286828,518
SHAPE_18972670,12.3108354,-1.5286478,519
SHAPE_18972670,12.3119637,-1.5286157,520
SHAPE_18972670,12.3120356,-1.5286132,521
SHAPE_18972670,12.3125228,-1.5286013,522
SHAPE_18972670,12.3145813,-1.5285367,523
SHAPE_18972670,12.3150106,-1.5285237,524
SHAPE_18972670,12.3155113,-1.5285024,525
SHAPE_18972670,12.3160463,-1.5284797,526
SHAPE_18972670,12.3163272,-1.5284691,527
SHAPE_18972670,12.316421,-1.5284655,528
SHAPE_18972670,12.3165148,-1.5284647,529
SHAPE_18972670,12.3174499,-1.5284506,530
SHAPE_18972670,12.3175415,-1.5284568,531
SHAPE_18972670,12.3176489,-1.5284568,532
SHAPE_18972670,12.3177749,-1.5284606,533
SHAPE_18972670,12.3180013,-1.5284587,534
SHAPE_18972670,12.3183237,-1.5284624,535
SHAPE_18972670,12.3189106,-1.528469,536
SHAPE_18972670,12.3192344,-1.52847,537
SHAPE_18972670,12.3194014,-1.528472,538
SHAPE_18972670,12.3198841,-1.528472,539
SHAPE_18972670,12.3205636,-1.52847,540
SHAPE_18972670,12.320608,-1.5284687,541
SHAPE_18972670,12.3209453,-1.528459,542
SHAPE_18972670,12.3213597,-1.5284336,543
SHAPE_18972670,12.3214114,-1.5284296,544
SHAPE_18972670,12.3216885,-1.5284117,545
SHAPE_18972670,12.3219317,-1.52838,546
SHAPE_18972670,12.322355,-1.5283248,547
SHAPE_18972670,12.3226055,-1.5282965,548
SHAPE_18972670,12.322797,-1.5282696,549
SHAPE_18972670,12.3235762,-1.528145,550
SHAPE_18972670,12.3240597,-1.5280514,551
SHAPE_18972670,12.3242053,-1.5280267,552
SHAPE_18972670,12.3246563,-1.5279473,553
SHAPE_18972670,12.3251604,-1.5278487,554
SHAPE_18972670,12.3253703,-1.5278129,555
SHAPE_18972670,12.3258961,-1.5276939,556
SHAPE_18972670,12.3263538,-1.5275946,557
SHAPE_18972670,12.3269106,-1.5274666,558
SHAPE_18972670,12.3273097,-1.5273636,559
SHAPE_18972670,12.3274281,-1.527333,560
SHAPE_18972670,12.3290748,-1.5269498,561
SHAPE_18972670,12.3295526,-1.5268378,562
SHAPE_18972670,12.3300095,-1.5267281,563
SHAPE_18972670,12.3303802,-1.5266344,564
SHAPE_18972670,12.330694,-1.5265569,565
SHAPE_18972670,12.3316292,-1.5263261,566
SHAPE_18972670,12.3319276,-1.5262627,567
SHAPE_18972670,12.3320362,-1.5262319,568
SHAPE_18972670,12.332126,-1.5261918,569
SHAPE_18972670,12.3321908,-1.5261649,570
SHAPE_18972670,12.332257,-1.5261234,571
SHAPE_18972670,12.3324351,-1.5259859,572
SHAPE_18972670,12.3325089,-1.5259264,573
SHAPE_18972670,12.3326258,-1.525737,574
SHAPE_18972670,12.3327225,-1.5255425,575
SHAPE_18972670,12.3327502,-1.5254004,576
SHAPE_18972670,12.3328078,-1.5250276,577
SHAPE_18972670,12.3328122,-1.5247805,578
SHAPE_18972670,12.332816,-1.5245622,579
SHAPE_18972670,12.3328408,-1.5237279,580
SHAPE_18972670,12.3328445,-1.5232654,581
SHAPE_18972670,12.3328374,-1.5225935,582
SHAPE_18972670,12.3328448,-1.521752,583
SHAPE_18972670,12.332849,-1.5201719,584
SHAPE_18972670,12.3328524,-1.5200477,585
SHAPE_18972670,12.332857,-1.5199324,586
SHAPE_18972670,12.3328747,-1.5179694,587
SHAPE_18972670,12.3328724,-1.5178276,588
SHAPE_18972670,12.3329075,-1.516945,589
SHAPE_18972670,12.3329102,-1.5168572,590
SHAPE_18972670,12.3329029,-1.5165262,591
SHAPE_18972670,12.3328935,-1.5162795,592
SHAPE_18972670,12.3329005,-1.5157593,593
SHAPE_18972670,12.3329877,-1.5157591,594
SHAPE_18972670,12.3345246,-1.5157565,595
SHAPE_18972670,12.3345233,-1.5159953,596
SHAPE_18972670,12.3345218,-1.516246,597
SHAPE_18972670,12.3345213,-1.5163305,598
