shape_id,shape_pt_lat,shape_pt_lon,shape_pt_sequence
SHAPE_8897178,12.2273782,-2.4531676,1
SHAPE_8897178,12.2273099,-2.4536687,2
SHAPE_8897178,12.227251,-2.4540227,3
SHAPE_8897178,12.2271084,-2.4547264,4
SHAPE_8897178,12.2270286,-2.4551386,5
SHAPE_8897178,12.2268901,-2.4557853,6
SHAPE_8897178,12.2267903,-2.4561959,7
SHAPE_8897178,12.2273782,-2.4531676,8
SHAPE_8897178,12.2273886,-2.4530978,9
SHAPE_8897178,12.2274728,-2.4525315,10
SHAPE_8897178,12.2274852,-2.4524485,11
SHAPE_8897178,12.2276204,-2.4515394,12
SHAPE_8897178,12.2276276,-2.4514912,13
SHAPE_8897178,12.2279221,-2.4495112,14
SHAPE_8897178,12.2279288,-2.4494646,15
SHAPE_8897178,12.2280228,-2.4488124,16
SHAPE_8897178,12.2280301,-2.4487615,17
SHAPE_8897178,12.2281997,-2.4475841,18
SHAPE_8897178,12.2282068,-2.4475346,19
SHAPE_8897178,12.2282887,-2.446966,20
SHAPE_8897178,12.2283236,-2.4467239,21
SHAPE_8897178,12.2289089,-2.4429297,22
SHAPE_8897178,12.229189,-2.4413746,23
SHAPE_8897178,12.2292855,-2.4409743,24
SHAPE_8897178,12.2297534,-2.4392556,25
SHAPE_8897178,12.2300255,-2.4382564,26
SHAPE_8897178,12.2302523,-2.4375119,27
SHAPE_8897178,12.2304591,-2.4368388,28
SHAPE_8897178,12.230656,-2.4361861,29
SHAPE_8897178,12.2309649,-2.4350668,30
SHAPE_8897178,12.2314142,-2.4334435,31
SHAPE_8897178,12.2315984,-2.4328494,32
SHAPE_8897178,12.2318769,-2.4318262,33
SHAPE_8897178,12.2323877,-2.4300567,34
SHAPE_8897178,12.2325223,-2.4296488,35
SHAPE_8897178,12.2331075,-2.4278993,36
SHAPE_8897178,12.2332191,-2.427546,37
SHAPE_8897178,12.23336,-2.4271692,38
SHAPE_8897178,12.2341519,-2.424886,39
SHAPE_8897178,12.2346638,-2.4234138,40
SHAPE_8897178,12.2347574,-2.4231446,41
SHAPE_8897178,12.2352,-2.4218621,42
SHAPE_8897178,12.2352505,-2.4217158,43
SHAPE_8897178,12.2360157,-2.4194986,44
SHAPE_8897178,12.2361752,-2.4190652,45
SHAPE_8897178,12.2363404,-2.4185774,46
SHAPE_8897178,12.2365415,-2.417979,47
SHAPE_8897178,12.2371346,-2.4162036,48
SHAPE_8897178,12.2373582,-2.4155432,49
SHAPE_8897178,12.2379904,-2.4136247,50
SHAPE_8897178,12.2382635,-2.4130981,51
SHAPE_8897178,12.2382972,-2.4129863,52
SHAPE_8897178,12.2383954,-2.4127395,53
SHAPE_8897178,12.2385134,-2.4124204,54
SHAPE_8897178,12.2387985,-2.411557,55
SHAPE_8897178,12.2390121,-2.4108888,56
SHAPE_8897178,12.2390847,-2.4107194,57
SHAPE_8897178,12.2393207,-2.4100386,58
SHAPE_8897178,12.2395042,-2.4095088,59
SHAPE_8897178,12.2399302,-2.4082804,60
SHAPE_8897178,12.2450389,-2.3864164,61
SHAPE_8897178,12.2452774,-2.386419,62
SHAPE_8897178,12.245862,-2.3863794,63
SHAPE_8897178,12.2466082,-2.3861701,64
SHAPE_8897178,12.246786,-2.3861172,65
SHAPE_8897178,12.2470232,-2.3860945,66
SHAPE_8897178,12.2472709,-2.3861092,67
SHAPE_8897178,12.247415,-2.3861414,68
SHAPE_8897178,12.2475362,-2.386172,69
SHAPE_8897178,12.2476168,-2.3861863,70
SHAPE_8897178,12.2474647,-2.386654,71
SHAPE_8897178,12.2474434,-2.386709,72
SHAPE_8897178,12.2468424,-2.3884573,73
SHAPE_8897178,12.2467014,-2.3889003,74
SHAPE_8897178,12.2464439,-2.3895907,75
SHAPE_8897178,12.2461625,-2.3903861,76
SHAPE_8897178,12.2458826,-2.391177,77
SHAPE_8897178,12.2456171,-2.3918853,78
SHAPE_8897178,12.2453391,-2.3926257,79
SHAPE_8897178,12.2449263,-2.3938617,80
SHAPE_8897178,12.2448357,-2.3941215,81
SHAPE_8897178,12.2447636,-2.3943261,82
SHAPE_8897178,12.2446002,-2.3947895,83
SHAPE_8897178,12.2443456,-2.3955721,84
SHAPE_8897178,12.2442775,-2.3957719,85
SHAPE_8897178,12.2441019,-2.3962668,86
SHAPE_8897178,12.2439269,-2.3967113,87
SHAPE_8897178,12.243667,-2.3974461,88
SHAPE_8897178,12.2426775,-2.4002459,89
SHAPE_8897178,12.242622,-2.4004191,90
SHAPE_8897178,12.2426012,-2.400485,91
SHAPE_8897178,12.2425543,-2.4006198,92
SHAPE_8897178,12.2422124,-2.4016026,93
SHAPE_8897178,12.2419105,-2.4024841,94
SHAPE_8897178,12.2417166,-2.4030595,95
SHAPE_8897178,12.2412118,-2.4045643,96
SHAPE_8897178,12.2410783,-2.4049558,97
SHAPE_8897178,12.2476168,-2.3861863,98
SHAPE_8897178,12.2477961,-2.3856462,99
SHAPE_8897178,12.2479639,-2.3851753,100
SHAPE_8897178,12.2480746,-2.3848532,101
SHAPE_8897178,12.2482608,-2.3843116,102
SHAPE_8897178,12.2483877,-2.3839424,103
SHAPE_8897178,12.2484976,-2.3836416,104
SHAPE_8897178,12.2486097,-2.3832968,105
SHAPE_8897178,12.2487481,-2.382894,106
SHAPE_8897178,12.2490354,-2.3821094,107
SHAPE_8897178,12.2492214,-2.3815174,108
SHAPE_8897178,12.2492958,-2.3812975,109
SHAPE_8897178,12.2494078,-2.3809752,110
SHAPE_8897178,12.2497018,-2.3801198,111
SHAPE_8897178,12.2498612,-2.3796563,112
SHAPE_8897178,12.2501371,-2.3789182,113
SHAPE_8897178,12.2503245,-2.3783925,114
SHAPE_8897178,12.2505027,-2.3778708,115
SHAPE_8897178,12.2506325,-2.3774859,116
SHAPE_8897178,12.2506954,-2.3773102,117
SHAPE_8897178,12.2508953,-2.376802,118
SHAPE_8897178,12.2510479,-2.3763762,119
SHAPE_8897178,12.2511443,-2.3760858,120
SHAPE_8897178,12.2511934,-2.3759329,121
SHAPE_8897178,12.2512262,-2.3758216,122
SHAPE_8897178,12.2512412,-2.3757277,123
SHAPE_8897178,12.2512504,-2.3756573,124
SHAPE_8897178,12.2512537,-2.3755373,125
SHAPE_8897178,12.2512504,-2.3754575,126
SHAPE_8897178,12.2512445,-2.3753737,127
SHAPE_8897178,12.2511876,-2.3746823,128
SHAPE_8897178,12.2511783,-2.3745945,129
SHAPE_8897178,12.2511548,-2.374476,130
SHAPE_8897178,12.2511497,-2.3744329,131
SHAPE_8897178,12.2511233,-2.3743082,132
SHAPE_8897178,12.2511037,-2.3741293,133
SHAPE_8897178,12.2510813,-2.3738754,134
SHAPE_8897178,12.2510316,-2.3733534,135
SHAPE_8897178,12.2510292,-2.3733277,136
SHAPE_8897178,12.2510041,-2.3730636,137
SHAPE_8897178,12.2509448,-2.3724411,138
SHAPE_8897178,12.2509132,-2.3720783,139
SHAPE_8897178,12.2509004,-2.3719317,140
SHAPE_8897178,12.2508845,-2.371749,141
SHAPE_8897178,12.2506707,-2.3695085,142
SHAPE_8897178,12.2505198,-2.3678185,143
SHAPE_8897178,12.2505181,-2.3677006,144
SHAPE_8897178,12.2505172,-2.3676328,145
SHAPE_8897178,12.2505178,-2.3674659,146
SHAPE_8897178,12.2505414,-2.3672862,147
SHAPE_8897178,12.2506974,-2.3666666,148
SHAPE_8897178,12.2508444,-2.3660901,149
SHAPE_8897178,12.2508892,-2.3659279,150
SHAPE_8897178,12.2509765,-2.3656118,151
SHAPE_8897178,12.2509909,-2.3655647,152
SHAPE_8897178,12.2510063,-2.3655073,153
SHAPE_8897178,12.251158,-2.364964,154
SHAPE_8897178,12.2512926,-2.3644412,155
SHAPE_8897178,12.2513332,-2.364293,156
SHAPE_8897178,12.2513917,-2.3640796,157
SHAPE_8897178,12.2516003,-2.3633181,158
SHAPE_8897178,12.2517438,-2.3627834,159
SHAPE_8897178,12.2520061,-2.3617773,160
SHAPE_8897178,12.2520774,-2.3615136,161
SHAPE_8897178,12.2521953,-2.361077,162
SHAPE_8897178,12.2525531,-2.3597526,163
SHAPE_8897178,12.252683,-2.3592576,164
SHAPE_8897178,12.2526991,-2.3592015,165
SHAPE_8897178,12.2527037,-2.3591765,166
SHAPE_8897178,12.2527088,-2.3591486,167
SHAPE_8897178,12.2527131,-2.3591167,168
SHAPE_8897178,12.2527238,-2.3590188,169
SHAPE_8897178,12.2527284,-2.3589163,170
SHAPE_8897178,12.2527389,-2.3587217,171
SHAPE_8897178,12.2527432,-2.3585511,172
SHAPE_8897178,12.2527693,-2.3577334,173
SHAPE_8897178,12.2527887,-2.3571612,174
SHAPE_8897178,12.2528037,-2.3566627,175
SHAPE_8897178,12.2528252,-2.3559122,176
SHAPE_8897178,12.25285,-2.3552629,177
SHAPE_8897178,12.2528565,-2.3550761,178
SHAPE_8897178,12.2528629,-2.3548898,179
SHAPE_8897178,12.2528701,-2.3546663,180
SHAPE_8897178,12.2528715,-2.3546224,181
SHAPE_8897178,12.2529403,-2.3526394,182
SHAPE_8897178,12.252965,-2.3517921,183
SHAPE_8897178,12.2529771,-2.3514296,184
SHAPE_8897178,12.2529898,-2.3509723,185
SHAPE_8897178,12.2530011,-2.350633,186
SHAPE_8897178,12.2530078,-2.3504325,187
SHAPE_8897178,12.2530391,-2.3494939,188
SHAPE_8897178,12.2531375,-2.349639,189
SHAPE_8897178,12.2533021,-2.3498373,190
SHAPE_8897179,12.2530391,-2.3494939,1
SHAPE_8897179,12.2530078,-2.3504325,2
SHAPE_8897179,12.2530011,-2.350633,3
SHAPE_8897179,12.2529898,-2.3509723,4
SHAPE_8897179,12.2529771,-2.3514296,5
SHAPE_8897179,12.252965,-2.3517921,6
SHAPE_8897179,12.2529403,-2.3526394,7
SHAPE_8897179,12.2528715,-2.3546224,8
SHAPE_8897179,12.2528701,-2.3546663,9
SHAPE_8897179,12.2528629,-2.3548898,10
SHAPE_8897179,12.2528565,-2.3550761,11
SHAPE_8897179,12.25285,-2.3552629,12
SHAPE_8897179,12.2528252,-2.3559122,13
SHAPE_8897179,12.2528037,-2.3566627,14
SHAPE_8897179,12.2527887,-2.3571612,15
SHAPE_8897179,12.2527693,-2.3577334,16
SHAPE_8897179,12.2527432,-2.3585511,17
SHAPE_8897179,12.2527389,-2.3587217,18
SHAPE_8897179,12.2527284,-2.3589163,19
SHAPE_8897179,12.2527238,-2.3590188,20
SHAPE_8897179,12.2527131,-2.3591167,21
SHAPE_8897179,12.2527088,-2.3591486,22
SHAPE_8897179,12.2527037,-2.3591765,23
SHAPE_8897179,12.2526991,-2.3592015,24
SHAPE_8897179,12.252683,-2.3592576,25
SHAPE_8897179,12.2525531,-2.3597526,26
SHAPE_8897179,12.2521953,-2.361077,27
SHAPE_8897179,12.2520774,-2.3615136,28
SHAPE_8897179,12.2520061,-2.3617773,29
SHAPE_8897179,12.2517438,-2.3627834,30
SHAPE_8897179,12.2516003,-2.3633181,31
SHAPE_8897179,12.2513917,-2.3640796,32
SHAPE_8897179,12.2513332,-2.364293,33
SHAPE_8897179,12.2512926,-2.3644412,34
SHAPE_8897179,12.251158,-2.364964,35
SHAPE_8897179,12.2510063,-2.3655073,36
SHAPE_8897179,12.2514725,-2.3656285,37
SHAPE_8897179,12.2521658,-2.3658173,38
SHAPE_8897179,12.2525174,-2.3659194,39
SHAPE_8897179,12.2534757,-2.3661742,40
SHAPE_8897179,12.2544255,-2.366411,41
SHAPE_8897179,12.2548389,-2.3665325,42
SHAPE_8897179,12.2549701,-2.3665711,43
SHAPE_8897179,12.254939,-2.3666613,44
SHAPE_8897179,12.2548797,-2.3666473,45
SHAPE_8897179,12.254403,-2.3665237,46
SHAPE_8897179,12.2534463,-2.3663038,47
SHAPE_8897179,12.2524895,-2.366049,48
SHAPE_8897179,12.2521357,-2.3659417,49
SHAPE_8897179,12.2514493,-2.365757,50
SHAPE_8897179,12.2509765,-2.3656118,51
SHAPE_8897179,12.2508892,-2.3659279,52
SHAPE_8897179,12.2508444,-2.3660901,53
SHAPE_8897179,12.2506974,-2.3666666,54
SHAPE_8897179,12.2505414,-2.3672862,55
SHAPE_8897179,12.2505178,-2.3674659,56
SHAPE_8897179,12.2505172,-2.3676328,57
SHAPE_8897179,12.2505181,-2.3677006,58
SHAPE_8897179,12.2505198,-2.3678185,59
SHAPE_8897179,12.2506707,-2.3695085,60
SHAPE_8897179,12.2508845,-2.371749,61
SHAPE_8897179,12.2509004,-2.3719317,62
SHAPE_8897179,12.2509132,-2.3720783,63
SHAPE_8897179,12.2509448,-2.3724411,64
SHAPE_8897179,12.2510041,-2.3730636,65
SHAPE_8897179,12.2510292,-2.3733277,66
SHAPE_8897179,12.2510316,-2.3733534,67
SHAPE_8897179,12.2510813,-2.3738754,68
SHAPE_8897179,12.2511037,-2.3741293,69
SHAPE_8897179,12.2511233,-2.3743082,70
SHAPE_8897179,12.2511497,-2.3744329,71
SHAPE_8897179,12.2511548,-2.374476,72
SHAPE_8897179,12.2511783,-2.3745945,73
SHAPE_8897179,12.2511876,-2.3746823,74
SHAPE_8897179,12.2512445,-2.3753737,75
SHAPE_8897179,12.2512504,-2.3754575,76
SHAPE_8897179,12.2512537,-2.3755373,77
SHAPE_8897179,12.2512504,-2.3756573,78
SHAPE_8897179,12.2512412,-2.3757277,79
SHAPE_8897179,12.2512262,-2.3758216,80
SHAPE_8897179,12.2511934,-2.3759329,81
SHAPE_8897179,12.2511443,-2.3760858,82
SHAPE_8897179,12.2510479,-2.3763762,83
SHAPE_8897179,12.2508953,-2.376802,84
SHAPE_8897179,12.2506954,-2.3773102,85
SHAPE_8897179,12.2506325,-2.3774859,86
SHAPE_8897179,12.2505027,-2.3778708,87
SHAPE_8897179,12.2503245,-2.3783925,88
SHAPE_8897179,12.2501371,-2.3789182,89
SHAPE_8897179,12.2498612,-2.3796563,90
SHAPE_8897179,12.2497018,-2.3801198,91
SHAPE_8897179,12.2494078,-2.3809752,92
SHAPE_8897179,12.2492958,-2.3812975,93
SHAPE_8897179,12.2492214,-2.3815174,94
SHAPE_8897179,12.2490354,-2.3821094,95
SHAPE_8897179,12.2487481,-2.382894,96
SHAPE_8897179,12.2486097,-2.3832968,97
SHAPE_8897179,12.2484976,-2.3836416,98
SHAPE_8897179,12.2483877,-2.3839424,99
SHAPE_8897179,12.2482608,-2.3843116,100
SHAPE_8897179,12.2480746,-2.3848532,101
SHAPE_8897179,12.2479639,-2.3851753,102
SHAPE_8897179,12.2477961,-2.3856462,103
SHAPE_8897179,12.2476168,-2.3861863,104
SHAPE_8897179,12.2475362,-2.386172,105
SHAPE_8897179,12.247415,-2.3861414,106
SHAPE_8897179,12.2472709,-2.3861092,107
SHAPE_8897179,12.2470232,-2.3860945,108
SHAPE_8897179,12.246786,-2.3861172,109
SHAPE_8897179,12.2466082,-2.3861701,110
SHAPE_8897179,12.2474434,-2.386709,111
SHAPE_8897179,12.2468424,-2.3884573,112
SHAPE_8897179,12.2467014,-2.3889003,113
SHAPE_8897179,12.2464439,-2.3895907,114
SHAPE_8897179,12.2461625,-2.3903861,115
SHAPE_8897179,12.2458826,-2.391177,116
SHAPE_8897179,12.2456171,-2.3918853,117
SHAPE_8897179,12.2453391,-2.3926257,118
SHAPE_8897179,12.2449263,-2.3938617,119
SHAPE_8897179,12.2448357,-2.3941215,120
SHAPE_8897179,12.2447636,-2.3943261,121
SHAPE_8897179,12.2446002,-2.3947895,122
SHAPE_8897179,12.2443456,-2.3955721,123
SHAPE_8897179,12.2442775,-2.3957719,124
SHAPE_8897179,12.2441019,-2.3962668,125
SHAPE_8897179,12.2439269,-2.3967113,126
SHAPE_8897179,12.243667,-2.3974461,127
SHAPE_8897179,12.2426775,-2.4002459,128
SHAPE_8897179,12.242622,-2.4004191,129
SHAPE_8897179,12.2426012,-2.400485,130
SHAPE_8897179,12.2425543,-2.4006198,131
SHAPE_8897179,12.2422124,-2.4016026,132
SHAPE_8897179,12.2419105,-2.4024841,133
SHAPE_8897179,12.2417166,-2.4030595,134
SHAPE_8897179,12.2412118,-2.4045643,135
SHAPE_8897179,12.2410783,-2.4049558,136
SHAPE_8897179,12.2409131,-2.4054399,137
SHAPE_8897179,12.2405816,-2.4064779,138
SHAPE_8897179,12.2404308,-2.4069299,139
SHAPE_8897179,12.2402841,-2.4073175,140
SHAPE_8897179,12.2399302,-2.4082804,141
SHAPE_8897179,12.2395042,-2.4095088,142
SHAPE_8897179,12.2393207,-2.4100386,143
SHAPE_8897179,12.2390847,-2.4107194,144
SHAPE_8897179,12.2390121,-2.4108888,145
SHAPE_8897179,12.2387985,-2.411557,146
SHAPE_8897179,12.2387366,-2.4117449,147
SHAPE_8897179,12.2386012,-2.4121736,148
SHAPE_8897179,12.2385134,-2.4124204,149
SHAPE_8897179,12.2383954,-2.4127395,150
SHAPE_8897179,12.2382972,-2.4129863,151
SHAPE_8897179,12.2382635,-2.4130981,152
SHAPE_8897179,12.2379904,-2.4136247,153
SHAPE_8897179,12.2379288,-2.4138326,154
SHAPE_8897179,12.2373582,-2.4155432,155
SHAPE_8897179,12.2371346,-2.4162036,156
SHAPE_8897179,12.2365415,-2.417979,157
SHAPE_8897179,12.2363404,-2.4185774,158
SHAPE_8897179,12.2361752,-2.4190652,159
SHAPE_8897179,12.2360157,-2.4194986,160
SHAPE_8897179,12.2352505,-2.4217158,161
SHAPE_8897179,12.2352,-2.4218621,162
SHAPE_8897179,12.2347574,-2.4231446,163
SHAPE_8897179,12.2346638,-2.4234138,164
SHAPE_8897179,12.2341519,-2.424886,165
SHAPE_8897179,12.23336,-2.4271692,166
SHAPE_8897179,12.2332191,-2.427546,167
SHAPE_8897179,12.2331075,-2.4278993,168
SHAPE_8897179,12.2325223,-2.4296488,169
SHAPE_8897179,12.2323877,-2.4300567,170
SHAPE_8897179,12.2318769,-2.4318262,171
SHAPE_8897179,12.2315984,-2.4328494,172
SHAPE_8897179,12.2314142,-2.4334435,173
SHAPE_8897179,12.2309649,-2.4350668,174
SHAPE_8897179,12.230656,-2.4361861,175
SHAPE_8897179,12.2304591,-2.4368388,176
SHAPE_8897179,12.2302523,-2.4375119,177
SHAPE_8897179,12.2300255,-2.4382564,178
SHAPE_8897179,12.2297534,-2.4392556,179
SHAPE_8897179,12.2292855,-2.4409743,180
SHAPE_8897179,12.229189,-2.4413746,181
SHAPE_8897179,12.2289089,-2.4429297,182
SHAPE_8897179,12.2283236,-2.4467239,183
SHAPE_8897179,12.2282887,-2.446966,184
SHAPE_8897179,12.2282068,-2.4475346,185
SHAPE_8897179,12.2281997,-2.4475841,186
SHAPE_8897179,12.2280301,-2.4487615,187
SHAPE_8897179,12.2280228,-2.4488124,188
SHAPE_8897179,12.2279288,-2.4494646,189
SHAPE_8897179,12.2279221,-2.4495112,190
SHAPE_8897179,12.2276276,-2.4514912,191
SHAPE_8897179,12.2276204,-2.4515394,192
SHAPE_8897179,12.2274852,-2.4524485,193
SHAPE_8897179,12.2274728,-2.4525315,194
SHAPE_8897179,12.2273886,-2.4530978,195
SHAPE_8897179,12.2273782,-2.4531676,196
SHAPE_8897179,12.2273099,-2.4536687,197
SHAPE_8897179,12.227251,-2.4540227,198
SHAPE_8897179,12.2271084,-2.4547264,199
SHAPE_8897179,12.2270286,-2.4551386,200
SHAPE_8897179,12.2268901,-2.4557853,201
SHAPE_8897179,12.2267903,-2.4561959,202
SHAPE_8897179,12.226782,-2.4562253,203
SHAPE_8897179,12.2266267,-2.4567771,204
SHAPE_8897179,12.2265356,-2.4570654,205
SHAPE_8897179,12.2264314,-2.4573951,206
SHAPE_8897179,12.2263394,-2.4576865,207
SHAPE_8897441,12.2559402,-2.3820645,1
SHAPE_8897441,12.2561486,-2.3826009,2
SHAPE_8897441,12.2562005,-2.3827529,3
SHAPE_8897441,12.2562875,-2.3830073,4
SHAPE_8897441,12.2567908,-2.3844744,5
SHAPE_8897441,12.2568301,-2.3845938,6
SHAPE_8897441,12.2570096,-2.3851088,7
SHAPE_8897441,12.2573307,-2.3860596,8
SHAPE_8897441,12.257484,-2.3865102,9
SHAPE_8897441,12.2576177,-2.3869193,10
SHAPE_8897441,12.2577147,-2.3871915,11
SHAPE_8897441,12.2579086,-2.387787,12
SHAPE_8897441,12.2580974,-2.38831,13
SHAPE_8897441,12.2584355,-2.389285,14
SHAPE_8897441,12.2586163,-2.3898509,15
SHAPE_8897441,12.2586995,-2.3900729,16
SHAPE_8897441,12.2587716,-2.3902693,17
SHAPE_8897441,12.2588863,-2.3906046,18
SHAPE_8897441,12.2589689,-2.3908091,19
SHAPE_8897441,12.2590678,-2.3910425,20
SHAPE_8897441,12.2591982,-2.3913583,21
SHAPE_8897441,12.2594944,-2.3918834,22
SHAPE_8897441,12.2595769,-2.3920094,23
SHAPE_8897441,12.2596792,-2.392167,24
SHAPE_8897441,12.2598047,-2.3923809,25
SHAPE_8897441,12.2599339,-2.3925762,26
SHAPE_8897441,12.2603226,-2.393087,27
SHAPE_8897441,12.2607669,-2.3937173,28
SHAPE_8897441,12.2612079,-2.3943617,29
SHAPE_8897441,12.26128,-2.394459,30
SHAPE_8897441,12.2613881,-2.3946071,31
SHAPE_8897441,12.2615152,-2.3947788,32
SHAPE_8897441,12.2618337,-2.3952019,33
SHAPE_8897441,12.2624103,-2.3960254,34
SHAPE_8897441,12.2631992,-2.397109,35
SHAPE_8897441,12.263747,-2.3978815,36
SHAPE_8897441,12.2640248,-2.3982744,37
SHAPE_8897441,12.2642791,-2.3986284,38
SHAPE_8897441,12.2644376,-2.3988631,39
SHAPE_8897441,12.265372,-2.4001466,40
SHAPE_8897441,12.2559402,-2.3820645,41
SHAPE_8897441,12.2554178,-2.3823544,42
SHAPE_8897441,12.2547129,-2.382713,43
SHAPE_8897441,12.2534088,-2.3833973,44
SHAPE_8897441,12.2531702,-2.3835193,45
SHAPE_8897441,12.2526753,-2.3837723,46
SHAPE_8897441,12.2521501,-2.3840409,47
SHAPE_8897441,12.251007,-2.3846254,48
SHAPE_8897441,12.2507221,-2.3847711,49
SHAPE_8897441,12.2505366,-2.3848659,50
SHAPE_8897441,12.2497828,-2.3852513,51
SHAPE_8897441,12.2495642,-2.3853631,52
SHAPE_8897441,12.2487729,-2.3857749,53
SHAPE_8897441,12.2482341,-2.3860784,54
SHAPE_8897441,12.2480271,-2.3861669,55
SHAPE_8897441,12.2479065,-2.386183,56
SHAPE_8897441,12.2477925,-2.3861923,57
SHAPE_8897441,12.247723,-2.3861929,58
SHAPE_8897441,12.2476168,-2.3861863,59
SHAPE_8897441,12.2477961,-2.3856462,60
SHAPE_8897441,12.2479639,-2.3851753,61
SHAPE_8897441,12.2480746,-2.3848532,62
SHAPE_8897441,12.2482608,-2.3843116,63
SHAPE_8897441,12.2483877,-2.3839424,64
SHAPE_8897441,12.2484976,-2.3836416,65
SHAPE_8897441,12.2486097,-2.3832968,66
SHAPE_8897441,12.2487481,-2.382894,67
SHAPE_8897441,12.2490354,-2.3821094,68
SHAPE_8897441,12.2492214,-2.3815174,69
SHAPE_8897441,12.2492958,-2.3812975,70
SHAPE_8897441,12.2494078,-2.3809752,71
SHAPE_8897441,12.2497018,-2.3801198,72
SHAPE_8897441,12.2498612,-2.3796563,73
SHAPE_8897441,12.2501371,-2.3789182,74
SHAPE_8897441,12.2503245,-2.3783925,75
SHAPE_8897441,12.2505027,-2.3778708,76
SHAPE_8897441,12.2506325,-2.3774859,77
SHAPE_8897441,12.2506954,-2.3773102,78
SHAPE_8897441,12.2508953,-2.376802,79
SHAPE_8897441,12.2510479,-2.3763762,80
SHAPE_8897441,12.2511443,-2.3760858,81
SHAPE_8897441,12.2511934,-2.3759329,82
SHAPE_8897441,12.2512262,-2.3758216,83
SHAPE_8897441,12.2512412,-2.3757277,84
SHAPE_8897441,12.2512504,-2.3756573,85
SHAPE_8897441,12.2512537,-2.3755373,86
SHAPE_8897441,12.2512504,-2.3754575,87
SHAPE_8897441,12.2512445,-2.3753737,88
SHAPE_8897441,12.2511876,-2.3746823,89
SHAPE_8897441,12.2511783,-2.3745945,90
SHAPE_8897441,12.2511548,-2.374476,91
SHAPE_8897441,12.2511497,-2.3744329,92
SHAPE_8897441,12.2511233,-2.3743082,93
SHAPE_8897441,12.2511037,-2.3741293,94
SHAPE_8897441,12.2510813,-2.3738754,95
SHAPE_8897441,12.2510316,-2.3733534,96
SHAPE_8897441,12.2510292,-2.3733277,97
SHAPE_8897441,12.2510041,-2.3730636,98
SHAPE_8897441,12.2509448,-2.3724411,99
SHAPE_8897441,12.2509132,-2.3720783,100
SHAPE_8897441,12.2509004,-2.3719317,101
SHAPE_8897441,12.2508845,-2.371749,102
SHAPE_8897441,12.2506707,-2.3695085,103
SHAPE_8897441,12.2505198,-2.3678185,104
SHAPE_8897441,12.2505181,-2.3677006,105
SHAPE_8897441,12.2505172,-2.3676328,106
SHAPE_8897441,12.2505178,-2.3674659,107
SHAPE_8897441,12.2505414,-2.3672862,108
SHAPE_8897441,12.2506974,-2.3666666,109
SHAPE_8897441,12.2508444,-2.3660901,110
SHAPE_8897441,12.2508892,-2.3659279,111
SHAPE_8897441,12.2509765,-2.3656118,112
SHAPE_8897441,12.2509909,-2.3655647,113
SHAPE_8897441,12.2510063,-2.3655073,114
SHAPE_8897441,12.251158,-2.364964,115
SHAPE_8897441,12.2512926,-2.3644412,116
SHAPE_8897441,12.2513332,-2.364293,117
SHAPE_8897441,12.2513917,-2.3640796,118
SHAPE_8897441,12.2516003,-2.3633181,119
SHAPE_8897441,12.2513473,-2.3632469,120
SHAPE_8897441,12.2511176,-2.3631822,121
SHAPE_8897441,12.2509549,-2.3631364,122
SHAPE_8897441,12.2505336,-2.3630193,123
SHAPE_8897441,12.2503102,-2.3629556,124
SHAPE_8897441,12.2495251,-2.3627366,125
SHAPE_8897441,12.2493788,-2.3635883,126
SHAPE_8897441,12.2493704,-2.3636345,127
SHAPE_8897441,12.2493415,-2.3637937,128
SHAPE_8897441,12.2492854,-2.3640541,129
SHAPE_8897441,12.2492408,-2.364179,130
SHAPE_8897441,12.2491845,-2.3642822,131
SHAPE_8897441,12.2490808,-2.3644008,132
SHAPE_8897441,12.2486742,-2.3642862,133
SHAPE_8897441,12.2484689,-2.3642257,134
SHAPE_8897441,12.2477488,-2.3640136,135
SHAPE_8897441,12.2476909,-2.3639837,136
SHAPE_8897441,12.2473941,-2.3638824,137
SHAPE_8897441,12.2472138,-2.3638281,138
SHAPE_8897441,12.246991,-2.3637544,139
SHAPE_8897441,12.2467859,-2.3636886,140
SHAPE_8897441,12.246552,-2.3636162,141
SHAPE_8897441,12.245858,-2.3634043,142
SHAPE_8897441,12.245322,-2.3632521,143
SHAPE_8897441,12.2451645,-2.3632196,144
SHAPE_8897441,12.2450022,-2.3631851,145
SHAPE_8897441,12.2448358,-2.3631582,146
SHAPE_8897441,12.2446392,-2.3631375,147
SHAPE_8897441,12.2444767,-2.3631294,148
SHAPE_8897441,12.2444046,-2.3631267,149
SHAPE_8897441,12.2443247,-2.3631254,150
SHAPE_8897441,12.2442093,-2.3631267,151
SHAPE_8897441,12.2440612,-2.3631348,152
SHAPE_8897441,12.2438738,-2.3631428,153
SHAPE_8897441,12.2437532,-2.3631562,154
SHAPE_8897441,12.2435999,-2.363167,155
SHAPE_8897441,12.242959,-2.3632166,156
SHAPE_8897441,12.2422749,-2.3632354,157
SHAPE_8897441,12.2419931,-2.3632608,158
SHAPE_8897441,12.2416248,-2.3632836,159
SHAPE_8897441,12.2412067,-2.363285,160
SHAPE_8897441,12.240942,-2.3633011,161
SHAPE_8897441,12.2402421,-2.3633426,162
SHAPE_8897441,12.2395095,-2.3633909,163
SHAPE_8897441,12.2391163,-2.3634204,164
SHAPE_8897441,12.2388856,-2.3634325,165
SHAPE_8897441,12.2386314,-2.3634566,166
SHAPE_8897441,12.2381398,-2.3634754,167
SHAPE_8897441,12.2379539,-2.3634873,168
SHAPE_8897441,12.2377323,-2.3635089,169
SHAPE_8897441,12.237153,-2.3635317,170
SHAPE_8897441,12.2366877,-2.3635599,171
SHAPE_8897441,12.2364413,-2.3635907,172
SHAPE_8897441,12.2360545,-2.3636279,173
SHAPE_8897441,12.235935,-2.3636377,174
SHAPE_8897441,12.2356575,-2.3636464,175
SHAPE_8897441,12.2352853,-2.3636873,176
SHAPE_8897441,12.2352158,-2.3636913,177
SHAPE_8897441,12.2347021,-2.3637383,178
SHAPE_8897441,12.2341096,-2.3637724,179
SHAPE_8897441,12.2337676,-2.3637946,180
SHAPE_8897441,12.2334446,-2.3638318,181
SHAPE_8897441,12.2332135,-2.3638428,182
SHAPE_8897441,12.232918,-2.3638569,183
SHAPE_8897441,12.2325775,-2.3638737,184
SHAPE_8897441,12.2324478,-2.3638751,185
SHAPE_8897441,12.2322498,-2.3638791,186
SHAPE_8897441,12.2321633,-2.3638791,187
SHAPE_8897441,12.2320454,-2.3638724,188
SHAPE_8897441,12.2319602,-2.3638643,189
SHAPE_8897441,12.231854,-2.3638442,190
SHAPE_8897441,12.231643,-2.3638,191
SHAPE_8897441,12.2313336,-2.3637268,192
SHAPE_8897441,12.2311216,-2.3636743,193
SHAPE_8897441,12.2309205,-2.3636114,194
SHAPE_8897441,12.2308806,-2.3635989,195
SHAPE_8897441,12.2306063,-2.3635036,196
SHAPE_8897441,12.2302858,-2.3633748,197
SHAPE_8897441,12.2302046,-2.36334,198
SHAPE_8897441,12.2301171,-2.3632962,199
SHAPE_8897441,12.2300196,-2.3632505,200
SHAPE_8897441,12.2286993,-2.3627177,201
SHAPE_8897441,12.2282012,-2.3625112,202
SHAPE_8897441,12.2279338,-2.3623958,203
SHAPE_8897441,12.2275694,-2.362259,204
SHAPE_8897441,12.2265313,-2.3618247,205
SHAPE_8897441,12.2252784,-2.3612854,206
SHAPE_8897441,12.2250556,-2.3611888,207
SHAPE_8897441,12.224007,-2.360765,208
SHAPE_8897441,12.2230685,-2.3603761,209
SHAPE_8897441,12.2224787,-2.3601401,210
SHAPE_8897441,12.2218863,-2.359896,211
SHAPE_8897441,12.2214321,-2.3597284,212
SHAPE_8897442,12.2214321,-2.3597284,1
SHAPE_8897442,12.2218863,-2.359896,2
SHAPE_8897442,12.2224787,-2.3601401,3
SHAPE_8897442,12.2230685,-2.3603761,4
SHAPE_8897442,12.224007,-2.360765,5
SHAPE_8897442,12.2250556,-2.3611888,6
SHAPE_8897442,12.2252784,-2.3612854,7
SHAPE_8897442,12.2265313,-2.3618247,8
SHAPE_8897442,12.2275694,-2.362259,9
SHAPE_8897442,12.2279338,-2.3623958,10
SHAPE_8897442,12.2282012,-2.3625112,11
SHAPE_8897442,12.2286993,-2.3627177,12
SHAPE_8897442,12.2300196,-2.3632505,13
SHAPE_8897442,12.2301171,-2.3632962,14
SHAPE_8897442,12.2302046,-2.36334,15
SHAPE_8897442,12.2302858,-2.3633748,16
SHAPE_8897442,12.2306063,-2.3635036,17
SHAPE_8897442,12.2308806,-2.3635989,18
SHAPE_8897442,12.2309205,-2.3636114,19
SHAPE_8897442,12.2311216,-2.3636743,20
SHAPE_8897442,12.2313336,-2.3637268,21
SHAPE_8897442,12.231643,-2.3638,22
SHAPE_8897442,12.231854,-2.3638442,23
SHAPE_8897442,12.2319602,-2.3638643,24
SHAPE_8897442,12.2320454,-2.3638724,25
SHAPE_8897442,12.2321633,-2.3638791,26
SHAPE_8897442,12.2322498,-2.3638791,27
SHAPE_8897442,12.2324478,-2.3638751,28
SHAPE_8897442,12.2325775,-2.3638737,29
SHAPE_8897442,12.232918,-2.3638569,30
SHAPE_8897442,12.2332135,-2.3638428,31
SHAPE_8897442,12.2334446,-2.3638318,32
SHAPE_8897442,12.2337676,-2.3637946,33
SHAPE_8897442,12.2341096,-2.3637724,34
SHAPE_8897442,12.2347021,-2.3637383,35
SHAPE_8897442,12.2352158,-2.3636913,36
SHAPE_8897442,12.2352853,-2.3636873,37
SHAPE_8897442,12.2356575,-2.3636464,38
SHAPE_8897442,12.235935,-2.3636377,39
SHAPE_8897442,12.2360545,-2.3636279,40
SHAPE_8897442,12.2364413,-2.3635907,41
SHAPE_8897442,12.2366877,-2.3635599,42
SHAPE_8897442,12.237153,-2.3635317,43
SHAPE_8897442,12.2377323,-2.3635089,44
SHAPE_8897442,12.2379539,-2.3634873,45
SHAPE_8897442,12.2381398,-2.3634754,46
SHAPE_8897442,12.2386314,-2.3634566,47
SHAPE_8897442,12.2388856,-2.3634325,48
SHAPE_8897442,12.2391163,-2.3634204,49
SHAPE_8897442,12.2395095,-2.3633909,50
SHAPE_8897442,12.2402421,-2.3633426,51
SHAPE_8897442,12.240942,-2.3633011,52
SHAPE_8897442,12.2412067,-2.363285,53
SHAPE_8897442,12.2416248,-2.3632836,54
SHAPE_8897442,12.2419931,-2.3632608,55
SHAPE_8897442,12.2422749,-2.3632354,56
SHAPE_8897442,12.242959,-2.3632166,57
SHAPE_8897442,12.2435999,-2.363167,58
SHAPE_8897442,12.2437532,-2.3631562,59
SHAPE_8897442,12.2438738,-2.3631428,60
SHAPE_8897442,12.2440612,-2.3631348,61
SHAPE_8897442,12.2442093,-2.3631267,62
SHAPE_8897442,12.2443247,-2.3631254,63
SHAPE_8897442,12.2444046,-2.3631267,64
SHAPE_8897442,12.2444767,-2.3631294,65
SHAPE_8897442,12.2446392,-2.3631375,66
SHAPE_8897442,12.2448358,-2.3631582,67
SHAPE_8897442,12.2450022,-2.3631851,68
SHAPE_8897442,12.2451645,-2.3632196,69
SHAPE_8897442,12.245322,-2.3632521,70
SHAPE_8897442,12.245858,-2.3634043,71
SHAPE_8897442,12.246552,-2.3636162,72
SHAPE_8897442,12.2467859,-2.3636886,73
SHAPE_8897442,12.246991,-2.3637544,74
SHAPE_8897442,12.2472138,-2.3638281,75
SHAPE_8897442,12.2473941,-2.3638824,76
SHAPE_8897442,12.2476909,-2.3639837,77
SHAPE_8897442,12.2477488,-2.3640136,78
SHAPE_8897442,12.2484689,-2.3642257,79
SHAPE_8897442,12.2486742,-2.3642862,80
SHAPE_8897442,12.2490808,-2.3644008,81
SHAPE_8897442,12.2491845,-2.3642822,82
SHAPE_8897442,12.2492408,-2.364179,83
SHAPE_8897442,12.2492854,-2.3640541,84
SHAPE_8897442,12.2493415,-2.3637937,85
SHAPE_8897442,12.2493704,-2.3636345,86
SHAPE_8897442,12.2493788,-2.3635883,87
SHAPE_8897442,12.2495251,-2.3627366,88
SHAPE_8897442,12.2503102,-2.3629556,89
SHAPE_8897442,12.2505336,-2.3630193,90
SHAPE_8897442,12.2509549,-2.3631364,91
SHAPE_8897442,12.2511176,-2.3631822,92
SHAPE_8897442,12.2513473,-2.3632469,93
SHAPE_8897442,12.2516003,-2.3633181,94
SHAPE_8897442,12.2513917,-2.3640796,95
SHAPE_8897442,12.2513332,-2.364293,96
SHAPE_8897442,12.2512926,-2.3644412,97
SHAPE_8897442,12.251158,-2.364964,98
SHAPE_8897442,12.2510063,-2.3655073,99
SHAPE_8897442,12.2514725,-2.3656285,100
SHAPE_8897442,12.2521658,-2.3658173,101
SHAPE_8897442,12.2525174,-2.3659194,102
SHAPE_8897442,12.2534757,-2.3661742,103
SHAPE_8897442,12.2544255,-2.366411,104
SHAPE_8897442,12.2548389,-2.3665325,105
SHAPE_8897442,12.2549701,-2.3665711,106
SHAPE_8897442,12.254939,-2.3666613,107
SHAPE_8897442,12.2548797,-2.3666473,108
SHAPE_8897442,12.254403,-2.3665237,109
SHAPE_8897442,12.2534463,-2.3663038,110
SHAPE_8897442,12.2524895,-2.366049,111
SHAPE_8897442,12.2521357,-2.3659417,112
SHAPE_8897442,12.2514493,-2.365757,113
SHAPE_8897442,12.2509765,-2.3656118,114
SHAPE_8897442,12.2508892,-2.3659279,115
SHAPE_8897442,12.2508444,-2.3660901,116
SHAPE_8897442,12.2506974,-2.3666666,117
SHAPE_8897442,12.2505414,-2.3672862,118
SHAPE_8897442,12.2505178,-2.3674659,119
SHAPE_8897442,12.2505172,-2.3676328,120
SHAPE_8897442,12.2505181,-2.3677006,121
SHAPE_8897442,12.2505198,-2.3678185,122
SHAPE_8897442,12.2506707,-2.3695085,123
SHAPE_8897442,12.2508845,-2.371749,124
SHAPE_8897442,12.2509004,-2.3719317,125
SHAPE_8897442,12.2509132,-2.3720783,126
SHAPE_8897442,12.2509448,-2.3724411,127
SHAPE_8897442,12.2510041,-2.3730636,128
SHAPE_8897442,12.2510292,-2.3733277,129
SHAPE_8897442,12.2510316,-2.3733534,130
SHAPE_8897442,12.2510813,-2.3738754,131
SHAPE_8897442,12.2511037,-2.3741293,132
SHAPE_8897442,12.2511233,-2.3743082,133
SHAPE_8897442,12.2511497,-2.3744329,134
SHAPE_8897442,12.2511548,-2.374476,135
SHAPE_8897442,12.2511783,-2.3745945,136
SHAPE_8897442,12.2511876,-2.3746823,137
SHAPE_8897442,12.2512445,-2.3753737,138
SHAPE_8897442,12.2512504,-2.3754575,139
SHAPE_8897442,12.2512537,-2.3755373,140
SHAPE_8897442,12.2512504,-2.3756573,141
SHAPE_8897442,12.2512412,-2.3757277,142
SHAPE_8897442,12.2512262,-2.3758216,143
SHAPE_8897442,12.2511934,-2.3759329,144
SHAPE_8897442,12.2511443,-2.3760858,145
SHAPE_8897442,12.2510479,-2.3763762,146
SHAPE_8897442,12.2508953,-2.376802,147
SHAPE_8897442,12.2506954,-2.3773102,148
SHAPE_8897442,12.2506325,-2.3774859,149
SHAPE_8897442,12.2505027,-2.3778708,150
SHAPE_8897442,12.2503245,-2.3783925,151
SHAPE_8897442,12.2501371,-2.3789182,152
SHAPE_8897442,12.2498612,-2.3796563,153
SHAPE_8897442,12.2497018,-2.3801198,154
SHAPE_8897442,12.2494078,-2.3809752,155
SHAPE_8897442,12.2492958,-2.3812975,156
SHAPE_8897442,12.2492214,-2.3815174,157
SHAPE_8897442,12.2490354,-2.3821094,158
SHAPE_8897442,12.2487481,-2.382894,159
SHAPE_8897442,12.2486097,-2.3832968,160
SHAPE_8897442,12.2484976,-2.3836416,161
SHAPE_8897442,12.2483877,-2.3839424,162
SHAPE_8897442,12.2482608,-2.3843116,163
SHAPE_8897442,12.2480746,-2.3848532,164
SHAPE_8897442,12.2479639,-2.3851753,165
SHAPE_8897442,12.2477961,-2.3856462,166
SHAPE_8897442,12.2476168,-2.3861863,167
SHAPE_8897442,12.247723,-2.3861929,168
SHAPE_8897442,12.2477925,-2.3861923,169
SHAPE_8897442,12.2479065,-2.386183,170
SHAPE_8897442,12.2480271,-2.3861669,171
SHAPE_8897442,12.2482341,-2.3860784,172
SHAPE_8897442,12.2487729,-2.3857749,173
SHAPE_8897442,12.2495642,-2.3853631,174
SHAPE_8897442,12.2497828,-2.3852513,175
SHAPE_8897442,12.2505366,-2.3848659,176
SHAPE_8897442,12.2507221,-2.3847711,177
SHAPE_8897442,12.251007,-2.3846254,178
SHAPE_8897442,12.2521501,-2.3840409,179
SHAPE_8897442,12.2526753,-2.3837723,180
SHAPE_8897442,12.2531702,-2.3835193,181
SHAPE_8897442,12.2534088,-2.3833973,182
SHAPE_8897442,12.2547129,-2.382713,183
SHAPE_8897442,12.2554178,-2.3823544,184
SHAPE_8897442,12.2559402,-2.3820645,185
SHAPE_8897442,12.2561486,-2.3826009,186
SHAPE_8897442,12.2562005,-2.3827529,187
SHAPE_8897442,12.2562875,-2.3830073,188
SHAPE_8897442,12.2567908,-2.3844744,189
SHAPE_8897442,12.2568301,-2.3845938,190
SHAPE_8897442,12.2570096,-2.3851088,191
SHAPE_8897442,12.2573307,-2.3860596,192
SHAPE_8897442,12.257484,-2.3865102,193
SHAPE_8897442,12.2576177,-2.3869193,194
SHAPE_8897442,12.2577147,-2.3871915,195
SHAPE_8897442,12.2579086,-2.387787,196
SHAPE_8897442,12.2580974,-2.38831,197
SHAPE_8897442,12.2584355,-2.389285,198
SHAPE_8897442,12.2586163,-2.3898509,199
SHAPE_8897442,12.2586995,-2.3900729,200
SHAPE_8897442,12.2587716,-2.3902693,201
SHAPE_8897442,12.2588863,-2.3906046,202
SHAPE_8897442,12.2589689,-2.3908091,203
SHAPE_8897442,12.2590678,-2.3910425,204
SHAPE_8897442,12.2591982,-2.3913583,205
SHAPE_8897442,12.2594944,-2.3918834,206
SHAPE_8897442,12.2595769,-2.3920094,207
SHAPE_8897442,12.2596792,-2.392167,208
SHAPE_8897442,12.2598047,-2.3923809,209
SHAPE_8897442,12.2599339,-2.3925762,210
SHAPE_8897442,12.2603226,-2.393087,211
SHAPE_8897442,12.2607669,-2.3937173,212
SHAPE_8897442,12.2612079,-2.3943617,213
SHAPE_8897442,12.26128,-2.394459,214
SHAPE_8897442,12.2613881,-2.3946071,215
SHAPE_8897442,12.2615152,-2.3947788,216
SHAPE_8897442,12.2618337,-2.3952019,217
SHAPE_8897442,12.2624103,-2.3960254,218
SHAPE_8897442,12.2631992,-2.397109,219
SHAPE_8897442,12.263747,-2.3978815,220
SHAPE_8897442,12.2640248,-2.3982744,221
SHAPE_8897442,12.2642791,-2.3986284,222
SHAPE_8897442,12.2644376,-2.3988631,223
SHAPE_8897442,12.265372,-2.4001466,224
SHAPE_8897442,12.2656564,-2.4005328,225
SHAPE_8897442,12.2663811,-2.401544,226
SHAPE_8897442,12.2669852,-2.4024117,227
SHAPE_8897442,12.267761,-2.4034685,228
SHAPE_8897442,12.2684857,-2.4044824,229
SHAPE_8897820,12.259328,-2.2909848,1
SHAPE_8897820,12.2598994,-2.2910307,2
SHAPE_8897820,12.2598038,-2.2915998,3
SHAPE_8897820,12.2596439,-2.292759,4
SHAPE_8897820,12.2595417,-2.2934844,5
SHAPE_8897820,12.2594574,-2.2940187,6
SHAPE_8897820,12.2593856,-2.294548,7
SHAPE_8897820,12.2592301,-2.2957596,8
SHAPE_8897820,12.259116,-2.2965953,9
SHAPE_8897820,12.2590309,-2.2971727,10
SHAPE_8897820,12.2589913,-2.2974544,11
SHAPE_8897820,12.2588301,-2.2985733,12
SHAPE_8897820,12.2586735,-2.2996534,13
SHAPE_8897820,12.2585244,-2.3007179,14
SHAPE_8897820,12.2583754,-2.3017201,15
SHAPE_8897820,12.2582479,-2.3026893,16
SHAPE_8897820,12.2581411,-2.3033808,17
SHAPE_8897820,12.2581017,-2.3036514,18
SHAPE_8897820,12.2580854,-2.3037613,19
SHAPE_8897820,12.2578887,-2.3050879,20
SHAPE_8897820,12.2578705,-2.3052342,21
SHAPE_8897820,12.2578127,-2.3055859,22
SHAPE_8897820,12.257691,-2.3064901,23
SHAPE_8897820,12.2575739,-2.3072667,24
SHAPE_8897820,12.2575633,-2.3073336,25
SHAPE_8897820,12.2575371,-2.3075382,26
SHAPE_8897820,12.257504,-2.3077973,27
SHAPE_8897820,12.2574647,-2.308045,28
SHAPE_8897820,12.2573871,-2.3085921,29
SHAPE_8897820,12.2573241,-2.3090896,30
SHAPE_8897820,12.257315,-2.3091593,31
SHAPE_8897820,12.2572193,-2.3098326,32
SHAPE_8897820,12.2571105,-2.3106399,33
SHAPE_8897820,12.2570103,-2.3112072,34
SHAPE_8897820,12.2570044,-2.3112615,35
SHAPE_8897820,12.2569834,-2.3114634,36
SHAPE_8897820,12.2569323,-2.3118509,37
SHAPE_8897820,12.2568563,-2.3123378,38
SHAPE_8897820,12.2567305,-2.313243,39
SHAPE_8897820,12.2565273,-2.3145781,40
SHAPE_8897820,12.2564107,-2.3153941,41
SHAPE_8897820,12.2563334,-2.315889,42
SHAPE_8897820,12.2562466,-2.316497,43
SHAPE_8897820,12.2562246,-2.3166816,44
SHAPE_8897820,12.2561538,-2.3172368,45
SHAPE_8897820,12.2561276,-2.317436,46
SHAPE_8897820,12.2560896,-2.3177075,47
SHAPE_8897820,12.2559893,-2.318327,48
SHAPE_8897820,12.2558958,-2.3190174,49
SHAPE_8897820,12.2558367,-2.3194537,50
SHAPE_8897820,12.2557187,-2.3202576,51
SHAPE_8897820,12.2556702,-2.320542,52
SHAPE_8897820,12.2556277,-2.3208417,53
SHAPE_8897820,12.2555285,-2.3214941,54
SHAPE_8897820,12.2554042,-2.3225074,55
SHAPE_8897820,12.2553518,-2.3228695,56
SHAPE_8897820,12.2551671,-2.3239849,57
SHAPE_8897820,12.2551361,-2.3242004,58
SHAPE_8897820,12.2550557,-2.3247453,59
SHAPE_8897820,12.2550255,-2.3249817,60
SHAPE_8897820,12.2549383,-2.3255734,61
SHAPE_8897820,12.2547354,-2.3269496,62
SHAPE_8897820,12.2546552,-2.3275311,63
SHAPE_8897820,12.2545864,-2.3280857,64
SHAPE_8897820,12.2545536,-2.3282918,65
SHAPE_8897820,12.2543574,-2.3296212,66
SHAPE_8897820,12.2543088,-2.3299376,67
SHAPE_8897820,12.2542388,-2.3304862,68
SHAPE_8897820,12.2542251,-2.3305531,69
SHAPE_8897820,12.2540819,-2.3316403,70
SHAPE_8897820,12.253959,-2.3323817,71
SHAPE_8897820,12.253921,-2.3326323,72
SHAPE_8897820,12.2538419,-2.3331878,73
SHAPE_8897820,12.2537324,-2.3339177,74
SHAPE_8897820,12.2536518,-2.334436,75
SHAPE_8897820,12.2535286,-2.3353199,76
SHAPE_8897820,12.2534944,-2.3355372,77
SHAPE_8897820,12.2534571,-2.3357897,78
SHAPE_8897820,12.2534069,-2.3361432,79
SHAPE_8897820,12.2533755,-2.3363703,80
SHAPE_8897820,12.2533322,-2.3366681,81
SHAPE_8897820,12.2532726,-2.3370476,82
SHAPE_8897820,12.2532536,-2.3372146,83
SHAPE_8897820,12.2532366,-2.337344,84
SHAPE_8897820,12.2532077,-2.3375499,85
SHAPE_8897820,12.2531575,-2.3378426,86
SHAPE_8897820,12.2531049,-2.3382197,87
SHAPE_8897820,12.253059,-2.3385289,88
SHAPE_8897820,12.2530072,-2.338893,89
SHAPE_8897820,12.2529507,-2.3392993,90
SHAPE_8897820,12.2528237,-2.3401362,91
SHAPE_8897820,12.2527189,-2.3408577,92
SHAPE_8897820,12.2526639,-2.3412547,93
SHAPE_8897820,12.252647,-2.341408,94
SHAPE_8897820,12.2526297,-2.341519,95
SHAPE_8897820,12.2526044,-2.3416836,96
SHAPE_8897820,12.252591,-2.3417707,97
SHAPE_8897820,12.2524891,-2.3424274,98
SHAPE_8897820,12.2524419,-2.3427433,99
SHAPE_8897820,12.2523826,-2.3431947,100
SHAPE_8897820,12.2522762,-2.343895,101
SHAPE_8897820,12.2522017,-2.344323,102
SHAPE_8897820,12.252172,-2.3445423,103
SHAPE_8897820,12.252148,-2.3447091,104
SHAPE_8897820,12.252118,-2.3449408,105
SHAPE_8897820,12.2520563,-2.3453924,106
SHAPE_8897820,12.2520239,-2.3455792,107
SHAPE_8897820,12.2519478,-2.3461773,108
SHAPE_8897820,12.2518742,-2.3466962,109
SHAPE_8897820,12.2517811,-2.3473518,110
SHAPE_8897820,12.25174,-2.3476356,111
SHAPE_8897820,12.2516632,-2.3481651,112
SHAPE_8897820,12.2516307,-2.3483897,113
SHAPE_8897820,12.2515472,-2.3489657,114
SHAPE_8897820,12.2514574,-2.349494,115
SHAPE_8897820,12.2512397,-2.3508993,116
SHAPE_8897820,12.2511071,-2.3517118,117
SHAPE_8897820,12.2510514,-2.3521122,118
SHAPE_8897820,12.2509918,-2.352541,119
SHAPE_8897820,12.2508922,-2.3532573,120
SHAPE_8897820,12.2507291,-2.3544011,121
SHAPE_8897820,12.2504313,-2.3565039,122
SHAPE_8897820,12.250194,-2.3580225,123
SHAPE_8897820,12.2501724,-2.3581609,124
SHAPE_8897820,12.2501419,-2.3583931,125
SHAPE_8897820,12.2500554,-2.3591115,126
SHAPE_8897820,12.2497812,-2.3610676,127
SHAPE_8897820,12.2497718,-2.3611801,128
SHAPE_8897820,12.2497042,-2.3616524,129
SHAPE_8897820,12.2496295,-2.3621236,130
SHAPE_8897820,12.2495251,-2.3627366,131
SHAPE_8897820,12.2503102,-2.3629556,132
SHAPE_8897820,12.2505336,-2.3630193,133
SHAPE_8897820,12.2509549,-2.3631364,134
SHAPE_8897820,12.2511176,-2.3631822,135
SHAPE_8897820,12.2513473,-2.3632469,136
SHAPE_8897820,12.2516003,-2.3633181,137
SHAPE_8897820,12.2513917,-2.3640796,138
SHAPE_8897820,12.2513332,-2.364293,139
SHAPE_8897820,12.2512926,-2.3644412,140
SHAPE_8897820,12.251158,-2.364964,141
SHAPE_8897820,12.2510063,-2.3655073,142
SHAPE_8897820,12.2509909,-2.3655647,143
SHAPE_8897820,12.2509765,-2.3656118,144
SHAPE_8897820,12.2508892,-2.3659279,145
SHAPE_8897820,12.2508444,-2.3660901,146
SHAPE_8897820,12.2506974,-2.3666666,147
SHAPE_8897820,12.2505414,-2.3672862,148
SHAPE_8897820,12.2505178,-2.3674659,149
SHAPE_8897820,12.2505172,-2.3676328,150
SHAPE_8897820,12.2505181,-2.3677006,151
SHAPE_8897820,12.2505198,-2.3678185,152
SHAPE_8897820,12.2506707,-2.3695085,153
SHAPE_8897820,12.2508845,-2.371749,154
SHAPE_8897820,12.2509004,-2.3719317,155
SHAPE_8897820,12.2509132,-2.3720783,156
SHAPE_8897820,12.2509448,-2.3724411,157
SHAPE_8897820,12.2510041,-2.3730636,158
SHAPE_8897820,12.2510292,-2.3733277,159
SHAPE_8897820,12.2510316,-2.3733534,160
SHAPE_8897820,12.2510813,-2.3738754,161
SHAPE_8897820,12.2511037,-2.3741293,162
SHAPE_8897820,12.2511233,-2.3743082,163
SHAPE_8897820,12.2511497,-2.3744329,164
SHAPE_8897820,12.2511548,-2.374476,165
SHAPE_8897820,12.2511783,-2.3745945,166
SHAPE_8897820,12.2511876,-2.3746823,167
SHAPE_8897820,12.2512445,-2.3753737,168
SHAPE_8897820,12.2512504,-2.3754575,169
SHAPE_8897820,12.2512537,-2.3755373,170
SHAPE_8897820,12.2512504,-2.3756573,171
SHAPE_8897820,12.2512412,-2.3757277,172
SHAPE_8897820,12.2512262,-2.3758216,173
SHAPE_8897820,12.2511934,-2.3759329,174
SHAPE_8897820,12.2511443,-2.3760858,175
SHAPE_8897820,12.2510479,-2.3763762,176
SHAPE_8897820,12.2508953,-2.376802,177
SHAPE_8897820,12.2506954,-2.3773102,178
SHAPE_8897820,12.2506325,-2.3774859,179
SHAPE_8897820,12.2505027,-2.3778708,180
SHAPE_8897820,12.2503245,-2.3783925,181
SHAPE_8897820,12.2501371,-2.3789182,182
SHAPE_8897820,12.2498612,-2.3796563,183
SHAPE_8897820,12.2497018,-2.3801198,184
SHAPE_8897820,12.2494078,-2.3809752,185
SHAPE_8897820,12.2492958,-2.3812975,186
SHAPE_8897820,12.2492214,-2.3815174,187
SHAPE_8897820,12.2490354,-2.3821094,188
SHAPE_8897820,12.2487481,-2.382894,189
SHAPE_8897820,12.2486097,-2.3832968,190
SHAPE_8897820,12.2484976,-2.3836416,191
SHAPE_8897820,12.2483877,-2.3839424,192
SHAPE_8897820,12.2482608,-2.3843116,193
SHAPE_8897820,12.2480746,-2.3848532,194
SHAPE_8897820,12.2479639,-2.3851753,195
SHAPE_8897820,12.2477961,-2.3856462,196
SHAPE_8897820,12.2476168,-2.3861863,197
SHAPE_8897820,12.2474647,-2.386654,198
SHAPE_8897820,12.2474434,-2.386709,199
SHAPE_8897820,12.247336,-2.3867543,200
SHAPE_8897820,12.2467393,-2.3869867,201
SHAPE_8897820,12.2464417,-2.3869091,202
SHAPE_8897820,12.2462285,-2.3868504,203
SHAPE_8897820,12.2461238,-2.3868216,204
SHAPE_8897821,12.2464417,-2.3869091,1
SHAPE_8897821,12.2467393,-2.3869867,2
SHAPE_8897821,12.247336,-2.3867543,3
SHAPE_8897821,12.2474434,-2.386709,4
SHAPE_8897821,12.2474647,-2.386654,5
SHAPE_8897821,12.2476168,-2.3861863,6
SHAPE_8897821,12.2475362,-2.386172,7
SHAPE_8897821,12.247415,-2.3861414,8
SHAPE_8897821,12.2472709,-2.3861092,9
SHAPE_8897821,12.2470232,-2.3860945,10
SHAPE_8897821,12.2476168,-2.3861863,11
SHAPE_8897821,12.2477961,-2.3856462,12
SHAPE_8897821,12.2479639,-2.3851753,13
SHAPE_8897821,12.2480746,-2.3848532,14
SHAPE_8897821,12.2482608,-2.3843116,15
SHAPE_8897821,12.2483877,-2.3839424,16
SHAPE_8897821,12.2484976,-2.3836416,17
SHAPE_8897821,12.2486097,-2.3832968,18
SHAPE_8897821,12.2487481,-2.382894,19
SHAPE_8897821,12.2490354,-2.3821094,20
SHAPE_8897821,12.2492214,-2.3815174,21
SHAPE_8897821,12.2492958,-2.3812975,22
SHAPE_8897821,12.2494078,-2.3809752,23
SHAPE_8897821,12.2497018,-2.3801198,24
SHAPE_8897821,12.2498612,-2.3796563,25
SHAPE_8897821,12.2501371,-2.3789182,26
SHAPE_8897821,12.2503245,-2.3783925,27
SHAPE_8897821,12.2505027,-2.3778708,28
SHAPE_8897821,12.2506325,-2.3774859,29
SHAPE_8897821,12.2506954,-2.3773102,30
SHAPE_8897821,12.2508953,-2.376802,31
SHAPE_8897821,12.2510479,-2.3763762,32
SHAPE_8897821,12.2511443,-2.3760858,33
SHAPE_8897821,12.2511934,-2.3759329,34
SHAPE_8897821,12.2512262,-2.3758216,35
SHAPE_8897821,12.2512412,-2.3757277,36
SHAPE_8897821,12.2512504,-2.3756573,37
SHAPE_8897821,12.2512537,-2.3755373,38
SHAPE_8897821,12.2512504,-2.3754575,39
SHAPE_8897821,12.2512445,-2.3753737,40
SHAPE_8897821,12.2511876,-2.3746823,41
SHAPE_8897821,12.2511783,-2.3745945,42
SHAPE_8897821,12.2511548,-2.374476,43
SHAPE_8897821,12.2511497,-2.3744329,44
SHAPE_8897821,12.2511233,-2.3743082,45
SHAPE_8897821,12.2511037,-2.3741293,46
SHAPE_8897821,12.2510813,-2.3738754,47
SHAPE_8897821,12.2510316,-2.3733534,48
SHAPE_8897821,12.2510292,-2.3733277,49
SHAPE_8897821,12.2510041,-2.3730636,50
SHAPE_8897821,12.2509448,-2.3724411,51
SHAPE_8897821,12.2509132,-2.3720783,52
SHAPE_8897821,12.2509004,-2.3719317,53
SHAPE_8897821,12.2508845,-2.371749,54
SHAPE_8897821,12.2506707,-2.3695085,55
SHAPE_8897821,12.2505198,-2.3678185,56
SHAPE_8897821,12.2505181,-2.3677006,57
SHAPE_8897821,12.2505172,-2.3676328,58
SHAPE_8897821,12.2505178,-2.3674659,59
SHAPE_8897821,12.2505414,-2.3672862,60
SHAPE_8897821,12.2506974,-2.3666666,61
SHAPE_8897821,12.2508444,-2.3660901,62
SHAPE_8897821,12.2508892,-2.3659279,63
SHAPE_8897821,12.2509765,-2.3656118,64
SHAPE_8897821,12.2509909,-2.3655647,65
SHAPE_8897821,12.2510063,-2.3655073,66
SHAPE_8897821,12.251158,-2.364964,67
SHAPE_8897821,12.2512926,-2.3644412,68
SHAPE_8897821,12.2513332,-2.364293,69
SHAPE_8897821,12.2513917,-2.3640796,70
SHAPE_8897821,12.2516003,-2.3633181,71
SHAPE_8897821,12.2513473,-2.3632469,72
SHAPE_8897821,12.2511176,-2.3631822,73
SHAPE_8897821,12.2509549,-2.3631364,74
SHAPE_8897821,12.2505336,-2.3630193,75
SHAPE_8897821,12.2503102,-2.3629556,76
SHAPE_8897821,12.2495251,-2.3627366,77
SHAPE_8897821,12.2496295,-2.3621236,78
SHAPE_8897821,12.2497042,-2.3616524,79
SHAPE_8897821,12.2497718,-2.3611801,80
SHAPE_8897821,12.2497812,-2.3610676,81
SHAPE_8897821,12.2500554,-2.3591115,82
SHAPE_8897821,12.2501419,-2.3583931,83
SHAPE_8897821,12.2501724,-2.3581609,84
SHAPE_8897821,12.250194,-2.3580225,85
SHAPE_8897821,12.2504313,-2.3565039,86
SHAPE_8897821,12.2507291,-2.3544011,87
SHAPE_8897821,12.2508922,-2.3532573,88
SHAPE_8897821,12.2509918,-2.352541,89
SHAPE_8897821,12.2510514,-2.3521122,90
SHAPE_8897821,12.2511071,-2.3517118,91
SHAPE_8897821,12.2512397,-2.3508993,92
SHAPE_8897821,12.2514574,-2.349494,93
SHAPE_8897821,12.2515472,-2.3489657,94
SHAPE_8897821,12.2516307,-2.3483897,95
SHAPE_8897821,12.2516632,-2.3481651,96
SHAPE_8897821,12.25174,-2.3476356,97
SHAPE_8897821,12.2517811,-2.3473518,98
SHAPE_8897821,12.2518742,-2.3466962,99
SHAPE_8897821,12.2519478,-2.3461773,100
SHAPE_8897821,12.2520239,-2.3455792,101
SHAPE_8897821,12.2520563,-2.3453924,102
SHAPE_8897821,12.2570044,-2.3112615,103
SHAPE_8897821,12.2570103,-2.3112072,104
SHAPE_8897821,12.2571105,-2.3106399,105
SHAPE_8897821,12.2572193,-2.3098326,106
SHAPE_8897821,12.257315,-2.3091593,107
SHAPE_8897821,12.2573241,-2.3090896,108
SHAPE_8897821,12.2573871,-2.3085921,109
SHAPE_8897821,12.2574647,-2.308045,110
SHAPE_8897821,12.257504,-2.3077973,111
SHAPE_8897821,12.2575371,-2.3075382,112
SHAPE_8897821,12.2575633,-2.3073336,113
SHAPE_8897821,12.2575739,-2.3072667,114
SHAPE_8897821,12.257691,-2.3064901,115
SHAPE_8897821,12.2578127,-2.3055859,116
SHAPE_8897821,12.2578705,-2.3052342,117
SHAPE_8897821,12.2578887,-2.3050879,118
SHAPE_8897821,12.2580854,-2.3037613,119
SHAPE_8897821,12.2581017,-2.3036514,120
SHAPE_8897821,12.2581411,-2.3033808,121
SHAPE_8897821,12.2582479,-2.3026893,122
SHAPE_8897821,12.2583754,-2.3017201,123
SHAPE_8897821,12.2585244,-2.3007179,124
SHAPE_8897821,12.2586735,-2.2996534,125
SHAPE_8897821,12.2588301,-2.2985733,126
SHAPE_8897821,12.2589913,-2.2974544,127
SHAPE_8897821,12.2570044,-2.3112615,128
SHAPE_8897821,12.2569834,-2.3114634,129
SHAPE_8897821,12.2569323,-2.3118509,130
SHAPE_8897821,12.2568563,-2.3123378,131
SHAPE_8897821,12.2567305,-2.313243,132
SHAPE_8897821,12.2565273,-2.3145781,133
SHAPE_8897821,12.2564107,-2.3153941,134
SHAPE_8897821,12.2563334,-2.315889,135
SHAPE_8897821,12.2562466,-2.316497,136
SHAPE_8897821,12.2562246,-2.3166816,137
SHAPE_8897821,12.2561538,-2.3172368,138
SHAPE_8897821,12.2561276,-2.317436,139
SHAPE_8897821,12.2560896,-2.3177075,140
SHAPE_8897821,12.2559893,-2.318327,141
SHAPE_8897821,12.2558958,-2.3190174,142
SHAPE_8897821,12.2558367,-2.3194537,143
SHAPE_8897821,12.2557187,-2.3202576,144
SHAPE_8897821,12.2556702,-2.320542,145
SHAPE_8897821,12.2556277,-2.3208417,146
SHAPE_8897821,12.2555285,-2.3214941,147
SHAPE_8897821,12.2554042,-2.3225074,148
SHAPE_8897821,12.2553518,-2.3228695,149
SHAPE_8897821,12.2551671,-2.3239849,150
SHAPE_8897821,12.2551361,-2.3242004,151
SHAPE_8897821,12.2550557,-2.3247453,152
SHAPE_8897821,12.2550255,-2.3249817,153
SHAPE_8897821,12.2549383,-2.3255734,154
SHAPE_8897821,12.2547354,-2.3269496,155
SHAPE_8897821,12.2546552,-2.3275311,156
SHAPE_8897821,12.2545864,-2.3280857,157
SHAPE_8897821,12.2545536,-2.3282918,158
SHAPE_8897821,12.2543574,-2.3296212,159
SHAPE_8897821,12.2543088,-2.3299376,160
SHAPE_8897821,12.2542388,-2.3304862,161
SHAPE_8897821,12.2542251,-2.3305531,162
SHAPE_8897821,12.2540819,-2.3316403,163
SHAPE_8897821,12.253959,-2.3323817,164
SHAPE_8897821,12.253921,-2.3326323,165
SHAPE_8897821,12.2538419,-2.3331878,166
SHAPE_8897821,12.2537324,-2.3339177,167
SHAPE_8897821,12.2536518,-2.334436,168
SHAPE_8897821,12.2535286,-2.3353199,169
SHAPE_8897821,12.2534944,-2.3355372,170
SHAPE_8897821,12.2534571,-2.3357897,171
SHAPE_8897821,12.2534069,-2.3361432,172
SHAPE_8897821,12.2533755,-2.3363703,173
SHAPE_8897821,12.2533322,-2.3366681,174
SHAPE_8897821,12.2532726,-2.3370476,175
SHAPE_8897821,12.2532536,-2.3372146,176
SHAPE_8897821,12.2532366,-2.337344,177
SHAPE_8897821,12.2532077,-2.3375499,178
SHAPE_8897821,12.2531575,-2.3378426,179
SHAPE_8897821,12.2531049,-2.3382197,180
SHAPE_8897821,12.253059,-2.3385289,181
SHAPE_8897821,12.2530072,-2.338893,182
SHAPE_8897821,12.2529507,-2.3392993,183
SHAPE_8897821,12.2528237,-2.3401362,184
SHAPE_8897821,12.2527189,-2.3408577,185
SHAPE_8897821,12.2526639,-2.3412547,186
SHAPE_8897821,12.252647,-2.341408,187
SHAPE_8897821,12.2526297,-2.341519,188
SHAPE_8897821,12.2526044,-2.3416836,189
SHAPE_8897821,12.252591,-2.3417707,190
SHAPE_8897821,12.2524891,-2.3424274,191
SHAPE_8897821,12.2524419,-2.3427433,192
SHAPE_8897821,12.2523826,-2.3431947,193
SHAPE_8897821,12.2522762,-2.343895,194
SHAPE_8897821,12.2594574,-2.2940187,195
SHAPE_8897821,12.2594092,-2.2929052,196
SHAPE_8897821,12.2593345,-2.2923566,197
SHAPE_8897821,12.2592978,-2.2921179,198
SHAPE_8897821,12.2592362,-2.291835,199
SHAPE_8897821,12.2591489,-2.2914818,200
SHAPE_8897821,12.2591222,-2.2913736,201
SHAPE_8897821,12.2590209,-2.2909825,202
SHAPE_8897821,12.259328,-2.2909848,203
SHAPE_8897876,12.259328,-2.2909848,1
SHAPE_8897876,12.2598994,-2.2910307,2
SHAPE_8897876,12.2598038,-2.2915998,3
SHAPE_8897876,12.2596439,-2.292759,4
SHAPE_8897876,12.2595417,-2.2934844,5
SHAPE_8897876,12.2594574,-2.2940187,6
SHAPE_8897876,12.2593856,-2.294548,7
SHAPE_8897876,12.2592301,-2.2957596,8
SHAPE_8897876,12.259116,-2.2965953,9
SHAPE_8897876,12.2590309,-2.2971727,10
SHAPE_8897876,12.2589913,-2.2974544,11
SHAPE_8897876,12.2588301,-2.2985733,12
SHAPE_8897876,12.2586735,-2.2996534,13
SHAPE_8897876,12.2585244,-2.3007179,14
SHAPE_8897876,12.2583754,-2.3017201,15
SHAPE_8897876,12.2582479,-2.3026893,16
SHAPE_8897876,12.2581411,-2.3033808,17
SHAPE_8897876,12.2581017,-2.3036514,18
SHAPE_8897876,12.2580854,-2.3037613,19
SHAPE_8897876,12.2578887,-2.3050879,20
SHAPE_8897876,12.2578705,-2.3052342,21
SHAPE_8897876,12.2578127,-2.3055859,22
SHAPE_8897876,12.257691,-2.3064901,23
SHAPE_8897876,12.2575739,-2.3072667,24
SHAPE_8897876,12.2575633,-2.3073336,25
SHAPE_8897876,12.2575371,-2.3075382,26
SHAPE_8897876,12.257504,-2.3077973,27
SHAPE_8897876,12.2574647,-2.308045,28
SHAPE_8897876,12.2573871,-2.3085921,29
SHAPE_8897876,12.2573241,-2.3090896,30
SHAPE_8897876,12.257315,-2.3091593,31
SHAPE_8897876,12.2572193,-2.3098326,32
SHAPE_8897876,12.2571105,-2.3106399,33
SHAPE_8897876,12.2570103,-2.3112072,34
SHAPE_8897876,12.2570044,-2.3112615,35
SHAPE_8897876,12.2569834,-2.3114634,36
SHAPE_8897876,12.2569323,-2.3118509,37
SHAPE_8897876,12.2568563,-2.3123378,38
SHAPE_8897876,12.2567305,-2.313243,39
SHAPE_8897876,12.2565273,-2.3145781,40
SHAPE_8897876,12.2564107,-2.3153941,41
SHAPE_8897876,12.2563334,-2.315889,42
SHAPE_8897876,12.2562466,-2.316497,43
SHAPE_8897876,12.2562246,-2.3166816,44
SHAPE_8897876,12.2561538,-2.3172368,45
SHAPE_8897876,12.2561276,-2.317436,46
SHAPE_8897876,12.2560896,-2.3177075,47
SHAPE_8897876,12.2559893,-2.318327,48
SHAPE_8897876,12.2558958,-2.3190174,49
SHAPE_8897876,12.2558367,-2.3194537,50
SHAPE_8897876,12.2557187,-2.3202576,51
SHAPE_8897876,12.2556702,-2.320542,52
SHAPE_8897876,12.2556277,-2.3208417,53
SHAPE_8897876,12.2555285,-2.3214941,54
SHAPE_8897876,12.2554042,-2.3225074,55
SHAPE_8897876,12.2553518,-2.3228695,56
SHAPE_8897876,12.2551671,-2.3239849,57
SHAPE_8897876,12.2551361,-2.3242004,58
SHAPE_8897876,12.2550557,-2.3247453,59
SHAPE_8897876,12.2550255,-2.3249817,60
SHAPE_8897876,12.2549383,-2.3255734,61
SHAPE_8897876,12.2547354,-2.3269496,62
SHAPE_8897876,12.2546552,-2.3275311,63
SHAPE_8897876,12.2545864,-2.3280857,64
SHAPE_8897876,12.2545536,-2.3282918,65
SHAPE_8897876,12.2543574,-2.3296212,66
SHAPE_8897876,12.2543088,-2.3299376,67
SHAPE_8897876,12.2542388,-2.3304862,68
SHAPE_8897876,12.2542251,-2.3305531,69
SHAPE_8897876,12.2540819,-2.3316403,70
SHAPE_8897876,12.253959,-2.3323817,71
SHAPE_8897876,12.253921,-2.3326323,72
SHAPE_8897876,12.2538419,-2.3331878,73
SHAPE_8897876,12.2537324,-2.3339177,74
SHAPE_8897876,12.2536518,-2.334436,75
SHAPE_8897876,12.2535286,-2.3353199,76
SHAPE_8897876,12.2534944,-2.3355372,77
SHAPE_8897876,12.2534571,-2.3357897,78
SHAPE_8897876,12.2534069,-2.3361432,79
SHAPE_8897876,12.2533755,-2.3363703,80
SHAPE_8897876,12.2533322,-2.3366681,81
SHAPE_8897876,12.2532726,-2.3370476,82
SHAPE_8897876,12.2532536,-2.3372146,83
SHAPE_8897876,12.2532366,-2.337344,84
SHAPE_8897876,12.2532077,-2.3375499,85
SHAPE_8897876,12.2531575,-2.3378426,86
SHAPE_8897876,12.2531049,-2.3382197,87
SHAPE_8897876,12.253059,-2.3385289,88
SHAPE_8897876,12.2530072,-2.338893,89
SHAPE_8897876,12.2529507,-2.3392993,90
SHAPE_8897876,12.2528237,-2.3401362,91
SHAPE_8897876,12.2527189,-2.3408577,92
SHAPE_8897876,12.2526639,-2.3412547,93
SHAPE_8897876,12.252647,-2.341408,94
SHAPE_8897876,12.2526297,-2.341519,95
SHAPE_8897876,12.2526044,-2.3416836,96
SHAPE_8897876,12.252591,-2.3417707,97
SHAPE_8897876,12.2524891,-2.3424274,98
SHAPE_8897876,12.2524419,-2.3427433,99
SHAPE_8897876,12.2523826,-2.3431947,100
SHAPE_8897876,12.2522762,-2.343895,101
SHAPE_8897876,12.2522017,-2.344323,102
SHAPE_8897876,12.252172,-2.3445423,103
SHAPE_8897876,12.252148,-2.3447091,104
SHAPE_8897876,12.252118,-2.3449408,105
SHAPE_8897876,12.2520563,-2.3453924,106
SHAPE_8897876,12.2520613,-2.3454697,107
SHAPE_8897876,12.2520866,-2.3456112,108
SHAPE_8897876,12.2522099,-2.3461558,109
SHAPE_8897876,12.2522969,-2.3465194,110
SHAPE_8897876,12.2529801,-2.3493313,111
SHAPE_8897876,12.2530391,-2.3494939,112
SHAPE_8897876,12.2530078,-2.3504325,113
SHAPE_8897876,12.2530011,-2.350633,114
SHAPE_8897876,12.2529898,-2.3509723,115
SHAPE_8897876,12.2529771,-2.3514296,116
SHAPE_8897876,12.252965,-2.3517921,117
SHAPE_8897876,12.2529403,-2.3526394,118
SHAPE_8897876,12.2528715,-2.3546224,119
SHAPE_8897876,12.2528701,-2.3546663,120
SHAPE_8897876,12.2528629,-2.3548898,121
SHAPE_8897876,12.2528565,-2.3550761,122
SHAPE_8897876,12.25285,-2.3552629,123
SHAPE_8897876,12.2528252,-2.3559122,124
SHAPE_8897876,12.2528037,-2.3566627,125
SHAPE_8897876,12.2527887,-2.3571612,126
SHAPE_8897876,12.2527693,-2.3577334,127
SHAPE_8897876,12.2527432,-2.3585511,128
SHAPE_8897876,12.2527389,-2.3587217,129
SHAPE_8897876,12.2527284,-2.3589163,130
SHAPE_8897876,12.2527238,-2.3590188,131
SHAPE_8897876,12.2527131,-2.3591167,132
SHAPE_8897876,12.2527088,-2.3591486,133
SHAPE_8897876,12.2527037,-2.3591765,134
SHAPE_8897876,12.2526991,-2.3592015,135
SHAPE_8897876,12.252683,-2.3592576,136
SHAPE_8897876,12.2525531,-2.3597526,137
SHAPE_8897876,12.2521953,-2.361077,138
SHAPE_8897876,12.2520774,-2.3615136,139
SHAPE_8897876,12.2520061,-2.3617773,140
SHAPE_8897876,12.2517438,-2.3627834,141
SHAPE_8897876,12.2516003,-2.3633181,142
SHAPE_8897876,12.2513917,-2.3640796,143
SHAPE_8897876,12.2513332,-2.364293,144
SHAPE_8897876,12.2512926,-2.3644412,145
SHAPE_8897876,12.251158,-2.364964,146
SHAPE_8897876,12.2510063,-2.3655073,147
SHAPE_8897876,12.2509909,-2.3655647,148
SHAPE_8897876,12.2509765,-2.3656118,149
SHAPE_8897876,12.2508892,-2.3659279,150
SHAPE_8897876,12.2508444,-2.3660901,151
SHAPE_8897876,12.2506974,-2.3666666,152
SHAPE_8897876,12.2505414,-2.3672862,153
SHAPE_8897876,12.2505178,-2.3674659,154
SHAPE_8897876,12.2505172,-2.3676328,155
SHAPE_8897876,12.2505181,-2.3677006,156
SHAPE_8897876,12.2505198,-2.3678185,157
SHAPE_8897876,12.2506707,-2.3695085,158
SHAPE_8897876,12.2508845,-2.371749,159
SHAPE_8897876,12.2509004,-2.3719317,160
SHAPE_8897876,12.2509132,-2.3720783,161
SHAPE_8897876,12.2509448,-2.3724411,162
SHAPE_8897876,12.2510041,-2.3730636,163
SHAPE_8897876,12.2510292,-2.3733277,164
SHAPE_8897876,12.2510316,-2.3733534,165
SHAPE_8897876,12.2510813,-2.3738754,166
SHAPE_8897876,12.2511037,-2.3741293,167
SHAPE_8897876,12.2511233,-2.3743082,168
SHAPE_8897876,12.2511497,-2.3744329,169
SHAPE_8897876,12.2511548,-2.374476,170
SHAPE_8897876,12.2511783,-2.3745945,171
SHAPE_8897876,12.2511876,-2.3746823,172
SHAPE_8897876,12.2512445,-2.3753737,173
SHAPE_8897876,12.2512504,-2.3754575,174
SHAPE_8897876,12.2512537,-2.3755373,175
SHAPE_8897876,12.2512504,-2.3756573,176
SHAPE_8897876,12.2512412,-2.3757277,177
SHAPE_8897876,12.2512262,-2.3758216,178
SHAPE_8897876,12.2511934,-2.3759329,179
SHAPE_8897876,12.2511443,-2.3760858,180
SHAPE_8897876,12.2510479,-2.3763762,181
SHAPE_8897876,12.2508953,-2.376802,182
SHAPE_8897876,12.2506954,-2.3773102,183
SHAPE_8897876,12.2506325,-2.3774859,184
SHAPE_8897876,12.2505027,-2.3778708,185
SHAPE_8897876,12.2503245,-2.3783925,186
SHAPE_8897876,12.2501371,-2.3789182,187
SHAPE_8897876,12.2498612,-2.3796563,188
SHAPE_8897876,12.2497018,-2.3801198,189
SHAPE_8897876,12.2494078,-2.3809752,190
SHAPE_8897876,12.2492958,-2.3812975,191
SHAPE_8897876,12.2492214,-2.3815174,192
SHAPE_8897876,12.2490354,-2.3821094,193
SHAPE_8897876,12.2487481,-2.382894,194
SHAPE_8897876,12.2486097,-2.3832968,195
SHAPE_8897876,12.2484976,-2.3836416,196
SHAPE_8897876,12.2483877,-2.3839424,197
SHAPE_8897876,12.2482608,-2.3843116,198
SHAPE_8897876,12.2480746,-2.3848532,199
SHAPE_8897876,12.2479639,-2.3851753,200
SHAPE_8897876,12.2477961,-2.3856462,201
SHAPE_8897876,12.2476168,-2.3861863,202
SHAPE_8897876,12.2475362,-2.386172,203
SHAPE_8897876,12.247415,-2.3861414,204
SHAPE_8897876,12.2472709,-2.3861092,205
SHAPE_8897876,12.2470232,-2.3860945,206
SHAPE_8897876,12.246786,-2.3861172,207
SHAPE_8897876,12.2466082,-2.3861701,208
SHAPE_8897876,12.2474434,-2.386709,209
SHAPE_8897876,12.247336,-2.3867543,210
SHAPE_8897876,12.2467393,-2.3869867,211
SHAPE_8897876,12.2464417,-2.3869091,212
SHAPE_8897876,12.2462285,-2.3868504,213
SHAPE_8897876,12.2461238,-2.3868216,214
SHAPE_8897877,12.2464417,-2.3869091,1
SHAPE_8897877,12.2467393,-2.3869867,2
SHAPE_8897877,12.247336,-2.3867543,3
SHAPE_8897877,12.2474434,-2.386709,4
SHAPE_8897877,12.2474647,-2.386654,5
SHAPE_8897877,12.2476168,-2.3861863,6
SHAPE_8897877,12.2475362,-2.386172,7
SHAPE_8897877,12.247415,-2.3861414,8
SHAPE_8897877,12.2472709,-2.3861092,9
SHAPE_8897877,12.2470232,-2.3860945,10
SHAPE_8897877,12.2476168,-2.3861863,11
SHAPE_8897877,12.2477961,-2.3856462,12
SHAPE_8897877,12.2479639,-2.3851753,13
SHAPE_8897877,12.2480746,-2.3848532,14
SHAPE_8897877,12.2482608,-2.3843116,15
SHAPE_8897877,12.2483877,-2.3839424,16
SHAPE_8897877,12.2484976,-2.3836416,17
SHAPE_8897877,12.2486097,-2.3832968,18
SHAPE_8897877,12.2487481,-2.382894,19
SHAPE_8897877,12.2490354,-2.3821094,20
SHAPE_8897877,12.2492214,-2.3815174,21
SHAPE_8897877,12.2492958,-2.3812975,22
SHAPE_8897877,12.2494078,-2.3809752,23
SHAPE_8897877,12.2497018,-2.3801198,24
SHAPE_8897877,12.2498612,-2.3796563,25
SHAPE_8897877,12.2501371,-2.3789182,26
SHAPE_8897877,12.2503245,-2.3783925,27
SHAPE_8897877,12.2505027,-2.3778708,28
SHAPE_8897877,12.2506325,-2.3774859,29
SHAPE_8897877,12.2506954,-2.3773102,30
SHAPE_8897877,12.2508953,-2.376802,31
SHAPE_8897877,12.2510479,-2.3763762,32
SHAPE_8897877,12.2511443,-2.3760858,33
SHAPE_8897877,12.2511934,-2.3759329,34
SHAPE_8897877,12.2512262,-2.3758216,35
SHAPE_8897877,12.2512412,-2.3757277,36
SHAPE_8897877,12.2512504,-2.3756573,37
SHAPE_8897877,12.2512537,-2.3755373,38
SHAPE_8897877,12.2512504,-2.3754575,39
SHAPE_8897877,12.2512445,-2.3753737,40
SHAPE_8897877,12.2511876,-2.3746823,41
SHAPE_8897877,12.2511783,-2.3745945,42
SHAPE_8897877,12.2511548,-2.374476,43
SHAPE_8897877,12.2511497,-2.3744329,44
SHAPE_8897877,12.2511233,-2.3743082,45
SHAPE_8897877,12.2511037,-2.3741293,46
SHAPE_8897877,12.2510813,-2.3738754,47
SHAPE_8897877,12.2510316,-2.3733534,48
SHAPE_8897877,12.2510292,-2.3733277,49
SHAPE_8897877,12.2510041,-2.3730636,50
SHAPE_8897877,12.2509448,-2.3724411,51
SHAPE_8897877,12.2509132,-2.3720783,52
SHAPE_8897877,12.2509004,-2.3719317,53
SHAPE_8897877,12.2508845,-2.371749,54
SHAPE_8897877,12.2506707,-2.3695085,55
SHAPE_8897877,12.2505198,-2.3678185,56
SHAPE_8897877,12.2505181,-2.3677006,57
SHAPE_8897877,12.2505172,-2.3676328,58
SHAPE_8897877,12.2505178,-2.3674659,59
SHAPE_8897877,12.2505414,-2.3672862,60
SHAPE_8897877,12.2506974,-2.3666666,61
SHAPE_8897877,12.2508444,-2.3660901,62
SHAPE_8897877,12.2508892,-2.3659279,63
SHAPE_8897877,12.2509765,-2.3656118,64
SHAPE_8897877,12.2509909,-2.3655647,65
SHAPE_8897877,12.2510063,-2.3655073,66
SHAPE_8897877,12.251158,-2.364964,67
SHAPE_8897877,12.2512926,-2.3644412,68
SHAPE_8897877,12.2513332,-2.364293,69
SHAPE_8897877,12.2513917,-2.3640796,70
SHAPE_8897877,12.2516003,-2.3633181,71
SHAPE_8897877,12.2517438,-2.3627834,72
SHAPE_8897877,12.2520061,-2.3617773,73
SHAPE_8897877,12.2520774,-2.3615136,74
SHAPE_8897877,12.2521953,-2.361077,75
SHAPE_8897877,12.2525531,-2.3597526,76
SHAPE_8897877,12.252683,-2.3592576,77
SHAPE_8897877,12.2526991,-2.3592015,78
SHAPE_8897877,12.2527037,-2.3591765,79
SHAPE_8897877,12.2527088,-2.3591486,80
SHAPE_8897877,12.2527131,-2.3591167,81
SHAPE_8897877,12.2527238,-2.3590188,82
SHAPE_8897877,12.2527284,-2.3589163,83
SHAPE_8897877,12.2527389,-2.3587217,84
SHAPE_8897877,12.2527432,-2.3585511,85
SHAPE_8897877,12.2527693,-2.3577334,86
SHAPE_8897877,12.2527887,-2.3571612,87
SHAPE_8897877,12.2528037,-2.3566627,88
SHAPE_8897877,12.2528252,-2.3559122,89
SHAPE_8897877,12.25285,-2.3552629,90
SHAPE_8897877,12.2528565,-2.3550761,91
SHAPE_8897877,12.2528629,-2.3548898,92
SHAPE_8897877,12.2528701,-2.3546663,93
SHAPE_8897877,12.2528715,-2.3546224,94
SHAPE_8897877,12.2529403,-2.3526394,95
SHAPE_8897877,12.252965,-2.3517921,96
SHAPE_8897877,12.2529771,-2.3514296,97
SHAPE_8897877,12.2529898,-2.3509723,98
SHAPE_8897877,12.2530011,-2.350633,99
SHAPE_8897877,12.2530078,-2.3504325,100
SHAPE_8897877,12.2530391,-2.3494939,101
SHAPE_8897877,12.2529801,-2.3493313,102
SHAPE_8897877,12.2522969,-2.3465194,103
SHAPE_8897877,12.2522099,-2.3461558,104
SHAPE_8897877,12.2520866,-2.3456112,105
SHAPE_8897877,12.2520613,-2.3454697,106
SHAPE_8897877,12.2520563,-2.3453924,107
SHAPE_8897877,12.2570044,-2.3112615,108
SHAPE_8897877,12.2570103,-2.3112072,109
SHAPE_8897877,12.2571105,-2.3106399,110
SHAPE_8897877,12.2572193,-2.3098326,111
SHAPE_8897877,12.257315,-2.3091593,112
SHAPE_8897877,12.2573241,-2.3090896,113
SHAPE_8897877,12.2573871,-2.3085921,114
SHAPE_8897877,12.2574647,-2.308045,115
SHAPE_8897877,12.257504,-2.3077973,116
SHAPE_8897877,12.2575371,-2.3075382,117
SHAPE_8897877,12.2575633,-2.3073336,118
SHAPE_8897877,12.2575739,-2.3072667,119
SHAPE_8897877,12.257691,-2.3064901,120
SHAPE_8897877,12.2578127,-2.3055859,121
SHAPE_8897877,12.2578705,-2.3052342,122
SHAPE_8897877,12.2578887,-2.3050879,123
SHAPE_8897877,12.2580854,-2.3037613,124
SHAPE_8897877,12.2581017,-2.3036514,125
SHAPE_8897877,12.2581411,-2.3033808,126
SHAPE_8897877,12.2582479,-2.3026893,127
SHAPE_8897877,12.2583754,-2.3017201,128
SHAPE_8897877,12.2585244,-2.3007179,129
SHAPE_8897877,12.2586735,-2.2996534,130
SHAPE_8897877,12.2588301,-2.2985733,131
SHAPE_8897877,12.2589913,-2.2974544,132
SHAPE_8897877,12.2570044,-2.3112615,133
SHAPE_8897877,12.2569834,-2.3114634,134
SHAPE_8897877,12.2569323,-2.3118509,135
SHAPE_8897877,12.2568563,-2.3123378,136
SHAPE_8897877,12.2567305,-2.313243,137
SHAPE_8897877,12.2565273,-2.3145781,138
SHAPE_8897877,12.2564107,-2.3153941,139
SHAPE_8897877,12.2563334,-2.315889,140
SHAPE_8897877,12.2562466,-2.316497,141
SHAPE_8897877,12.2562246,-2.3166816,142
SHAPE_8897877,12.2561538,-2.3172368,143
SHAPE_8897877,12.2561276,-2.317436,144
SHAPE_8897877,12.2560896,-2.3177075,145
SHAPE_8897877,12.2559893,-2.318327,146
SHAPE_8897877,12.2558958,-2.3190174,147
SHAPE_8897877,12.2558367,-2.3194537,148
SHAPE_8897877,12.2557187,-2.3202576,149
SHAPE_8897877,12.2556702,-2.320542,150
SHAPE_8897877,12.2556277,-2.3208417,151
SHAPE_8897877,12.2555285,-2.3214941,152
SHAPE_8897877,12.2554042,-2.3225074,153
SHAPE_8897877,12.2553518,-2.3228695,154
SHAPE_8897877,12.2551671,-2.3239849,155
SHAPE_8897877,12.2551361,-2.3242004,156
SHAPE_8897877,12.2550557,-2.3247453,157
SHAPE_8897877,12.2550255,-2.3249817,158
SHAPE_8897877,12.2549383,-2.3255734,159
SHAPE_8897877,12.2547354,-2.3269496,160
SHAPE_8897877,12.2546552,-2.3275311,161
SHAPE_8897877,12.2545864,-2.3280857,162
SHAPE_8897877,12.2545536,-2.3282918,163
SHAPE_8897877,12.2543574,-2.3296212,164
SHAPE_8897877,12.2543088,-2.3299376,165
SHAPE_8897877,12.2542388,-2.3304862,166
SHAPE_8897877,12.2542251,-2.3305531,167
SHAPE_8897877,12.2540819,-2.3316403,168
SHAPE_8897877,12.253959,-2.3323817,169
SHAPE_8897877,12.253921,-2.3326323,170
SHAPE_8897877,12.2538419,-2.3331878,171
SHAPE_8897877,12.2537324,-2.3339177,172
SHAPE_8897877,12.2536518,-2.334436,173
SHAPE_8897877,12.2535286,-2.3353199,174
SHAPE_8897877,12.2534944,-2.3355372,175
SHAPE_8897877,12.2534571,-2.3357897,176
SHAPE_8897877,12.2534069,-2.3361432,177
SHAPE_8897877,12.2533755,-2.3363703,178
SHAPE_8897877,12.2533322,-2.3366681,179
SHAPE_8897877,12.2532726,-2.3370476,180
SHAPE_8897877,12.2532536,-2.3372146,181
SHAPE_8897877,12.2532366,-2.337344,182
SHAPE_8897877,12.2532077,-2.3375499,183
SHAPE_8897877,12.2531575,-2.3378426,184
SHAPE_8897877,12.2531049,-2.3382197,185
SHAPE_8897877,12.253059,-2.3385289,186
SHAPE_8897877,12.2530072,-2.338893,187
SHAPE_8897877,12.2529507,-2.3392993,188
SHAPE_8897877,12.2528237,-2.3401362,189
SHAPE_8897877,12.2527189,-2.3408577,190
SHAPE_8897877,12.2526639,-2.3412547,191
SHAPE_8897877,12.252647,-2.341408,192
SHAPE_8897877,12.2526297,-2.341519,193
SHAPE_8897877,12.2526044,-2.3416836,194
SHAPE_8897877,12.252591,-2.3417707,195
SHAPE_8897877,12.2524891,-2.3424274,196
SHAPE_8897877,12.2524419,-2.3427433,197
SHAPE_8897877,12.2523826,-2.3431947,198
SHAPE_8897877,12.2522762,-2.343895,199
SHAPE_8897877,12.2594574,-2.2940187,200
SHAPE_8897877,12.2594092,-2.2929052,201
SHAPE_8897877,12.2593345,-2.2923566,202
SHAPE_8897877,12.2592978,-2.2921179,203
SHAPE_8897877,12.2592362,-2.291835,204
SHAPE_8897877,12.2591489,-2.2914818,205
SHAPE_8897877,12.2591222,-2.2913736,206
SHAPE_8897877,12.2590209,-2.2909825,207
SHAPE_8897877,12.259328,-2.2909848,208
SHAPE_8898061,12.2214321,-2.3597284,1
SHAPE_8898061,12.2218863,-2.359896,2
SHAPE_8898061,12.2224787,-2.3601401,3
SHAPE_8898061,12.2230685,-2.3603761,4
SHAPE_8898061,12.224007,-2.360765,5
SHAPE_8898061,12.2250556,-2.3611888,6
SHAPE_8898061,12.2252784,-2.3612854,7
SHAPE_8898061,12.2265313,-2.3618247,8
SHAPE_8898061,12.2275694,-2.362259,9
SHAPE_8898061,12.2279338,-2.3623958,10
SHAPE_8898061,12.2282012,-2.3625112,11
SHAPE_8898061,12.2286993,-2.3627177,12
SHAPE_8898061,12.2300196,-2.3632505,13
SHAPE_8898061,12.2301171,-2.3632962,14
SHAPE_8898061,12.2302046,-2.36334,15
SHAPE_8898061,12.2302858,-2.3633748,16
SHAPE_8898061,12.2306063,-2.3635036,17
SHAPE_8898061,12.2308806,-2.3635989,18
SHAPE_8898061,12.2309205,-2.3636114,19
SHAPE_8898061,12.2311216,-2.3636743,20
SHAPE_8898061,12.2313336,-2.3637268,21
SHAPE_8898061,12.231643,-2.3638,22
SHAPE_8898061,12.231854,-2.3638442,23
SHAPE_8898061,12.2319602,-2.3638643,24
SHAPE_8898061,12.2320454,-2.3638724,25
SHAPE_8898061,12.2321633,-2.3638791,26
SHAPE_8898061,12.2322498,-2.3638791,27
SHAPE_8898061,12.2324478,-2.3638751,28
SHAPE_8898061,12.2325775,-2.3638737,29
SHAPE_8898061,12.232918,-2.3638569,30
SHAPE_8898061,12.2332135,-2.3638428,31
SHAPE_8898061,12.2334446,-2.3638318,32
SHAPE_8898061,12.2337676,-2.3637946,33
SHAPE_8898061,12.2341096,-2.3637724,34
SHAPE_8898061,12.2347021,-2.3637383,35
SHAPE_8898061,12.2352158,-2.3636913,36
SHAPE_8898061,12.2352853,-2.3636873,37
SHAPE_8898061,12.2356575,-2.3636464,38
SHAPE_8898061,12.235935,-2.3636377,39
SHAPE_8898061,12.2360545,-2.3636279,40
SHAPE_8898061,12.2364413,-2.3635907,41
SHAPE_8898061,12.2366877,-2.3635599,42
SHAPE_8898061,12.237153,-2.3635317,43
SHAPE_8898061,12.2377323,-2.3635089,44
SHAPE_8898061,12.23771,-2.3638684,45
SHAPE_8898061,12.237704,-2.3640521,46
SHAPE_8898061,12.2376995,-2.3641889,47
SHAPE_8898061,12.2376497,-2.3646837,48
SHAPE_8898061,12.2376156,-2.3650888,49
SHAPE_8898061,12.237609,-2.365302,50
SHAPE_8898061,12.2375694,-2.3656939,51
SHAPE_8898061,12.2375407,-2.3663729,52
SHAPE_8898061,12.2375197,-2.3669228,53
SHAPE_8898061,12.237426,-2.3680506,54
SHAPE_8898061,12.237399,-2.3685754,55
SHAPE_8898061,12.237361,-2.3691936,56
SHAPE_8898061,12.2373467,-2.3695521,57
SHAPE_8898061,12.237326,-2.3697478,58
SHAPE_8898061,12.2373129,-2.3699167,59
SHAPE_8898061,12.2372553,-2.3707152,60
SHAPE_8898061,12.2372316,-2.3712391,61
SHAPE_8898061,12.237208,-2.3714885,62
SHAPE_8898061,12.2371342,-2.3722741,63
SHAPE_8898061,12.237056,-2.3728565,64
SHAPE_8898061,12.23698,-2.3734921,65
SHAPE_8898061,12.2369328,-2.3740004,66
SHAPE_8898061,12.2368489,-2.3747313,67
SHAPE_8898061,12.2367912,-2.3750156,68
SHAPE_8898061,12.2367257,-2.3753482,69
SHAPE_8898061,12.2366628,-2.3755413,70
SHAPE_8898061,12.2365868,-2.3757492,71
SHAPE_8898061,12.2365396,-2.3758632,72
SHAPE_8898061,12.2365108,-2.3759463,73
SHAPE_8898061,12.2364662,-2.3760563,74
SHAPE_8898061,12.2364164,-2.3761716,75
SHAPE_8898061,12.236284,-2.3764426,76
SHAPE_8898061,12.2362224,-2.3765633,77
SHAPE_8898061,12.2354201,-2.3781231,78
SHAPE_8898061,12.2353014,-2.3783912,79
SHAPE_8898061,12.2352692,-2.3785044,80
SHAPE_8898061,12.2352742,-2.3786206,81
SHAPE_8898061,12.2353049,-2.378767,82
SHAPE_8898061,12.2353656,-2.3789541,83
SHAPE_8898061,12.2354623,-2.3792519,84
SHAPE_8898061,12.235497,-2.3793587,85
SHAPE_8898061,12.2355244,-2.3794232,86
SHAPE_8898061,12.2356914,-2.3798523,87
SHAPE_8898061,12.235762,-2.3799812,88
SHAPE_8898061,12.2358899,-2.380189,89
SHAPE_8898061,12.2362129,-2.3805712,90
SHAPE_8898061,12.2366581,-2.3810206,91
SHAPE_8898061,12.2369553,-2.3813206,92
SHAPE_8898061,12.2376103,-2.3819465,93
SHAPE_8898061,12.2379472,-2.3822067,94
SHAPE_8898061,12.2381176,-2.3823528,95
SHAPE_8898061,12.2388725,-2.3827739,96
SHAPE_8898061,12.2391654,-2.3829537,97
SHAPE_8898061,12.2393351,-2.3830631,98
SHAPE_8898061,12.2394968,-2.3831656,99
SHAPE_8898061,12.2400159,-2.3834753,100
SHAPE_8898061,12.2401867,-2.3835957,101
SHAPE_8898061,12.2409197,-2.3840505,102
SHAPE_8898061,12.2415447,-2.3845396,103
SHAPE_8898061,12.2419609,-2.3848452,104
SHAPE_8898061,12.2423125,-2.3850991,105
SHAPE_8898061,12.2429522,-2.3856234,106
SHAPE_8898061,12.2433172,-2.3858921,107
SHAPE_8898061,12.2435803,-2.3860353,108
SHAPE_8898061,12.2438755,-2.3861592,109
SHAPE_8898061,12.2440573,-2.3862246,110
SHAPE_8898061,12.2442941,-2.3862828,111
SHAPE_8898061,12.2447781,-2.3863882,112
SHAPE_8898061,12.2450389,-2.3864164,113
SHAPE_8898061,12.2452774,-2.386419,114
SHAPE_8898061,12.245862,-2.3863794,115
SHAPE_8898061,12.2466082,-2.3861701,116
SHAPE_8898061,12.246786,-2.3861172,117
SHAPE_8898061,12.2470232,-2.3860945,118
SHAPE_8898061,12.2472709,-2.3861092,119
SHAPE_8898061,12.247415,-2.3861414,120
SHAPE_8898061,12.2475362,-2.386172,121
SHAPE_8898061,12.2476168,-2.3861863,122
SHAPE_8898061,12.2474647,-2.386654,123
SHAPE_8898061,12.2474434,-2.386709,124
SHAPE_8898061,12.2468424,-2.3884573,125
SHAPE_8898061,12.2467014,-2.3889003,126
SHAPE_8898061,12.2464439,-2.3895907,127
SHAPE_8898061,12.2461625,-2.3903861,128
SHAPE_8898061,12.2458826,-2.391177,129
SHAPE_8898061,12.2456171,-2.3918853,130
SHAPE_8898061,12.2455231,-2.3918514,131
SHAPE_8898061,12.2449345,-2.3916333,132
SHAPE_8898061,12.2443825,-2.3914295,133
SHAPE_8898061,12.2437471,-2.3911949,134
SHAPE_8898061,12.2435719,-2.3911303,135
SHAPE_8898061,12.2434585,-2.3910884,136
SHAPE_8898061,12.2430565,-2.39094,137
SHAPE_8898061,12.2423879,-2.3906932,138
SHAPE_8898061,12.2417085,-2.3904424,139
SHAPE_8898061,12.240942,-2.3901595,140
SHAPE_8898061,12.24066,-2.39095,141
SHAPE_8898061,12.2404022,-2.391673,142
SHAPE_8898061,12.2401327,-2.3924284,143
SHAPE_8898061,12.2398901,-2.3931087,144
SHAPE_8898061,12.239403,-2.394474,145
SHAPE_8898062,12.240942,-2.3901595,1
SHAPE_8898062,12.2417085,-2.3904424,2
SHAPE_8898062,12.2423879,-2.3906932,3
SHAPE_8898062,12.2430565,-2.39094,4
SHAPE_8898062,12.2434585,-2.3910884,5
SHAPE_8898062,12.2435719,-2.3911303,6
SHAPE_8898062,12.2437471,-2.3911949,7
SHAPE_8898062,12.2443825,-2.3914295,8
SHAPE_8898062,12.2449345,-2.3916333,9
SHAPE_8898062,12.2455231,-2.3918514,10
SHAPE_8898062,12.2456171,-2.3918853,11
SHAPE_8898062,12.2458826,-2.391177,12
SHAPE_8898062,12.2461625,-2.3903861,13
SHAPE_8898062,12.2464439,-2.3895907,14
SHAPE_8898062,12.2467014,-2.3889003,15
SHAPE_8898062,12.2468424,-2.3884573,16
SHAPE_8898062,12.2474434,-2.386709,17
SHAPE_8898062,12.2474647,-2.386654,18
SHAPE_8898062,12.2476168,-2.3861863,19
SHAPE_8898062,12.2475362,-2.386172,20
SHAPE_8898062,12.247415,-2.3861414,21
SHAPE_8898062,12.2472709,-2.3861092,22
SHAPE_8898062,12.2470232,-2.3860945,23
SHAPE_8898062,12.246786,-2.3861172,24
SHAPE_8898062,12.2466082,-2.3861701,25
SHAPE_8898062,12.245862,-2.3863794,26
SHAPE_8898062,12.2452774,-2.386419,27
SHAPE_8898062,12.2450389,-2.3864164,28
SHAPE_8898062,12.2447781,-2.3863882,29
SHAPE_8898062,12.2442941,-2.3862828,30
SHAPE_8898062,12.2440573,-2.3862246,31
SHAPE_8898062,12.2438755,-2.3861592,32
SHAPE_8898062,12.2435803,-2.3860353,33
SHAPE_8898062,12.2433172,-2.3858921,34
SHAPE_8898062,12.2429522,-2.3856234,35
SHAPE_8898062,12.2423125,-2.3850991,36
SHAPE_8898062,12.2419609,-2.3848452,37
SHAPE_8898062,12.2415447,-2.3845396,38
SHAPE_8898062,12.2409197,-2.3840505,39
SHAPE_8898062,12.2401867,-2.3835957,40
SHAPE_8898062,12.2400159,-2.3834753,41
SHAPE_8898062,12.2394968,-2.3831656,42
SHAPE_8898062,12.2393351,-2.3830631,43
SHAPE_8898062,12.2391654,-2.3829537,44
SHAPE_8898062,12.2388725,-2.3827739,45
SHAPE_8898062,12.2381176,-2.3823528,46
SHAPE_8898062,12.2379472,-2.3822067,47
SHAPE_8898062,12.2376103,-2.3819465,48
SHAPE_8898062,12.2369553,-2.3813206,49
SHAPE_8898062,12.2366581,-2.3810206,50
SHAPE_8898062,12.2362129,-2.3805712,51
SHAPE_8898062,12.2358899,-2.380189,52
SHAPE_8898062,12.235762,-2.3799812,53
SHAPE_8898062,12.2356914,-2.3798523,54
SHAPE_8898062,12.2355244,-2.3794232,55
SHAPE_8898062,12.235497,-2.3793587,56
SHAPE_8898062,12.2354623,-2.3792519,57
SHAPE_8898062,12.2353656,-2.3789541,58
SHAPE_8898062,12.2353049,-2.378767,59
SHAPE_8898062,12.2352742,-2.3786206,60
SHAPE_8898062,12.2352692,-2.3785044,61
SHAPE_8898062,12.2353014,-2.3783912,62
SHAPE_8898062,12.2354201,-2.3781231,63
SHAPE_8898062,12.2362224,-2.3765633,64
SHAPE_8898062,12.236284,-2.3764426,65
SHAPE_8898062,12.2364164,-2.3761716,66
SHAPE_8898062,12.2364662,-2.3760563,67
SHAPE_8898062,12.2365108,-2.3759463,68
SHAPE_8898062,12.2365396,-2.3758632,69
SHAPE_8898062,12.2365868,-2.3757492,70
SHAPE_8898062,12.2366628,-2.3755413,71
SHAPE_8898062,12.2367257,-2.3753482,72
SHAPE_8898062,12.2367912,-2.3750156,73
SHAPE_8898062,12.2368489,-2.3747313,74
SHAPE_8898062,12.2369328,-2.3740004,75
SHAPE_8898062,12.23698,-2.3734921,76
SHAPE_8898062,12.237056,-2.3728565,77
SHAPE_8898062,12.2371342,-2.3722741,78
SHAPE_8898062,12.237208,-2.3714885,79
SHAPE_8898062,12.2372316,-2.3712391,80
SHAPE_8898062,12.2372553,-2.3707152,81
SHAPE_8898062,12.2373129,-2.3699167,82
SHAPE_8898062,12.237326,-2.3697478,83
SHAPE_8898062,12.2373467,-2.3695521,84
SHAPE_8898062,12.237361,-2.3691936,85
SHAPE_8898062,12.237399,-2.3685754,86
SHAPE_8898062,12.237426,-2.3680506,87
SHAPE_8898062,12.2375197,-2.3669228,88
SHAPE_8898062,12.2375407,-2.3663729,89
SHAPE_8898062,12.2375694,-2.3656939,90
SHAPE_8898062,12.237609,-2.365302,91
SHAPE_8898062,12.2376156,-2.3650888,92
SHAPE_8898062,12.2376497,-2.3646837,93
SHAPE_8898062,12.2376995,-2.3641889,94
SHAPE_8898062,12.237704,-2.3640521,95
SHAPE_8898062,12.23771,-2.3638684,96
SHAPE_8898062,12.2377323,-2.3635089,97
SHAPE_8898062,12.237153,-2.3635317,98
SHAPE_8898062,12.2366877,-2.3635599,99
SHAPE_8898062,12.2364413,-2.3635907,100
SHAPE_8898062,12.2360545,-2.3636279,101
SHAPE_8898062,12.235935,-2.3636377,102
SHAPE_8898062,12.2356575,-2.3636464,103
SHAPE_8898062,12.2352853,-2.3636873,104
SHAPE_8898062,12.2352158,-2.3636913,105
SHAPE_8898062,12.2347021,-2.3637383,106
SHAPE_8898062,12.2341096,-2.3637724,107
SHAPE_8898062,12.2337676,-2.3637946,108
SHAPE_8898062,12.2334446,-2.3638318,109
SHAPE_8898062,12.2332135,-2.3638428,110
SHAPE_8898062,12.232918,-2.3638569,111
SHAPE_8898062,12.2325775,-2.3638737,112
SHAPE_8898062,12.2324478,-2.3638751,113
SHAPE_8898062,12.2322498,-2.3638791,114
SHAPE_8898062,12.2321633,-2.3638791,115
SHAPE_8898062,12.2320454,-2.3638724,116
SHAPE_8898062,12.2319602,-2.3638643,117
SHAPE_8898062,12.231854,-2.3638442,118
SHAPE_8898062,12.231643,-2.3638,119
SHAPE_8898062,12.2313336,-2.3637268,120
SHAPE_8898062,12.2311216,-2.3636743,121
SHAPE_8898062,12.2309205,-2.3636114,122
SHAPE_8898062,12.2308806,-2.3635989,123
SHAPE_8898062,12.2306063,-2.3635036,124
SHAPE_8898062,12.2302858,-2.3633748,125
SHAPE_8898062,12.2302046,-2.36334,126
SHAPE_8898062,12.2301171,-2.3632962,127
SHAPE_8898062,12.2300196,-2.3632505,128
SHAPE_8898062,12.2286993,-2.3627177,129
SHAPE_8898062,12.2282012,-2.3625112,130
SHAPE_8898062,12.2279338,-2.3623958,131
SHAPE_8898062,12.2275694,-2.362259,132
SHAPE_8898062,12.2265313,-2.3618247,133
SHAPE_8898062,12.2252784,-2.3612854,134
SHAPE_8898062,12.2250556,-2.3611888,135
SHAPE_8898062,12.224007,-2.360765,136
SHAPE_8898062,12.2230685,-2.3603761,137
SHAPE_8898062,12.2224787,-2.3601401,138
SHAPE_8898062,12.2218863,-2.359896,139
SHAPE_8898062,12.2214321,-2.3597284,140
SHAPE_8898140,12.2582928,-2.3637693,1
SHAPE_8898140,12.2584368,-2.3636149,2
SHAPE_8898140,12.2585,-2.3635567,3
SHAPE_8898140,12.2593161,-2.3628049,4
SHAPE_8898140,12.259797,-2.3622697,5
SHAPE_8898140,12.260103,-2.3619646,6
SHAPE_8898140,12.2604794,-2.3615893,7
SHAPE_8898140,12.2611492,-2.3609216,8
SHAPE_8898140,12.2616607,-2.3604003,9
SHAPE_8898140,12.262118,-2.359955,10
SHAPE_8898140,12.2628454,-2.3592576,11
SHAPE_8898140,12.2634456,-2.3586836,12
SHAPE_8898140,12.2636858,-2.3584562,13
SHAPE_8898140,12.2646355,-2.3575102,14
SHAPE_8898140,12.2650188,-2.3571538,15
SHAPE_8898140,12.2651042,-2.357074,16
SHAPE_8898140,12.26549,-2.35668,17
SHAPE_8898140,12.2656079,-2.356562,18
SHAPE_8898140,12.2659237,-2.356267,19
SHAPE_8898140,12.2667126,-2.3555508,20
SHAPE_8898140,12.2668149,-2.3554677,21
SHAPE_8898140,12.2673168,-2.355123,22
SHAPE_8898140,12.2673613,-2.3550908,23
SHAPE_8898140,12.267516,-2.3549889,24
SHAPE_8898140,12.2679877,-2.3546845,25
SHAPE_8898140,12.2687754,-2.3541927,26
SHAPE_8898140,12.2691923,-2.3538993,27
SHAPE_8898140,12.2694869,-2.353684,28
SHAPE_8898140,12.2697446,-2.3535193,29
SHAPE_8898140,12.2699766,-2.3533642,30
SHAPE_8898140,12.2701867,-2.3532093,31
SHAPE_8898140,12.2705563,-2.3529384,32
SHAPE_8898140,12.2706611,-2.3528713,33
SHAPE_8898140,12.2707817,-2.3527935,34
SHAPE_8898140,12.2711643,-2.3525199,35
SHAPE_8898140,12.2582928,-2.3637693,36
SHAPE_8898140,12.2580134,-2.3640479,37
SHAPE_8898140,12.2576159,-2.3644789,38
SHAPE_8898140,12.257245,-2.3648704,39
SHAPE_8898140,12.2571702,-2.3649493,40
SHAPE_8898140,12.2554261,-2.3644774,41
SHAPE_8898140,12.2528882,-2.3636973,42
SHAPE_8898140,12.2521854,-2.3634904,43
SHAPE_8898140,12.2516003,-2.3633181,44
SHAPE_8898140,12.2513917,-2.3640796,45
SHAPE_8898140,12.2513332,-2.364293,46
SHAPE_8898140,12.2512926,-2.3644412,47
SHAPE_8898140,12.251158,-2.364964,48
SHAPE_8898140,12.2510063,-2.3655073,49
SHAPE_8898140,12.2509909,-2.3655647,50
SHAPE_8898140,12.2509765,-2.3656118,51
SHAPE_8898140,12.2508892,-2.3659279,52
SHAPE_8898140,12.2508444,-2.3660901,53
SHAPE_8898140,12.2506974,-2.3666666,54
SHAPE_8898140,12.2505414,-2.3672862,55
SHAPE_8898140,12.2505178,-2.3674659,56
SHAPE_8898140,12.2505172,-2.3676328,57
SHAPE_8898140,12.2505181,-2.3677006,58
SHAPE_8898140,12.2505198,-2.3678185,59
SHAPE_8898140,12.2506707,-2.3695085,60
SHAPE_8898140,12.2508845,-2.371749,61
SHAPE_8898140,12.2509004,-2.3719317,62
SHAPE_8898140,12.2509132,-2.3720783,63
SHAPE_8898140,12.2509448,-2.3724411,64
SHAPE_8898140,12.2510041,-2.3730636,65
SHAPE_8898140,12.2510292,-2.3733277,66
SHAPE_8898140,12.2510316,-2.3733534,67
SHAPE_8898140,12.2510813,-2.3738754,68
SHAPE_8898140,12.2511037,-2.3741293,69
SHAPE_8898140,12.2511233,-2.3743082,70
SHAPE_8898140,12.2516141,-2.374567,71
SHAPE_8898140,12.2518651,-2.3747226,72
SHAPE_8898140,12.2519745,-2.3748031,73
SHAPE_8898140,12.252063,-2.3748916,74
SHAPE_8898140,12.252101,-2.3749466,75
SHAPE_8898140,12.2522936,-2.375204,76
SHAPE_8898140,12.2524194,-2.3753925,77
SHAPE_8898140,12.2524895,-2.3754998,78
SHAPE_8898140,12.2526213,-2.3756889,79
SHAPE_8898140,12.2530564,-2.3762749,80
SHAPE_8898140,12.2534404,-2.3768093,81
SHAPE_8898140,12.2536258,-2.3771077,82
SHAPE_8898140,12.253789,-2.3774075,83
SHAPE_8898140,12.2539403,-2.3777246,84
SHAPE_8898140,12.2541015,-2.3780747,85
SHAPE_8898140,12.2543309,-2.3785695,86
SHAPE_8898140,12.2544813,-2.3788808,87
SHAPE_8898140,12.2545576,-2.3790389,88
SHAPE_8898140,12.2549875,-2.379975,89
SHAPE_8898140,12.2552574,-2.3805343,90
SHAPE_8898140,12.2554068,-2.3808508,91
SHAPE_8898140,12.255534,-2.3811378,92
SHAPE_8898140,12.2557371,-2.3815455,93
SHAPE_8898140,12.2559402,-2.3820645,94
SHAPE_8898140,12.2554178,-2.3823544,95
SHAPE_8898140,12.2547129,-2.382713,96
SHAPE_8898140,12.2534088,-2.3833973,97
SHAPE_8898140,12.2531702,-2.3835193,98
SHAPE_8898140,12.2526753,-2.3837723,99
SHAPE_8898140,12.2521501,-2.3840409,100
SHAPE_8898140,12.251007,-2.3846254,101
SHAPE_8898140,12.2507221,-2.3847711,102
SHAPE_8898140,12.2505366,-2.3848659,103
SHAPE_8898140,12.2497828,-2.3852513,104
SHAPE_8898140,12.2495642,-2.3853631,105
SHAPE_8898140,12.2487729,-2.3857749,106
SHAPE_8898140,12.2482341,-2.3860784,107
SHAPE_8898140,12.2480271,-2.3861669,108
SHAPE_8898140,12.2479065,-2.386183,109
SHAPE_8898140,12.2477925,-2.3861923,110
SHAPE_8898140,12.247723,-2.3861929,111
SHAPE_8898140,12.2476168,-2.3861863,112
SHAPE_8898140,12.2474647,-2.386654,113
SHAPE_8898140,12.2474434,-2.386709,114
SHAPE_8898140,12.247336,-2.3867543,115
SHAPE_8898140,12.2467393,-2.3869867,116
SHAPE_8898140,12.2464417,-2.3869091,117
SHAPE_8898140,12.2462285,-2.3868504,118
SHAPE_8898140,12.2461238,-2.3868216,119
SHAPE_8898141,12.2464417,-2.3869091,1
SHAPE_8898141,12.2467393,-2.3869867,2
SHAPE_8898141,12.247336,-2.3867543,3
SHAPE_8898141,12.2474434,-2.386709,4
SHAPE_8898141,12.2474647,-2.386654,5
SHAPE_8898141,12.2476168,-2.3861863,6
SHAPE_8898141,12.247723,-2.3861929,7
SHAPE_8898141,12.2477925,-2.3861923,8
SHAPE_8898141,12.2479065,-2.386183,9
SHAPE_8898141,12.2480271,-2.3861669,10
SHAPE_8898141,12.2482341,-2.3860784,11
SHAPE_8898141,12.2487729,-2.3857749,12
SHAPE_8898141,12.2495642,-2.3853631,13
SHAPE_8898141,12.2497828,-2.3852513,14
SHAPE_8898141,12.2505366,-2.3848659,15
SHAPE_8898141,12.2507221,-2.3847711,16
SHAPE_8898141,12.251007,-2.3846254,17
SHAPE_8898141,12.2521501,-2.3840409,18
SHAPE_8898141,12.2526753,-2.3837723,19
SHAPE_8898141,12.2531702,-2.3835193,20
SHAPE_8898141,12.2534088,-2.3833973,21
SHAPE_8898141,12.2547129,-2.382713,22
SHAPE_8898141,12.2554178,-2.3823544,23
SHAPE_8898141,12.2559402,-2.3820645,24
SHAPE_8898141,12.2557371,-2.3815455,25
SHAPE_8898141,12.255534,-2.3811378,26
SHAPE_8898141,12.2554068,-2.3808508,27
SHAPE_8898141,12.2552574,-2.3805343,28
SHAPE_8898141,12.2549875,-2.379975,29
SHAPE_8898141,12.2545576,-2.3790389,30
SHAPE_8898141,12.2544813,-2.3788808,31
SHAPE_8898141,12.2543309,-2.3785695,32
SHAPE_8898141,12.2541015,-2.3780747,33
SHAPE_8898141,12.2539403,-2.3777246,34
SHAPE_8898141,12.253789,-2.3774075,35
SHAPE_8898141,12.2536258,-2.3771077,36
SHAPE_8898141,12.2534404,-2.3768093,37
SHAPE_8898141,12.2530564,-2.3762749,38
SHAPE_8898141,12.2526213,-2.3756889,39
SHAPE_8898141,12.2524895,-2.3754998,40
SHAPE_8898141,12.2524194,-2.3753925,41
SHAPE_8898141,12.2522936,-2.375204,42
SHAPE_8898141,12.252101,-2.3749466,43
SHAPE_8898141,12.252063,-2.3748916,44
SHAPE_8898141,12.2519745,-2.3748031,45
SHAPE_8898141,12.2518651,-2.3747226,46
SHAPE_8898141,12.2516141,-2.374567,47
SHAPE_8898141,12.2511233,-2.3743082,48
SHAPE_8898141,12.2511037,-2.3741293,49
SHAPE_8898141,12.2510813,-2.3738754,50
SHAPE_8898141,12.2510316,-2.3733534,51
SHAPE_8898141,12.2510292,-2.3733277,52
SHAPE_8898141,12.2510041,-2.3730636,53
SHAPE_8898141,12.2509448,-2.3724411,54
SHAPE_8898141,12.2509132,-2.3720783,55
SHAPE_8898141,12.2509004,-2.3719317,56
SHAPE_8898141,12.2508845,-2.371749,57
SHAPE_8898141,12.2506707,-2.3695085,58
SHAPE_8898141,12.2505198,-2.3678185,59
SHAPE_8898141,12.2505181,-2.3677006,60
SHAPE_8898141,12.2505172,-2.3676328,61
SHAPE_8898141,12.2505178,-2.3674659,62
SHAPE_8898141,12.2505414,-2.3672862,63
SHAPE_8898141,12.2506974,-2.3666666,64
SHAPE_8898141,12.2508444,-2.3660901,65
SHAPE_8898141,12.2508892,-2.3659279,66
SHAPE_8898141,12.2509765,-2.3656118,67
SHAPE_8898141,12.2509909,-2.3655647,68
SHAPE_8898141,12.2510063,-2.3655073,69
SHAPE_8898141,12.251158,-2.364964,70
SHAPE_8898141,12.2512926,-2.3644412,71
SHAPE_8898141,12.2513332,-2.364293,72
SHAPE_8898141,12.2513917,-2.3640796,73
SHAPE_8898141,12.2516003,-2.3633181,74
SHAPE_8898141,12.2521854,-2.3634904,75
SHAPE_8898141,12.2528882,-2.3636973,76
SHAPE_8898141,12.2530518,-2.3637433,77
SHAPE_8898141,12.2532804,-2.3638114,78
SHAPE_8898141,12.2536022,-2.3638992,79
SHAPE_8898141,12.2539717,-2.3640255,80
SHAPE_8898141,12.2541922,-2.3640852,81
SHAPE_8898141,12.2547618,-2.3642762,82
SHAPE_8898141,12.255112,-2.3643516,83
SHAPE_8898141,12.2554261,-2.3644774,84
SHAPE_8898141,12.2560308,-2.3646328,85
SHAPE_8898141,12.2571702,-2.3649493,86
SHAPE_8898141,12.257245,-2.3648704,87
SHAPE_8898141,12.2576159,-2.3644789,88
SHAPE_8898141,12.2580134,-2.3640479,89
SHAPE_8898141,12.2582928,-2.3637693,90
SHAPE_8898141,12.2584368,-2.3636149,91
SHAPE_8898141,12.2585,-2.3635567,92
SHAPE_8898141,12.2593161,-2.3628049,93
SHAPE_8898141,12.259797,-2.3622697,94
SHAPE_8898141,12.260103,-2.3619646,95
SHAPE_8898141,12.2604794,-2.3615893,96
SHAPE_8898141,12.2611492,-2.3609216,97
SHAPE_8898141,12.2616607,-2.3604003,98
SHAPE_8898141,12.262118,-2.359955,99
SHAPE_8898141,12.2628454,-2.3592576,100
SHAPE_8898141,12.2634456,-2.3586836,101
SHAPE_8898141,12.2636858,-2.3584562,102
SHAPE_8898141,12.2646355,-2.3575102,103
SHAPE_8898141,12.2650188,-2.3571538,104
SHAPE_8898141,12.2651042,-2.357074,105
SHAPE_8898141,12.26549,-2.35668,106
SHAPE_8898141,12.2656079,-2.356562,107
SHAPE_8898141,12.2659237,-2.356267,108
SHAPE_8898141,12.2667126,-2.3555508,109
SHAPE_8898141,12.2668149,-2.3554677,110
SHAPE_8898141,12.2673168,-2.355123,111
SHAPE_8898141,12.2673613,-2.3550908,112
SHAPE_8898141,12.267516,-2.3549889,113
SHAPE_8898141,12.2679877,-2.3546845,114
SHAPE_8898141,12.2687754,-2.3541927,115
SHAPE_8898141,12.2691923,-2.3538993,116
SHAPE_8898141,12.2694869,-2.353684,117
SHAPE_8898141,12.2697446,-2.3535193,118
SHAPE_8898141,12.2699766,-2.3533642,119
SHAPE_8898141,12.2701867,-2.3532093,120
SHAPE_8898141,12.2705563,-2.3529384,121
SHAPE_8898141,12.2706611,-2.3528713,122
SHAPE_8898141,12.2707817,-2.3527935,123
SHAPE_8898141,12.2711643,-2.3525199,124
SHAPE_8898141,12.2716151,-2.3522329,125
SHAPE_8898141,12.2721629,-2.3518574,126
SHAPE_8898141,12.2725685,-2.351591,127
SHAPE_8898141,12.2725875,-2.3515785,128
SHAPE_8898141,12.2727567,-2.3514785,129
SHAPE_8898342,12.2684857,-2.4044824,1
SHAPE_8898342,12.2687858,-2.4049115,2
SHAPE_8898342,12.2709284,-2.4078552,3
SHAPE_8898342,12.2715653,-2.4087712,4
SHAPE_8898342,12.2719309,-2.4092688,5
SHAPE_8898342,12.272328,-2.4098454,6
SHAPE_8898342,12.2728116,-2.4105093,7
SHAPE_8898342,12.273417,-2.4113408,8
SHAPE_8898342,12.2736699,-2.4117015,9
SHAPE_8898342,12.2743264,-2.4126309,10
SHAPE_8898342,12.2748978,-2.4134168,11
SHAPE_8898342,12.2755674,-2.4143784,12
SHAPE_8898342,12.2760785,-2.4151026,13
SHAPE_8898342,12.2771269,-2.4165724,14
SHAPE_8898342,12.2789843,-2.4192351,15
SHAPE_8898342,12.2835127,-2.4255316,16
SHAPE_8898342,12.2849186,-2.4274555,17
SHAPE_8898342,12.2849741,-2.4275291,18
SHAPE_8898342,12.2860364,-2.4289387,19
SHAPE_8898342,12.2936391,-2.4388723,20
SHAPE_8898342,12.2942995,-2.4397481,21
SHAPE_8898342,12.295094,-2.4408683,22
SHAPE_8898342,12.2957079,-2.4416832,23
SHAPE_8898342,12.2960452,-2.4421378,24
SHAPE_8898342,12.2971316,-2.4436249,25
SHAPE_8898342,12.2972105,-2.4437387,26
SHAPE_8898342,12.297437,-2.4440652,27
SHAPE_8898342,12.2975433,-2.4442184,28
SHAPE_8898342,12.2976975,-2.4444406,29
SHAPE_8898342,12.2981758,-2.4451533,30
SHAPE_8898342,12.2986083,-2.4457685,31
SHAPE_8898342,12.3000412,-2.4478067,32
SHAPE_8898342,12.3002262,-2.4480765,33
SHAPE_8898342,12.300489,-2.4484598,34
SHAPE_8898342,12.3007315,-2.4488135,35
SHAPE_8898342,12.3013531,-2.4497509,36
SHAPE_8898342,12.301726,-2.4503084,37
SHAPE_8898342,12.3019165,-2.4505585,38
SHAPE_8898342,12.3030731,-2.4520303,39
SHAPE_8898342,12.3052561,-2.4547214,40
SHAPE_8898342,12.3065491,-2.4563138,41
SHAPE_8898342,12.3069811,-2.4568458,42
SHAPE_8898342,12.3088428,-2.4591386,43
SHAPE_8898342,12.3093403,-2.45975,44
SHAPE_8898342,12.3097919,-2.4603051,45
SHAPE_8898342,12.3099678,-2.4605131,46
SHAPE_8898342,12.3101396,-2.4606933,47
SHAPE_8898342,12.3106644,-2.46125,48
SHAPE_8898342,12.3110969,-2.4617549,49
SHAPE_8898342,12.311131,-2.4618004,50
SHAPE_8898342,12.3113577,-2.4620672,51
SHAPE_8898342,12.3123443,-2.4631802,52
SHAPE_8898342,12.3130761,-2.4640748,53
SHAPE_8898342,12.3135479,-2.4645866,54
SHAPE_8898342,12.3136759,-2.4647353,55
SHAPE_8898342,12.3143945,-2.4655698,56
SHAPE_8898342,12.3146641,-2.4658457,57
SHAPE_8898342,12.3160477,-2.467362,58
SHAPE_8898342,12.2684857,-2.4044824,59
SHAPE_8898342,12.267761,-2.4034685,60
SHAPE_8898342,12.2669852,-2.4024117,61
SHAPE_8898342,12.2663811,-2.401544,62
SHAPE_8898342,12.2656564,-2.4005328,63
SHAPE_8898342,12.265372,-2.4001466,64
SHAPE_8898342,12.2644376,-2.3988631,65
SHAPE_8898342,12.2642791,-2.3986284,66
SHAPE_8898342,12.2640248,-2.3982744,67
SHAPE_8898342,12.263747,-2.3978815,68
SHAPE_8898342,12.2631992,-2.397109,69
SHAPE_8898342,12.2624103,-2.3960254,70
SHAPE_8898342,12.2618337,-2.3952019,71
SHAPE_8898342,12.2615152,-2.3947788,72
SHAPE_8898342,12.2613881,-2.3946071,73
SHAPE_8898342,12.26128,-2.394459,74
SHAPE_8898342,12.2612079,-2.3943617,75
SHAPE_8898342,12.2607669,-2.3937173,76
SHAPE_8898342,12.2603226,-2.393087,77
SHAPE_8898342,12.2599339,-2.3925762,78
SHAPE_8898342,12.2598047,-2.3923809,79
SHAPE_8898342,12.2596792,-2.392167,80
SHAPE_8898342,12.2595769,-2.3920094,81
SHAPE_8898342,12.2594944,-2.3918834,82
SHAPE_8898342,12.2591982,-2.3913583,83
SHAPE_8898342,12.2590678,-2.3910425,84
SHAPE_8898342,12.2589689,-2.3908091,85
SHAPE_8898342,12.2588863,-2.3906046,86
SHAPE_8898342,12.2587716,-2.3902693,87
SHAPE_8898342,12.2586995,-2.3900729,88
SHAPE_8898342,12.2586163,-2.3898509,89
SHAPE_8898342,12.2584355,-2.389285,90
SHAPE_8898342,12.2580974,-2.38831,91
SHAPE_8898342,12.2579086,-2.387787,92
SHAPE_8898342,12.2577147,-2.3871915,93
SHAPE_8898342,12.2576177,-2.3869193,94
SHAPE_8898342,12.257484,-2.3865102,95
SHAPE_8898342,12.2573307,-2.3860596,96
SHAPE_8898342,12.2570096,-2.3851088,97
SHAPE_8898342,12.2568301,-2.3845938,98
SHAPE_8898342,12.2567908,-2.3844744,99
SHAPE_8898342,12.2562875,-2.3830073,100
SHAPE_8898342,12.2562005,-2.3827529,101
SHAPE_8898342,12.2561486,-2.3826009,102
SHAPE_8898342,12.2559402,-2.3820645,103
SHAPE_8898342,12.2554178,-2.3823544,104
SHAPE_8898342,12.2547129,-2.382713,105
SHAPE_8898342,12.2534088,-2.3833973,106
SHAPE_8898342,12.2531702,-2.3835193,107
SHAPE_8898342,12.2526753,-2.3837723,108
SHAPE_8898342,12.2521501,-2.3840409,109
SHAPE_8898342,12.251007,-2.3846254,110
SHAPE_8898342,12.2507221,-2.3847711,111
SHAPE_8898342,12.2505366,-2.3848659,112
SHAPE_8898342,12.2497828,-2.3852513,113
SHAPE_8898342,12.2495642,-2.3853631,114
SHAPE_8898342,12.2487729,-2.3857749,115
SHAPE_8898342,12.2482341,-2.3860784,116
SHAPE_8898342,12.2480271,-2.3861669,117
SHAPE_8898342,12.2479065,-2.386183,118
SHAPE_8898342,12.2477925,-2.3861923,119
SHAPE_8898342,12.247723,-2.3861929,120
SHAPE_8898342,12.2476168,-2.3861863,121
SHAPE_8898342,12.2477961,-2.3856462,122
SHAPE_8898342,12.2479639,-2.3851753,123
SHAPE_8898342,12.2480746,-2.3848532,124
SHAPE_8898342,12.2482608,-2.3843116,125
SHAPE_8898342,12.2483877,-2.3839424,126
SHAPE_8898342,12.2484976,-2.3836416,127
SHAPE_8898342,12.2486097,-2.3832968,128
SHAPE_8898342,12.2487481,-2.382894,129
SHAPE_8898342,12.2490354,-2.3821094,130
SHAPE_8898342,12.2492214,-2.3815174,131
SHAPE_8898342,12.2492958,-2.3812975,132
SHAPE_8898342,12.2494078,-2.3809752,133
SHAPE_8898342,12.2497018,-2.3801198,134
SHAPE_8898342,12.2498612,-2.3796563,135
SHAPE_8898342,12.2501371,-2.3789182,136
SHAPE_8898342,12.2503245,-2.3783925,137
SHAPE_8898342,12.2505027,-2.3778708,138
SHAPE_8898342,12.2506325,-2.3774859,139
SHAPE_8898342,12.2506954,-2.3773102,140
SHAPE_8898342,12.2508953,-2.376802,141
SHAPE_8898342,12.2510479,-2.3763762,142
SHAPE_8898342,12.2511443,-2.3760858,143
SHAPE_8898342,12.2511934,-2.3759329,144
SHAPE_8898342,12.2512262,-2.3758216,145
SHAPE_8898342,12.2512412,-2.3757277,146
SHAPE_8898342,12.2512504,-2.3756573,147
SHAPE_8898342,12.2512537,-2.3755373,148
SHAPE_8898342,12.2512504,-2.3754575,149
SHAPE_8898342,12.2512445,-2.3753737,150
SHAPE_8898342,12.2511876,-2.3746823,151
SHAPE_8898342,12.2511783,-2.3745945,152
SHAPE_8898342,12.2511548,-2.374476,153
SHAPE_8898342,12.2511497,-2.3744329,154
SHAPE_8898342,12.2511233,-2.3743082,155
SHAPE_8898342,12.2511037,-2.3741293,156
SHAPE_8898342,12.2510813,-2.3738754,157
SHAPE_8898342,12.2510316,-2.3733534,158
SHAPE_8898342,12.2510292,-2.3733277,159
SHAPE_8898342,12.2510041,-2.3730636,160
SHAPE_8898342,12.2509448,-2.3724411,161
SHAPE_8898342,12.2509132,-2.3720783,162
SHAPE_8898342,12.2509004,-2.3719317,163
SHAPE_8898342,12.2508845,-2.371749,164
SHAPE_8898342,12.2506707,-2.3695085,165
SHAPE_8898342,12.2505198,-2.3678185,166
SHAPE_8898342,12.2505181,-2.3677006,167
SHAPE_8898342,12.2505172,-2.3676328,168
SHAPE_8898342,12.2505178,-2.3674659,169
SHAPE_8898342,12.2505414,-2.3672862,170
SHAPE_8898342,12.2506974,-2.3666666,171
SHAPE_8898342,12.2508444,-2.3660901,172
SHAPE_8898342,12.2508892,-2.3659279,173
SHAPE_8898342,12.2509765,-2.3656118,174
SHAPE_8898342,12.2509909,-2.3655647,175
SHAPE_8898342,12.2510063,-2.3655073,176
SHAPE_8898342,12.251158,-2.364964,177
SHAPE_8898342,12.2512926,-2.3644412,178
SHAPE_8898342,12.2513332,-2.364293,179
SHAPE_8898342,12.2513917,-2.3640796,180
SHAPE_8898342,12.2516003,-2.3633181,181
SHAPE_8898342,12.2517438,-2.3627834,182
SHAPE_8898342,12.2520061,-2.3617773,183
SHAPE_8898342,12.2520774,-2.3615136,184
SHAPE_8898342,12.2521953,-2.361077,185
SHAPE_8898342,12.2525531,-2.3597526,186
SHAPE_8898342,12.252683,-2.3592576,187
SHAPE_8898342,12.2526991,-2.3592015,188
SHAPE_8898342,12.2527037,-2.3591765,189
SHAPE_8898342,12.2527088,-2.3591486,190
SHAPE_8898342,12.2527131,-2.3591167,191
SHAPE_8898342,12.2527238,-2.3590188,192
SHAPE_8898342,12.2527284,-2.3589163,193
SHAPE_8898342,12.2527389,-2.3587217,194
SHAPE_8898342,12.2527432,-2.3585511,195
SHAPE_8898342,12.2527693,-2.3577334,196
SHAPE_8898342,12.2527887,-2.3571612,197
SHAPE_8898342,12.2528037,-2.3566627,198
SHAPE_8898342,12.2528252,-2.3559122,199
SHAPE_8898342,12.25285,-2.3552629,200
SHAPE_8898342,12.2528565,-2.3550761,201
SHAPE_8898342,12.2528629,-2.3548898,202
SHAPE_8898342,12.2528701,-2.3546663,203
SHAPE_8898342,12.2528715,-2.3546224,204
SHAPE_8898342,12.2529403,-2.3526394,205
SHAPE_8898342,12.252965,-2.3517921,206
SHAPE_8898342,12.2529771,-2.3514296,207
SHAPE_8898342,12.2529898,-2.3509723,208
SHAPE_8898342,12.2530011,-2.350633,209
SHAPE_8898342,12.2530078,-2.3504325,210
SHAPE_8898342,12.2530391,-2.3494939,211
SHAPE_8898342,12.2531375,-2.349639,212
SHAPE_8898342,12.2533021,-2.3498373,213
SHAPE_8898343,12.2530391,-2.3494939,1
SHAPE_8898343,12.2530078,-2.3504325,2
SHAPE_8898343,12.2530011,-2.350633,3
SHAPE_8898343,12.2529898,-2.3509723,4
SHAPE_8898343,12.2529771,-2.3514296,5
SHAPE_8898343,12.252965,-2.3517921,6
SHAPE_8898343,12.2529403,-2.3526394,7
SHAPE_8898343,12.2528715,-2.3546224,8
SHAPE_8898343,12.2528701,-2.3546663,9
SHAPE_8898343,12.2528629,-2.3548898,10
SHAPE_8898343,12.2528565,-2.3550761,11
SHAPE_8898343,12.25285,-2.3552629,12
SHAPE_8898343,12.2528252,-2.3559122,13
SHAPE_8898343,12.2528037,-2.3566627,14
SHAPE_8898343,12.2527887,-2.3571612,15
SHAPE_8898343,12.2527693,-2.3577334,16
SHAPE_8898343,12.2527432,-2.3585511,17
SHAPE_8898343,12.2527389,-2.3587217,18
SHAPE_8898343,12.2527284,-2.3589163,19
SHAPE_8898343,12.2527238,-2.3590188,20
SHAPE_8898343,12.2527131,-2.3591167,21
SHAPE_8898343,12.2527088,-2.3591486,22
SHAPE_8898343,12.2527037,-2.3591765,23
SHAPE_8898343,12.2526991,-2.3592015,24
SHAPE_8898343,12.252683,-2.3592576,25
SHAPE_8898343,12.2525531,-2.3597526,26
SHAPE_8898343,12.2521953,-2.361077,27
SHAPE_8898343,12.2520774,-2.3615136,28
SHAPE_8898343,12.2520061,-2.3617773,29
SHAPE_8898343,12.2517438,-2.3627834,30
SHAPE_8898343,12.2516003,-2.3633181,31
SHAPE_8898343,12.2513917,-2.3640796,32
SHAPE_8898343,12.2513332,-2.364293,33
SHAPE_8898343,12.2512926,-2.3644412,34
SHAPE_8898343,12.251158,-2.364964,35
SHAPE_8898343,12.2510063,-2.3655073,36
SHAPE_8898343,12.2509909,-2.3655647,37
SHAPE_8898343,12.2509765,-2.3656118,38
SHAPE_8898343,12.2508892,-2.3659279,39
SHAPE_8898343,12.2508444,-2.3660901,40
SHAPE_8898343,12.2506974,-2.3666666,41
SHAPE_8898343,12.2505414,-2.3672862,42
SHAPE_8898343,12.2505178,-2.3674659,43
SHAPE_8898343,12.2505172,-2.3676328,44
SHAPE_8898343,12.2505181,-2.3677006,45
SHAPE_8898343,12.2505198,-2.3678185,46
SHAPE_8898343,12.2506707,-2.3695085,47
SHAPE_8898343,12.2508845,-2.371749,48
SHAPE_8898343,12.2509004,-2.3719317,49
SHAPE_8898343,12.2509132,-2.3720783,50
SHAPE_8898343,12.2509448,-2.3724411,51
SHAPE_8898343,12.2510041,-2.3730636,52
SHAPE_8898343,12.2510292,-2.3733277,53
SHAPE_8898343,12.2510316,-2.3733534,54
SHAPE_8898343,12.2510813,-2.3738754,55
SHAPE_8898343,12.2511037,-2.3741293,56
SHAPE_8898343,12.2511233,-2.3743082,57
SHAPE_8898343,12.2516141,-2.374567,58
SHAPE_8898343,12.2518651,-2.3747226,59
SHAPE_8898343,12.2519745,-2.3748031,60
SHAPE_8898343,12.252063,-2.3748916,61
SHAPE_8898343,12.252101,-2.3749466,62
SHAPE_8898343,12.2522936,-2.375204,63
SHAPE_8898343,12.2524194,-2.3753925,64
SHAPE_8898343,12.2524895,-2.3754998,65
SHAPE_8898343,12.2526213,-2.3756889,66
SHAPE_8898343,12.2530564,-2.3762749,67
SHAPE_8898343,12.2534404,-2.3768093,68
SHAPE_8898343,12.2536258,-2.3771077,69
SHAPE_8898343,12.253789,-2.3774075,70
SHAPE_8898343,12.2539403,-2.3777246,71
SHAPE_8898343,12.2541015,-2.3780747,72
SHAPE_8898343,12.2543309,-2.3785695,73
SHAPE_8898343,12.2544813,-2.3788808,74
SHAPE_8898343,12.2545576,-2.3790389,75
SHAPE_8898343,12.2549875,-2.379975,76
SHAPE_8898343,12.2552574,-2.3805343,77
SHAPE_8898343,12.2554068,-2.3808508,78
SHAPE_8898343,12.255534,-2.3811378,79
SHAPE_8898343,12.2557371,-2.3815455,80
SHAPE_8898343,12.2559402,-2.3820645,81
SHAPE_8898343,12.2561486,-2.3826009,82
SHAPE_8898343,12.2562005,-2.3827529,83
SHAPE_8898343,12.2562875,-2.3830073,84
SHAPE_8898343,12.2567908,-2.3844744,85
SHAPE_8898343,12.2568301,-2.3845938,86
SHAPE_8898343,12.2570096,-2.3851088,87
SHAPE_8898343,12.2573307,-2.3860596,88
SHAPE_8898343,12.257484,-2.3865102,89
SHAPE_8898343,12.2576177,-2.3869193,90
SHAPE_8898343,12.2577147,-2.3871915,91
SHAPE_8898343,12.2579086,-2.387787,92
SHAPE_8898343,12.2580974,-2.38831,93
SHAPE_8898343,12.2584355,-2.389285,94
SHAPE_8898343,12.2586163,-2.3898509,95
SHAPE_8898343,12.2586995,-2.3900729,96
SHAPE_8898343,12.2587716,-2.3902693,97
SHAPE_8898343,12.2588863,-2.3906046,98
SHAPE_8898343,12.2589689,-2.3908091,99
SHAPE_8898343,12.2590678,-2.3910425,100
SHAPE_8898343,12.2591982,-2.3913583,101
SHAPE_8898343,12.2594944,-2.3918834,102
SHAPE_8898343,12.2595769,-2.3920094,103
SHAPE_8898343,12.2596792,-2.392167,104
SHAPE_8898343,12.2598047,-2.3923809,105
SHAPE_8898343,12.2599339,-2.3925762,106
SHAPE_8898343,12.2603226,-2.393087,107
SHAPE_8898343,12.2607669,-2.3937173,108
SHAPE_8898343,12.2612079,-2.3943617,109
SHAPE_8898343,12.26128,-2.394459,110
SHAPE_8898343,12.2613881,-2.3946071,111
SHAPE_8898343,12.2615152,-2.3947788,112
SHAPE_8898343,12.2618337,-2.3952019,113
SHAPE_8898343,12.2624103,-2.3960254,114
SHAPE_8898343,12.2631992,-2.397109,115
SHAPE_8898343,12.263747,-2.3978815,116
SHAPE_8898343,12.2640248,-2.3982744,117
SHAPE_8898343,12.2642791,-2.3986284,118
SHAPE_8898343,12.2644376,-2.3988631,119
SHAPE_8898343,12.265372,-2.4001466,120
SHAPE_8898343,12.2656564,-2.4005328,121
SHAPE_8898343,12.2663811,-2.401544,122
SHAPE_8898343,12.2669852,-2.4024117,123
SHAPE_8898343,12.267761,-2.4034685,124
SHAPE_8898343,12.2684857,-2.4044824,125
SHAPE_8898343,12.2687858,-2.4049115,126
SHAPE_8898343,12.2709284,-2.4078552,127
SHAPE_8898343,12.2715653,-2.4087712,128
SHAPE_8898343,12.2719309,-2.4092688,129
SHAPE_8898343,12.272328,-2.4098454,130
SHAPE_8898343,12.2728116,-2.4105093,131
SHAPE_8898343,12.273417,-2.4113408,132
SHAPE_8898343,12.2736699,-2.4117015,133
SHAPE_8898343,12.2743264,-2.4126309,134
SHAPE_8898343,12.2748978,-2.4134168,135
SHAPE_8898343,12.2755674,-2.4143784,136
SHAPE_8898343,12.2760785,-2.4151026,137
SHAPE_8898343,12.2771269,-2.4165724,138
SHAPE_8898343,12.2789843,-2.4192351,139
SHAPE_8898343,12.2835127,-2.4255316,140
SHAPE_8898343,12.2849186,-2.4274555,141
SHAPE_8898343,12.2849741,-2.4275291,142
SHAPE_8898343,12.2860364,-2.4289387,143
SHAPE_8898343,12.2936391,-2.4388723,144
SHAPE_8898343,12.2942995,-2.4397481,145
SHAPE_8898343,12.295094,-2.4408683,146
SHAPE_8898343,12.2957079,-2.4416832,147
SHAPE_8898343,12.2960452,-2.4421378,148
SHAPE_8898343,12.2971316,-2.4436249,149
SHAPE_8898343,12.2972105,-2.4437387,150
SHAPE_8898343,12.297437,-2.4440652,151
SHAPE_8898343,12.2975433,-2.4442184,152
SHAPE_8898343,12.2976975,-2.4444406,153
SHAPE_8898343,12.2981758,-2.4451533,154
SHAPE_8898343,12.2986083,-2.4457685,155
SHAPE_8898343,12.3000412,-2.4478067,156
SHAPE_8898343,12.3002262,-2.4480765,157
SHAPE_8898343,12.300489,-2.4484598,158
SHAPE_8898343,12.3007315,-2.4488135,159
SHAPE_8898343,12.3013531,-2.4497509,160
SHAPE_8898343,12.301726,-2.4503084,161
SHAPE_8898343,12.3019165,-2.4505585,162
SHAPE_8898343,12.3030731,-2.4520303,163
SHAPE_8898343,12.3052561,-2.4547214,164
SHAPE_8898343,12.3065491,-2.4563138,165
SHAPE_8898343,12.3069811,-2.4568458,166
SHAPE_8898343,12.3088428,-2.4591386,167
SHAPE_8898343,12.3093403,-2.45975,168
SHAPE_8898343,12.3097919,-2.4603051,169
SHAPE_8898343,12.3099678,-2.4605131,170
SHAPE_8898343,12.3101396,-2.4606933,171
SHAPE_8898343,12.3106644,-2.46125,172
SHAPE_8898343,12.3110969,-2.4617549,173
SHAPE_8898343,12.311131,-2.4618004,174
SHAPE_8898343,12.3113577,-2.4620672,175
SHAPE_8898343,12.3123443,-2.4631802,176
SHAPE_8898343,12.3130761,-2.4640748,177
SHAPE_8898343,12.3135479,-2.4645866,178
SHAPE_8898343,12.3136759,-2.4647353,179
SHAPE_8898343,12.3143945,-2.4655698,180
SHAPE_8898343,12.3146641,-2.4658457,181
SHAPE_8898343,12.3160477,-2.467362,182
SHAPE_8898343,12.316243,-2.4675733,183
SHAPE_8898343,12.3164951,-2.4678502,184
SHAPE_8898343,12.3169424,-2.4683112,185
SHAPE_8898343,12.3171005,-2.4684887,186
SHAPE_8898343,12.3171261,-2.4685174,187
SHAPE_12955202,12.0606508,-2.226761,1
SHAPE_12955202,12.0606615,-2.2267846,2
SHAPE_12955202,12.0606871,-2.2268411,3
SHAPE_12955202,12.0607681,-2.2270002,4
SHAPE_12955202,12.0608947,-2.2272491,5
SHAPE_12955202,12.0613736,-2.2281906,6
SHAPE_12955202,12.0616103,-2.2286428,7
SHAPE_12955202,12.0621407,-2.2296557,8
SHAPE_12955202,12.0622137,-2.2297945,9
SHAPE_12955202,12.06224,-2.2298444,10
SHAPE_12955202,12.0626974,-2.2307141,11
SHAPE_12955202,12.0627933,-2.2308965,12
SHAPE_12955202,12.062916,-2.2311298,13
SHAPE_12955202,12.0632511,-2.2317669,14
SHAPE_12955202,12.0637293,-2.2327528,15
SHAPE_12955202,12.0642679,-2.2338634,16
SHAPE_12955202,12.0648167,-2.2349877,17
SHAPE_12955202,12.0653131,-2.2360046,18
SHAPE_12955202,12.065648,-2.2366783,19
SHAPE_12955202,12.065682,-2.2367467,20
SHAPE_12955202,12.0661705,-2.2377294,21
SHAPE_12955202,12.0666609,-2.238695,22
SHAPE_12955202,12.0668262,-2.2389927,23
SHAPE_12955202,12.0670005,-2.2392892,24
SHAPE_12955202,12.067067,-2.2394021,25
SHAPE_12955202,12.0672301,-2.2396794,26
SHAPE_12955202,12.0676322,-2.240288,27
SHAPE_12955202,12.0678974,-2.2406472,28
SHAPE_12955202,12.0682728,-2.2411355,29
SHAPE_12955202,12.0694253,-2.2424046,30
SHAPE_12955202,12.0698145,-2.2428599,31
SHAPE_12955202,12.0701153,-2.2432119,32
SHAPE_12955202,12.0707842,-2.2439039,33
SHAPE_12955202,12.0708479,-2.2439751,34
SHAPE_12955202,12.0721323,-2.2454113,35
SHAPE_12955202,12.0726064,-2.2458905,36
SHAPE_12955202,12.0728589,-2.2461247,37
SHAPE_12955202,12.0731174,-2.2463462,38
SHAPE_12955202,12.0740234,-2.2470877,39
SHAPE_12955202,12.0752062,-2.2480401,40
SHAPE_12955202,12.0766515,-2.249224,41
SHAPE_12955202,12.0774587,-2.2498947,42
SHAPE_12955202,12.0781049,-2.2504316,43
SHAPE_12955202,12.0781507,-2.2504693,44
SHAPE_12955202,12.080094,-2.2520658,45
SHAPE_12955202,12.080773,-2.2526424,46
SHAPE_12955202,12.0810212,-2.2528531,47
SHAPE_12955202,12.0818578,-2.2535054,48
SHAPE_12955202,12.0819663,-2.25359,49
SHAPE_12955202,12.0843829,-2.2554906,50
SHAPE_12955202,12.0859129,-2.256694,51
SHAPE_12955202,12.0859734,-2.2567418,52
SHAPE_12955202,12.0870749,-2.2576116,53
SHAPE_12955202,12.0878293,-2.2582073,54
SHAPE_12955202,12.0913232,-2.2609663,55
SHAPE_12955202,12.091882,-2.2614075,56
SHAPE_12955202,12.0935782,-2.2627673,57
SHAPE_12955202,12.0953892,-2.2641764,58
SHAPE_12955202,12.0964441,-2.2650169,59
SHAPE_12955202,12.0976163,-2.2659206,60
SHAPE_12955202,12.0977786,-2.2660457,61
SHAPE_12955202,12.0993368,-2.2672834,62
SHAPE_12955202,12.1008522,-2.2684827,63
SHAPE_12955202,12.1021755,-2.2695553,64
SHAPE_12955202,12.1033401,-2.2704283,65
SHAPE_12955202,12.1043218,-2.2711749,66
SHAPE_12955202,12.1059036,-2.2724446,67
SHAPE_12955202,12.1082718,-2.2743236,68
SHAPE_12955202,12.1103766,-2.2759241,69
SHAPE_12955202,12.1116287,-2.2769944,70
SHAPE_12955202,12.1119798,-2.2772945,71
SHAPE_12955202,12.1128037,-2.2779988,72
SHAPE_12955202,12.1140166,-2.2790247,73
SHAPE_12955202,12.1150289,-2.2798052,74
SHAPE_12955202,12.1163454,-2.2808265,75
SHAPE_12955202,12.1175438,-2.2817633,76
SHAPE_12955202,12.1185535,-2.2825438,77
SHAPE_12955202,12.1194294,-2.2833002,78
SHAPE_12955202,12.1198149,-2.2836261,79
SHAPE_12955202,12.1202876,-2.2840049,80
SHAPE_12955202,12.1207432,-2.284314,81
SHAPE_12955202,12.120991,-2.284483,82
SHAPE_12955202,12.1212428,-2.2846641,83
SHAPE_12955202,12.1217804,-2.2850557,84
SHAPE_12955202,12.1228428,-2.2858529,85
SHAPE_12955202,12.123523,-2.2863767,86
SHAPE_12955202,12.124178,-2.2869175,87
SHAPE_12955202,12.1256975,-2.2881005,88
SHAPE_12955202,12.1261533,-2.2884553,89
SHAPE_12955202,12.1264397,-2.2886773,90
SHAPE_12955202,12.1264988,-2.288723,91
SHAPE_12955202,12.127032,-2.2891362,92
SHAPE_12955202,12.1271261,-2.2892091,93
SHAPE_12955202,12.1276794,-2.2896195,94
SHAPE_12955202,12.1289709,-2.2904885,95
SHAPE_12955202,12.1290841,-2.290565,96
SHAPE_12955202,12.1293473,-2.2907428,97
SHAPE_12955202,12.1296124,-2.2909218,98
SHAPE_12955202,12.1299381,-2.2911649,99
SHAPE_12955202,12.1302452,-2.2914059,100
SHAPE_12955202,12.1305746,-2.2916842,101
SHAPE_12955202,12.1308067,-2.2918943,102
SHAPE_12955202,12.1311722,-2.2922253,103
SHAPE_12955202,12.1313482,-2.292376,104
SHAPE_12955202,12.1314204,-2.2924379,105
SHAPE_12955202,12.1315405,-2.2925284,106
SHAPE_12955202,12.1321289,-2.2929297,107
SHAPE_12955202,12.1327816,-2.2933207,108
SHAPE_12955202,12.1330809,-2.2934928,109
SHAPE_12955202,12.13322,-2.2935727,110
SHAPE_12955202,12.1334107,-2.2936824,111
SHAPE_12955202,12.1336207,-2.2938118,112
SHAPE_12955202,12.1340133,-2.2940537,113
SHAPE_12955202,12.1342116,-2.294183,114
SHAPE_12955202,12.1355804,-2.2950751,115
SHAPE_12955202,12.1357866,-2.2952174,116
SHAPE_12955202,12.136119,-2.2954467,117
SHAPE_12955202,12.1372685,-2.2961802,118
SHAPE_12955202,12.1381657,-2.2967091,119
SHAPE_12955202,12.1385024,-2.2969076,120
SHAPE_12955202,12.138638,-2.2969875,121
SHAPE_12955202,12.1394378,-2.2974354,122
SHAPE_12955202,12.1400907,-2.2978554,123
SHAPE_12955202,12.1401799,-2.2979128,124
SHAPE_12955202,12.1406387,-2.2981703,125
SHAPE_12955202,12.14123,-2.2985408,126
SHAPE_12955202,12.1416876,-2.2988275,127
SHAPE_12955202,12.1428657,-2.2994615,128
SHAPE_12955202,12.1435049,-2.2998252,129
SHAPE_12955202,12.1442337,-2.3001793,130
SHAPE_12955202,12.1448172,-2.3005106,131
SHAPE_12955202,12.1449415,-2.3005767,132
SHAPE_12955202,12.1449834,-2.3006002,133
SHAPE_12955202,12.1452942,-2.3007747,134
SHAPE_12955202,12.1462617,-2.3013879,135
SHAPE_12955202,12.1463797,-2.3014627,136
SHAPE_12955202,12.1474501,-2.3022106,137
SHAPE_12955202,12.1485308,-2.3028931,138
SHAPE_12955202,12.1490749,-2.3032364,139
SHAPE_12955202,12.1496192,-2.3035486,140
SHAPE_12955202,12.1501885,-2.3038735,141
SHAPE_12955202,12.1507409,-2.3042276,142
SHAPE_12955202,12.1520313,-2.3049782,143
SHAPE_12955202,12.1543769,-2.3063772,144
SHAPE_12955202,12.1546365,-2.3065326,145
SHAPE_12955202,12.1553657,-2.306969,146
SHAPE_12955202,12.1554621,-2.3070267,147
SHAPE_12955202,12.1559078,-2.3072934,148
SHAPE_12955202,12.1566796,-2.3077224,149
SHAPE_12955202,12.1574125,-2.3081294,150
SHAPE_12955202,12.1583014,-2.308588,151
SHAPE_12955202,12.1591799,-2.3090708,152
SHAPE_12955202,12.1597514,-2.3093337,153
SHAPE_12955202,12.1599821,-2.309441,154
SHAPE_12955202,12.1602365,-2.3095885,155
SHAPE_12955202,12.1605668,-2.3097957,156
SHAPE_12955202,12.1607857,-2.3099485,157
SHAPE_12955202,12.1616651,-2.3105178,158
SHAPE_12955202,12.1651011,-2.3127093,159
SHAPE_12955202,12.1663024,-2.313428,160
SHAPE_12955202,12.1681251,-2.314523,161
SHAPE_12955202,12.16932,-2.3152408,162
SHAPE_12955202,12.1698024,-2.3155306,163
SHAPE_12955202,12.1716355,-2.3166319,164
SHAPE_12955202,12.1719914,-2.3168338,165
SHAPE_12955202,12.1734244,-2.3176932,166
SHAPE_12955202,12.1741029,-2.3180958,167
SHAPE_12955202,12.1745284,-2.3183482,168
SHAPE_12955202,12.1752481,-2.3187684,169
SHAPE_12955202,12.1759577,-2.3191828,170
SHAPE_12955202,12.1767668,-2.319544,171
SHAPE_12955202,12.177095,-2.319714,172
SHAPE_12955202,12.177621,-2.319986,173
SHAPE_12955202,12.1777102,-2.3200372,174
SHAPE_12955202,12.178163,-2.3203147,175
SHAPE_12955202,12.178891,-2.3207607,176
SHAPE_12955202,12.1790136,-2.3208314,177
SHAPE_12955202,12.1795111,-2.3211181,178
SHAPE_12955202,12.1801568,-2.3215046,179
SHAPE_12955202,12.180322,-2.3216047,180
SHAPE_12955202,12.1823408,-2.3228105,181
SHAPE_12955202,12.1824766,-2.3228916,182
SHAPE_12955202,12.1826907,-2.3230195,183
SHAPE_12955202,12.1827828,-2.323079,184
SHAPE_12955202,12.1834955,-2.32354,185
SHAPE_12955202,12.1838524,-2.3238018,186
SHAPE_12955202,12.1842165,-2.3241086,187
SHAPE_12955202,12.1843659,-2.3242508,188
SHAPE_12955202,12.1847788,-2.3245619,189
SHAPE_12955202,12.185079,-2.3247698,190
SHAPE_12955202,12.1854303,-2.3249683,191
SHAPE_12955202,12.1862562,-2.3254605,192
SHAPE_12955202,12.1870045,-2.3258866,193
SHAPE_12955202,12.1872339,-2.3260268,194
SHAPE_12955202,12.1875225,-2.3262048,195
SHAPE_12955202,12.1879079,-2.3264261,196
SHAPE_12955202,12.18846,-2.3266834,197
SHAPE_12955202,12.188857,-2.3268271,198
SHAPE_12955202,12.1894963,-2.327117,199
SHAPE_12955202,12.1902001,-2.3275119,200
SHAPE_12955202,12.190614,-2.3277442,201
SHAPE_12955202,12.190687,-2.3277877,202
SHAPE_12955202,12.1923884,-2.3287998,203
SHAPE_12955202,12.193912,-2.3296818,204
SHAPE_12955202,12.1941843,-2.329874,205
SHAPE_12955202,12.1942984,-2.3299746,206
SHAPE_12955202,12.1944779,-2.3301436,207
SHAPE_12955202,12.1946864,-2.3303555,208
SHAPE_12955202,12.1948266,-2.3304668,209
SHAPE_12955202,12.1950953,-2.3306465,210
SHAPE_12955202,12.1972443,-2.3319325,211
SHAPE_12955202,12.1988451,-2.3328725,212
SHAPE_12955202,12.2003138,-2.3337659,213
SHAPE_12955202,12.2011907,-2.3344029,214
SHAPE_12955202,12.2016731,-2.3347932,215
SHAPE_12955202,12.2019457,-2.3350614,216
SHAPE_12955202,12.2021436,-2.3352733,217
SHAPE_12955202,12.2023088,-2.3354678,218
SHAPE_12955202,12.2024373,-2.3356314,219
SHAPE_12955202,12.2026103,-2.3358822,220
SHAPE_12955202,12.2027623,-2.3361544,221
SHAPE_12955202,12.2028633,-2.3363502,222
SHAPE_12955202,12.2033898,-2.3374764,223
SHAPE_12955202,12.2040495,-2.3388877,224
SHAPE_12955202,12.2045349,-2.3399521,225
SHAPE_12955202,12.2050415,-2.341082,226
SHAPE_12955202,12.2054791,-2.3420583,227
SHAPE_12955202,12.2072229,-2.3459083,228
SHAPE_12955202,12.207841,-2.3472466,229
SHAPE_12955202,12.2080758,-2.3477667,230
SHAPE_12955202,12.2089301,-2.3496591,231
SHAPE_12955202,12.2109967,-2.3541158,232
SHAPE_12955202,12.2111147,-2.3543318,233
SHAPE_12955202,12.2113336,-2.3546697,234
SHAPE_12955202,12.2116743,-2.3550694,235
SHAPE_12955202,12.211852,-2.3552471,236
SHAPE_12955202,12.2119804,-2.3553664,237
SHAPE_12955202,12.2120977,-2.3554844,238
SHAPE_12955202,12.2121665,-2.3555428,239
SHAPE_12955202,12.212333,-2.3556796,240
SHAPE_12955202,12.2125565,-2.3558667,241
SHAPE_12955202,12.2126056,-2.3559109,242
SHAPE_12955202,12.2126915,-2.3559894,243
SHAPE_12955202,12.213184,-2.3562694,244
SHAPE_12955202,12.2140477,-2.3566278,245
SHAPE_12955202,12.2149538,-2.3570046,246
SHAPE_12955202,12.2159781,-2.3574476,247
SHAPE_12955202,12.2173193,-2.358007,248
SHAPE_12955202,12.2185021,-2.3585002,249
SHAPE_12955202,12.2192117,-2.3588084,250
SHAPE_12955202,12.2201936,-2.3592149,251
SHAPE_12955202,12.2213717,-2.3597007,252
SHAPE_12955202,12.2214321,-2.3597284,253
SHAPE_12955202,12.2218863,-2.359896,254
SHAPE_12955202,12.2224787,-2.3601401,255
SHAPE_12955202,12.2230685,-2.3603761,256
SHAPE_12955202,12.224007,-2.360765,257
SHAPE_12955202,12.2250556,-2.3611888,258
SHAPE_12955202,12.2252784,-2.3612854,259
SHAPE_12955202,12.2265313,-2.3618247,260
SHAPE_12955202,12.2275694,-2.362259,261
SHAPE_12955202,12.2279338,-2.3623958,262
SHAPE_12955202,12.2282012,-2.3625112,263
SHAPE_12955202,12.2286993,-2.3627177,264
SHAPE_12955202,12.2300196,-2.3632505,265
SHAPE_12955202,12.2301171,-2.3632962,266
SHAPE_12955202,12.2302046,-2.36334,267
SHAPE_12955202,12.2302858,-2.3633748,268
SHAPE_12955202,12.2306063,-2.3635036,269
SHAPE_12955202,12.2308806,-2.3635989,270
SHAPE_12955202,12.2309205,-2.3636114,271
SHAPE_12955202,12.2311216,-2.3636743,272
SHAPE_12955202,12.2313336,-2.3637268,273
SHAPE_12955202,12.231643,-2.3638,274
SHAPE_12955202,12.231854,-2.3638442,275
SHAPE_12955202,12.2319602,-2.3638643,276
SHAPE_12955202,12.2320454,-2.3638724,277
SHAPE_12955202,12.2321633,-2.3638791,278
SHAPE_12955202,12.2322498,-2.3638791,279
SHAPE_12955202,12.2324478,-2.3638751,280
SHAPE_12955202,12.2325775,-2.3638737,281
SHAPE_12955202,12.232918,-2.3638569,282
SHAPE_12955202,12.2332135,-2.3638428,283
SHAPE_12955202,12.2334446,-2.3638318,284
SHAPE_12955202,12.2337676,-2.3637946,285
SHAPE_12955202,12.2341096,-2.3637724,286
SHAPE_12955202,12.2347021,-2.3637383,287
SHAPE_12955202,12.2352158,-2.3636913,288
SHAPE_12955202,12.2352853,-2.3636873,289
SHAPE_12955202,12.2356575,-2.3636464,290
SHAPE_12955202,12.235935,-2.3636377,291
SHAPE_12955202,12.2360545,-2.3636279,292
SHAPE_12955202,12.2364413,-2.3635907,293
SHAPE_12955202,12.2366877,-2.3635599,294
SHAPE_12955202,12.237153,-2.3635317,295
SHAPE_12955202,12.2377323,-2.3635089,296
SHAPE_12955202,12.2379539,-2.3634873,297
SHAPE_12955202,12.2381398,-2.3634754,298
SHAPE_12955202,12.2386314,-2.3634566,299
SHAPE_12955202,12.2388856,-2.3634325,300
SHAPE_12955202,12.2391163,-2.3634204,301
SHAPE_12955202,12.2395095,-2.3633909,302
SHAPE_12955202,12.2402421,-2.3633426,303
SHAPE_12955202,12.240942,-2.3633011,304
SHAPE_12955202,12.2412067,-2.363285,305
SHAPE_12955202,12.2416248,-2.3632836,306
SHAPE_12955202,12.2419931,-2.3632608,307
SHAPE_12955202,12.2422749,-2.3632354,308
SHAPE_12955202,12.242959,-2.3632166,309
SHAPE_12955202,12.2435999,-2.363167,310
SHAPE_12955202,12.2437532,-2.3631562,311
SHAPE_12955202,12.2438738,-2.3631428,312
SHAPE_12955202,12.2440612,-2.3631348,313
SHAPE_12955202,12.2442093,-2.3631267,314
SHAPE_12955202,12.2443247,-2.3631254,315
SHAPE_12955202,12.2444046,-2.3631267,316
SHAPE_12955202,12.2444767,-2.3631294,317
SHAPE_12955202,12.2446392,-2.3631375,318
SHAPE_12955202,12.2448358,-2.3631582,319
SHAPE_12955202,12.2450022,-2.3631851,320
SHAPE_12955202,12.2451645,-2.3632196,321
SHAPE_12955202,12.245322,-2.3632521,322
SHAPE_12955202,12.245858,-2.3634043,323
SHAPE_12955202,12.246552,-2.3636162,324
SHAPE_12955202,12.2467859,-2.3636886,325
SHAPE_12955202,12.246991,-2.3637544,326
SHAPE_12955202,12.2472138,-2.3638281,327
SHAPE_12955202,12.2473941,-2.3638824,328
SHAPE_12955202,12.2476909,-2.3639837,329
SHAPE_12955202,12.2477488,-2.3640136,330
SHAPE_12955202,12.2484689,-2.3642257,331
SHAPE_12955202,12.2486742,-2.3642862,332
SHAPE_12955202,12.2490808,-2.3644008,333
SHAPE_12955202,12.2491845,-2.3642822,334
SHAPE_12955202,12.2492408,-2.364179,335
SHAPE_12955202,12.2492854,-2.3640541,336
SHAPE_12955202,12.2493415,-2.3637937,337
SHAPE_12955202,12.2493704,-2.3636345,338
SHAPE_12955202,12.2493788,-2.3635883,339
SHAPE_12955202,12.2495251,-2.3627366,340
SHAPE_12955202,12.2503102,-2.3629556,341
SHAPE_12955202,12.2505336,-2.3630193,342
SHAPE_12955202,12.2509549,-2.3631364,343
SHAPE_12955202,12.2511176,-2.3631822,344
SHAPE_12955202,12.2513473,-2.3632469,345
SHAPE_12955202,12.2516003,-2.3633181,346
SHAPE_12955202,12.2517438,-2.3627834,347
SHAPE_12955202,12.2520061,-2.3617773,348
SHAPE_12955202,12.2520774,-2.3615136,349
SHAPE_12955202,12.2521953,-2.361077,350
SHAPE_12955202,12.2525531,-2.3597526,351
SHAPE_12955202,12.252683,-2.3592576,352
SHAPE_12955202,12.2526991,-2.3592015,353
SHAPE_12955202,12.2527037,-2.3591765,354
SHAPE_12955202,12.2527088,-2.3591486,355
SHAPE_12955202,12.2527131,-2.3591167,356
SHAPE_12955202,12.2527238,-2.3590188,357
SHAPE_12955202,12.2527284,-2.3589163,358
SHAPE_12955202,12.2527389,-2.3587217,359
SHAPE_12955202,12.2527432,-2.3585511,360
SHAPE_12955202,12.2527693,-2.3577334,361
SHAPE_12955202,12.2527887,-2.3571612,362
SHAPE_12955202,12.2528037,-2.3566627,363
SHAPE_12955202,12.2528252,-2.3559122,364
SHAPE_12955202,12.25285,-2.3552629,365
SHAPE_12955202,12.2528565,-2.3550761,366
SHAPE_12955202,12.2528629,-2.3548898,367
SHAPE_12955202,12.2528701,-2.3546663,368
SHAPE_12955202,12.2528715,-2.3546224,369
SHAPE_12955202,12.2529403,-2.3526394,370
SHAPE_12955202,12.252965,-2.3517921,371
SHAPE_12955202,12.2529771,-2.3514296,372
SHAPE_12955202,12.2529898,-2.3509723,373
SHAPE_12955202,12.2530011,-2.350633,374
SHAPE_12955202,12.2530078,-2.3504325,375
SHAPE_12955202,12.2530391,-2.3494939,376
SHAPE_12955202,12.2529801,-2.3493313,377
SHAPE_12955202,12.2522969,-2.3465194,378
SHAPE_12955202,12.2522099,-2.3461558,379
SHAPE_12955202,12.2520866,-2.3456112,380
SHAPE_12955202,12.2520613,-2.3454697,381
SHAPE_12955202,12.2520563,-2.3453924,382
SHAPE_12955202,12.252118,-2.3449408,383
SHAPE_12955202,12.252148,-2.3447091,384
SHAPE_12955202,12.252172,-2.3445423,385
SHAPE_12955202,12.2522017,-2.344323,386
SHAPE_12955202,12.2522762,-2.343895,387
SHAPE_12955202,12.2523826,-2.3431947,388
SHAPE_12955202,12.2524419,-2.3427433,389
SHAPE_12955202,12.2524891,-2.3424274,390
SHAPE_12955202,12.252591,-2.3417707,391
SHAPE_12955202,12.2526044,-2.3416836,392
SHAPE_12955202,12.2526297,-2.341519,393
SHAPE_12955202,12.252647,-2.341408,394
SHAPE_12955202,12.2526639,-2.3412547,395
SHAPE_12969105,12.2214321,-2.3597284,1
SHAPE_12969105,12.2218863,-2.359896,2
SHAPE_12969105,12.2224787,-2.3601401,3
SHAPE_12969105,12.2230685,-2.3603761,4
SHAPE_12969105,12.224007,-2.360765,5
SHAPE_12969105,12.2250556,-2.3611888,6
SHAPE_12969105,12.2252784,-2.3612854,7
SHAPE_12969105,12.2265313,-2.3618247,8
SHAPE_12969105,12.2275694,-2.362259,9
SHAPE_12969105,12.2279338,-2.3623958,10
SHAPE_12969105,12.2282012,-2.3625112,11
SHAPE_12969105,12.2286993,-2.3627177,12
SHAPE_12969105,12.2300196,-2.3632505,13
SHAPE_12969105,12.2301171,-2.3632962,14
SHAPE_12969105,12.2302046,-2.36334,15
SHAPE_12969105,12.2302858,-2.3633748,16
SHAPE_12969105,12.2306063,-2.3635036,17
SHAPE_12969105,12.2308806,-2.3635989,18
SHAPE_12969105,12.2309205,-2.3636114,19
SHAPE_12969105,12.2311216,-2.3636743,20
SHAPE_12969105,12.2313336,-2.3637268,21
SHAPE_12969105,12.231643,-2.3638,22
SHAPE_12969105,12.231854,-2.3638442,23
SHAPE_12969105,12.2319602,-2.3638643,24
SHAPE_12969105,12.2320454,-2.3638724,25
SHAPE_12969105,12.2321633,-2.3638791,26
SHAPE_12969105,12.2322498,-2.3638791,27
SHAPE_12969105,12.2324478,-2.3638751,28
SHAPE_12969105,12.2325775,-2.3638737,29
SHAPE_12969105,12.232918,-2.3638569,30
SHAPE_12969105,12.2332135,-2.3638428,31
SHAPE_12969105,12.2334446,-2.3638318,32
SHAPE_12969105,12.2337676,-2.3637946,33
SHAPE_12969105,12.2341096,-2.3637724,34
SHAPE_12969105,12.2347021,-2.3637383,35
SHAPE_12969105,12.2352158,-2.3636913,36
SHAPE_12969105,12.2352853,-2.3636873,37
SHAPE_12969105,12.2356575,-2.3636464,38
SHAPE_12969105,12.235935,-2.3636377,39
SHAPE_12969105,12.2360545,-2.3636279,40
SHAPE_12969105,12.2364413,-2.3635907,41
SHAPE_12969105,12.2366877,-2.3635599,42
SHAPE_12969105,12.237153,-2.3635317,43
SHAPE_12969105,12.2377323,-2.3635089,44
SHAPE_12969105,12.23771,-2.3638684,45
SHAPE_12969105,12.237704,-2.3640521,46
SHAPE_12969105,12.2376995,-2.3641889,47
SHAPE_12969105,12.2376497,-2.3646837,48
SHAPE_12969105,12.2376156,-2.3650888,49
SHAPE_12969105,12.237609,-2.365302,50
SHAPE_12969105,12.2375694,-2.3656939,51
SHAPE_12969105,12.2375407,-2.3663729,52
SHAPE_12969105,12.2375197,-2.3669228,53
SHAPE_12969105,12.237426,-2.3680506,54
SHAPE_12969105,12.237399,-2.3685754,55
SHAPE_12969105,12.237361,-2.3691936,56
SHAPE_12969105,12.2373467,-2.3695521,57
SHAPE_12969105,12.237326,-2.3697478,58
SHAPE_12969105,12.2373129,-2.3699167,59
SHAPE_12969105,12.2372553,-2.3707152,60
SHAPE_12969105,12.2372316,-2.3712391,61
SHAPE_12969105,12.237208,-2.3714885,62
SHAPE_12969105,12.2371342,-2.3722741,63
SHAPE_12969105,12.237056,-2.3728565,64
SHAPE_12969105,12.23698,-2.3734921,65
SHAPE_12969105,12.2369328,-2.3740004,66
SHAPE_12969105,12.2368489,-2.3747313,67
SHAPE_12969105,12.2367912,-2.3750156,68
SHAPE_12969105,12.2367257,-2.3753482,69
SHAPE_12969105,12.2366628,-2.3755413,70
SHAPE_12969105,12.2365868,-2.3757492,71
SHAPE_12969105,12.2365396,-2.3758632,72
SHAPE_12969105,12.2365108,-2.3759463,73
SHAPE_12969105,12.2364662,-2.3760563,74
SHAPE_12969105,12.2364164,-2.3761716,75
SHAPE_12969105,12.236284,-2.3764426,76
SHAPE_12969105,12.2362224,-2.3765633,77
SHAPE_12969105,12.2354201,-2.3781231,78
SHAPE_12969105,12.2353014,-2.3783912,79
SHAPE_12969105,12.2352692,-2.3785044,80
SHAPE_12969105,12.2352742,-2.3786206,81
SHAPE_12969105,12.2353049,-2.378767,82
SHAPE_12969105,12.2353656,-2.3789541,83
SHAPE_12969105,12.2354623,-2.3792519,84
SHAPE_12969105,12.235497,-2.3793587,85
SHAPE_12969105,12.2355244,-2.3794232,86
SHAPE_12969105,12.2356914,-2.3798523,87
SHAPE_12969105,12.235762,-2.3799812,88
SHAPE_12969105,12.2358899,-2.380189,89
SHAPE_12969105,12.2362129,-2.3805712,90
SHAPE_12969105,12.2366581,-2.3810206,91
SHAPE_12969105,12.2369553,-2.3813206,92
SHAPE_12969105,12.2376103,-2.3819465,93
SHAPE_12969105,12.2379472,-2.3822067,94
SHAPE_12969105,12.2381176,-2.3823528,95
SHAPE_12969105,12.2388725,-2.3827739,96
SHAPE_12969105,12.2391654,-2.3829537,97
SHAPE_12969105,12.2393351,-2.3830631,98
SHAPE_12969105,12.2394968,-2.3831656,99
SHAPE_12969105,12.2400159,-2.3834753,100
SHAPE_12969105,12.2401867,-2.3835957,101
SHAPE_12969105,12.2409197,-2.3840505,102
SHAPE_12969105,12.2415447,-2.3845396,103
SHAPE_12969105,12.2419609,-2.3848452,104
SHAPE_12969105,12.2423125,-2.3850991,105
SHAPE_12969105,12.2429522,-2.3856234,106
SHAPE_12969105,12.2433172,-2.3858921,107
SHAPE_12969105,12.2435803,-2.3860353,108
SHAPE_12969105,12.2438755,-2.3861592,109
SHAPE_12969105,12.2440573,-2.3862246,110
SHAPE_12969105,12.2442941,-2.3862828,111
SHAPE_12969105,12.2447781,-2.3863882,112
SHAPE_12969105,12.2450389,-2.3864164,113
SHAPE_12969105,12.2452774,-2.386419,114
SHAPE_12969105,12.245862,-2.3863794,115
SHAPE_12969105,12.2457917,-2.3867286,116
SHAPE_12969105,12.2461238,-2.3868216,117
SHAPE_12969105,12.2462285,-2.3868504,118
SHAPE_12969105,12.2464417,-2.3869091,119
SHAPE_12969105,12.2467393,-2.3869867,120
SHAPE_12969105,12.247336,-2.3867543,121
SHAPE_12969105,12.2471873,-2.3871742,122
SHAPE_12969105,12.2467595,-2.3883829,123
SHAPE_12969105,12.2465915,-2.3888609,124
SHAPE_12969105,12.2463324,-2.3895842,125
SHAPE_12969105,12.2460718,-2.3903539,126
SHAPE_12969105,12.2457725,-2.3911571,127
SHAPE_12969105,12.2455231,-2.3918514,128
SHAPE_12969105,12.2449345,-2.3916333,129
SHAPE_12969105,12.2443825,-2.3914295,130
SHAPE_12969105,12.2437471,-2.3911949,131
SHAPE_12969105,12.2435719,-2.3911303,132
SHAPE_12969105,12.2434585,-2.3910884,133
SHAPE_12969105,12.2430565,-2.39094,134
SHAPE_12969105,12.2423879,-2.3906932,135
SHAPE_12969105,12.2417085,-2.3904424,136
SHAPE_12969105,12.240942,-2.3901595,137
SHAPE_12969105,12.24066,-2.39095,138
SHAPE_12969105,12.2404022,-2.391673,139
SHAPE_12969105,12.2401327,-2.3924284,140
SHAPE_12969105,12.2398901,-2.3931087,141
SHAPE_12969105,12.239403,-2.394474,142
SHAPE_12969258,12.240942,-2.3901595,1
SHAPE_12969258,12.2417085,-2.3904424,2
SHAPE_12969258,12.2423879,-2.3906932,3
SHAPE_12969258,12.2430565,-2.39094,4
SHAPE_12969258,12.2434585,-2.3910884,5
SHAPE_12969258,12.2435719,-2.3911303,6
SHAPE_12969258,12.2437471,-2.3911949,7
SHAPE_12969258,12.2443825,-2.3914295,8
SHAPE_12969258,12.2449345,-2.3916333,9
SHAPE_12969258,12.2455231,-2.3918514,10
SHAPE_12969258,12.2456171,-2.3918853,11
SHAPE_12969258,12.2458826,-2.391177,12
SHAPE_12969258,12.2461625,-2.3903861,13
SHAPE_12969258,12.2464439,-2.3895907,14
SHAPE_12969258,12.2467014,-2.3889003,15
SHAPE_12969258,12.2468424,-2.3884573,16
SHAPE_12969258,12.2474434,-2.386709,17
SHAPE_12969258,12.247336,-2.3867543,18
SHAPE_12969258,12.2467393,-2.3869867,19
SHAPE_12969258,12.2464417,-2.3869091,20
SHAPE_12969258,12.2462285,-2.3868504,21
SHAPE_12969258,12.2461238,-2.3868216,22
SHAPE_12969258,12.2457917,-2.3867286,23
SHAPE_12969258,12.245862,-2.3863794,24
SHAPE_12969258,12.2452774,-2.386419,25
SHAPE_12969258,12.2450389,-2.3864164,26
SHAPE_12969258,12.2447781,-2.3863882,27
SHAPE_12969258,12.2442941,-2.3862828,28
SHAPE_12969258,12.2440573,-2.3862246,29
SHAPE_12969258,12.2438755,-2.3861592,30
SHAPE_12969258,12.2435803,-2.3860353,31
SHAPE_12969258,12.2433172,-2.3858921,32
SHAPE_12969258,12.2429522,-2.3856234,33
SHAPE_12969258,12.2423125,-2.3850991,34
SHAPE_12969258,12.2419609,-2.3848452,35
SHAPE_12969258,12.2415447,-2.3845396,36
SHAPE_12969258,12.2409197,-2.3840505,37
SHAPE_12969258,12.2401867,-2.3835957,38
SHAPE_12969258,12.2400159,-2.3834753,39
SHAPE_12969258,12.2394968,-2.3831656,40
SHAPE_12969258,12.2393351,-2.3830631,41
SHAPE_12969258,12.2391654,-2.3829537,42
SHAPE_12969258,12.2388725,-2.3827739,43
SHAPE_12969258,12.2381176,-2.3823528,44
SHAPE_12969258,12.2379472,-2.3822067,45
SHAPE_12969258,12.2376103,-2.3819465,46
SHAPE_12969258,12.2369553,-2.3813206,47
SHAPE_12969258,12.2366581,-2.3810206,48
SHAPE_12969258,12.2362129,-2.3805712,49
SHAPE_12969258,12.2358899,-2.380189,50
SHAPE_12969258,12.235762,-2.3799812,51
SHAPE_12969258,12.2356914,-2.3798523,52
SHAPE_12969258,12.2355244,-2.3794232,53
SHAPE_12969258,12.235497,-2.3793587,54
SHAPE_12969258,12.2354623,-2.3792519,55
SHAPE_12969258,12.2353656,-2.3789541,56
SHAPE_12969258,12.2353049,-2.378767,57
SHAPE_12969258,12.2352742,-2.3786206,58
SHAPE_12969258,12.2352692,-2.3785044,59
SHAPE_12969258,12.2353014,-2.3783912,60
SHAPE_12969258,12.2354201,-2.3781231,61
SHAPE_12969258,12.2362224,-2.3765633,62
SHAPE_12969258,12.236284,-2.3764426,63
SHAPE_12969258,12.2364164,-2.3761716,64
SHAPE_12969258,12.2364662,-2.3760563,65
SHAPE_12969258,12.2365108,-2.3759463,66
SHAPE_12969258,12.2365396,-2.3758632,67
SHAPE_12969258,12.2365868,-2.3757492,68
SHAPE_12969258,12.2366628,-2.3755413,69
SHAPE_12969258,12.2367257,-2.3753482,70
SHAPE_12969258,12.2367912,-2.3750156,71
SHAPE_12969258,12.2368489,-2.3747313,72
SHAPE_12969258,12.2369328,-2.3740004,73
SHAPE_12969258,12.23698,-2.3734921,74
SHAPE_12969258,12.237056,-2.3728565,75
SHAPE_12969258,12.2371342,-2.3722741,76
SHAPE_12969258,12.237208,-2.3714885,77
SHAPE_12969258,12.2372316,-2.3712391,78
SHAPE_12969258,12.2372553,-2.3707152,79
SHAPE_12969258,12.2373129,-2.3699167,80
SHAPE_12969258,12.237326,-2.3697478,81
SHAPE_12969258,12.2373467,-2.3695521,82
SHAPE_12969258,12.237361,-2.3691936,83
SHAPE_12969258,12.237399,-2.3685754,84
SHAPE_12969258,12.237426,-2.3680506,85
SHAPE_12969258,12.2375197,-2.3669228,86
SHAPE_12969258,12.2375407,-2.3663729,87
SHAPE_12969258,12.2375694,-2.3656939,88
SHAPE_12969258,12.237609,-2.365302,89
SHAPE_12969258,12.2376156,-2.3650888,90
SHAPE_12969258,12.2376497,-2.3646837,91
SHAPE_12969258,12.2376995,-2.3641889,92
SHAPE_12969258,12.237704,-2.3640521,93
SHAPE_12969258,12.23771,-2.3638684,94
SHAPE_12969258,12.2377323,-2.3635089,95
SHAPE_12969258,12.237153,-2.3635317,96
SHAPE_12969258,12.2366877,-2.3635599,97
SHAPE_12969258,12.2364413,-2.3635907,98
SHAPE_12969258,12.2360545,-2.3636279,99
SHAPE_12969258,12.235935,-2.3636377,100
SHAPE_12969258,12.2356575,-2.3636464,101
SHAPE_12969258,12.2352853,-2.3636873,102
SHAPE_12969258,12.2352158,-2.3636913,103
SHAPE_12969258,12.2347021,-2.3637383,104
SHAPE_12969258,12.2341096,-2.3637724,105
SHAPE_12969258,12.2337676,-2.3637946,106
SHAPE_12969258,12.2334446,-2.3638318,107
SHAPE_12969258,12.2332135,-2.3638428,108
SHAPE_12969258,12.232918,-2.3638569,109
SHAPE_12969258,12.2325775,-2.3638737,110
SHAPE_12969258,12.2324478,-2.3638751,111
SHAPE_12969258,12.2322498,-2.3638791,112
SHAPE_12969258,12.2321633,-2.3638791,113
SHAPE_12969258,12.2320454,-2.3638724,114
SHAPE_12969258,12.2319602,-2.3638643,115
SHAPE_12969258,12.231854,-2.3638442,116
SHAPE_12969258,12.231643,-2.3638,117
SHAPE_12969258,12.2313336,-2.3637268,118
SHAPE_12969258,12.2311216,-2.3636743,119
SHAPE_12969258,12.2309205,-2.3636114,120
SHAPE_12969258,12.2308806,-2.3635989,121
SHAPE_12969258,12.2306063,-2.3635036,122
SHAPE_12969258,12.2302858,-2.3633748,123
SHAPE_12969258,12.2302046,-2.36334,124
SHAPE_12969258,12.2301171,-2.3632962,125
SHAPE_12969258,12.2300196,-2.3632505,126
SHAPE_12969258,12.2286993,-2.3627177,127
SHAPE_12969258,12.2282012,-2.3625112,128
SHAPE_12969258,12.2279338,-2.3623958,129
SHAPE_12969258,12.2275694,-2.362259,130
SHAPE_12969258,12.2265313,-2.3618247,131
SHAPE_12969258,12.2252784,-2.3612854,132
SHAPE_12969258,12.2250556,-2.3611888,133
SHAPE_12969258,12.224007,-2.360765,134
SHAPE_12969258,12.2230685,-2.3603761,135
SHAPE_12969258,12.2224787,-2.3601401,136
SHAPE_12969258,12.2218863,-2.359896,137
SHAPE_12969258,12.2214321,-2.3597284,138
SHAPE_13007440,12.2684857,-2.4044824,1
SHAPE_13007440,12.2687858,-2.4049115,2
SHAPE_13007440,12.2709284,-2.4078552,3
SHAPE_13007440,12.2715653,-2.4087712,4
SHAPE_13007440,12.2719309,-2.4092688,5
SHAPE_13007440,12.272328,-2.4098454,6
SHAPE_13007440,12.2728116,-2.4105093,7
SHAPE_13007440,12.273417,-2.4113408,8
SHAPE_13007440,12.2736699,-2.4117015,9
SHAPE_13007440,12.2743264,-2.4126309,10
SHAPE_13007440,12.2748978,-2.4134168,11
SHAPE_13007440,12.2755674,-2.4143784,12
SHAPE_13007440,12.2760785,-2.4151026,13
SHAPE_13007440,12.2771269,-2.4165724,14
SHAPE_13007440,12.2789843,-2.4192351,15
SHAPE_13007440,12.2835127,-2.4255316,16
SHAPE_13007440,12.2849186,-2.4274555,17
SHAPE_13007440,12.2849741,-2.4275291,18
SHAPE_13007440,12.2860364,-2.4289387,19
SHAPE_13007440,12.2936391,-2.4388723,20
SHAPE_13007440,12.2942995,-2.4397481,21
SHAPE_13007440,12.295094,-2.4408683,22
SHAPE_13007440,12.2957079,-2.4416832,23
SHAPE_13007440,12.2960452,-2.4421378,24
SHAPE_13007440,12.2971316,-2.4436249,25
SHAPE_13007440,12.2972105,-2.4437387,26
SHAPE_13007440,12.297437,-2.4440652,27
SHAPE_13007440,12.2975433,-2.4442184,28
SHAPE_13007440,12.2976975,-2.4444406,29
SHAPE_13007440,12.2981758,-2.4451533,30
SHAPE_13007440,12.2986083,-2.4457685,31
SHAPE_13007440,12.3000412,-2.4478067,32
SHAPE_13007440,12.3002262,-2.4480765,33
SHAPE_13007440,12.300489,-2.4484598,34
SHAPE_13007440,12.3007315,-2.4488135,35
SHAPE_13007440,12.3013531,-2.4497509,36
SHAPE_13007440,12.301726,-2.4503084,37
SHAPE_13007440,12.3019165,-2.4505585,38
SHAPE_13007440,12.3030731,-2.4520303,39
SHAPE_13007440,12.3052561,-2.4547214,40
SHAPE_13007440,12.3065491,-2.4563138,41
SHAPE_13007440,12.3069811,-2.4568458,42
SHAPE_13007440,12.3088428,-2.4591386,43
SHAPE_13007440,12.3093403,-2.45975,44
SHAPE_13007440,12.3097919,-2.4603051,45
SHAPE_13007440,12.3099678,-2.4605131,46
SHAPE_13007440,12.3101396,-2.4606933,47
SHAPE_13007440,12.3106644,-2.46125,48
SHAPE_13007440,12.3110969,-2.4617549,49
SHAPE_13007440,12.311131,-2.4618004,50
SHAPE_13007440,12.3113577,-2.4620672,51
SHAPE_13007440,12.3123443,-2.4631802,52
SHAPE_13007440,12.3130761,-2.4640748,53
SHAPE_13007440,12.3135479,-2.4645866,54
SHAPE_13007440,12.3136759,-2.4647353,55
SHAPE_13007440,12.3143945,-2.4655698,56
SHAPE_13007440,12.3146641,-2.4658457,57
SHAPE_13007440,12.3160477,-2.467362,58
SHAPE_13007440,12.2684857,-2.4044824,59
SHAPE_13007440,12.267761,-2.4034685,60
SHAPE_13007440,12.2669852,-2.4024117,61
SHAPE_13007440,12.2663811,-2.401544,62
SHAPE_13007440,12.2656564,-2.4005328,63
SHAPE_13007440,12.265372,-2.4001466,64
SHAPE_13007440,12.2644376,-2.3988631,65
SHAPE_13007440,12.2642791,-2.3986284,66
SHAPE_13007440,12.2640248,-2.3982744,67
SHAPE_13007440,12.263747,-2.3978815,68
SHAPE_13007440,12.2631992,-2.397109,69
SHAPE_13007440,12.2624103,-2.3960254,70
SHAPE_13007440,12.2618337,-2.3952019,71
SHAPE_13007440,12.2615152,-2.3947788,72
SHAPE_13007440,12.2613881,-2.3946071,73
SHAPE_13007440,12.26128,-2.394459,74
SHAPE_13007440,12.2612079,-2.3943617,75
SHAPE_13007440,12.2607669,-2.3937173,76
SHAPE_13007440,12.2603226,-2.393087,77
SHAPE_13007440,12.2599339,-2.3925762,78
SHAPE_13007440,12.2598047,-2.3923809,79
SHAPE_13007440,12.2596792,-2.392167,80
SHAPE_13007440,12.2595769,-2.3920094,81
SHAPE_13007440,12.2594944,-2.3918834,82
SHAPE_13007440,12.2591982,-2.3913583,83
SHAPE_13007440,12.2590678,-2.3910425,84
SHAPE_13007440,12.2589689,-2.3908091,85
SHAPE_13007440,12.2588863,-2.3906046,86
SHAPE_13007440,12.2587716,-2.3902693,87
SHAPE_13007440,12.2586995,-2.3900729,88
SHAPE_13007440,12.2586163,-2.3898509,89
SHAPE_13007440,12.2584355,-2.389285,90
SHAPE_13007440,12.2580974,-2.38831,91
SHAPE_13007440,12.2579086,-2.387787,92
SHAPE_13007440,12.2577147,-2.3871915,93
SHAPE_13007440,12.2576177,-2.3869193,94
SHAPE_13007440,12.257484,-2.3865102,95
SHAPE_13007440,12.2573307,-2.3860596,96
SHAPE_13007440,12.2570096,-2.3851088,97
SHAPE_13007440,12.2568301,-2.3845938,98
SHAPE_13007440,12.2567908,-2.3844744,99
SHAPE_13007440,12.2562875,-2.3830073,100
SHAPE_13007440,12.2562005,-2.3827529,101
SHAPE_13007440,12.2561486,-2.3826009,102
SHAPE_13007440,12.2559402,-2.3820645,103
SHAPE_13007440,12.2554178,-2.3823544,104
SHAPE_13007440,12.2547129,-2.382713,105
SHAPE_13007440,12.2534088,-2.3833973,106
SHAPE_13007440,12.2531702,-2.3835193,107
SHAPE_13007440,12.2526753,-2.3837723,108
SHAPE_13007440,12.2521501,-2.3840409,109
SHAPE_13007440,12.251007,-2.3846254,110
SHAPE_13007440,12.2507221,-2.3847711,111
SHAPE_13007440,12.2505366,-2.3848659,112
SHAPE_13007440,12.2497828,-2.3852513,113
SHAPE_13007440,12.2495642,-2.3853631,114
SHAPE_13007440,12.2487729,-2.3857749,115
SHAPE_13007440,12.2482341,-2.3860784,116
SHAPE_13007440,12.2480271,-2.3861669,117
SHAPE_13007440,12.2479065,-2.386183,118
SHAPE_13007440,12.2477925,-2.3861923,119
SHAPE_13007440,12.247723,-2.3861929,120
SHAPE_13007440,12.2476168,-2.3861863,121
SHAPE_13007440,12.2475362,-2.386172,122
SHAPE_13007440,12.247415,-2.3861414,123
SHAPE_13007440,12.2472709,-2.3861092,124
SHAPE_13007440,12.2470232,-2.3860945,125
SHAPE_13007440,12.246786,-2.3861172,126
SHAPE_13007440,12.2466082,-2.3861701,127
SHAPE_13007440,12.245862,-2.3863794,128
SHAPE_13007440,12.2457917,-2.3867286,129
SHAPE_13007440,12.2461238,-2.3868216,130
SHAPE_13007440,12.2462285,-2.3868504,131
SHAPE_13007440,12.2464417,-2.3869091,132
SHAPE_13007440,12.2467393,-2.3869867,133
SHAPE_13007440,12.247336,-2.3867543,134
SHAPE_13007440,12.2474434,-2.386709,135
SHAPE_13007440,12.2474647,-2.386654,136
SHAPE_13007440,12.2476168,-2.3861863,137
SHAPE_13007440,12.2477961,-2.3856462,138
SHAPE_13007440,12.2479639,-2.3851753,139
SHAPE_13007440,12.2480746,-2.3848532,140
SHAPE_13007440,12.2482608,-2.3843116,141
SHAPE_13007440,12.2483877,-2.3839424,142
SHAPE_13007440,12.2484976,-2.3836416,143
SHAPE_13007440,12.2486097,-2.3832968,144
SHAPE_13007440,12.2487481,-2.382894,145
SHAPE_13007440,12.2490354,-2.3821094,146
SHAPE_13007440,12.2492214,-2.3815174,147
SHAPE_13007440,12.2492958,-2.3812975,148
SHAPE_13007440,12.2494078,-2.3809752,149
SHAPE_13007440,12.2497018,-2.3801198,150
SHAPE_13007440,12.2498612,-2.3796563,151
SHAPE_13007440,12.2501371,-2.3789182,152
SHAPE_13007440,12.2503245,-2.3783925,153
SHAPE_13007440,12.2505027,-2.3778708,154
SHAPE_13007440,12.2506325,-2.3774859,155
SHAPE_13007440,12.2506954,-2.3773102,156
SHAPE_13007440,12.2508953,-2.376802,157
SHAPE_13007440,12.2510479,-2.3763762,158
SHAPE_13007440,12.2511443,-2.3760858,159
SHAPE_13007440,12.2511934,-2.3759329,160
SHAPE_13007440,12.2512262,-2.3758216,161
SHAPE_13007440,12.2512412,-2.3757277,162
SHAPE_13007440,12.2512504,-2.3756573,163
SHAPE_13007440,12.2512537,-2.3755373,164
SHAPE_13007440,12.2512504,-2.3754575,165
SHAPE_13007440,12.2512445,-2.3753737,166
SHAPE_13007440,12.2511876,-2.3746823,167
SHAPE_13007440,12.2511783,-2.3745945,168
SHAPE_13007440,12.2511548,-2.374476,169
SHAPE_13007440,12.2511497,-2.3744329,170
SHAPE_13007440,12.2511233,-2.3743082,171
SHAPE_13007440,12.2511037,-2.3741293,172
SHAPE_13007440,12.2510813,-2.3738754,173
SHAPE_13007440,12.2510316,-2.3733534,174
SHAPE_13007440,12.2510292,-2.3733277,175
SHAPE_13007440,12.2510041,-2.3730636,176
SHAPE_13007440,12.2509448,-2.3724411,177
SHAPE_13007440,12.2509132,-2.3720783,178
SHAPE_13007440,12.2509004,-2.3719317,179
SHAPE_13007440,12.2508845,-2.371749,180
SHAPE_13007440,12.2506707,-2.3695085,181
SHAPE_13007440,12.2505198,-2.3678185,182
SHAPE_13007440,12.2505181,-2.3677006,183
SHAPE_13007440,12.2505172,-2.3676328,184
SHAPE_13007440,12.2505178,-2.3674659,185
SHAPE_13007440,12.2505414,-2.3672862,186
SHAPE_13007440,12.2506974,-2.3666666,187
SHAPE_13007440,12.2508444,-2.3660901,188
SHAPE_13007440,12.2508892,-2.3659279,189
SHAPE_13007440,12.2509765,-2.3656118,190
SHAPE_13007440,12.2509909,-2.3655647,191
SHAPE_13007440,12.2510063,-2.3655073,192
SHAPE_13007440,12.251158,-2.364964,193
SHAPE_13007440,12.2512926,-2.3644412,194
SHAPE_13007440,12.2513332,-2.364293,195
SHAPE_13007440,12.2513917,-2.3640796,196
SHAPE_13007440,12.2516003,-2.3633181,197
SHAPE_13007440,12.2517438,-2.3627834,198
SHAPE_13007440,12.2520061,-2.3617773,199
SHAPE_13007440,12.2520774,-2.3615136,200
SHAPE_13007440,12.2521953,-2.361077,201
SHAPE_13007440,12.2525531,-2.3597526,202
SHAPE_13007440,12.252683,-2.3592576,203
SHAPE_13007440,12.2526991,-2.3592015,204
SHAPE_13007440,12.2527037,-2.3591765,205
SHAPE_13007440,12.2527088,-2.3591486,206
SHAPE_13007440,12.2527131,-2.3591167,207
SHAPE_13007440,12.2527238,-2.3590188,208
SHAPE_13007440,12.2527284,-2.3589163,209
SHAPE_13007440,12.2527389,-2.3587217,210
SHAPE_13007440,12.2527432,-2.3585511,211
SHAPE_13007440,12.2527693,-2.3577334,212
SHAPE_13007440,12.2527887,-2.3571612,213
SHAPE_13007440,12.2528037,-2.3566627,214
SHAPE_13007440,12.2528252,-2.3559122,215
SHAPE_13007440,12.25285,-2.3552629,216
SHAPE_13007440,12.2528565,-2.3550761,217
SHAPE_13007440,12.2528629,-2.3548898,218
SHAPE_13007440,12.2528701,-2.3546663,219
SHAPE_13007440,12.2528715,-2.3546224,220
SHAPE_13007440,12.2529403,-2.3526394,221
SHAPE_13007440,12.252965,-2.3517921,222
SHAPE_13007440,12.2529771,-2.3514296,223
SHAPE_13007440,12.2529898,-2.3509723,224
SHAPE_13007440,12.2530011,-2.350633,225
SHAPE_13007440,12.2530078,-2.3504325,226
SHAPE_13007440,12.2530391,-2.3494939,227
SHAPE_13007440,12.2529801,-2.3493313,228
SHAPE_13007440,12.2522969,-2.3465194,229
SHAPE_13007440,12.2522099,-2.3461558,230
SHAPE_13007440,12.2520866,-2.3456112,231
SHAPE_13007440,12.2520613,-2.3454697,232
SHAPE_13007440,12.2520563,-2.3453924,233
SHAPE_13007440,12.252118,-2.3449408,234
SHAPE_13007440,12.252148,-2.3447091,235
SHAPE_13007440,12.252172,-2.3445423,236
SHAPE_13007440,12.2522017,-2.344323,237
SHAPE_13007440,12.2522762,-2.343895,238
SHAPE_13007440,12.2523826,-2.3431947,239
SHAPE_13007440,12.2524419,-2.3427433,240
SHAPE_13007440,12.2524891,-2.3424274,241
SHAPE_13007440,12.252591,-2.3417707,242
SHAPE_13007440,12.2526044,-2.3416836,243
SHAPE_13007440,12.2526297,-2.341519,244
SHAPE_13007440,12.252647,-2.341408,245
SHAPE_13007440,12.2526639,-2.3412547,246
SHAPE_13007503,12.2526639,-2.3412547,1
SHAPE_13007503,12.252647,-2.341408,2
SHAPE_13007503,12.2526297,-2.341519,3
SHAPE_13007503,12.2526044,-2.3416836,4
SHAPE_13007503,12.252591,-2.3417707,5
SHAPE_13007503,12.2524891,-2.3424274,6
SHAPE_13007503,12.2524419,-2.3427433,7
SHAPE_13007503,12.2523826,-2.3431947,8
SHAPE_13007503,12.2522762,-2.343895,9
SHAPE_13007503,12.2522017,-2.344323,10
SHAPE_13007503,12.252172,-2.3445423,11
SHAPE_13007503,12.252148,-2.3447091,12
SHAPE_13007503,12.252118,-2.3449408,13
SHAPE_13007503,12.2520563,-2.3453924,14
SHAPE_13007503,12.2520613,-2.3454697,15
SHAPE_13007503,12.2520866,-2.3456112,16
SHAPE_13007503,12.2522099,-2.3461558,17
SHAPE_13007503,12.2522969,-2.3465194,18
SHAPE_13007503,12.2529801,-2.3493313,19
SHAPE_13007503,12.2530391,-2.3494939,20
SHAPE_13007503,12.2530078,-2.3504325,21
SHAPE_13007503,12.2530011,-2.350633,22
SHAPE_13007503,12.2529898,-2.3509723,23
SHAPE_13007503,12.2529771,-2.3514296,24
SHAPE_13007503,12.252965,-2.3517921,25
SHAPE_13007503,12.2529403,-2.3526394,26
SHAPE_13007503,12.2528715,-2.3546224,27
SHAPE_13007503,12.2528701,-2.3546663,28
SHAPE_13007503,12.2528629,-2.3548898,29
SHAPE_13007503,12.2528565,-2.3550761,30
SHAPE_13007503,12.25285,-2.3552629,31
SHAPE_13007503,12.2528252,-2.3559122,32
SHAPE_13007503,12.2528037,-2.3566627,33
SHAPE_13007503,12.2527887,-2.3571612,34
SHAPE_13007503,12.2527693,-2.3577334,35
SHAPE_13007503,12.2527432,-2.3585511,36
SHAPE_13007503,12.2527389,-2.3587217,37
SHAPE_13007503,12.2527284,-2.3589163,38
SHAPE_13007503,12.2527238,-2.3590188,39
SHAPE_13007503,12.2527131,-2.3591167,40
SHAPE_13007503,12.2527088,-2.3591486,41
SHAPE_13007503,12.2527037,-2.3591765,42
SHAPE_13007503,12.2526991,-2.3592015,43
SHAPE_13007503,12.252683,-2.3592576,44
SHAPE_13007503,12.2525531,-2.3597526,45
SHAPE_13007503,12.2521953,-2.361077,46
SHAPE_13007503,12.2520774,-2.3615136,47
SHAPE_13007503,12.2520061,-2.3617773,48
SHAPE_13007503,12.2517438,-2.3627834,49
SHAPE_13007503,12.2516003,-2.3633181,50
SHAPE_13007503,12.2513917,-2.3640796,51
SHAPE_13007503,12.2513332,-2.364293,52
SHAPE_13007503,12.2512926,-2.3644412,53
SHAPE_13007503,12.251158,-2.364964,54
SHAPE_13007503,12.2510063,-2.3655073,55
SHAPE_13007503,12.2509909,-2.3655647,56
SHAPE_13007503,12.2509765,-2.3656118,57
SHAPE_13007503,12.2508892,-2.3659279,58
SHAPE_13007503,12.2508444,-2.3660901,59
SHAPE_13007503,12.2506974,-2.3666666,60
SHAPE_13007503,12.2505414,-2.3672862,61
SHAPE_13007503,12.2505178,-2.3674659,62
SHAPE_13007503,12.2505172,-2.3676328,63
SHAPE_13007503,12.2505181,-2.3677006,64
SHAPE_13007503,12.2505198,-2.3678185,65
SHAPE_13007503,12.2506707,-2.3695085,66
SHAPE_13007503,12.2508845,-2.371749,67
SHAPE_13007503,12.2509004,-2.3719317,68
SHAPE_13007503,12.2509132,-2.3720783,69
SHAPE_13007503,12.2509448,-2.3724411,70
SHAPE_13007503,12.2510041,-2.3730636,71
SHAPE_13007503,12.2510292,-2.3733277,72
SHAPE_13007503,12.2510316,-2.3733534,73
SHAPE_13007503,12.2510813,-2.3738754,74
SHAPE_13007503,12.2511037,-2.3741293,75
SHAPE_13007503,12.2511233,-2.3743082,76
SHAPE_13007503,12.2511497,-2.3744329,77
SHAPE_13007503,12.2511548,-2.374476,78
SHAPE_13007503,12.2511515,-2.3746964,79
SHAPE_13007503,12.2511816,-2.3752758,80
SHAPE_13007503,12.2511908,-2.3754367,81
SHAPE_13007503,12.251196,-2.3755205,82
SHAPE_13007503,12.2511947,-2.3756003,83
SHAPE_13007503,12.2511869,-2.3756661,84
SHAPE_13007503,12.2511678,-2.375776,85
SHAPE_13007503,12.2511377,-2.3758954,86
SHAPE_13007503,12.2510878,-2.3760599,87
SHAPE_13007503,12.2508861,-2.3766075,88
SHAPE_13007503,12.2506587,-2.3772244,89
SHAPE_13007503,12.2505659,-2.3774624,90
SHAPE_13007503,12.2504652,-2.3777588,91
SHAPE_13007503,12.2504172,-2.3779,92
SHAPE_13007503,12.2502472,-2.3783925,93
SHAPE_13007503,12.2500781,-2.3788968,94
SHAPE_13007503,12.2497967,-2.3796369,95
SHAPE_13007503,12.249626,-2.3800921,96
SHAPE_13007503,12.2493315,-2.3809477,97
SHAPE_13007503,12.2492236,-2.3812753,98
SHAPE_13007503,12.2491509,-2.3815096,99
SHAPE_13007503,12.2490886,-2.3817104,100
SHAPE_13007503,12.2489639,-2.3820784,101
SHAPE_13007503,12.2488042,-2.3825352,102
SHAPE_13007503,12.2486735,-2.3828667,103
SHAPE_13007503,12.2485332,-2.38327,104
SHAPE_13007503,12.2484214,-2.383614,105
SHAPE_13007503,12.2482947,-2.383941,106
SHAPE_13007503,12.2481829,-2.3842867,107
SHAPE_13007503,12.2479942,-2.3848216,108
SHAPE_13007503,12.2478803,-2.3851443,109
SHAPE_13007503,12.2477177,-2.3856221,110
SHAPE_13007503,12.2476169,-2.385951,111
SHAPE_13007503,12.2475362,-2.386172,112
SHAPE_13007503,12.247415,-2.3861414,113
SHAPE_13007503,12.2472709,-2.3861092,114
SHAPE_13007503,12.2470232,-2.3860945,115
SHAPE_13007503,12.246786,-2.3861172,116
SHAPE_13007503,12.2466082,-2.3861701,117
SHAPE_13007503,12.245862,-2.3863794,118
SHAPE_13007503,12.2457917,-2.3867286,119
SHAPE_13007503,12.2461238,-2.3868216,120
SHAPE_13007503,12.2462285,-2.3868504,121
SHAPE_13007503,12.2464417,-2.3869091,122
SHAPE_13007503,12.2467393,-2.3869867,123
SHAPE_13007503,12.247336,-2.3867543,124
SHAPE_13007503,12.2474434,-2.386709,125
SHAPE_13007503,12.2474647,-2.386654,126
SHAPE_13007503,12.2476168,-2.3861863,127
SHAPE_13007503,12.247723,-2.3861929,128
SHAPE_13007503,12.2477925,-2.3861923,129
SHAPE_13007503,12.2479065,-2.386183,130
SHAPE_13007503,12.2480271,-2.3861669,131
SHAPE_13007503,12.2482341,-2.3860784,132
SHAPE_13007503,12.2487729,-2.3857749,133
SHAPE_13007503,12.2495642,-2.3853631,134
SHAPE_13007503,12.2497828,-2.3852513,135
SHAPE_13007503,12.2505366,-2.3848659,136
SHAPE_13007503,12.2507221,-2.3847711,137
SHAPE_13007503,12.251007,-2.3846254,138
SHAPE_13007503,12.2521501,-2.3840409,139
SHAPE_13007503,12.2526753,-2.3837723,140
SHAPE_13007503,12.2531702,-2.3835193,141
SHAPE_13007503,12.2534088,-2.3833973,142
SHAPE_13007503,12.2547129,-2.382713,143
SHAPE_13007503,12.2554178,-2.3823544,144
SHAPE_13007503,12.2559402,-2.3820645,145
SHAPE_13007503,12.2561486,-2.3826009,146
SHAPE_13007503,12.2562005,-2.3827529,147
SHAPE_13007503,12.2562875,-2.3830073,148
SHAPE_13007503,12.2567908,-2.3844744,149
SHAPE_13007503,12.2568301,-2.3845938,150
SHAPE_13007503,12.2570096,-2.3851088,151
SHAPE_13007503,12.2573307,-2.3860596,152
SHAPE_13007503,12.257484,-2.3865102,153
SHAPE_13007503,12.2576177,-2.3869193,154
SHAPE_13007503,12.2577147,-2.3871915,155
SHAPE_13007503,12.2579086,-2.387787,156
SHAPE_13007503,12.2580974,-2.38831,157
SHAPE_13007503,12.2584355,-2.389285,158
SHAPE_13007503,12.2586163,-2.3898509,159
SHAPE_13007503,12.2586995,-2.3900729,160
SHAPE_13007503,12.2587716,-2.3902693,161
SHAPE_13007503,12.2588863,-2.3906046,162
SHAPE_13007503,12.2589689,-2.3908091,163
SHAPE_13007503,12.2590678,-2.3910425,164
SHAPE_13007503,12.2591982,-2.3913583,165
SHAPE_13007503,12.2594944,-2.3918834,166
SHAPE_13007503,12.2595769,-2.3920094,167
SHAPE_13007503,12.2596792,-2.392167,168
SHAPE_13007503,12.2598047,-2.3923809,169
SHAPE_13007503,12.2599339,-2.3925762,170
SHAPE_13007503,12.2603226,-2.393087,171
SHAPE_13007503,12.2607669,-2.3937173,172
SHAPE_13007503,12.2612079,-2.3943617,173
SHAPE_13007503,12.26128,-2.394459,174
SHAPE_13007503,12.2613881,-2.3946071,175
SHAPE_13007503,12.2615152,-2.3947788,176
SHAPE_13007503,12.2618337,-2.3952019,177
SHAPE_13007503,12.2624103,-2.3960254,178
SHAPE_13007503,12.2631992,-2.397109,179
SHAPE_13007503,12.263747,-2.3978815,180
SHAPE_13007503,12.2640248,-2.3982744,181
SHAPE_13007503,12.2642791,-2.3986284,182
SHAPE_13007503,12.2644376,-2.3988631,183
SHAPE_13007503,12.265372,-2.4001466,184
SHAPE_13007503,12.2656564,-2.4005328,185
SHAPE_13007503,12.2663811,-2.401544,186
SHAPE_13007503,12.2669852,-2.4024117,187
SHAPE_13007503,12.267761,-2.4034685,188
SHAPE_13007503,12.2684857,-2.4044824,189
SHAPE_13007503,12.2687858,-2.4049115,190
SHAPE_13007503,12.2709284,-2.4078552,191
SHAPE_13007503,12.2715653,-2.4087712,192
SHAPE_13007503,12.2719309,-2.4092688,193
SHAPE_13007503,12.272328,-2.4098454,194
SHAPE_13007503,12.2728116,-2.4105093,195
SHAPE_13007503,12.273417,-2.4113408,196
SHAPE_13007503,12.2736699,-2.4117015,197
SHAPE_13007503,12.2743264,-2.4126309,198
SHAPE_13007503,12.2748978,-2.4134168,199
SHAPE_13007503,12.2755674,-2.4143784,200
SHAPE_13007503,12.2760785,-2.4151026,201
SHAPE_13007503,12.2771269,-2.4165724,202
SHAPE_13007503,12.2789843,-2.4192351,203
SHAPE_13007503,12.2835127,-2.4255316,204
SHAPE_13007503,12.2849186,-2.4274555,205
SHAPE_13007503,12.2849741,-2.4275291,206
SHAPE_13007503,12.2860364,-2.4289387,207
SHAPE_13007503,12.2936391,-2.4388723,208
SHAPE_13007503,12.2942995,-2.4397481,209
SHAPE_13007503,12.295094,-2.4408683,210
SHAPE_13007503,12.2957079,-2.4416832,211
SHAPE_13007503,12.2960452,-2.4421378,212
SHAPE_13007503,12.2971316,-2.4436249,213
SHAPE_13007503,12.2972105,-2.4437387,214
SHAPE_13007503,12.297437,-2.4440652,215
SHAPE_13007503,12.2975433,-2.4442184,216
SHAPE_13007503,12.2976975,-2.4444406,217
SHAPE_13007503,12.2981758,-2.4451533,218
SHAPE_13007503,12.2986083,-2.4457685,219
SHAPE_13007503,12.3000412,-2.4478067,220
SHAPE_13007503,12.3002262,-2.4480765,221
SHAPE_13007503,12.300489,-2.4484598,222
SHAPE_13007503,12.3007315,-2.4488135,223
SHAPE_13007503,12.3013531,-2.4497509,224
SHAPE_13007503,12.301726,-2.4503084,225
SHAPE_13007503,12.3019165,-2.4505585,226
SHAPE_13007503,12.3030731,-2.4520303,227
SHAPE_13007503,12.3052561,-2.4547214,228
SHAPE_13007503,12.3065491,-2.4563138,229
SHAPE_13007503,12.3069811,-2.4568458,230
SHAPE_13007503,12.3088428,-2.4591386,231
SHAPE_13007503,12.3093403,-2.45975,232
SHAPE_13007503,12.3097919,-2.4603051,233
SHAPE_13007503,12.3099678,-2.4605131,234
SHAPE_13007503,12.3101396,-2.4606933,235
SHAPE_13007503,12.3106644,-2.46125,236
SHAPE_13007503,12.3110969,-2.4617549,237
SHAPE_13007503,12.311131,-2.4618004,238
SHAPE_13007503,12.3113577,-2.4620672,239
SHAPE_13007503,12.3123443,-2.4631802,240
SHAPE_13007503,12.3130761,-2.4640748,241
SHAPE_13007503,12.3135479,-2.4645866,242
SHAPE_13007503,12.3136759,-2.4647353,243
SHAPE_13007503,12.3143945,-2.4655698,244
SHAPE_13007503,12.3146641,-2.4658457,245
SHAPE_13007503,12.3160477,-2.467362,246
SHAPE_13007503,12.316243,-2.4675733,247
SHAPE_13007503,12.3164951,-2.4678502,248
SHAPE_13007503,12.3169424,-2.4683112,249
SHAPE_13007503,12.3171005,-2.4684887,250
SHAPE_13007503,12.3171261,-2.4685174,251
SHAPE_13010948,12.2174192,-2.2405596,1
SHAPE_13010948,12.2174361,-2.2405922,2
SHAPE_13010948,12.2174982,-2.2407124,3
SHAPE_13010948,12.2177157,-2.2411295,4
SHAPE_13010948,12.2178831,-2.2414509,5
SHAPE_13010948,12.2179849,-2.2416462,6
SHAPE_13010948,12.218423,-2.2425068,7
SHAPE_13010948,12.2187028,-2.2430157,8
SHAPE_13010948,12.218826,-2.2432569,9
SHAPE_13010948,12.2189685,-2.2435138,10
SHAPE_13010948,12.2190741,-2.2437101,11
SHAPE_13010948,12.2191766,-2.2438974,12
SHAPE_13010948,12.2193173,-2.2441704,13
SHAPE_13010948,12.2194938,-2.2445066,14
SHAPE_13010948,12.2196626,-2.2448599,15
SHAPE_13010948,12.2199151,-2.2453096,16
SHAPE_13010948,12.2202885,-2.2460027,17
SHAPE_13010948,12.2206315,-2.2466433,18
SHAPE_13010948,12.2215806,-2.2483879,19
SHAPE_13010948,12.2222346,-2.2495769,20
SHAPE_13010948,12.222249,-2.2496031,21
SHAPE_13010948,12.2225241,-2.2501036,22
SHAPE_13010948,12.2225981,-2.2502382,23
SHAPE_13010948,12.224402,-2.2535205,24
SHAPE_13010948,12.2247015,-2.2540601,25
SHAPE_13010948,12.2253237,-2.255181,26
SHAPE_13010948,12.2263229,-2.2569619,27
SHAPE_13010948,12.2265393,-2.2573566,28
SHAPE_13010948,12.226683,-2.2576189,29
SHAPE_13010948,12.2268978,-2.2580108,30
SHAPE_13010948,12.2271244,-2.2584291,31
SHAPE_13010948,12.2273724,-2.258887,32
SHAPE_13010948,12.227491,-2.2591033,33
SHAPE_13010948,12.227603,-2.2593046,34
SHAPE_13010948,12.2279291,-2.2598908,35
SHAPE_13010948,12.2282104,-2.2603966,36
SHAPE_13010948,12.2286546,-2.2612058,37
SHAPE_13010948,12.2291671,-2.2621349,38
SHAPE_13010948,12.2295626,-2.2628461,39
SHAPE_13010948,12.2299991,-2.2636274,40
SHAPE_13010948,12.2303824,-2.2643184,41
SHAPE_13010948,12.2305943,-2.264704,42
SHAPE_13010948,12.2306774,-2.2648553,43
SHAPE_13010948,12.2309603,-2.265361,44
SHAPE_13010948,12.2312964,-2.2659618,45
SHAPE_13010948,12.2319444,-2.2671617,46
SHAPE_13010948,12.2320239,-2.267309,47
SHAPE_13010948,12.2324098,-2.2680238,48
SHAPE_13010948,12.2326927,-2.2685094,49
SHAPE_13010948,12.2332407,-2.2695049,50
SHAPE_13010948,12.2332974,-2.2696068,51
SHAPE_13010948,12.2333383,-2.2696745,52
SHAPE_13010948,12.2334622,-2.2699079,53
SHAPE_13010948,12.2340022,-2.2708998,54
SHAPE_13010948,12.2344635,-2.2717207,55
SHAPE_13010948,12.2346607,-2.2720717,56
SHAPE_13010948,12.2348767,-2.2724716,57
SHAPE_13010948,12.2351995,-2.2730362,58
SHAPE_13010948,12.235333,-2.2732809,59
SHAPE_13010948,12.2356204,-2.2737945,60
SHAPE_13010948,12.2360782,-2.2746255,61
SHAPE_13010948,12.2366912,-2.2757367,62
SHAPE_13010948,12.2375915,-2.2773739,63
SHAPE_13010948,12.2379322,-2.2779684,64
SHAPE_13010948,12.2381301,-2.2782991,65
SHAPE_13010948,12.2383854,-2.2786718,66
SHAPE_13010948,12.2386121,-2.2789955,67
SHAPE_13010948,12.2389269,-2.2793877,68
SHAPE_13010948,12.2391946,-2.2796787,69
SHAPE_13010948,12.2394303,-2.2799324,70
SHAPE_13010948,12.2395946,-2.2800833,71
SHAPE_13010948,12.2397984,-2.280281,72
SHAPE_13010948,12.2401345,-2.2805767,73
SHAPE_13010948,12.240425,-2.2808054,74
SHAPE_13010948,12.240685,-2.2809844,75
SHAPE_13010948,12.2410196,-2.2812147,76
SHAPE_13010948,12.2412691,-2.2813641,77
SHAPE_13010948,12.2415824,-2.2815369,78
SHAPE_13010948,12.2418668,-2.2816816,79
SHAPE_13010948,12.2423109,-2.2818855,80
SHAPE_13010948,12.2425466,-2.2819851,81
SHAPE_13010948,12.2427474,-2.282052,82
SHAPE_13010948,12.2429542,-2.2821236,83
SHAPE_13010948,12.2435215,-2.2822948,84
SHAPE_13010948,12.2439305,-2.2823983,85
SHAPE_13010948,12.2445009,-2.2825609,86
SHAPE_13010948,12.2450941,-2.2827305,87
SHAPE_13010948,12.2461115,-2.2830029,88
SHAPE_13010948,12.2470149,-2.2832535,89
SHAPE_13010948,12.2477403,-2.2834511,90
SHAPE_13010948,12.248516,-2.2836565,91
SHAPE_13010948,12.2489405,-2.2837615,92
SHAPE_13010948,12.249459,-2.2839076,93
SHAPE_13010948,12.2496803,-2.2839682,94
SHAPE_13010948,12.2505402,-2.2842168,95
SHAPE_13010948,12.2511531,-2.2843755,96
SHAPE_13010948,12.2518785,-2.2845825,97
SHAPE_13010948,12.2527256,-2.2848206,98
SHAPE_13010948,12.2533735,-2.2850159,99
SHAPE_13010948,12.253491,-2.2850591,100
SHAPE_13010948,12.2537187,-2.2851428,101
SHAPE_13010948,12.2540396,-2.2852875,102
SHAPE_13010948,12.2544078,-2.2854561,103
SHAPE_13010948,12.2547468,-2.285647,104
SHAPE_13010948,12.2550844,-2.2858446,105
SHAPE_13010948,12.2555087,-2.286131,106
SHAPE_13010948,12.2557398,-2.2862938,107
SHAPE_13010948,12.2559087,-2.2864127,108
SHAPE_13010948,12.2562007,-2.2866492,109
SHAPE_13010948,12.2564774,-2.2869013,110
SHAPE_13010948,12.2567679,-2.2871784,111
SHAPE_13010948,12.2570432,-2.2874647,112
SHAPE_13010948,12.2573671,-2.2878351,113
SHAPE_13010948,12.2575907,-2.288123,114
SHAPE_13010948,12.2578279,-2.2884498,115
SHAPE_13010948,12.2580545,-2.2888124,116
SHAPE_13010948,12.2581914,-2.2890443,117
SHAPE_13010948,12.2583146,-2.2892591,118
SHAPE_13010948,12.2584332,-2.2894832,119
SHAPE_13010948,12.2585214,-2.289659,120
SHAPE_13010948,12.2586066,-2.289852,121
SHAPE_13010948,12.2586542,-2.2899764,122
SHAPE_13010948,12.2588052,-2.2903452,123
SHAPE_13010948,12.2588686,-2.290518,124
SHAPE_13010948,12.2589349,-2.2907186,125
SHAPE_13010948,12.2590209,-2.2909825,126
SHAPE_13010948,12.2591222,-2.2913736,127
SHAPE_13010948,12.2591489,-2.2914818,128
SHAPE_13010948,12.2592362,-2.291835,129
SHAPE_13010948,12.2592978,-2.2921179,130
SHAPE_13010948,12.2593345,-2.2923566,131
SHAPE_13010948,12.2594092,-2.2929052,132
SHAPE_13010948,12.2594574,-2.2940187,133
SHAPE_13010948,12.2593856,-2.294548,134
SHAPE_13010948,12.2592301,-2.2957596,135
SHAPE_13010948,12.259116,-2.2965953,136
SHAPE_13010948,12.2590309,-2.2971727,137
SHAPE_13010948,12.2589913,-2.2974544,138
SHAPE_13010948,12.2588301,-2.2985733,139
SHAPE_13010948,12.2586735,-2.2996534,140
SHAPE_13010948,12.2585244,-2.3007179,141
SHAPE_13010948,12.2583754,-2.3017201,142
SHAPE_13010948,12.2582479,-2.3026893,143
SHAPE_13010948,12.2581411,-2.3033808,144
SHAPE_13010948,12.2581017,-2.3036514,145
SHAPE_13010948,12.2580854,-2.3037613,146
SHAPE_13010948,12.2578887,-2.3050879,147
SHAPE_13010948,12.2578705,-2.3052342,148
SHAPE_13010948,12.2578127,-2.3055859,149
SHAPE_13010948,12.257691,-2.3064901,150
SHAPE_13010948,12.2575739,-2.3072667,151
SHAPE_13010948,12.2575633,-2.3073336,152
SHAPE_13010948,12.2575371,-2.3075382,153
SHAPE_13010948,12.257504,-2.3077973,154
SHAPE_13010948,12.2574647,-2.308045,155
SHAPE_13010948,12.2573871,-2.3085921,156
SHAPE_13010948,12.2573241,-2.3090896,157
SHAPE_13010948,12.257315,-2.3091593,158
SHAPE_13010948,12.2572193,-2.3098326,159
SHAPE_13010948,12.2571105,-2.3106399,160
SHAPE_13010948,12.2570103,-2.3112072,161
SHAPE_13010948,12.2570044,-2.3112615,162
SHAPE_13010948,12.2569834,-2.3114634,163
SHAPE_13010948,12.2569323,-2.3118509,164
SHAPE_13010948,12.2568563,-2.3123378,165
SHAPE_13010948,12.2567305,-2.313243,166
SHAPE_13010948,12.2565273,-2.3145781,167
SHAPE_13010948,12.2564107,-2.3153941,168
SHAPE_13010948,12.2563334,-2.315889,169
SHAPE_13010948,12.2562466,-2.316497,170
SHAPE_13010948,12.2562246,-2.3166816,171
SHAPE_13010948,12.2561538,-2.3172368,172
SHAPE_13010948,12.2561276,-2.317436,173
SHAPE_13010948,12.2560896,-2.3177075,174
SHAPE_13010948,12.2559893,-2.318327,175
SHAPE_13010948,12.2558958,-2.3190174,176
SHAPE_13010948,12.2558367,-2.3194537,177
SHAPE_13010948,12.2557187,-2.3202576,178
SHAPE_13010948,12.2556702,-2.320542,179
SHAPE_13010948,12.2556277,-2.3208417,180
SHAPE_13010948,12.2555285,-2.3214941,181
SHAPE_13010948,12.2554042,-2.3225074,182
SHAPE_13010948,12.2553518,-2.3228695,183
SHAPE_13010948,12.2551671,-2.3239849,184
SHAPE_13010948,12.2551361,-2.3242004,185
SHAPE_13010948,12.2550557,-2.3247453,186
SHAPE_13010948,12.2550255,-2.3249817,187
SHAPE_13010948,12.2549383,-2.3255734,188
SHAPE_13010948,12.2547354,-2.3269496,189
SHAPE_13010948,12.2546552,-2.3275311,190
SHAPE_13010948,12.2545864,-2.3280857,191
SHAPE_13010948,12.2545536,-2.3282918,192
SHAPE_13010948,12.2543574,-2.3296212,193
SHAPE_13010948,12.2543088,-2.3299376,194
SHAPE_13010948,12.2542388,-2.3304862,195
SHAPE_13010948,12.2542251,-2.3305531,196
SHAPE_13010948,12.2540819,-2.3316403,197
SHAPE_13010948,12.253959,-2.3323817,198
SHAPE_13010948,12.253921,-2.3326323,199
SHAPE_13010948,12.2538419,-2.3331878,200
SHAPE_13010948,12.2537324,-2.3339177,201
SHAPE_13010948,12.2536518,-2.334436,202
SHAPE_13010948,12.2535286,-2.3353199,203
SHAPE_13010948,12.2534944,-2.3355372,204
SHAPE_13010948,12.2534571,-2.3357897,205
SHAPE_13010948,12.2534069,-2.3361432,206
SHAPE_13010948,12.2533755,-2.3363703,207
SHAPE_13010948,12.2533322,-2.3366681,208
SHAPE_13010948,12.2532726,-2.3370476,209
SHAPE_13010948,12.2532536,-2.3372146,210
SHAPE_13010948,12.2532366,-2.337344,211
SHAPE_13010948,12.2532077,-2.3375499,212
SHAPE_13010948,12.2531575,-2.3378426,213
SHAPE_13010948,12.2531049,-2.3382197,214
SHAPE_13010948,12.253059,-2.3385289,215
SHAPE_13010948,12.2530072,-2.338893,216
SHAPE_13010948,12.2529507,-2.3392993,217
SHAPE_13010948,12.2528237,-2.3401362,218
SHAPE_13010948,12.2527189,-2.3408577,219
SHAPE_13010948,12.2526639,-2.3412547,220
SHAPE_13010948,12.252647,-2.341408,221
SHAPE_13010948,12.2526297,-2.341519,222
SHAPE_13010948,12.2526044,-2.3416836,223
SHAPE_13010948,12.252591,-2.3417707,224
SHAPE_13010948,12.2524891,-2.3424274,225
SHAPE_13010948,12.2524419,-2.3427433,226
SHAPE_13010948,12.2523826,-2.3431947,227
SHAPE_13010948,12.2522762,-2.343895,228
SHAPE_13010948,12.2522017,-2.344323,229
SHAPE_13010948,12.252172,-2.3445423,230
SHAPE_13010948,12.252148,-2.3447091,231
SHAPE_13010948,12.252118,-2.3449408,232
SHAPE_13010948,12.2520563,-2.3453924,233
SHAPE_13010948,12.2520613,-2.3454697,234
SHAPE_13010948,12.2520866,-2.3456112,235
SHAPE_13010948,12.2522099,-2.3461558,236
SHAPE_13010948,12.2522969,-2.3465194,237
SHAPE_13010948,12.2529801,-2.3493313,238
SHAPE_13010948,12.2530391,-2.3494939,239
SHAPE_13010948,12.2530078,-2.3504325,240
SHAPE_13010948,12.2530011,-2.350633,241
SHAPE_13010948,12.2529898,-2.3509723,242
SHAPE_13010948,12.2529771,-2.3514296,243
SHAPE_13010948,12.252965,-2.3517921,244
SHAPE_13010948,12.2529403,-2.3526394,245
SHAPE_13010948,12.2528715,-2.3546224,246
SHAPE_13010948,12.2528701,-2.3546663,247
SHAPE_13010948,12.2528629,-2.3548898,248
SHAPE_13010948,12.2528565,-2.3550761,249
SHAPE_13010948,12.25285,-2.3552629,250
SHAPE_13010948,12.2528252,-2.3559122,251
SHAPE_13010948,12.2528037,-2.3566627,252
SHAPE_13010948,12.2527887,-2.3571612,253
SHAPE_13010948,12.2527693,-2.3577334,254
SHAPE_13010948,12.2527432,-2.3585511,255
SHAPE_13010948,12.2527389,-2.3587217,256
SHAPE_13010948,12.2527284,-2.3589163,257
SHAPE_13010948,12.2527238,-2.3590188,258
SHAPE_13010948,12.2527131,-2.3591167,259
SHAPE_13010948,12.2527088,-2.3591486,260
SHAPE_13010948,12.2527037,-2.3591765,261
SHAPE_13010948,12.2526991,-2.3592015,262
SHAPE_13010948,12.252683,-2.3592576,263
SHAPE_13010948,12.2525531,-2.3597526,264
SHAPE_13010948,12.2521953,-2.361077,265
SHAPE_13010948,12.2520774,-2.3615136,266
SHAPE_13010948,12.2520061,-2.3617773,267
SHAPE_13010948,12.2517438,-2.3627834,268
SHAPE_13010948,12.2516003,-2.3633181,269
SHAPE_13010948,12.2513917,-2.3640796,270
SHAPE_13010948,12.2513332,-2.364293,271
SHAPE_13010948,12.2512926,-2.3644412,272
SHAPE_13010948,12.251158,-2.364964,273
SHAPE_13010948,12.2510063,-2.3655073,274
SHAPE_13010948,12.2509909,-2.3655647,275
SHAPE_13010948,12.2509765,-2.3656118,276
SHAPE_13010948,12.2508892,-2.3659279,277
SHAPE_13010948,12.2508444,-2.3660901,278
SHAPE_13010948,12.2506974,-2.3666666,279
SHAPE_13010948,12.2505414,-2.3672862,280
SHAPE_13010948,12.2505178,-2.3674659,281
SHAPE_13010948,12.2505172,-2.3676328,282
SHAPE_13010948,12.2505181,-2.3677006,283
SHAPE_13010948,12.2505198,-2.3678185,284
SHAPE_13010948,12.2506707,-2.3695085,285
SHAPE_13010948,12.2508845,-2.371749,286
SHAPE_13010948,12.2509004,-2.3719317,287
SHAPE_13010948,12.2509132,-2.3720783,288
SHAPE_13010948,12.2509448,-2.3724411,289
SHAPE_13010948,12.2510041,-2.3730636,290
SHAPE_13010948,12.2510292,-2.3733277,291
SHAPE_13010948,12.2510316,-2.3733534,292
SHAPE_13010948,12.2510813,-2.3738754,293
SHAPE_13010948,12.2511037,-2.3741293,294
SHAPE_13010948,12.2511233,-2.3743082,295
SHAPE_13010948,12.2511497,-2.3744329,296
SHAPE_13010948,12.2511548,-2.374476,297
SHAPE_13010948,12.2511515,-2.3746964,298
SHAPE_13010948,12.2511816,-2.3752758,299
SHAPE_13010948,12.2511908,-2.3754367,300
SHAPE_13010948,12.251196,-2.3755205,301
SHAPE_13010948,12.2511947,-2.3756003,302
SHAPE_13010948,12.2511869,-2.3756661,303
SHAPE_13010948,12.2511678,-2.375776,304
SHAPE_13010948,12.2511377,-2.3758954,305
SHAPE_13010948,12.2510878,-2.3760599,306
SHAPE_13010948,12.2508861,-2.3766075,307
SHAPE_13010948,12.2506587,-2.3772244,308
SHAPE_13010948,12.2505659,-2.3774624,309
SHAPE_13010948,12.2504652,-2.3777588,310
SHAPE_13010948,12.2504172,-2.3779,311
SHAPE_13010948,12.2502472,-2.3783925,312
SHAPE_13010948,12.2500781,-2.3788968,313
SHAPE_13010948,12.2497967,-2.3796369,314
SHAPE_13010948,12.249626,-2.3800921,315
SHAPE_13010948,12.2493315,-2.3809477,316
SHAPE_13010948,12.2492236,-2.3812753,317
SHAPE_13010948,12.2491509,-2.3815096,318
SHAPE_13010948,12.2490886,-2.3817104,319
SHAPE_13010948,12.2489639,-2.3820784,320
SHAPE_13010948,12.2488042,-2.3825352,321
SHAPE_13010948,12.2486735,-2.3828667,322
SHAPE_13010948,12.2485332,-2.38327,323
SHAPE_13010948,12.2484214,-2.383614,324
SHAPE_13010948,12.2482947,-2.383941,325
SHAPE_13010948,12.2481829,-2.3842867,326
SHAPE_13010948,12.2479942,-2.3848216,327
SHAPE_13010948,12.2478803,-2.3851443,328
SHAPE_13010948,12.2477177,-2.3856221,329
SHAPE_13010948,12.2476169,-2.385951,330
SHAPE_13010948,12.2475362,-2.386172,331
SHAPE_13010948,12.247415,-2.3861414,332
SHAPE_13010948,12.2472709,-2.3861092,333
SHAPE_13010948,12.2470232,-2.3860945,334
SHAPE_13010948,12.246786,-2.3861172,335
SHAPE_13010948,12.2466082,-2.3861701,336
SHAPE_13010948,12.245862,-2.3863794,337
SHAPE_13010948,12.2457917,-2.3867286,338
SHAPE_13010948,12.2461238,-2.3868216,339
SHAPE_13011078,12.1965954,-2.6038801,1
SHAPE_13011078,12.1965891,-2.6039338,2
SHAPE_13011078,12.1965499,-2.6043021,3
SHAPE_13011078,12.1965412,-2.6044209,4
SHAPE_13011078,12.1965222,-2.6045718,5
SHAPE_13011078,12.1965954,-2.6038801,6
SHAPE_13011078,12.196607,-2.6037401,7
SHAPE_13011078,12.1966545,-2.60332,8
SHAPE_13011078,12.1966757,-2.6031298,9
SHAPE_13011078,12.1966814,-2.6030271,10
SHAPE_13011078,12.196747,-2.6023074,11
SHAPE_13011078,12.1968834,-2.601079,12
SHAPE_13011078,12.196946,-2.6005158,13
SHAPE_13011078,12.1969775,-2.6002319,14
SHAPE_13011078,12.197096,-2.5991827,15
SHAPE_13011078,12.1971842,-2.5983719,16
SHAPE_13011078,12.1972799,-2.5974633,17
SHAPE_13011078,12.19731,-2.5971173,18
SHAPE_13011078,12.1974214,-2.5960075,19
SHAPE_13011078,12.1974614,-2.595512,20
SHAPE_13011078,12.1975126,-2.5935836,21
SHAPE_13011078,12.1975322,-2.592948,22
SHAPE_13011078,12.1976227,-2.5900148,23
SHAPE_13011078,12.1976247,-2.5899501,24
SHAPE_13011078,12.1976346,-2.5896238,25
SHAPE_13011078,12.1976633,-2.5886159,26
SHAPE_13011078,12.197694,-2.5875351,27
SHAPE_13011078,12.1978938,-2.5805062,28
SHAPE_13011078,12.198006,-2.5765587,29
SHAPE_13011078,12.1980964,-2.5726176,30
SHAPE_13011078,12.1983768,-2.5642941,31
SHAPE_13011078,12.198573,-2.5579932,32
SHAPE_13011078,12.1987209,-2.5539294,33
SHAPE_13011078,12.1989268,-2.5479007,34
SHAPE_13011078,12.1991106,-2.542633,35
SHAPE_13011078,12.1993202,-2.5365543,36
SHAPE_13011078,12.1993216,-2.5365322,37
SHAPE_13011078,12.1993385,-2.5362566,38
SHAPE_13011078,12.1993687,-2.5359549,39
SHAPE_13011078,12.1994001,-2.5357483,40
SHAPE_13011078,12.1994303,-2.5355887,41
SHAPE_13011078,12.1995207,-2.5352132,42
SHAPE_13011078,12.199574,-2.5350275,43
SHAPE_13011078,12.1997042,-2.5345735,44
SHAPE_13011078,12.1998235,-2.5341591,45
SHAPE_13011078,12.2000657,-2.5332981,46
SHAPE_13011078,12.2001017,-2.5331867,47
SHAPE_13011078,12.2002152,-2.5327745,48
SHAPE_13011078,12.2012041,-2.5292882,49
SHAPE_13011078,12.201227,-2.5292067,50
SHAPE_13011078,12.2012687,-2.5290549,51
SHAPE_13011078,12.2017452,-2.5273021,52
SHAPE_13011078,12.2018422,-2.5269648,53
SHAPE_13011078,12.2018685,-2.5268655,54
SHAPE_13011078,12.2018901,-2.5267839,55
SHAPE_13011078,12.2019247,-2.526653,56
SHAPE_13011078,12.201985,-2.5264397,57
SHAPE_13011078,12.2020322,-2.526307,58
SHAPE_13011078,12.2021056,-2.5261125,59
SHAPE_13011078,12.2021414,-2.5260186,60
SHAPE_13011078,12.2022865,-2.5257142,61
SHAPE_13011078,12.2027381,-2.5249042,62
SHAPE_13011078,12.2028272,-2.5247667,63
SHAPE_13011078,12.2029033,-2.524646,64
SHAPE_13011078,12.2030507,-2.5244187,65
SHAPE_13011078,12.2032316,-2.5241089,66
SHAPE_13011078,12.2033417,-2.5239185,67
SHAPE_13011078,12.2034531,-2.5236596,68
SHAPE_13011078,12.2037808,-2.5229301,69
SHAPE_13011078,12.2043222,-2.5217029,70
SHAPE_13011078,12.2054115,-2.5192367,71
SHAPE_13011078,12.2054479,-2.5191535,72
SHAPE_13011078,12.2071429,-2.5152434,73
SHAPE_13011078,12.2072505,-2.5149907,74
SHAPE_13011078,12.2076961,-2.5139991,75
SHAPE_13011078,12.2081895,-2.5128926,76
SHAPE_13011078,12.2084709,-2.5122689,77
SHAPE_13011078,12.208554,-2.5120807,78
SHAPE_13011078,12.2087845,-2.5115586,79
SHAPE_13011078,12.2089374,-2.5112204,80
SHAPE_13011078,12.2090242,-2.5110285,81
SHAPE_13011078,12.209218,-2.510567,82
SHAPE_13011078,12.20937,-2.5101681,83
SHAPE_13011078,12.2094329,-2.5099562,84
SHAPE_13011078,12.2094919,-2.5097121,85
SHAPE_13011078,12.2095312,-2.5094681,86
SHAPE_13011078,12.2095881,-2.5089624,87
SHAPE_13011078,12.2097889,-2.506817,88
SHAPE_13011078,12.2098136,-2.506525,89
SHAPE_13011078,12.2098347,-2.506323,90
SHAPE_13011078,12.2098684,-2.5060698,91
SHAPE_13011078,12.2099124,-2.5058759,92
SHAPE_13011078,12.2099652,-2.5056544,93
SHAPE_13011078,12.2101946,-2.5048691,94
SHAPE_13011078,12.2108158,-2.503134,95
SHAPE_13011078,12.2128714,-2.4970741,96
SHAPE_13011078,12.2130896,-2.4964379,97
SHAPE_13011078,12.2131413,-2.4963003,98
SHAPE_13011078,12.2133613,-2.4957151,99
SHAPE_13011078,12.2136532,-2.4949549,100
SHAPE_13011078,12.2142635,-2.4935472,101
SHAPE_13011078,12.2145028,-2.493022,102
SHAPE_13011078,12.2150011,-2.4919409,103
SHAPE_13011078,12.2151566,-2.4916057,104
SHAPE_13011078,12.2152563,-2.4913909,105
SHAPE_13011078,12.2155319,-2.490797,106
SHAPE_13011078,12.2155912,-2.4906692,107
SHAPE_13011078,12.2158434,-2.4901256,108
SHAPE_13011078,12.216267,-2.4890751,109
SHAPE_13011078,12.2164465,-2.4886417,110
SHAPE_13011078,12.2166757,-2.4880909,111
SHAPE_13011078,12.2169149,-2.4875045,112
SHAPE_13011078,12.2170121,-2.4872445,113
SHAPE_13011078,12.2170993,-2.4870099,114
SHAPE_13011078,12.2172419,-2.4866239,115
SHAPE_13011078,12.2174083,-2.4860614,116
SHAPE_13011078,12.2179279,-2.4842942,117
SHAPE_13011078,12.2189948,-2.4808878,118
SHAPE_13011078,12.2196432,-2.4788637,119
SHAPE_13011078,12.2196863,-2.4787249,120
SHAPE_13011078,12.2202768,-2.4768233,121
SHAPE_13011078,12.2204235,-2.4763507,122
SHAPE_13011078,12.220607,-2.475695,123
SHAPE_13011078,12.2208587,-2.4748823,124
SHAPE_13011078,12.2210448,-2.4742654,125
SHAPE_13011078,12.2212388,-2.4736458,126
SHAPE_13011078,12.2220855,-2.47091,127
SHAPE_13011078,12.222636,-2.4691665,128
SHAPE_13011078,12.22283,-2.4685805,129
SHAPE_13011078,12.2243032,-2.4638933,130
SHAPE_13011078,12.2245709,-2.4631461,131
SHAPE_13011078,12.2247099,-2.4627168,132
SHAPE_13011078,12.2251206,-2.4614488,133
SHAPE_13011078,12.2257211,-2.4595945,134
SHAPE_13011078,12.2258293,-2.4592605,135
SHAPE_13011078,12.225889,-2.4590787,136
SHAPE_13011078,12.2259064,-2.4590256,137
SHAPE_13011078,12.2261732,-2.4582126,138
SHAPE_13011078,12.2263394,-2.4576865,139
SHAPE_13011078,12.2264314,-2.4573951,140
SHAPE_13011078,12.2265356,-2.4570654,141
SHAPE_13011078,12.2266267,-2.4567771,142
SHAPE_13011078,12.226782,-2.4562253,143
SHAPE_13011078,12.2267903,-2.4561959,144
SHAPE_13011078,12.2268901,-2.4557853,145
SHAPE_13011078,12.2270286,-2.4551386,146
SHAPE_13011078,12.2271084,-2.4547264,147
SHAPE_13011078,12.227251,-2.4540227,148
SHAPE_13011078,12.2273099,-2.4536687,149
SHAPE_13011078,12.2273782,-2.4531676,150
SHAPE_13011078,12.2273886,-2.4530978,151
SHAPE_13011078,12.2274728,-2.4525315,152
SHAPE_13011078,12.2274852,-2.4524485,153
SHAPE_13011078,12.2276204,-2.4515394,154
SHAPE_13011078,12.2276276,-2.4514912,155
SHAPE_13011078,12.2279221,-2.4495112,156
SHAPE_13011078,12.2279288,-2.4494646,157
SHAPE_13011078,12.2280228,-2.4488124,158
SHAPE_13011078,12.2280301,-2.4487615,159
SHAPE_13011078,12.2281997,-2.4475841,160
SHAPE_13011078,12.2282068,-2.4475346,161
SHAPE_13011078,12.2282887,-2.446966,162
SHAPE_13011078,12.2283236,-2.4467239,163
SHAPE_13011078,12.2289089,-2.4429297,164
SHAPE_13011078,12.229189,-2.4413746,165
SHAPE_13011078,12.2292855,-2.4409743,166
SHAPE_13011078,12.2297534,-2.4392556,167
SHAPE_13011078,12.2300255,-2.4382564,168
SHAPE_13011078,12.2302523,-2.4375119,169
SHAPE_13011078,12.2304591,-2.4368388,170
SHAPE_13011078,12.230656,-2.4361861,171
SHAPE_13011078,12.2309649,-2.4350668,172
SHAPE_13011078,12.2314142,-2.4334435,173
SHAPE_13011078,12.2315984,-2.4328494,174
SHAPE_13011078,12.2318769,-2.4318262,175
SHAPE_13011078,12.2323877,-2.4300567,176
SHAPE_13011078,12.2325223,-2.4296488,177
SHAPE_13011078,12.2331075,-2.4278993,178
SHAPE_13011078,12.2332191,-2.427546,179
SHAPE_13011078,12.23336,-2.4271692,180
SHAPE_13011078,12.2341519,-2.424886,181
SHAPE_13011078,12.2346638,-2.4234138,182
SHAPE_13011078,12.2347574,-2.4231446,183
SHAPE_13011078,12.2352,-2.4218621,184
SHAPE_13011078,12.2352505,-2.4217158,185
SHAPE_13011078,12.2360157,-2.4194986,186
SHAPE_13011078,12.2361752,-2.4190652,187
SHAPE_13011078,12.2363404,-2.4185774,188
SHAPE_13011078,12.2365415,-2.417979,189
SHAPE_13011078,12.2371346,-2.4162036,190
SHAPE_13011078,12.2373582,-2.4155432,191
SHAPE_13011078,12.2379288,-2.4138326,192
SHAPE_13011078,12.2379904,-2.4136247,193
SHAPE_13011078,12.2382635,-2.4130981,194
SHAPE_13011078,12.2382972,-2.4129863,195
SHAPE_13011078,12.2383954,-2.4127395,196
SHAPE_13011078,12.2385134,-2.4124204,197
SHAPE_13011078,12.2386012,-2.4121736,198
SHAPE_13011078,12.2387366,-2.4117449,199
SHAPE_13011078,12.2387985,-2.411557,200
SHAPE_13011078,12.2390121,-2.4108888,201
SHAPE_13011078,12.2390847,-2.4107194,202
SHAPE_13011078,12.2393207,-2.4100386,203
SHAPE_13011078,12.2395042,-2.4095088,204
SHAPE_13011078,12.2399302,-2.4082804,205
SHAPE_13011078,12.2402841,-2.4073175,206
SHAPE_13011078,12.2404308,-2.4069299,207
SHAPE_13011078,12.2405816,-2.4064779,208
SHAPE_13011078,12.2409131,-2.4054399,209
SHAPE_13011078,12.2410783,-2.4049558,210
SHAPE_13011078,12.2412118,-2.4045643,211
SHAPE_13011078,12.2417166,-2.4030595,212
SHAPE_13011078,12.2419105,-2.4024841,213
SHAPE_13011078,12.2422124,-2.4016026,214
SHAPE_13011078,12.2425543,-2.4006198,215
SHAPE_13011078,12.2426012,-2.400485,216
SHAPE_13011078,12.242622,-2.4004191,217
SHAPE_13011078,12.2426775,-2.4002459,218
SHAPE_13011078,12.243667,-2.3974461,219
SHAPE_13011078,12.2439269,-2.3967113,220
SHAPE_13011078,12.2441019,-2.3962668,221
SHAPE_13011078,12.2442775,-2.3957719,222
SHAPE_13011078,12.2443456,-2.3955721,223
SHAPE_13011078,12.2446002,-2.3947895,224
SHAPE_13011078,12.2447636,-2.3943261,225
SHAPE_13011078,12.2448357,-2.3941215,226
SHAPE_13011078,12.2449263,-2.3938617,227
SHAPE_13011078,12.2453391,-2.3926257,228
SHAPE_13011078,12.2456171,-2.3918853,229
SHAPE_13011078,12.2458826,-2.391177,230
SHAPE_13011078,12.2461625,-2.3903861,231
SHAPE_13011078,12.2464439,-2.3895907,232
SHAPE_13011078,12.2467014,-2.3889003,233
SHAPE_13011078,12.2468424,-2.3884573,234
SHAPE_13011078,12.2474434,-2.386709,235
SHAPE_13011078,12.247336,-2.3867543,236
SHAPE_13011078,12.2467393,-2.3869867,237
SHAPE_13011078,12.2464417,-2.3869091,238
SHAPE_13011078,12.2462285,-2.3868504,239
SHAPE_13011078,12.2461238,-2.3868216,240
SHAPE_13011078,12.2457917,-2.3867286,241
SHAPE_13011078,12.245862,-2.3863794,242
SHAPE_13011078,12.2466082,-2.3861701,243
SHAPE_13011078,12.246786,-2.3861172,244
SHAPE_13011078,12.2470232,-2.3860945,245
SHAPE_13011078,12.2472709,-2.3861092,246
SHAPE_13011078,12.247415,-2.3861414,247
SHAPE_13011078,12.2475362,-2.386172,248
SHAPE_13011078,12.2476168,-2.3861863,249
SHAPE_13011078,12.2477961,-2.3856462,250
SHAPE_13011078,12.2479639,-2.3851753,251
SHAPE_13011078,12.2480746,-2.3848532,252
SHAPE_13011078,12.2482608,-2.3843116,253
SHAPE_13011078,12.2483877,-2.3839424,254
SHAPE_13011078,12.2484976,-2.3836416,255
SHAPE_13011078,12.2486097,-2.3832968,256
SHAPE_13011078,12.2487481,-2.382894,257
SHAPE_13011078,12.2490354,-2.3821094,258
SHAPE_13011078,12.2492214,-2.3815174,259
SHAPE_13011078,12.2492958,-2.3812975,260
SHAPE_13011078,12.2494078,-2.3809752,261
SHAPE_13011078,12.2497018,-2.3801198,262
SHAPE_13011078,12.2498612,-2.3796563,263
SHAPE_13011078,12.2501371,-2.3789182,264
SHAPE_13011078,12.2503245,-2.3783925,265
SHAPE_13011078,12.2505027,-2.3778708,266
SHAPE_13011078,12.2506325,-2.3774859,267
SHAPE_13011078,12.2506954,-2.3773102,268
SHAPE_13011078,12.2508953,-2.376802,269
SHAPE_13011078,12.2510479,-2.3763762,270
SHAPE_13011078,12.2511443,-2.3760858,271
SHAPE_13011078,12.2511934,-2.3759329,272
SHAPE_13011078,12.2512262,-2.3758216,273
SHAPE_13011078,12.2512412,-2.3757277,274
SHAPE_13011078,12.2512504,-2.3756573,275
SHAPE_13011078,12.2512537,-2.3755373,276
SHAPE_13011078,12.2512504,-2.3754575,277
SHAPE_13011078,12.2512445,-2.3753737,278
SHAPE_13011078,12.2511876,-2.3746823,279
SHAPE_13011078,12.2511783,-2.3745945,280
SHAPE_13011078,12.2511548,-2.374476,281
SHAPE_13011078,12.2511497,-2.3744329,282
SHAPE_13011078,12.2511233,-2.3743082,283
SHAPE_13011078,12.2511037,-2.3741293,284
SHAPE_13011078,12.2510813,-2.3738754,285
SHAPE_13011078,12.2510316,-2.3733534,286
SHAPE_13011078,12.2510292,-2.3733277,287
SHAPE_13011078,12.2510041,-2.3730636,288
SHAPE_13011078,12.2509448,-2.3724411,289
SHAPE_13011078,12.2509132,-2.3720783,290
SHAPE_13011078,12.2509004,-2.3719317,291
SHAPE_13011078,12.2508845,-2.371749,292
SHAPE_13011078,12.2506707,-2.3695085,293
SHAPE_13011078,12.2505198,-2.3678185,294
SHAPE_13011078,12.2505181,-2.3677006,295
SHAPE_13011078,12.2505172,-2.3676328,296
SHAPE_13011078,12.2505178,-2.3674659,297
SHAPE_13011078,12.2505414,-2.3672862,298
SHAPE_13011078,12.2506974,-2.3666666,299
SHAPE_13011078,12.2508444,-2.3660901,300
SHAPE_13011078,12.2508892,-2.3659279,301
SHAPE_13011078,12.2509765,-2.3656118,302
SHAPE_13011078,12.2509909,-2.3655647,303
SHAPE_13011078,12.2510063,-2.3655073,304
SHAPE_13011078,12.251158,-2.364964,305
SHAPE_13011078,12.2512926,-2.3644412,306
SHAPE_13011078,12.2513332,-2.364293,307
SHAPE_13011078,12.2513917,-2.3640796,308
SHAPE_13011078,12.2516003,-2.3633181,309
SHAPE_13011078,12.2517438,-2.3627834,310
SHAPE_13011078,12.2520061,-2.3617773,311
SHAPE_13011078,12.2520774,-2.3615136,312
SHAPE_13011078,12.2521953,-2.361077,313
SHAPE_13011078,12.2525531,-2.3597526,314
SHAPE_13011078,12.252683,-2.3592576,315
SHAPE_13011078,12.2526991,-2.3592015,316
SHAPE_13011078,12.2527037,-2.3591765,317
SHAPE_13011078,12.2527088,-2.3591486,318
SHAPE_13011078,12.2527131,-2.3591167,319
SHAPE_13011078,12.2527238,-2.3590188,320
SHAPE_13011078,12.2527284,-2.3589163,321
SHAPE_13011078,12.2527389,-2.3587217,322
SHAPE_13011078,12.2527432,-2.3585511,323
SHAPE_13011078,12.2527693,-2.3577334,324
SHAPE_13011078,12.2527887,-2.3571612,325
SHAPE_13011078,12.2528037,-2.3566627,326
SHAPE_13011078,12.2528252,-2.3559122,327
SHAPE_13011078,12.25285,-2.3552629,328
SHAPE_13011078,12.2528565,-2.3550761,329
SHAPE_13011078,12.2528629,-2.3548898,330
SHAPE_13011078,12.2528701,-2.3546663,331
SHAPE_13011078,12.2528715,-2.3546224,332
SHAPE_13011078,12.2529403,-2.3526394,333
SHAPE_13011078,12.252965,-2.3517921,334
SHAPE_13011078,12.2529771,-2.3514296,335
SHAPE_13011078,12.2529898,-2.3509723,336
SHAPE_13011078,12.2530011,-2.350633,337
SHAPE_13011078,12.2530078,-2.3504325,338
SHAPE_13011078,12.2530391,-2.3494939,339
SHAPE_13011078,12.2529801,-2.3493313,340
SHAPE_13011078,12.2522969,-2.3465194,341
SHAPE_13011078,12.2522099,-2.3461558,342
SHAPE_13011078,12.2520866,-2.3456112,343
SHAPE_13011078,12.2520613,-2.3454697,344
SHAPE_13011078,12.2520563,-2.3453924,345
SHAPE_13011078,12.252118,-2.3449408,346
SHAPE_13011078,12.252148,-2.3447091,347
SHAPE_13011078,12.252172,-2.3445423,348
SHAPE_13011078,12.2522017,-2.344323,349
SHAPE_13011078,12.2522762,-2.343895,350
SHAPE_13011078,12.2523826,-2.3431947,351
SHAPE_13011078,12.2524419,-2.3427433,352
SHAPE_13011078,12.2524891,-2.3424274,353
SHAPE_13011078,12.252591,-2.3417707,354
SHAPE_13011078,12.2526044,-2.3416836,355
SHAPE_13011078,12.2526297,-2.341519,356
SHAPE_13011078,12.252647,-2.341408,357
SHAPE_13011229,12.252647,-2.341408,1
SHAPE_13011229,12.2526297,-2.341519,2
SHAPE_13011229,12.2526044,-2.3416836,3
SHAPE_13011229,12.252591,-2.3417707,4
SHAPE_13011229,12.2524891,-2.3424274,5
SHAPE_13011229,12.2524419,-2.3427433,6
SHAPE_13011229,12.2523826,-2.3431947,7
SHAPE_13011229,12.2522762,-2.343895,8
SHAPE_13011229,12.2522017,-2.344323,9
SHAPE_13011229,12.252172,-2.3445423,10
SHAPE_13011229,12.252148,-2.3447091,11
SHAPE_13011229,12.252118,-2.3449408,12
SHAPE_13011229,12.2520563,-2.3453924,13
SHAPE_13011229,12.2520613,-2.3454697,14
SHAPE_13011229,12.2520866,-2.3456112,15
SHAPE_13011229,12.2522099,-2.3461558,16
SHAPE_13011229,12.2522969,-2.3465194,17
SHAPE_13011229,12.2529801,-2.3493313,18
SHAPE_13011229,12.2530391,-2.3494939,19
SHAPE_13011229,12.2530078,-2.3504325,20
SHAPE_13011229,12.2530011,-2.350633,21
SHAPE_13011229,12.2529898,-2.3509723,22
SHAPE_13011229,12.2529771,-2.3514296,23
SHAPE_13011229,12.252965,-2.3517921,24
SHAPE_13011229,12.2529403,-2.3526394,25
SHAPE_13011229,12.2528715,-2.3546224,26
SHAPE_13011229,12.2528701,-2.3546663,27
SHAPE_13011229,12.2528629,-2.3548898,28
SHAPE_13011229,12.2528565,-2.3550761,29
SHAPE_13011229,12.25285,-2.3552629,30
SHAPE_13011229,12.2528252,-2.3559122,31
SHAPE_13011229,12.2528037,-2.3566627,32
SHAPE_13011229,12.2527887,-2.3571612,33
SHAPE_13011229,12.2527693,-2.3577334,34
SHAPE_13011229,12.2527432,-2.3585511,35
SHAPE_13011229,12.2527389,-2.3587217,36
SHAPE_13011229,12.2527284,-2.3589163,37
SHAPE_13011229,12.2527238,-2.3590188,38
SHAPE_13011229,12.2527131,-2.3591167,39
SHAPE_13011229,12.2527088,-2.3591486,40
SHAPE_13011229,12.2527037,-2.3591765,41
SHAPE_13011229,12.2526991,-2.3592015,42
SHAPE_13011229,12.252683,-2.3592576,43
SHAPE_13011229,12.2525531,-2.3597526,44
SHAPE_13011229,12.2521953,-2.361077,45
SHAPE_13011229,12.2520774,-2.3615136,46
SHAPE_13011229,12.2520061,-2.3617773,47
SHAPE_13011229,12.2517438,-2.3627834,48
SHAPE_13011229,12.2516003,-2.3633181,49
SHAPE_13011229,12.2513917,-2.3640796,50
SHAPE_13011229,12.2513332,-2.364293,51
SHAPE_13011229,12.2512926,-2.3644412,52
SHAPE_13011229,12.251158,-2.364964,53
SHAPE_13011229,12.2510063,-2.3655073,54
SHAPE_13011229,12.2509909,-2.3655647,55
SHAPE_13011229,12.2509765,-2.3656118,56
SHAPE_13011229,12.2508892,-2.3659279,57
SHAPE_13011229,12.2508444,-2.3660901,58
SHAPE_13011229,12.2506974,-2.3666666,59
SHAPE_13011229,12.2505414,-2.3672862,60
SHAPE_13011229,12.2505178,-2.3674659,61
SHAPE_13011229,12.2505172,-2.3676328,62
SHAPE_13011229,12.2505181,-2.3677006,63
SHAPE_13011229,12.2505198,-2.3678185,64
SHAPE_13011229,12.2506707,-2.3695085,65
SHAPE_13011229,12.2508845,-2.371749,66
SHAPE_13011229,12.2509004,-2.3719317,67
SHAPE_13011229,12.2509132,-2.3720783,68
SHAPE_13011229,12.2509448,-2.3724411,69
SHAPE_13011229,12.2510041,-2.3730636,70
SHAPE_13011229,12.2510292,-2.3733277,71
SHAPE_13011229,12.2510316,-2.3733534,72
SHAPE_13011229,12.2510813,-2.3738754,73
SHAPE_13011229,12.2511037,-2.3741293,74
SHAPE_13011229,12.2511233,-2.3743082,75
SHAPE_13011229,12.2511497,-2.3744329,76
SHAPE_13011229,12.2511548,-2.374476,77
SHAPE_13011229,12.2511515,-2.3746964,78
SHAPE_13011229,12.2511816,-2.3752758,79
SHAPE_13011229,12.2511908,-2.3754367,80
SHAPE_13011229,12.251196,-2.3755205,81
SHAPE_13011229,12.2511947,-2.3756003,82
SHAPE_13011229,12.2511869,-2.3756661,83
SHAPE_13011229,12.2511678,-2.375776,84
SHAPE_13011229,12.2511377,-2.3758954,85
SHAPE_13011229,12.2510878,-2.3760599,86
SHAPE_13011229,12.2508861,-2.3766075,87
SHAPE_13011229,12.2506587,-2.3772244,88
SHAPE_13011229,12.2505659,-2.3774624,89
SHAPE_13011229,12.2504652,-2.3777588,90
SHAPE_13011229,12.2504172,-2.3779,91
SHAPE_13011229,12.2502472,-2.3783925,92
SHAPE_13011229,12.2500781,-2.3788968,93
SHAPE_13011229,12.2497967,-2.3796369,94
SHAPE_13011229,12.249626,-2.3800921,95
SHAPE_13011229,12.2493315,-2.3809477,96
SHAPE_13011229,12.2492236,-2.3812753,97
SHAPE_13011229,12.2491509,-2.3815096,98
SHAPE_13011229,12.2490886,-2.3817104,99
SHAPE_13011229,12.2489639,-2.3820784,100
SHAPE_13011229,12.2488042,-2.3825352,101
SHAPE_13011229,12.2486735,-2.3828667,102
SHAPE_13011229,12.2485332,-2.38327,103
SHAPE_13011229,12.2484214,-2.383614,104
SHAPE_13011229,12.2482947,-2.383941,105
SHAPE_13011229,12.2481829,-2.3842867,106
SHAPE_13011229,12.2479942,-2.3848216,107
SHAPE_13011229,12.2478803,-2.3851443,108
SHAPE_13011229,12.2477177,-2.3856221,109
SHAPE_13011229,12.2476169,-2.385951,110
SHAPE_13011229,12.2475362,-2.386172,111
SHAPE_13011229,12.247336,-2.3867543,112
SHAPE_13011229,12.2471873,-2.3871742,113
SHAPE_13011229,12.2467595,-2.3883829,114
SHAPE_13011229,12.2465915,-2.3888609,115
SHAPE_13011229,12.2463324,-2.3895842,116
SHAPE_13011229,12.2460718,-2.3903539,117
SHAPE_13011229,12.2457725,-2.3911571,118
SHAPE_13011229,12.2455231,-2.3918514,119
SHAPE_13011229,12.2452424,-2.3925909,120
SHAPE_13011229,12.245073,-2.3930964,121
SHAPE_13011229,12.2447444,-2.3940886,122
SHAPE_13011229,12.2445094,-2.3947983,123
SHAPE_13011229,12.2442633,-2.3955419,124
SHAPE_13011229,12.2441831,-2.3957682,125
SHAPE_13011229,12.2440106,-2.396236,126
SHAPE_13011229,12.2438223,-2.3967768,127
SHAPE_13011229,12.2436007,-2.3974273,128
SHAPE_13011229,12.2431608,-2.3986124,129
SHAPE_13011229,12.2425979,-2.4002036,130
SHAPE_13011229,12.2425161,-2.4004595,131
SHAPE_13011229,12.2424665,-2.4006279,132
SHAPE_13011229,12.2421364,-2.4015852,133
SHAPE_13011229,12.2418152,-2.4024815,134
SHAPE_13011229,12.241482,-2.4034893,135
SHAPE_13011229,12.2409905,-2.4049249,136
SHAPE_13011229,12.2408155,-2.4054393,137
SHAPE_13011229,12.2404622,-2.4064546,138
SHAPE_13011229,12.2403102,-2.4068913,139
SHAPE_13011229,12.2398424,-2.4082348,140
SHAPE_13011229,12.2395986,-2.4089442,141
SHAPE_13011229,12.2394115,-2.4094861,142
SHAPE_13011229,12.2393352,-2.4097073,143
SHAPE_13011229,12.2389878,-2.4106875,144
SHAPE_13011229,12.2389266,-2.4108336,145
SHAPE_13011229,12.2386876,-2.4115195,146
SHAPE_13011229,12.238637,-2.4117033,147
SHAPE_13011229,12.2383243,-2.4126259,148
SHAPE_13011229,12.2381215,-2.41315,149
SHAPE_13011229,12.2379904,-2.4136247,150
SHAPE_13011229,12.2379288,-2.4138326,151
SHAPE_13011229,12.2373582,-2.4155432,152
SHAPE_13011229,12.2371346,-2.4162036,153
SHAPE_13011229,12.2365415,-2.417979,154
SHAPE_13011229,12.2363404,-2.4185774,155
SHAPE_13011229,12.2361752,-2.4190652,156
SHAPE_13011229,12.2360157,-2.4194986,157
SHAPE_13011229,12.2352505,-2.4217158,158
SHAPE_13011229,12.2352,-2.4218621,159
SHAPE_13011229,12.2347574,-2.4231446,160
SHAPE_13011229,12.2346638,-2.4234138,161
SHAPE_13011229,12.2341519,-2.424886,162
SHAPE_13011229,12.23336,-2.4271692,163
SHAPE_13011229,12.2332191,-2.427546,164
SHAPE_13011229,12.2331075,-2.4278993,165
SHAPE_13011229,12.2325223,-2.4296488,166
SHAPE_13011229,12.2323877,-2.4300567,167
SHAPE_13011229,12.2318769,-2.4318262,168
SHAPE_13011229,12.2315984,-2.4328494,169
SHAPE_13011229,12.2314142,-2.4334435,170
SHAPE_13011229,12.2309649,-2.4350668,171
SHAPE_13011229,12.230656,-2.4361861,172
SHAPE_13011229,12.2304591,-2.4368388,173
SHAPE_13011229,12.2302523,-2.4375119,174
SHAPE_13011229,12.2300255,-2.4382564,175
SHAPE_13011229,12.2297534,-2.4392556,176
SHAPE_13011229,12.2292855,-2.4409743,177
SHAPE_13011229,12.229189,-2.4413746,178
SHAPE_13011229,12.2289089,-2.4429297,179
SHAPE_13011229,12.2283236,-2.4467239,180
SHAPE_13011229,12.2282887,-2.446966,181
SHAPE_13011229,12.2282068,-2.4475346,182
SHAPE_13011229,12.2281997,-2.4475841,183
SHAPE_13011229,12.2280301,-2.4487615,184
SHAPE_13011229,12.2280228,-2.4488124,185
SHAPE_13011229,12.2279288,-2.4494646,186
SHAPE_13011229,12.2279221,-2.4495112,187
SHAPE_13011229,12.2276276,-2.4514912,188
SHAPE_13011229,12.2276204,-2.4515394,189
SHAPE_13011229,12.2274852,-2.4524485,190
SHAPE_13011229,12.2274728,-2.4525315,191
SHAPE_13011229,12.2273886,-2.4530978,192
SHAPE_13011229,12.2273782,-2.4531676,193
SHAPE_13011229,12.2273099,-2.4536687,194
SHAPE_13011229,12.227251,-2.4540227,195
SHAPE_13011229,12.2271084,-2.4547264,196
SHAPE_13011229,12.2270286,-2.4551386,197
SHAPE_13011229,12.2268901,-2.4557853,198
SHAPE_13011229,12.2267903,-2.4561959,199
SHAPE_13011229,12.226782,-2.4562253,200
SHAPE_13011229,12.2266267,-2.4567771,201
SHAPE_13011229,12.2265356,-2.4570654,202
SHAPE_13011229,12.2264314,-2.4573951,203
SHAPE_13011229,12.2263394,-2.4576865,204
SHAPE_13011229,12.2261732,-2.4582126,205
SHAPE_13011229,12.2259064,-2.4590256,206
SHAPE_13011229,12.225889,-2.4590787,207
SHAPE_13011229,12.2258293,-2.4592605,208
SHAPE_13011229,12.2257211,-2.4595945,209
SHAPE_13011229,12.2251206,-2.4614488,210
SHAPE_13011229,12.2247099,-2.4627168,211
SHAPE_13011229,12.2245709,-2.4631461,212
SHAPE_13011229,12.2243032,-2.4638933,213
SHAPE_13011229,12.22283,-2.4685805,214
SHAPE_13011229,12.222636,-2.4691665,215
SHAPE_13011229,12.2220855,-2.47091,216
SHAPE_13011229,12.2212388,-2.4736458,217
SHAPE_13011229,12.2210448,-2.4742654,218
SHAPE_13011229,12.2208587,-2.4748823,219
SHAPE_13011229,12.220607,-2.475695,220
SHAPE_13011229,12.2204235,-2.4763507,221
SHAPE_13011229,12.2202768,-2.4768233,222
SHAPE_13011229,12.2196863,-2.4787249,223
SHAPE_13011229,12.2196432,-2.4788637,224
SHAPE_13011229,12.2189948,-2.4808878,225
SHAPE_13011229,12.2179279,-2.4842942,226
SHAPE_13011229,12.2174083,-2.4860614,227
SHAPE_13011229,12.2172419,-2.4866239,228
SHAPE_13011229,12.2170993,-2.4870099,229
SHAPE_13011229,12.2170121,-2.4872445,230
SHAPE_13011229,12.2169149,-2.4875045,231
SHAPE_13011229,12.2166757,-2.4880909,232
SHAPE_13011229,12.2164465,-2.4886417,233
SHAPE_13011229,12.216267,-2.4890751,234
SHAPE_13011229,12.2158434,-2.4901256,235
SHAPE_13011229,12.2155912,-2.4906692,236
SHAPE_13011229,12.2155319,-2.490797,237
SHAPE_13011229,12.2152563,-2.4913909,238
SHAPE_13011229,12.2151566,-2.4916057,239
SHAPE_13011229,12.2150011,-2.4919409,240
SHAPE_13011229,12.2145028,-2.493022,241
SHAPE_13011229,12.2142635,-2.4935472,242
SHAPE_13011229,12.2136532,-2.4949549,243
SHAPE_13011229,12.2133613,-2.4957151,244
SHAPE_13011229,12.2131413,-2.4963003,245
SHAPE_13011229,12.2130896,-2.4964379,246
SHAPE_13011229,12.2128714,-2.4970741,247
SHAPE_13011229,12.2108158,-2.503134,248
SHAPE_13011229,12.2101946,-2.5048691,249
SHAPE_13011229,12.2099652,-2.5056544,250
SHAPE_13011229,12.2099124,-2.5058759,251
SHAPE_13011229,12.2098684,-2.5060698,252
SHAPE_13011229,12.2098347,-2.506323,253
SHAPE_13011229,12.2098136,-2.506525,254
SHAPE_13011229,12.2097889,-2.506817,255
SHAPE_13011229,12.2095881,-2.5089624,256
SHAPE_13011229,12.2095312,-2.5094681,257
SHAPE_13011229,12.2094919,-2.5097121,258
SHAPE_13011229,12.2094329,-2.5099562,259
SHAPE_13011229,12.20937,-2.5101681,260
SHAPE_13011229,12.209218,-2.510567,261
SHAPE_13011229,12.2090242,-2.5110285,262
SHAPE_13011229,12.2089374,-2.5112204,263
SHAPE_13011229,12.2087845,-2.5115586,264
SHAPE_13011229,12.208554,-2.5120807,265
SHAPE_13011229,12.2084709,-2.5122689,266
SHAPE_13011229,12.2081895,-2.5128926,267
SHAPE_13011229,12.2076961,-2.5139991,268
SHAPE_13011229,12.2072505,-2.5149907,269
SHAPE_13011229,12.2071429,-2.5152434,270
SHAPE_13011229,12.2054479,-2.5191535,271
SHAPE_13011229,12.2054115,-2.5192367,272
SHAPE_13011229,12.2043222,-2.5217029,273
SHAPE_13011229,12.2037808,-2.5229301,274
SHAPE_13011229,12.2034531,-2.5236596,275
SHAPE_13011229,12.2033417,-2.5239185,276
SHAPE_13011229,12.2032316,-2.5241089,277
SHAPE_13011229,12.2030507,-2.5244187,278
SHAPE_13011229,12.2029033,-2.524646,279
SHAPE_13011229,12.2028272,-2.5247667,280
SHAPE_13011229,12.2027381,-2.5249042,281
SHAPE_13011229,12.2022865,-2.5257142,282
SHAPE_13011229,12.2021414,-2.5260186,283
SHAPE_13011229,12.2021056,-2.5261125,284
SHAPE_13011229,12.2020322,-2.526307,285
SHAPE_13011229,12.201985,-2.5264397,286
SHAPE_13011229,12.2019247,-2.526653,287
SHAPE_13011229,12.2018901,-2.5267839,288
SHAPE_13011229,12.2018685,-2.5268655,289
SHAPE_13011229,12.2018422,-2.5269648,290
SHAPE_13011229,12.2017452,-2.5273021,291
SHAPE_13011229,12.2012687,-2.5290549,292
SHAPE_13011229,12.201227,-2.5292067,293
SHAPE_13011229,12.2012041,-2.5292882,294
SHAPE_13011229,12.2002152,-2.5327745,295
SHAPE_13011229,12.2001017,-2.5331867,296
SHAPE_13011229,12.2000657,-2.5332981,297
SHAPE_13011229,12.1998235,-2.5341591,298
SHAPE_13011229,12.1997042,-2.5345735,299
SHAPE_13011229,12.199574,-2.5350275,300
SHAPE_13011229,12.1995207,-2.5352132,301
SHAPE_13011229,12.1994303,-2.5355887,302
SHAPE_13011229,12.1994001,-2.5357483,303
SHAPE_13011229,12.1993687,-2.5359549,304
SHAPE_13011229,12.1993385,-2.5362566,305
SHAPE_13011229,12.1993216,-2.5365322,306
SHAPE_13011229,12.1993202,-2.5365543,307
SHAPE_13011229,12.1991106,-2.542633,308
SHAPE_13011229,12.1989268,-2.5479007,309
SHAPE_13011229,12.1987209,-2.5539294,310
SHAPE_13011229,12.198573,-2.5579932,311
SHAPE_13011229,12.1983768,-2.5642941,312
SHAPE_13011229,12.1980964,-2.5726176,313
SHAPE_13011229,12.198006,-2.5765587,314
SHAPE_13011229,12.1978938,-2.5805062,315
SHAPE_13011229,12.197694,-2.5875351,316
SHAPE_13011229,12.1976633,-2.5886159,317
SHAPE_13011229,12.1976346,-2.5896238,318
SHAPE_13011229,12.1976247,-2.5899501,319
SHAPE_13011229,12.1976227,-2.5900148,320
SHAPE_13011229,12.1975322,-2.592948,321
SHAPE_13011229,12.1975126,-2.5935836,322
SHAPE_13011229,12.1974614,-2.595512,323
SHAPE_13011229,12.1974214,-2.5960075,324
SHAPE_13011229,12.19731,-2.5971173,325
SHAPE_13011229,12.1972799,-2.5974633,326
SHAPE_13011229,12.1971842,-2.5983719,327
SHAPE_13011229,12.197096,-2.5991827,328
SHAPE_13011229,12.1969775,-2.6002319,329
SHAPE_13011229,12.196946,-2.6005158,330
SHAPE_13011229,12.1968834,-2.601079,331
SHAPE_13011229,12.196747,-2.6023074,332
SHAPE_13011229,12.1966814,-2.6030271,333
SHAPE_13011229,12.1966757,-2.6031298,334
SHAPE_13011229,12.1966545,-2.60332,335
SHAPE_13011229,12.196607,-2.6037401,336
SHAPE_13011229,12.1965954,-2.6038801,337
SHAPE_13011229,12.1965891,-2.6039338,338
SHAPE_13011229,12.1965499,-2.6043021,339
SHAPE_13011229,12.1965412,-2.6044209,340
SHAPE_13011229,12.1965222,-2.6045718,341
SHAPE_13011229,12.1965012,-2.6047448,342
SHAPE_13011229,12.1964848,-2.6048749,343
SHAPE_13011229,12.1964586,-2.6051572,344
SHAPE_13011229,12.1963648,-2.6062501,345
SHAPE_13011229,12.1963647,-2.6062507,346
