shape_id,shape_pt_lat,shape_pt_lon,shape_pt_sequence
SHAPE_8894256,11.1900556,-4.3295753,1
SHAPE_8894256,11.1900494,-4.3295158,2
SHAPE_8894256,11.1900414,-4.3294561,3
SHAPE_8894256,11.1899694,-4.3288867,4
SHAPE_8894256,11.1898882,-4.3282603,5
SHAPE_8894256,11.1898662,-4.3280438,6
SHAPE_8894256,11.1898295,-4.3277525,7
SHAPE_8894256,11.1897409,-4.3271314,8
SHAPE_8894256,11.189498,-4.3253142,9
SHAPE_8894256,11.1893938,-4.3245921,10
SHAPE_8894256,11.1893439,-4.3242791,11
SHAPE_8894256,11.1892981,-4.3239496,12
SHAPE_8894256,11.1891683,-4.3230206,13
SHAPE_8894256,11.1889794,-4.3216691,14
SHAPE_8894256,11.1889309,-4.321322,15
SHAPE_8894256,11.1890669,-4.3212992,16
SHAPE_8894256,11.1902714,-4.3211144,17
SHAPE_8894256,11.1909287,-4.3210361,18
SHAPE_8894256,11.1911818,-4.3209924,19
SHAPE_8894256,11.1918056,-4.3209093,20
SHAPE_8894256,11.1924801,-4.3208043,21
SHAPE_8894256,11.1928882,-4.3207541,22
SHAPE_8894256,11.1931582,-4.3207209,23
SHAPE_8894256,11.1934328,-4.3206822,24
SHAPE_8894256,11.1938109,-4.3206326,25
SHAPE_8894256,11.193943,-4.3206097,26
SHAPE_8894256,11.1945757,-4.3205255,27
SHAPE_8894256,11.1948367,-4.3204835,28
SHAPE_8894256,11.195082,-4.3204514,29
SHAPE_8894256,11.1953327,-4.3204144,30
SHAPE_8894256,11.1957369,-4.3203695,31
SHAPE_8894256,11.1960838,-4.3203253,32
SHAPE_8894256,11.1964118,-4.3202713,33
SHAPE_8894256,11.1966378,-4.3202441,34
SHAPE_8894256,11.1969203,-4.3202039,35
SHAPE_8894256,11.1970865,-4.3201758,36
SHAPE_8894256,11.1975471,-4.3201063,37
SHAPE_8894256,11.1977272,-4.3200886,38
SHAPE_8894256,11.1982055,-4.320035,39
SHAPE_8894256,11.1987458,-4.3199721,40
SHAPE_8894256,11.1988092,-4.3199626,41
SHAPE_8894256,11.1989873,-4.3199269,42
SHAPE_8894256,11.1992123,-4.3198907,43
SHAPE_8894256,11.1997214,-4.3198277,44
SHAPE_8894256,11.1998766,-4.3197915,45
SHAPE_8894256,11.2000411,-4.3197513,46
SHAPE_8894256,11.2006548,-4.3197265,47
SHAPE_8894256,11.200919,-4.3192385,48
SHAPE_8894256,11.2010419,-4.3190153,49
SHAPE_8894256,11.2011782,-4.3187624,50
SHAPE_8894256,11.2013328,-4.3184864,51
SHAPE_8894256,11.2016462,-4.3179029,52
SHAPE_8894256,11.2019263,-4.3173884,53
SHAPE_8894256,11.2025449,-4.3162371,54
SHAPE_8894256,11.2028643,-4.3156654,55
SHAPE_8894256,11.2024233,-4.3154213,56
SHAPE_8894256,11.2021894,-4.3152918,57
SHAPE_8894256,11.2020478,-4.3152134,58
SHAPE_8894256,11.2015958,-4.3149632,59
SHAPE_8894256,11.2010252,-4.3146474,60
SHAPE_8894256,11.200374,-4.314287,61
SHAPE_8894256,11.1999713,-4.3140623,62
SHAPE_8894256,11.1997901,-4.3139634,63
SHAPE_8894256,11.1995135,-4.3138129,64
SHAPE_8894256,11.1992606,-4.3136708,65
SHAPE_8894256,11.1992394,-4.313659,66
SHAPE_8894256,11.199136,-4.3136018,67
SHAPE_8894256,11.1985178,-4.3132766,68
SHAPE_8894256,11.1980914,-4.3133059,69
SHAPE_8894256,11.1975178,-4.3133757,70
SHAPE_8894256,11.1966787,-4.3134896,71
SHAPE_8894256,11.1959444,-4.3136135,72
SHAPE_8894256,11.1957855,-4.3136348,73
SHAPE_8894256,11.195562,-4.3136517,74
SHAPE_8894256,11.1950419,-4.3137243,75
SHAPE_8894256,11.1946262,-4.3137899,76
SHAPE_8894256,11.1941072,-4.3138611,77
SHAPE_8894256,11.1936693,-4.3139179,78
SHAPE_8894256,11.1927318,-4.3140432,79
SHAPE_8894256,11.1921239,-4.3141213,80
SHAPE_8894256,11.1915986,-4.3141948,81
SHAPE_8894256,11.1913792,-4.3142241,82
SHAPE_8894256,11.1908727,-4.3142918,83
SHAPE_8894256,11.1904968,-4.314359,84
SHAPE_8894256,11.189977,-4.3144116,85
SHAPE_8894256,11.1893761,-4.3144929,86
SHAPE_8894256,11.1881507,-4.314676,87
SHAPE_8894256,11.1880505,-4.3146869,88
SHAPE_8894256,11.187639,-4.3147422,89
SHAPE_8894256,11.1871943,-4.3148042,90
SHAPE_8894256,11.1868139,-4.3148426,91
SHAPE_8894256,11.18565,-4.3150193,92
SHAPE_8894256,11.1851825,-4.3150809,93
SHAPE_8894256,11.1845376,-4.3151742,94
SHAPE_8894256,11.1839868,-4.3152509,95
SHAPE_8894256,11.183886,-4.315265,96
SHAPE_8894256,11.1834668,-4.3153234,97
SHAPE_8894256,11.1833869,-4.3147401,98
SHAPE_8894256,11.1833141,-4.3142086,99
SHAPE_8894256,11.1832388,-4.3136591,100
SHAPE_8894256,11.1831563,-4.3130571,101
SHAPE_8894256,11.1830009,-4.3119224,102
SHAPE_8894256,11.182883,-4.3110621,103
SHAPE_8894256,11.1828388,-4.3107388,104
SHAPE_8894256,11.1828274,-4.3106559,105
SHAPE_8894256,11.1826925,-4.3096706,106
SHAPE_8894256,11.1825507,-4.3086356,107
SHAPE_8894256,11.1824593,-4.3079681,108
SHAPE_8894256,11.1824064,-4.3075821,109
SHAPE_8894256,11.1823816,-4.3073892,110
SHAPE_8894256,11.1822596,-4.3065086,111
SHAPE_8894256,11.1822399,-4.3063665,112
SHAPE_8894256,11.1822369,-4.3063445,113
SHAPE_8894256,11.1822227,-4.306241,114
SHAPE_8894256,11.1820986,-4.3053484,115
SHAPE_8894256,11.1819511,-4.3042134,116
SHAPE_8894256,11.181854,-4.3035534,117
SHAPE_8894256,11.1817818,-4.3030625,118
SHAPE_8894256,11.1817122,-4.3025564,119
SHAPE_8894256,11.181628,-4.3019435,120
SHAPE_8894256,11.1814657,-4.3008938,121
SHAPE_8894256,11.1807714,-4.3020593,122
SHAPE_8894256,11.1807494,-4.3020965,123
SHAPE_8894256,11.1801226,-4.3031568,124
SHAPE_8894256,11.1800184,-4.3033331,125
SHAPE_8894256,11.179846,-4.3036298,126
SHAPE_8894256,11.1796281,-4.3040094,127
SHAPE_8894256,11.1793076,-4.3045496,128
SHAPE_8894256,11.1792334,-4.3046825,129
SHAPE_8894256,11.1791176,-4.3048781,130
SHAPE_8894256,11.1785221,-4.3058806,131
SHAPE_8894256,11.1784531,-4.3058885,132
SHAPE_8894256,11.1780962,-4.3059374,133
SHAPE_8894256,11.1780582,-4.3059416,134
SHAPE_8894256,11.1778556,-4.3059687,135
SHAPE_8894256,11.1776422,-4.3059917,136
SHAPE_8894256,11.1772664,-4.3056256,137
SHAPE_8894256,11.1769455,-4.305324,138
SHAPE_8894256,11.1767385,-4.3051183,139
SHAPE_8894256,11.1765869,-4.3049751,140
SHAPE_8894256,11.1762691,-4.3046612,141
SHAPE_8894256,11.1760621,-4.3044598,142
SHAPE_8894256,11.1757203,-4.3041186,143
SHAPE_8894256,11.1755418,-4.3039403,144
SHAPE_8894256,11.1753844,-4.3038281,145
SHAPE_8894256,11.1750821,-4.303551,146
SHAPE_8894256,11.1748612,-4.3033243,147
SHAPE_8894256,11.1744283,-4.3029174,148
SHAPE_8894256,11.1739284,-4.3023976,149
SHAPE_8894256,11.1733885,-4.3018643,150
SHAPE_8894256,11.1731932,-4.3016852,151
SHAPE_8894256,11.1729087,-4.30142,152
SHAPE_8894256,11.172587,-4.301095,153
SHAPE_8894256,11.1723929,-4.300912,154
SHAPE_8894256,11.1720483,-4.3005882,155
SHAPE_8894256,11.171863,-4.3004126,156
SHAPE_8894256,11.1716351,-4.3001928,157
SHAPE_8894256,11.1713511,-4.29994,158
SHAPE_8894256,11.1707159,-4.2993416,159
SHAPE_8894256,11.1705603,-4.2991789,160
SHAPE_8894256,11.1702817,-4.2989065,161
SHAPE_8894256,11.1700893,-4.2987326,162
SHAPE_8894256,11.1699728,-4.2986207,163
SHAPE_8894256,11.1697023,-4.2983378,164
SHAPE_8894256,11.1696411,-4.2982658,165
SHAPE_8894256,11.1696065,-4.2982192,166
SHAPE_8894256,11.1695174,-4.2980864,167
SHAPE_8894256,11.1694654,-4.2980281,168
SHAPE_8894256,11.1690428,-4.2978413,169
SHAPE_8894256,11.1690574,-4.2978043,170
SHAPE_8894256,11.169078,-4.2977704,171
SHAPE_8894256,11.169138,-4.2977131,172
SHAPE_8894256,11.1691491,-4.2977048,173
SHAPE_8894256,11.1691622,-4.2976975,174
SHAPE_8894256,11.1691766,-4.2976908,175
SHAPE_8894256,11.1691972,-4.297686,176
SHAPE_8894256,11.1692219,-4.297679,177
SHAPE_8894256,11.1692645,-4.2976751,178
SHAPE_8894256,11.1693071,-4.2976793,179
SHAPE_8894256,11.1693319,-4.2976866,180
SHAPE_8894256,11.1693481,-4.2976914,181
SHAPE_8894256,11.1693863,-4.297711,182
SHAPE_8894256,11.1694203,-4.2977375,183
SHAPE_8894256,11.1694486,-4.2977693,184
SHAPE_8894256,11.1694707,-4.2978058,185
SHAPE_8894256,11.1694859,-4.2978458,186
SHAPE_8894256,11.1694938,-4.2978879,187
SHAPE_8894256,11.169494,-4.2979315,188
SHAPE_8894256,11.1694748,-4.2980112,189
SHAPE_8894256,11.1694654,-4.2980281,190
SHAPE_8894256,11.1694486,-4.2980522,191
SHAPE_8894256,11.1694199,-4.2980845,192
SHAPE_8894256,11.1693973,-4.2981001,193
SHAPE_8894256,11.1693418,-4.2981333,194
SHAPE_8894256,11.1693272,-4.2981393,195
SHAPE_8894256,11.1692671,-4.2981464,196
SHAPE_8894256,11.1692203,-4.2981422,197
SHAPE_8894256,11.1691819,-4.2981312,198
SHAPE_8894256,11.169146,-4.2981136,199
SHAPE_8894256,11.1691136,-4.29809,200
SHAPE_8894256,11.1690823,-4.2980569,201
SHAPE_8894256,11.1690579,-4.2980182,202
SHAPE_8894256,11.1690413,-4.2979754,203
SHAPE_8894256,11.1690333,-4.2979301,204
SHAPE_8894256,11.1690339,-4.2978852,205
SHAPE_8894256,11.1690428,-4.2978413,206
SHAPE_8894256,11.1691972,-4.297686,207
SHAPE_8894256,11.1691973,-4.2976088,208
SHAPE_8894256,11.1692019,-4.2975277,209
SHAPE_8894256,11.1692067,-4.2974151,210
SHAPE_8894256,11.1692252,-4.29725,211
SHAPE_8894256,11.1692846,-4.296583,212
SHAPE_8894256,11.1693256,-4.296393,213
SHAPE_8894256,11.1694023,-4.2956516,214
SHAPE_8894256,11.1694465,-4.2950474,215
SHAPE_8894256,11.1694582,-4.2948993,216
SHAPE_8894256,11.1694818,-4.2945529,217
SHAPE_8894256,11.1694951,-4.294413,218
SHAPE_8894256,11.1695919,-4.2933424,219
SHAPE_8894256,11.1696381,-4.292645,220
SHAPE_8894256,11.1696431,-4.2925852,221
SHAPE_8894256,11.1696513,-4.292488,222
SHAPE_8894256,11.1696754,-4.2922516,223
SHAPE_8894256,11.1697655,-4.2914519,224
SHAPE_8894256,11.1698381,-4.2908383,225
SHAPE_8894256,11.1698644,-4.2905031,226
SHAPE_8894256,11.1699011,-4.2901185,227
SHAPE_8894256,11.1699342,-4.2895898,228
SHAPE_8894256,11.1699736,-4.2890091,229
SHAPE_8894256,11.1699857,-4.2888298,230
SHAPE_8894256,11.1700591,-4.2878222,231
SHAPE_8894256,11.1700621,-4.28777,232
SHAPE_8894256,11.1700855,-4.287358,233
SHAPE_8894256,11.1701086,-4.2870418,234
SHAPE_8894256,11.1701724,-4.2861705,235
SHAPE_8894256,11.1702317,-4.2853601,236
SHAPE_8894256,11.1702652,-4.2851246,237
SHAPE_8894256,11.1703083,-4.2846168,238
SHAPE_8894256,11.1703775,-4.283693,239
SHAPE_8894256,11.1704307,-4.2827005,240
SHAPE_8894256,11.170449,-4.2824782,241
SHAPE_8894256,11.1704627,-4.2822633,242
SHAPE_8894256,11.1705175,-4.2815514,243
SHAPE_8894256,11.17059,-4.2807024,244
SHAPE_8894256,11.1706816,-4.2800017,245
SHAPE_8894256,11.1707466,-4.2797028,246
SHAPE_8894256,11.1708051,-4.2794591,247
SHAPE_8894256,11.1708449,-4.279335,248
SHAPE_8894256,11.1710186,-4.2788368,249
SHAPE_8894256,11.1711055,-4.2785524,250
SHAPE_8894256,11.1712082,-4.2782429,251
SHAPE_8894256,11.1713902,-4.2777432,252
SHAPE_8894256,11.1719092,-4.2762291,253
SHAPE_8894256,11.1719727,-4.2760162,254
SHAPE_8894256,11.1720132,-4.2758022,255
SHAPE_8894256,11.1720322,-4.275608,256
SHAPE_8894256,11.1720393,-4.2753403,257
SHAPE_8894256,11.1720302,-4.274939,258
SHAPE_8894256,11.172011,-4.2745991,259
SHAPE_8894256,11.1719818,-4.2740799,260
SHAPE_8894256,11.171937,-4.2735442,261
SHAPE_8894256,11.1719361,-4.2735098,262
SHAPE_8894256,11.171926,-4.273115,263
SHAPE_8894256,11.1719249,-4.2729612,264
SHAPE_8894256,11.1718833,-4.2728258,265
SHAPE_8894256,11.1718741,-4.272616,266
SHAPE_8894256,11.1718564,-4.2723972,267
SHAPE_8894256,11.1718358,-4.2717357,268
SHAPE_8894256,11.1718266,-4.2708486,269
SHAPE_8894256,11.1718109,-4.2699378,270
SHAPE_8894256,11.1717985,-4.2694987,271
SHAPE_8894256,11.1717855,-4.2690634,272
SHAPE_8894256,11.1717543,-4.2688837,273
SHAPE_8894256,11.1717438,-4.2688381,274
SHAPE_8894256,11.1717227,-4.2687925,275
SHAPE_8894256,11.1716856,-4.2687512,276
SHAPE_8894256,11.1716303,-4.2687319,277
SHAPE_8894256,11.1715668,-4.2687212,278
SHAPE_8894256,11.1714959,-4.2687343,279
SHAPE_8894256,11.1713998,-4.2687866,280
SHAPE_8894256,11.1708906,-4.2693109,281
SHAPE_8894256,11.170716,-4.2695044,282
SHAPE_8894256,11.1702339,-4.2699824,283
SHAPE_8894256,11.1698473,-4.2704254,284
SHAPE_8894256,11.1694218,-4.2708676,285
SHAPE_8894256,11.1687434,-4.2715573,286
SHAPE_8894256,11.1683211,-4.2720012,287
SHAPE_8894256,11.1680303,-4.2723097,288
SHAPE_8894256,11.1679316,-4.2722614,289
SHAPE_8894257,11.1679316,-4.2722614,1
SHAPE_8894257,11.1682447,-4.2719355,2
SHAPE_8894257,11.1685934,-4.2715681,3
SHAPE_8894257,11.168929,-4.271214,4
SHAPE_8894257,11.1691631,-4.27098,5
SHAPE_8894257,11.1692657,-4.2708774,6
SHAPE_8894257,11.1701328,-4.269956,7
SHAPE_8894257,11.1708037,-4.2692665,8
SHAPE_8894257,11.1708242,-4.2692459,9
SHAPE_8894257,11.1709851,-4.26908,10
SHAPE_8894257,11.1713811,-4.2686717,11
SHAPE_8894257,11.171487,-4.2685597,12
SHAPE_8894257,11.1715399,-4.2685037,13
SHAPE_8894257,11.1715689,-4.2684662,14
SHAPE_8894257,11.1716031,-4.2684152,15
SHAPE_8894257,11.1716294,-4.2683669,16
SHAPE_8894257,11.1716634,-4.2682852,17
SHAPE_8894257,11.1719254,-4.2683834,18
SHAPE_8894257,11.1718899,-4.2684075,19
SHAPE_8894257,11.1718494,-4.2684211,20
SHAPE_8894257,11.1718068,-4.2684232,21
SHAPE_8894257,11.1717837,-4.2684231,22
SHAPE_8894257,11.1717488,-4.2684064,23
SHAPE_8894257,11.1717172,-4.2683849,24
SHAPE_8894257,11.1716916,-4.2683564,25
SHAPE_8894257,11.1716733,-4.2683225,26
SHAPE_8894257,11.1716634,-4.2682852,27
SHAPE_8894257,11.1716626,-4.2682456,28
SHAPE_8894257,11.1716713,-4.268207,29
SHAPE_8894257,11.1716889,-4.2681717,30
SHAPE_8894257,11.1717144,-4.2681419,31
SHAPE_8894257,11.1717472,-4.2681187,32
SHAPE_8894257,11.1717846,-4.2681046,33
SHAPE_8894257,11.1718243,-4.2681005,34
SHAPE_8894257,11.1718638,-4.2681066,35
SHAPE_8894257,11.1719005,-4.2681225,36
SHAPE_8894257,11.1719133,-4.2681325,37
SHAPE_8894257,11.1719494,-4.2681708,38
SHAPE_8894257,11.1719713,-4.268219,39
SHAPE_8894257,11.1719768,-4.2682718,40
SHAPE_8894257,11.1719652,-4.2683235,41
SHAPE_8894257,11.1719378,-4.2683687,42
SHAPE_8894257,11.1719254,-4.2683834,43
SHAPE_8894257,11.1719152,-4.2684564,44
SHAPE_8894257,11.1719068,-4.2685647,45
SHAPE_8894257,11.1719036,-4.2686564,46
SHAPE_8894257,11.1719035,-4.2689575,47
SHAPE_8894257,11.1718998,-4.26949,48
SHAPE_8894257,11.1719007,-4.2699356,49
SHAPE_8894257,11.1719128,-4.2708515,50
SHAPE_8894257,11.1719219,-4.2717551,51
SHAPE_8894257,11.1719447,-4.2723933,52
SHAPE_8894257,11.1719502,-4.2726129,53
SHAPE_8894257,11.1719536,-4.2728269,54
SHAPE_8894257,11.1719249,-4.2729612,55
SHAPE_8894257,11.171926,-4.273115,56
SHAPE_8894257,11.1719361,-4.2735098,57
SHAPE_8894257,11.171937,-4.2735442,58
SHAPE_8894257,11.1719818,-4.2740799,59
SHAPE_8894257,11.172011,-4.2745991,60
SHAPE_8894257,11.1720302,-4.274939,61
SHAPE_8894257,11.1720393,-4.2753403,62
SHAPE_8894257,11.1720322,-4.275608,63
SHAPE_8894257,11.1720132,-4.2758022,64
SHAPE_8894257,11.1719727,-4.2760162,65
SHAPE_8894257,11.1719092,-4.2762291,66
SHAPE_8894257,11.1713902,-4.2777432,67
SHAPE_8894257,11.1712082,-4.2782429,68
SHAPE_8894257,11.1711055,-4.2785524,69
SHAPE_8894257,11.1710186,-4.2788368,70
SHAPE_8894257,11.1708449,-4.279335,71
SHAPE_8894257,11.1708051,-4.2794591,72
SHAPE_8894257,11.1707466,-4.2797028,73
SHAPE_8894257,11.1706816,-4.2800017,74
SHAPE_8894257,11.17059,-4.2807024,75
SHAPE_8894257,11.1705175,-4.2815514,76
SHAPE_8894257,11.1704627,-4.2822633,77
SHAPE_8894257,11.170449,-4.2824782,78
SHAPE_8894257,11.1704307,-4.2827005,79
SHAPE_8894257,11.1703775,-4.283693,80
SHAPE_8894257,11.1703083,-4.2846168,81
SHAPE_8894257,11.1702652,-4.2851246,82
SHAPE_8894257,11.1702317,-4.2853601,83
SHAPE_8894257,11.1701724,-4.2861705,84
SHAPE_8894257,11.1701086,-4.2870418,85
SHAPE_8894257,11.1700855,-4.287358,86
SHAPE_8894257,11.1700621,-4.28777,87
SHAPE_8894257,11.1700591,-4.2878222,88
SHAPE_8894257,11.1699857,-4.2888298,89
SHAPE_8894257,11.1699736,-4.2890091,90
SHAPE_8894257,11.1699342,-4.2895898,91
SHAPE_8894257,11.1699011,-4.2901185,92
SHAPE_8894257,11.1698644,-4.2905031,93
SHAPE_8894257,11.1698381,-4.2908383,94
SHAPE_8894257,11.1697655,-4.2914519,95
SHAPE_8894257,11.1696754,-4.2922516,96
SHAPE_8894257,11.1696513,-4.292488,97
SHAPE_8894257,11.1696431,-4.2925852,98
SHAPE_8894257,11.1696381,-4.292645,99
SHAPE_8894257,11.1695919,-4.2933424,100
SHAPE_8894257,11.1694951,-4.294413,101
SHAPE_8894257,11.1694818,-4.2945529,102
SHAPE_8894257,11.1694582,-4.2948993,103
SHAPE_8894257,11.1694465,-4.2950474,104
SHAPE_8894257,11.1694023,-4.2956516,105
SHAPE_8894257,11.1693256,-4.296393,106
SHAPE_8894257,11.169336,-4.2966003,107
SHAPE_8894257,11.1692934,-4.2972167,108
SHAPE_8894257,11.1693026,-4.2973628,109
SHAPE_8894257,11.1693203,-4.2974759,110
SHAPE_8894257,11.1693257,-4.2975406,111
SHAPE_8894257,11.169331,-4.2976076,112
SHAPE_8894257,11.1693319,-4.2976866,113
SHAPE_8894257,11.1690428,-4.2978413,114
SHAPE_8894257,11.1690574,-4.2978043,115
SHAPE_8894257,11.169078,-4.2977704,116
SHAPE_8894257,11.169138,-4.2977131,117
SHAPE_8894257,11.1691491,-4.2977048,118
SHAPE_8894257,11.1691622,-4.2976975,119
SHAPE_8894257,11.1691766,-4.2976908,120
SHAPE_8894257,11.1691972,-4.297686,121
SHAPE_8894257,11.1692219,-4.297679,122
SHAPE_8894257,11.1692645,-4.2976751,123
SHAPE_8894257,11.1693071,-4.2976793,124
SHAPE_8894257,11.1693319,-4.2976866,125
SHAPE_8894257,11.1693481,-4.2976914,126
SHAPE_8894257,11.1693863,-4.297711,127
SHAPE_8894257,11.1694203,-4.2977375,128
SHAPE_8894257,11.1694486,-4.2977693,129
SHAPE_8894257,11.1694707,-4.2978058,130
SHAPE_8894257,11.1694859,-4.2978458,131
SHAPE_8894257,11.1694938,-4.2978879,132
SHAPE_8894257,11.169494,-4.2979315,133
SHAPE_8894257,11.1694748,-4.2980112,134
SHAPE_8894257,11.1694654,-4.2980281,135
SHAPE_8894257,11.1694486,-4.2980522,136
SHAPE_8894257,11.1694199,-4.2980845,137
SHAPE_8894257,11.1693973,-4.2981001,138
SHAPE_8894257,11.1693418,-4.2981333,139
SHAPE_8894257,11.1693272,-4.2981393,140
SHAPE_8894257,11.1692671,-4.2981464,141
SHAPE_8894257,11.1692203,-4.2981422,142
SHAPE_8894257,11.1691819,-4.2981312,143
SHAPE_8894257,11.169146,-4.2981136,144
SHAPE_8894257,11.1691136,-4.29809,145
SHAPE_8894257,11.1690823,-4.2980569,146
SHAPE_8894257,11.1690579,-4.2980182,147
SHAPE_8894257,11.1690413,-4.2979754,148
SHAPE_8894257,11.1690333,-4.2979301,149
SHAPE_8894257,11.1690339,-4.2978852,150
SHAPE_8894257,11.1690428,-4.2978413,151
SHAPE_8894257,11.1694654,-4.2980281,152
SHAPE_8894257,11.1695174,-4.2980864,153
SHAPE_8894257,11.1696065,-4.2982192,154
SHAPE_8894257,11.1696411,-4.2982658,155
SHAPE_8894257,11.1697023,-4.2983378,156
SHAPE_8894257,11.1699728,-4.2986207,157
SHAPE_8894257,11.1700893,-4.2987326,158
SHAPE_8894257,11.1702817,-4.2989065,159
SHAPE_8894257,11.1705603,-4.2991789,160
SHAPE_8894257,11.1707159,-4.2993416,161
SHAPE_8894257,11.1713511,-4.29994,162
SHAPE_8894257,11.1716351,-4.3001928,163
SHAPE_8894257,11.171863,-4.3004126,164
SHAPE_8894257,11.1720483,-4.3005882,165
SHAPE_8894257,11.1723929,-4.300912,166
SHAPE_8894257,11.172587,-4.301095,167
SHAPE_8894257,11.1729087,-4.30142,168
SHAPE_8894257,11.1731932,-4.3016852,169
SHAPE_8894257,11.1733885,-4.3018643,170
SHAPE_8894257,11.1739284,-4.3023976,171
SHAPE_8894257,11.1744283,-4.3029174,172
SHAPE_8894257,11.1748612,-4.3033243,173
SHAPE_8894257,11.1750821,-4.303551,174
SHAPE_8894257,11.1753844,-4.3038281,175
SHAPE_8894257,11.1755418,-4.3039403,176
SHAPE_8894257,11.1757203,-4.3041186,177
SHAPE_8894257,11.1760621,-4.3044598,178
SHAPE_8894257,11.1762691,-4.3046612,179
SHAPE_8894257,11.1765869,-4.3049751,180
SHAPE_8894257,11.1767385,-4.3051183,181
SHAPE_8894257,11.1769455,-4.305324,182
SHAPE_8894257,11.1772664,-4.3056256,183
SHAPE_8894257,11.1776422,-4.3059917,184
SHAPE_8894257,11.1778556,-4.3059687,185
SHAPE_8894257,11.1780582,-4.3059416,186
SHAPE_8894257,11.1780962,-4.3059374,187
SHAPE_8894257,11.1784531,-4.3058885,188
SHAPE_8894257,11.1788334,-4.3052204,189
SHAPE_8894257,11.1790834,-4.3048007,190
SHAPE_8894257,11.1791718,-4.3046474,191
SHAPE_8894257,11.1792287,-4.3045533,192
SHAPE_8894257,11.1796886,-4.3037988,193
SHAPE_8894257,11.179953,-4.3033428,194
SHAPE_8894257,11.1800918,-4.3031033,195
SHAPE_8894257,11.1806947,-4.302068,196
SHAPE_8894257,11.180734,-4.3020005,197
SHAPE_8894257,11.1813967,-4.3008429,198
SHAPE_8894257,11.1814657,-4.3008938,199
SHAPE_8894257,11.181628,-4.3019435,200
SHAPE_8894257,11.1817122,-4.3025564,201
SHAPE_8894257,11.1817818,-4.3030625,202
SHAPE_8894257,11.181854,-4.3035534,203
SHAPE_8894257,11.1819511,-4.3042134,204
SHAPE_8894257,11.1820986,-4.3053484,205
SHAPE_8894257,11.1822227,-4.306241,206
SHAPE_8894257,11.1822369,-4.3063445,207
SHAPE_8894257,11.1822399,-4.3063665,208
SHAPE_8894257,11.1822596,-4.3065086,209
SHAPE_8894257,11.1823816,-4.3073892,210
SHAPE_8894257,11.1824064,-4.3075821,211
SHAPE_8894257,11.1824593,-4.3079681,212
SHAPE_8894257,11.1825507,-4.3086356,213
SHAPE_8894257,11.1826925,-4.3096706,214
SHAPE_8894257,11.1828274,-4.3106559,215
SHAPE_8894257,11.1828388,-4.3107388,216
SHAPE_8894257,11.182883,-4.3110621,217
SHAPE_8894257,11.1830009,-4.3119224,218
SHAPE_8894257,11.1831563,-4.3130571,219
SHAPE_8894257,11.1832388,-4.3136591,220
SHAPE_8894257,11.1833141,-4.3142086,221
SHAPE_8894257,11.1833869,-4.3147401,222
SHAPE_8894257,11.1834668,-4.3153234,223
SHAPE_8894257,11.183886,-4.315265,224
SHAPE_8894257,11.1839868,-4.3152509,225
SHAPE_8894257,11.1845376,-4.3151742,226
SHAPE_8894257,11.1851825,-4.3150809,227
SHAPE_8894257,11.18565,-4.3150193,228
SHAPE_8894257,11.1868139,-4.3148426,229
SHAPE_8894257,11.1871943,-4.3148042,230
SHAPE_8894257,11.187639,-4.3147422,231
SHAPE_8894257,11.1880505,-4.3146869,232
SHAPE_8894257,11.1881507,-4.314676,233
SHAPE_8894257,11.1893761,-4.3144929,234
SHAPE_8894257,11.189977,-4.3144116,235
SHAPE_8894257,11.1904968,-4.314359,236
SHAPE_8894257,11.1908727,-4.3142918,237
SHAPE_8894257,11.1913792,-4.3142241,238
SHAPE_8894257,11.1915986,-4.3141948,239
SHAPE_8894257,11.1921239,-4.3141213,240
SHAPE_8894257,11.1927318,-4.3140432,241
SHAPE_8894257,11.1936693,-4.3139179,242
SHAPE_8894257,11.1941072,-4.3138611,243
SHAPE_8894257,11.1946262,-4.3137899,244
SHAPE_8894257,11.1950419,-4.3137243,245
SHAPE_8894257,11.195562,-4.3136517,246
SHAPE_8894257,11.1957855,-4.3136348,247
SHAPE_8894257,11.1959444,-4.3136135,248
SHAPE_8894257,11.1966787,-4.3134896,249
SHAPE_8894257,11.1975178,-4.3133757,250
SHAPE_8894257,11.1980914,-4.3133059,251
SHAPE_8894257,11.1985178,-4.3132766,252
SHAPE_8894257,11.199136,-4.3136018,253
SHAPE_8894257,11.1992394,-4.313659,254
SHAPE_8894257,11.1992606,-4.3136708,255
SHAPE_8894257,11.1995135,-4.3138129,256
SHAPE_8894257,11.1997901,-4.3139634,257
SHAPE_8894257,11.1999713,-4.3140623,258
SHAPE_8894257,11.200374,-4.314287,259
SHAPE_8894257,11.2010252,-4.3146474,260
SHAPE_8894257,11.2015958,-4.3149632,261
SHAPE_8894257,11.2020478,-4.3152134,262
SHAPE_8894257,11.2021894,-4.3152918,263
SHAPE_8894257,11.2024233,-4.3154213,264
SHAPE_8894257,11.2028643,-4.3156654,265
SHAPE_8894257,11.2025449,-4.3162371,266
SHAPE_8894257,11.2019263,-4.3173884,267
SHAPE_8894257,11.2016462,-4.3179029,268
SHAPE_8894257,11.2013328,-4.3184864,269
SHAPE_8894257,11.2011782,-4.3187624,270
SHAPE_8894257,11.2010419,-4.3190153,271
SHAPE_8894257,11.200919,-4.3192385,272
SHAPE_8894257,11.2006548,-4.3197265,273
SHAPE_8894257,11.2000411,-4.3197513,274
SHAPE_8894257,11.1998766,-4.3197915,275
SHAPE_8894257,11.1997214,-4.3198277,276
SHAPE_8894257,11.1992123,-4.3198907,277
SHAPE_8894257,11.1989873,-4.3199269,278
SHAPE_8894257,11.1988092,-4.3199626,279
SHAPE_8894257,11.1987458,-4.3199721,280
SHAPE_8894257,11.1982055,-4.320035,281
SHAPE_8894257,11.1977272,-4.3200886,282
SHAPE_8894257,11.1975471,-4.3201063,283
SHAPE_8894257,11.1970865,-4.3201758,284
SHAPE_8894257,11.1969203,-4.3202039,285
SHAPE_8894257,11.1966378,-4.3202441,286
SHAPE_8894257,11.1964118,-4.3202713,287
SHAPE_8894257,11.1960838,-4.3203253,288
SHAPE_8894257,11.1957369,-4.3203695,289
SHAPE_8894257,11.1953327,-4.3204144,290
SHAPE_8894257,11.195082,-4.3204514,291
SHAPE_8894257,11.1948367,-4.3204835,292
SHAPE_8894257,11.1945757,-4.3205255,293
SHAPE_8894257,11.193943,-4.3206097,294
SHAPE_8894257,11.1938109,-4.3206326,295
SHAPE_8894257,11.1934328,-4.3206822,296
SHAPE_8894257,11.1931582,-4.3207209,297
SHAPE_8894257,11.1928882,-4.3207541,298
SHAPE_8894257,11.1924801,-4.3208043,299
SHAPE_8894257,11.1918056,-4.3209093,300
SHAPE_8894257,11.1911818,-4.3209924,301
SHAPE_8894257,11.1909287,-4.3210361,302
SHAPE_8894257,11.1902714,-4.3211144,303
SHAPE_8894257,11.1890669,-4.3212992,304
SHAPE_8894257,11.1891398,-4.3218285,305
SHAPE_8894257,11.189184,-4.3221497,306
SHAPE_8894257,11.1893006,-4.3230019,307
SHAPE_8894257,11.1893998,-4.3237268,308
SHAPE_8894257,11.1894403,-4.3240054,309
SHAPE_8894257,11.1895185,-4.324568,310
SHAPE_8894257,11.189618,-4.325298,311
SHAPE_8894257,11.1897886,-4.3265405,312
SHAPE_8894257,11.1898565,-4.3271116,313
SHAPE_8894257,11.189939,-4.3277403,314
SHAPE_8894257,11.1899803,-4.3280637,315
SHAPE_8894257,11.1900836,-4.3288709,316
SHAPE_8894257,11.1901703,-4.3294354,317
SHAPE_8894257,11.1901874,-4.3295578,318
SHAPE_8894257,11.1900556,-4.3295753,319
SHAPE_8894878,11.194701,-4.2621055,1
SHAPE_8894878,11.1951041,-4.2614846,2
SHAPE_8894878,11.1918269,-4.2664645,3
SHAPE_8894878,11.1915379,-4.2669361,4
SHAPE_8894878,11.1912302,-4.2674063,5
SHAPE_8894878,11.1905404,-4.2684048,6
SHAPE_8894878,11.1918269,-4.2664645,7
SHAPE_8894878,11.1919896,-4.2662499,8
SHAPE_8894878,11.1922828,-4.2657979,9
SHAPE_8894878,11.1930707,-4.2645939,10
SHAPE_8894878,11.1932606,-4.264302,11
SHAPE_8894878,11.1934191,-4.2640686,12
SHAPE_8894878,11.1935704,-4.2638312,13
SHAPE_8894878,11.1940781,-4.2630256,14
SHAPE_8894878,11.1943471,-4.2626455,15
SHAPE_8894878,11.194701,-4.2621055,16
SHAPE_8894878,11.1905404,-4.2684048,17
SHAPE_8894878,11.1901837,-4.2683375,18
SHAPE_8894878,11.1898037,-4.2689412,19
SHAPE_8894878,11.1896222,-4.2692034,20
SHAPE_8894878,11.1895474,-4.2693272,21
SHAPE_8894878,11.1892597,-4.269757,22
SHAPE_8894878,11.1890495,-4.2700859,23
SHAPE_8894878,11.188242,-4.2713345,24
SHAPE_8894878,11.1877682,-4.2720596,25
SHAPE_8894878,11.1875409,-4.2724331,26
SHAPE_8894878,11.1873331,-4.2727154,27
SHAPE_8894878,11.1871616,-4.2729549,28
SHAPE_8894878,11.1863878,-4.2741463,29
SHAPE_8894878,11.1862872,-4.2743,30
SHAPE_8894878,11.1858545,-4.2749613,31
SHAPE_8894878,11.1855528,-4.2753852,32
SHAPE_8894878,11.1853893,-4.2756112,33
SHAPE_8894878,11.1851705,-4.2759859,34
SHAPE_8894878,11.1849796,-4.2762812,35
SHAPE_8894878,11.1845536,-4.2769124,36
SHAPE_8894878,11.1844244,-4.277115,37
SHAPE_8894878,11.184151,-4.2775345,38
SHAPE_8894878,11.18395,-4.2778431,39
SHAPE_8894878,11.1835429,-4.2784732,40
SHAPE_8894878,11.1832401,-4.2789302,41
SHAPE_8894878,11.1831628,-4.2790201,42
SHAPE_8894878,11.1830757,-4.2791365,43
SHAPE_8894878,11.1831177,-4.2792531,44
SHAPE_8894878,11.1832137,-4.2795334,45
SHAPE_8894878,11.1833071,-4.279874,46
SHAPE_8894878,11.183386,-4.2801905,47
SHAPE_8894878,11.1834553,-4.2805441,48
SHAPE_8894878,11.183499,-4.2808422,49
SHAPE_8894878,11.1835961,-4.2815676,50
SHAPE_8894878,11.1836784,-4.2821575,51
SHAPE_8894878,11.1837661,-4.2827866,52
SHAPE_8894878,11.1838067,-4.2831098,53
SHAPE_8894878,11.1839016,-4.2838208,54
SHAPE_8894878,11.184077,-4.2851022,55
SHAPE_8894878,11.1841367,-4.2855511,56
SHAPE_8894878,11.1842849,-4.2866147,57
SHAPE_8894878,11.1844086,-4.2875138,58
SHAPE_8894878,11.1844091,-4.2875182,59
SHAPE_8894878,11.1845373,-4.2884775,60
SHAPE_8894878,11.1846369,-4.2891541,61
SHAPE_8894878,11.1847765,-4.2900303,62
SHAPE_8894878,11.1848551,-4.2906319,63
SHAPE_8894878,11.1849291,-4.2912314,64
SHAPE_8894878,11.1850153,-4.2918236,65
SHAPE_8894878,11.1850859,-4.2923933,66
SHAPE_8894878,11.185167,-4.2929792,67
SHAPE_8894878,11.1852648,-4.2936901,68
SHAPE_8894878,11.1853811,-4.294425,69
SHAPE_8894878,11.1854338,-4.2948414,70
SHAPE_8894878,11.1854619,-4.2950425,71
SHAPE_8894878,11.1855563,-4.295738,72
SHAPE_8894878,11.1855659,-4.2958089,73
SHAPE_8894878,11.185461,-4.29582,74
SHAPE_8894878,11.1853544,-4.2957891,75
SHAPE_8894878,11.1852103,-4.2957998,76
SHAPE_8894878,11.1846616,-4.2958654,77
SHAPE_8894878,11.1846236,-4.295897,78
SHAPE_8894878,11.1845573,-4.2959453,79
SHAPE_8894878,11.1844963,-4.29598,80
SHAPE_8894878,11.184444,-4.2960146,81
SHAPE_8894878,11.1844135,-4.2960274,82
SHAPE_8894878,11.1843501,-4.2960614,83
SHAPE_8894878,11.1843403,-4.2961224,84
SHAPE_8894878,11.184328,-4.2961446,85
SHAPE_8894878,11.1843114,-4.2961638,86
SHAPE_8894878,11.1842913,-4.2961791,87
SHAPE_8894878,11.1842613,-4.2961929,88
SHAPE_8894878,11.1841707,-4.2963128,89
SHAPE_8894878,11.1841031,-4.2963902,90
SHAPE_8894878,11.1840505,-4.2964622,91
SHAPE_8894878,11.1839847,-4.2965614,92
SHAPE_8894878,11.1838353,-4.2968229,93
SHAPE_8894878,11.1837116,-4.2970395,94
SHAPE_8894878,11.1833549,-4.2976586,95
SHAPE_8894878,11.1829731,-4.2983108,96
SHAPE_8894878,11.1826172,-4.2989293,97
SHAPE_8894878,11.1822492,-4.2995422,98
SHAPE_8894878,11.1819441,-4.3000674,99
SHAPE_8894878,11.1815428,-4.30076,100
SHAPE_8894878,11.1814657,-4.3008938,101
SHAPE_8894878,11.1807714,-4.3020593,102
SHAPE_8894878,11.1807494,-4.3020965,103
SHAPE_8894878,11.1801226,-4.3031568,104
SHAPE_8894878,11.1800184,-4.3033331,105
SHAPE_8894878,11.179846,-4.3036298,106
SHAPE_8894878,11.1796281,-4.3040094,107
SHAPE_8894878,11.1793076,-4.3045496,108
SHAPE_8894878,11.1792334,-4.3046825,109
SHAPE_8894878,11.1791176,-4.3048781,110
SHAPE_8894878,11.1785221,-4.3058806,111
SHAPE_8894878,11.1784531,-4.3058885,112
SHAPE_8894878,11.1778556,-4.3059687,113
SHAPE_8894878,11.1776422,-4.3059917,114
SHAPE_8894878,11.1778556,-4.3059687,115
SHAPE_8894878,11.1780582,-4.3059416,116
SHAPE_8894878,11.1780962,-4.3059374,117
SHAPE_8894878,11.1784531,-4.3058885,118
SHAPE_8894879,11.1776422,-4.3059917,1
SHAPE_8894879,11.1778556,-4.3059687,2
SHAPE_8894879,11.1780582,-4.3059416,3
SHAPE_8894879,11.1780962,-4.3059374,4
SHAPE_8894879,11.1784531,-4.3058885,5
SHAPE_8894879,11.1788334,-4.3052204,6
SHAPE_8894879,11.1790834,-4.3048007,7
SHAPE_8894879,11.1791718,-4.3046474,8
SHAPE_8894879,11.1792287,-4.3045533,9
SHAPE_8894879,11.1796886,-4.3037988,10
SHAPE_8894879,11.179953,-4.3033428,11
SHAPE_8894879,11.1800918,-4.3031033,12
SHAPE_8894879,11.1806947,-4.302068,13
SHAPE_8894879,11.180734,-4.3020005,14
SHAPE_8894879,11.1813967,-4.3008429,15
SHAPE_8894879,11.181478,-4.3007034,16
SHAPE_8894879,11.1816711,-4.3003768,17
SHAPE_8894879,11.1818743,-4.3000332,18
SHAPE_8894879,11.182155,-4.2995517,19
SHAPE_8894879,11.1824205,-4.2991016,20
SHAPE_8894879,11.1828794,-4.2983237,21
SHAPE_8894879,11.183471,-4.2973097,22
SHAPE_8894879,11.1839343,-4.2965467,23
SHAPE_8894879,11.1839959,-4.2964306,24
SHAPE_8894879,11.1840415,-4.2963516,25
SHAPE_8894879,11.1840745,-4.2962871,26
SHAPE_8894879,11.1840926,-4.2962435,27
SHAPE_8894879,11.1841083,-4.2962103,28
SHAPE_8894879,11.1841468,-4.296163,29
SHAPE_8894879,11.1841182,-4.2961257,30
SHAPE_8894879,11.1841093,-4.296099,31
SHAPE_8894879,11.1841064,-4.2960709,32
SHAPE_8894879,11.1841099,-4.296043,33
SHAPE_8894879,11.1841195,-4.2960165,34
SHAPE_8894879,11.1841346,-4.2959929,35
SHAPE_8894879,11.1841547,-4.2959734,36
SHAPE_8894879,11.1841785,-4.295959,37
SHAPE_8894879,11.1842086,-4.2959532,38
SHAPE_8894879,11.1842433,-4.2959523,39
SHAPE_8894879,11.1842647,-4.2959583,40
SHAPE_8894879,11.1844952,-4.2958882,41
SHAPE_8894879,11.184582,-4.2958775,42
SHAPE_8894879,11.1846616,-4.2958654,43
SHAPE_8894879,11.1852103,-4.2957998,44
SHAPE_8894879,11.1853544,-4.2957891,45
SHAPE_8894879,11.1854512,-4.2957469,46
SHAPE_8894879,11.1853608,-4.2950576,47
SHAPE_8894879,11.1853504,-4.2949701,48
SHAPE_8894879,11.1852828,-4.294439,49
SHAPE_8894879,11.1851824,-4.2937128,50
SHAPE_8894879,11.1850785,-4.2929935,51
SHAPE_8894879,11.1850075,-4.292397,52
SHAPE_8894879,11.1849903,-4.2922768,53
SHAPE_8894879,11.1849194,-4.291787,54
SHAPE_8894879,11.1848439,-4.2912415,55
SHAPE_8894879,11.1847775,-4.290711,56
SHAPE_8894879,11.1846971,-4.2900797,57
SHAPE_8894879,11.1845929,-4.2892989,58
SHAPE_8894879,11.1845887,-4.2892718,59
SHAPE_8894879,11.1845843,-4.2892427,60
SHAPE_8894879,11.1845527,-4.2891013,61
SHAPE_8894879,11.1844615,-4.2884721,62
SHAPE_8894879,11.184336,-4.2875104,63
SHAPE_8894879,11.1842077,-4.2866101,64
SHAPE_8894879,11.184069,-4.2855486,65
SHAPE_8894879,11.1839948,-4.285045,66
SHAPE_8894879,11.1837415,-4.2831291,67
SHAPE_8894879,11.183686,-4.2827983,68
SHAPE_8894879,11.1835325,-4.281579,69
SHAPE_8894879,11.1834381,-4.2808739,70
SHAPE_8894879,11.1833871,-4.2805358,71
SHAPE_8894879,11.1833114,-4.2801931,72
SHAPE_8894879,11.1832486,-4.2799493,73
SHAPE_8894879,11.1832284,-4.279871,74
SHAPE_8894879,11.183189,-4.2797387,75
SHAPE_8894879,11.1831323,-4.2795441,76
SHAPE_8894879,11.1830485,-4.2792919,77
SHAPE_8894879,11.1830148,-4.2792048,78
SHAPE_8894879,11.1830757,-4.2791365,79
SHAPE_8894879,11.1831628,-4.2790201,80
SHAPE_8894879,11.1832401,-4.2789302,81
SHAPE_8894879,11.1835429,-4.2784732,82
SHAPE_8894879,11.18395,-4.2778431,83
SHAPE_8894879,11.184151,-4.2775345,84
SHAPE_8894879,11.1844244,-4.277115,85
SHAPE_8894879,11.1845536,-4.2769124,86
SHAPE_8894879,11.1849796,-4.2762812,87
SHAPE_8894879,11.1851705,-4.2759859,88
SHAPE_8894879,11.1853893,-4.2756112,89
SHAPE_8894879,11.1855528,-4.2753852,90
SHAPE_8894879,11.1858545,-4.2749613,91
SHAPE_8894879,11.1862872,-4.2743,92
SHAPE_8894879,11.1863878,-4.2741463,93
SHAPE_8894879,11.1871616,-4.2729549,94
SHAPE_8894879,11.1873331,-4.2727154,95
SHAPE_8894879,11.1875409,-4.2724331,96
SHAPE_8894879,11.1877682,-4.2720596,97
SHAPE_8894879,11.188242,-4.2713345,98
SHAPE_8894879,11.1890495,-4.2700859,99
SHAPE_8894879,11.1892597,-4.269757,100
SHAPE_8894879,11.1895474,-4.2693272,101
SHAPE_8894879,11.1896222,-4.2692034,102
SHAPE_8894879,11.1898037,-4.2689412,103
SHAPE_8894879,11.1901837,-4.2683375,104
SHAPE_8894879,11.1905404,-4.2684048,105
SHAPE_8894879,11.1912302,-4.2674063,106
SHAPE_8894879,11.1915379,-4.2669361,107
SHAPE_8894879,11.1918269,-4.2664645,108
SHAPE_8894879,11.1919896,-4.2662499,109
SHAPE_8894879,11.1922828,-4.2657979,110
SHAPE_8894879,11.1930707,-4.2645939,111
SHAPE_8894879,11.1932606,-4.264302,112
SHAPE_8894879,11.1934191,-4.2640686,113
SHAPE_8894879,11.1935704,-4.2638312,114
SHAPE_8894879,11.1940781,-4.2630256,115
SHAPE_8894879,11.1943471,-4.2626455,116
SHAPE_8894879,11.194701,-4.2621055,117
SHAPE_8894879,11.1951041,-4.2614846,118
SHAPE_8894879,11.1949484,-4.2613897,119
SHAPE_8894879,11.1948897,-4.2613492,120
SHAPE_8894879,11.194722,-4.2612261,121
SHAPE_8894879,11.1943152,-4.2609299,122
SHAPE_8894879,11.1946919,-4.2604357,123
SHAPE_8894879,11.1951067,-4.2599021,124
SHAPE_8894879,11.1952198,-4.2597599,125
SHAPE_8894879,11.1959972,-4.2586944,126
SHAPE_8894879,11.1962653,-4.2583186,127
SHAPE_8894879,11.1964613,-4.258063,128
SHAPE_8894879,11.1965021,-4.2580107,129
SHAPE_8894879,11.1966524,-4.2578183,130
SHAPE_8894879,11.1968684,-4.2575478,131
SHAPE_8894879,11.1969674,-4.2574238,132
SHAPE_8894879,11.1971723,-4.257185,133
SHAPE_8894879,11.1971898,-4.2571632,134
SHAPE_8894879,11.1979212,-4.2562496,135
SHAPE_8894879,11.1979903,-4.2561633,136
SHAPE_8894879,11.1980309,-4.2561103,137
SHAPE_8894879,11.1980931,-4.2560276,138
SHAPE_8894879,11.1983441,-4.2556938,139
SHAPE_8894879,11.198891,-4.2549973,140
SHAPE_8894879,11.1992186,-4.2545801,141
SHAPE_8894879,11.1994885,-4.2542517,142
SHAPE_8894879,11.1995491,-4.254187,143
SHAPE_8894879,11.1996125,-4.2541194,144
SHAPE_8894879,11.1997597,-4.2539728,145
SHAPE_8894879,11.2001164,-4.2536176,146
SHAPE_8894879,11.2004384,-4.2532969,147
SHAPE_8894879,11.2016171,-4.2520866,148
SHAPE_8894879,11.2021052,-4.2516352,149
SHAPE_8894879,11.2023031,-4.2514531,150
SHAPE_8894879,11.2024827,-4.2512879,151
SHAPE_8894879,11.2026082,-4.2511663,152
SHAPE_8894879,11.2026958,-4.2510814,153
SHAPE_8894879,11.2028932,-4.2508962,154
SHAPE_8894879,11.2037562,-4.2500085,155
SHAPE_8894879,11.2045368,-4.2492006,156
SHAPE_8894879,11.2046218,-4.2491126,157
SHAPE_8894879,11.204965,-4.2487367,158
SHAPE_8894879,11.205596,-4.2480753,159
SHAPE_8894879,11.2057815,-4.2478808,160
SHAPE_8894879,11.2059011,-4.2477555,161
SHAPE_8894879,11.2062748,-4.2473741,162
SHAPE_8894879,11.2064368,-4.2471923,163
SHAPE_8894879,11.2067452,-4.2467604,164
SHAPE_8894879,11.2070945,-4.2460943,165
SHAPE_8894879,11.2071292,-4.2460281,166
SHAPE_8894879,11.207344,-4.2456184,167
SHAPE_8894879,11.2075808,-4.2451506,168
SHAPE_8894879,11.2076319,-4.2450478,169
SHAPE_8894879,11.2077286,-4.2448532,170
SHAPE_8894879,11.2079632,-4.2443812,171
SHAPE_8894879,11.2084969,-4.2431121,172
SHAPE_8894879,11.2085621,-4.2429738,173
SHAPE_8894879,11.2087303,-4.2425721,174
SHAPE_8894879,11.2087552,-4.2425144,175
SHAPE_8894879,11.2089639,-4.2420663,176
SHAPE_8894879,11.2090087,-4.2419539,177
SHAPE_8894879,11.2090632,-4.2418172,178
SHAPE_8895024,11.0822668,-4.3424861,1
SHAPE_8895024,11.0823923,-4.3424063,2
SHAPE_8895024,11.0824752,-4.3423548,3
SHAPE_8895024,11.082644,-4.34225,4
SHAPE_8895024,11.082803,-4.3421625,5
SHAPE_8895024,11.082973,-4.3420804,6
SHAPE_8895024,11.0832467,-4.3419493,7
SHAPE_8895024,11.0835313,-4.341824,8
SHAPE_8895024,11.0837784,-4.3417334,9
SHAPE_8895024,11.0841101,-4.3416231,10
SHAPE_8895024,11.0843762,-4.3415476,11
SHAPE_8895024,11.0847757,-4.3414402,12
SHAPE_8895024,11.0852434,-4.3413337,13
SHAPE_8895024,11.0856682,-4.3412326,14
SHAPE_8895024,11.0858757,-4.3411946,15
SHAPE_8895024,11.0868661,-4.3409783,16
SHAPE_8895024,11.0873596,-4.340867,17
SHAPE_8895024,11.0879167,-4.3407361,18
SHAPE_8895024,11.0884518,-4.340595,19
SHAPE_8895024,11.0893201,-4.3403577,20
SHAPE_8895024,11.0910315,-4.3398732,21
SHAPE_8895024,11.0927017,-4.3393945,22
SHAPE_8895024,11.0932506,-4.3392579,23
SHAPE_8895024,11.093524,-4.3391706,24
SHAPE_8895024,11.094244,-4.3389538,25
SHAPE_8895024,11.0986342,-4.3377221,26
SHAPE_8895024,11.1008701,-4.3371025,27
SHAPE_8895024,11.1030282,-4.3364858,28
SHAPE_8895024,11.1033751,-4.3363839,29
SHAPE_8895024,11.1036027,-4.3363262,30
SHAPE_8895024,11.1067691,-4.3353937,31
SHAPE_8895024,11.1069359,-4.3353505,32
SHAPE_8895024,11.1097873,-4.3345396,33
SHAPE_8895024,11.1126696,-4.3337518,34
SHAPE_8895024,11.1132088,-4.3335941,35
SHAPE_8895024,11.1134877,-4.33351,36
SHAPE_8895024,11.1137481,-4.3334314,37
SHAPE_8895024,11.1141063,-4.3333287,38
SHAPE_8895024,11.1146511,-4.333173,39
SHAPE_8895024,11.1152208,-4.3330214,40
SHAPE_8895024,11.115389,-4.3329891,41
SHAPE_8895024,11.1160131,-4.3327895,42
SHAPE_8895024,11.1166227,-4.3326147,43
SHAPE_8895024,11.1168619,-4.3325341,44
SHAPE_8895024,11.1169701,-4.3324983,45
SHAPE_8895024,11.1170565,-4.3324698,46
SHAPE_8895024,11.1175154,-4.3323121,47
SHAPE_8895024,11.1182976,-4.3320266,48
SHAPE_8895024,11.1184172,-4.3319844,49
SHAPE_8895024,11.1189248,-4.3318033,50
SHAPE_8895024,11.1193493,-4.3316131,51
SHAPE_8895024,11.1197483,-4.3314251,52
SHAPE_8895024,11.120879,-4.3308549,53
SHAPE_8895024,11.1215398,-4.3304808,54
SHAPE_8895024,11.1219553,-4.3302319,55
SHAPE_8895024,11.1226677,-4.3297733,56
SHAPE_8895024,11.1233982,-4.3292613,57
SHAPE_8895024,11.1237052,-4.3290264,58
SHAPE_8895024,11.1240848,-4.3287364,59
SHAPE_8895024,11.1243226,-4.3285466,60
SHAPE_8895024,11.1247437,-4.3282038,61
SHAPE_8895024,11.1249369,-4.3280561,62
SHAPE_8895024,11.1255527,-4.3275644,63
SHAPE_8895024,11.126125,-4.3271074,64
SHAPE_8895024,11.130514,-4.323603,65
SHAPE_8895024,11.1305375,-4.3235842,66
SHAPE_8895024,11.1306827,-4.3234681,67
SHAPE_8895024,11.1322252,-4.3222348,68
SHAPE_8895024,11.1324017,-4.3220903,69
SHAPE_8895024,11.132871,-4.3217376,70
SHAPE_8895024,11.1329304,-4.3216919,71
SHAPE_8895024,11.133666,-4.3210937,72
SHAPE_8895024,11.1344636,-4.3204677,73
SHAPE_8895024,11.135688,-4.319471,74
SHAPE_8895024,11.1360266,-4.3192094,75
SHAPE_8895024,11.136351,-4.318965,76
SHAPE_8895024,11.136601,-4.3187892,77
SHAPE_8895024,11.1369328,-4.3185716,78
SHAPE_8895024,11.1370459,-4.3185041,79
SHAPE_8895024,11.1372152,-4.3184041,80
SHAPE_8895024,11.1373562,-4.3183241,81
SHAPE_8895024,11.1376223,-4.3181865,82
SHAPE_8895024,11.1377151,-4.3181385,83
SHAPE_8895024,11.1381136,-4.3179325,84
SHAPE_8895024,11.1383188,-4.3178402,85
SHAPE_8895024,11.1384723,-4.3177712,86
SHAPE_8895024,11.1387908,-4.3176274,87
SHAPE_8895024,11.1389398,-4.3175679,88
SHAPE_8895024,11.1391001,-4.3175085,89
SHAPE_8895024,11.1394359,-4.3174057,90
SHAPE_8895024,11.1397761,-4.3173103,91
SHAPE_8895024,11.1402738,-4.3171716,92
SHAPE_8895024,11.1404961,-4.3171293,93
SHAPE_8895024,11.1410777,-4.3170296,94
SHAPE_8895024,11.1412886,-4.3169824,95
SHAPE_8895024,11.1417434,-4.3169137,96
SHAPE_8895024,11.1421413,-4.3168612,97
SHAPE_8895024,11.1427474,-4.3167721,98
SHAPE_8895024,11.1429884,-4.3167328,99
SHAPE_8895024,11.1437983,-4.3166252,100
SHAPE_8895024,11.144172,-4.3165681,101
SHAPE_8895024,11.1458891,-4.3163398,102
SHAPE_8895024,11.146067,-4.3163135,103
SHAPE_8895024,11.1467243,-4.3162123,104
SHAPE_8895024,11.147498,-4.316107,105
SHAPE_8895024,11.1475373,-4.3161019,106
SHAPE_8895024,11.1480818,-4.3160192,107
SHAPE_8895024,11.1490556,-4.3158597,108
SHAPE_8895024,11.1502099,-4.3156931,109
SHAPE_8895024,11.150894,-4.3155875,110
SHAPE_8895024,11.1511512,-4.3155546,111
SHAPE_8895024,11.1515376,-4.315502,112
SHAPE_8895024,11.1522131,-4.3154109,113
SHAPE_8895024,11.1528006,-4.3153256,114
SHAPE_8895024,11.1534102,-4.3152398,115
SHAPE_8895024,11.1537499,-4.3151881,116
SHAPE_8895024,11.154619,-4.3150641,117
SHAPE_8895024,11.1555847,-4.3149106,118
SHAPE_8895024,11.1560082,-4.3148626,119
SHAPE_8895024,11.156274,-4.3148161,120
SHAPE_8895024,11.1575867,-4.3146341,121
SHAPE_8895024,11.1577296,-4.3146196,122
SHAPE_8895024,11.1582531,-4.3145531,123
SHAPE_8895024,11.1588138,-4.3144499,124
SHAPE_8895024,11.1601013,-4.3142742,125
SHAPE_8895024,11.16033,-4.3142454,126
SHAPE_8895024,11.1604814,-4.3142246,127
SHAPE_8895024,11.1607846,-4.3141826,128
SHAPE_8895024,11.1614153,-4.314087,129
SHAPE_8895024,11.1625861,-4.3139422,130
SHAPE_8895024,11.1630309,-4.313887,131
SHAPE_8895024,11.1632276,-4.3138575,132
SHAPE_8895024,11.1638948,-4.3138327,133
SHAPE_8895024,11.164019,-4.3137639,134
SHAPE_8895024,11.1640555,-4.3137497,135
SHAPE_8895024,11.1647699,-4.313619,136
SHAPE_8895024,11.165072,-4.3135753,137
SHAPE_8895024,11.1653634,-4.3135351,138
SHAPE_8895024,11.165414,-4.3135192,139
SHAPE_8895024,11.1654948,-4.3135036,140
SHAPE_8895024,11.1655418,-4.313489,141
SHAPE_8895024,11.1656205,-4.313454,142
SHAPE_8895024,11.1656586,-4.3134324,143
SHAPE_8895024,11.1656941,-4.3134062,144
SHAPE_8895024,11.1657424,-4.3133676,145
SHAPE_8895024,11.165768,-4.3132813,146
SHAPE_8895024,11.1658029,-4.3131638,147
SHAPE_8895024,11.1658359,-4.3130677,148
SHAPE_8895024,11.1661227,-4.3119414,149
SHAPE_8895024,11.1661607,-4.3118213,150
SHAPE_8895024,11.166227,-4.3117527,151
SHAPE_8895024,11.1663069,-4.3114518,152
SHAPE_8895024,11.1663943,-4.3111225,153
SHAPE_8895024,11.1664532,-4.3109009,154
SHAPE_8895024,11.1666221,-4.3102124,155
SHAPE_8895024,11.166652,-4.3100853,156
SHAPE_8895024,11.1667282,-4.3097613,157
SHAPE_8895024,11.16699,-4.3086479,158
SHAPE_8895024,11.1670197,-4.3085407,159
SHAPE_8895024,11.1670301,-4.3084981,160
SHAPE_8895024,11.1670716,-4.3083272,161
SHAPE_8895024,11.167201,-4.3078209,162
SHAPE_8895024,11.1672155,-4.3077641,163
SHAPE_8895024,11.1672938,-4.3074444,164
SHAPE_8895024,11.1675952,-4.3062048,165
SHAPE_8895024,11.1678183,-4.3052324,166
SHAPE_8895024,11.1678631,-4.3050297,167
SHAPE_8895024,11.1679127,-4.3048494,168
SHAPE_8895024,11.167961,-4.3047206,169
SHAPE_8895024,11.1680074,-4.3046142,170
SHAPE_8895024,11.1680706,-4.3044935,171
SHAPE_8895024,11.1685439,-4.3037882,172
SHAPE_8895024,11.1688053,-4.3033321,173
SHAPE_8895024,11.1688553,-4.3032222,174
SHAPE_8895024,11.1688882,-4.303131,175
SHAPE_8895024,11.1689158,-4.3029097,176
SHAPE_8895024,11.1689335,-4.3025181,177
SHAPE_8895024,11.1690168,-4.3013962,178
SHAPE_8895024,11.1690916,-4.300281,179
SHAPE_8895024,11.1691074,-4.3001015,180
SHAPE_8895024,11.1691815,-4.2991116,181
SHAPE_8895024,11.1691622,-4.2989464,182
SHAPE_8895024,11.1691863,-4.2984504,183
SHAPE_8895024,11.1691839,-4.2983695,184
SHAPE_8895024,11.1691754,-4.2982892,185
SHAPE_8895024,11.1691723,-4.2982459,186
SHAPE_8895024,11.1691733,-4.2981977,187
SHAPE_8895024,11.1691819,-4.2981312,188
SHAPE_8895024,11.1690428,-4.2978413,189
SHAPE_8895024,11.1690574,-4.2978043,190
SHAPE_8895024,11.169078,-4.2977704,191
SHAPE_8895024,11.169138,-4.2977131,192
SHAPE_8895024,11.1691491,-4.2977048,193
SHAPE_8895024,11.1691622,-4.2976975,194
SHAPE_8895024,11.1691766,-4.2976908,195
SHAPE_8895024,11.1691972,-4.297686,196
SHAPE_8895024,11.1692219,-4.297679,197
SHAPE_8895024,11.1692645,-4.2976751,198
SHAPE_8895024,11.1693071,-4.2976793,199
SHAPE_8895024,11.1693319,-4.2976866,200
SHAPE_8895024,11.1693481,-4.2976914,201
SHAPE_8895024,11.1693863,-4.297711,202
SHAPE_8895024,11.1694203,-4.2977375,203
SHAPE_8895024,11.1694486,-4.2977693,204
SHAPE_8895024,11.1694707,-4.2978058,205
SHAPE_8895024,11.1694859,-4.2978458,206
SHAPE_8895024,11.1694938,-4.2978879,207
SHAPE_8895024,11.169494,-4.2979315,208
SHAPE_8895024,11.1694748,-4.2980112,209
SHAPE_8895024,11.1694654,-4.2980281,210
SHAPE_8895024,11.1694486,-4.2980522,211
SHAPE_8895024,11.1694199,-4.2980845,212
SHAPE_8895024,11.1693973,-4.2981001,213
SHAPE_8895024,11.1693418,-4.2981333,214
SHAPE_8895024,11.1693272,-4.2981393,215
SHAPE_8895024,11.1692671,-4.2981464,216
SHAPE_8895024,11.1692203,-4.2981422,217
SHAPE_8895024,11.1691819,-4.2981312,218
SHAPE_8895024,11.169146,-4.2981136,219
SHAPE_8895024,11.1691136,-4.29809,220
SHAPE_8895024,11.1690823,-4.2980569,221
SHAPE_8895024,11.1690579,-4.2980182,222
SHAPE_8895024,11.1690413,-4.2979754,223
SHAPE_8895024,11.1690333,-4.2979301,224
SHAPE_8895024,11.1690339,-4.2978852,225
SHAPE_8895024,11.1690428,-4.2978413,226
SHAPE_8895024,11.1694654,-4.2980281,227
SHAPE_8895024,11.1695174,-4.2980864,228
SHAPE_8895024,11.1696065,-4.2982192,229
SHAPE_8895024,11.1696411,-4.2982658,230
SHAPE_8895024,11.1697023,-4.2983378,231
SHAPE_8895024,11.1699728,-4.2986207,232
SHAPE_8895024,11.1700893,-4.2987326,233
SHAPE_8895024,11.1702817,-4.2989065,234
SHAPE_8895024,11.1705603,-4.2991789,235
SHAPE_8895024,11.1707159,-4.2993416,236
SHAPE_8895024,11.1713511,-4.29994,237
SHAPE_8895024,11.1716351,-4.3001928,238
SHAPE_8895024,11.171863,-4.3004126,239
SHAPE_8895024,11.1720483,-4.3005882,240
SHAPE_8895024,11.1723929,-4.300912,241
SHAPE_8895024,11.172587,-4.301095,242
SHAPE_8895024,11.1729087,-4.30142,243
SHAPE_8895024,11.1731932,-4.3016852,244
SHAPE_8895024,11.1733885,-4.3018643,245
SHAPE_8895024,11.1739284,-4.3023976,246
SHAPE_8895024,11.1744283,-4.3029174,247
SHAPE_8895024,11.1748612,-4.3033243,248
SHAPE_8895024,11.1750821,-4.303551,249
SHAPE_8895024,11.1753844,-4.3038281,250
SHAPE_8895024,11.1755418,-4.3039403,251
SHAPE_8895024,11.1757203,-4.3041186,252
SHAPE_8895024,11.1760621,-4.3044598,253
SHAPE_8895024,11.1762691,-4.3046612,254
SHAPE_8895024,11.1765869,-4.3049751,255
SHAPE_8895024,11.1767385,-4.3051183,256
SHAPE_8895024,11.1769455,-4.305324,257
SHAPE_8895024,11.1772664,-4.3056256,258
SHAPE_8895024,11.1776422,-4.3059917,259
SHAPE_8895024,11.1778556,-4.3059687,260
SHAPE_8895025,11.1776422,-4.3059917,1
SHAPE_8895025,11.1778556,-4.3059687,2
SHAPE_8895025,11.1776422,-4.3059917,3
SHAPE_8895025,11.1772664,-4.3056256,4
SHAPE_8895025,11.1769455,-4.305324,5
SHAPE_8895025,11.1767385,-4.3051183,6
SHAPE_8895025,11.1765869,-4.3049751,7
SHAPE_8895025,11.1762691,-4.3046612,8
SHAPE_8895025,11.1760621,-4.3044598,9
SHAPE_8895025,11.1757203,-4.3041186,10
SHAPE_8895025,11.1755418,-4.3039403,11
SHAPE_8895025,11.1753844,-4.3038281,12
SHAPE_8895025,11.1750821,-4.303551,13
SHAPE_8895025,11.1748612,-4.3033243,14
SHAPE_8895025,11.1744283,-4.3029174,15
SHAPE_8895025,11.1739284,-4.3023976,16
SHAPE_8895025,11.1733885,-4.3018643,17
SHAPE_8895025,11.1731932,-4.3016852,18
SHAPE_8895025,11.1729087,-4.30142,19
SHAPE_8895025,11.172587,-4.301095,20
SHAPE_8895025,11.1723929,-4.300912,21
SHAPE_8895025,11.1720483,-4.3005882,22
SHAPE_8895025,11.171863,-4.3004126,23
SHAPE_8895025,11.1716351,-4.3001928,24
SHAPE_8895025,11.1713511,-4.29994,25
SHAPE_8895025,11.1707159,-4.2993416,26
SHAPE_8895025,11.1705603,-4.2991789,27
SHAPE_8895025,11.1702817,-4.2989065,28
SHAPE_8895025,11.1701933,-4.2989233,29
SHAPE_8895025,11.1700357,-4.2987832,30
SHAPE_8895025,11.1699334,-4.2986911,31
SHAPE_8895025,11.1695668,-4.2983357,32
SHAPE_8895025,11.1695068,-4.2982765,33
SHAPE_8895025,11.1694397,-4.2982216,34
SHAPE_8895025,11.1693805,-4.2981668,35
SHAPE_8895025,11.1693418,-4.2981333,36
SHAPE_8895025,11.1693184,-4.2981977,37
SHAPE_8895025,11.1693039,-4.2982493,38
SHAPE_8895025,11.1692888,-4.2983016,39
SHAPE_8895025,11.1692664,-4.2983848,40
SHAPE_8895025,11.1691966,-4.2989432,41
SHAPE_8895025,11.1691815,-4.2991116,42
SHAPE_8895025,11.1672938,-4.3074444,43
SHAPE_8895025,11.1672155,-4.3077641,44
SHAPE_8895025,11.167201,-4.3078209,45
SHAPE_8895025,11.1670716,-4.3083272,46
SHAPE_8895025,11.1670301,-4.3084981,47
SHAPE_8895025,11.1670197,-4.3085407,48
SHAPE_8895025,11.16699,-4.3086479,49
SHAPE_8895025,11.1667282,-4.3097613,50
SHAPE_8895025,11.166652,-4.3100853,51
SHAPE_8895025,11.1666221,-4.3102124,52
SHAPE_8895025,11.1664532,-4.3109009,53
SHAPE_8895025,11.1663943,-4.3111225,54
SHAPE_8895025,11.1663069,-4.3114518,55
SHAPE_8895025,11.166227,-4.3117527,56
SHAPE_8895025,11.1672938,-4.3074444,57
SHAPE_8895025,11.1675952,-4.3062048,58
SHAPE_8895025,11.1678183,-4.3052324,59
SHAPE_8895025,11.1678631,-4.3050297,60
SHAPE_8895025,11.1679127,-4.3048494,61
SHAPE_8895025,11.167961,-4.3047206,62
SHAPE_8895025,11.1680074,-4.3046142,63
SHAPE_8895025,11.1680706,-4.3044935,64
SHAPE_8895025,11.1685439,-4.3037882,65
SHAPE_8895025,11.1688053,-4.3033321,66
SHAPE_8895025,11.1688553,-4.3032222,67
SHAPE_8895025,11.1688882,-4.303131,68
SHAPE_8895025,11.1689158,-4.3029097,69
SHAPE_8895025,11.1689335,-4.3025181,70
SHAPE_8895025,11.1690168,-4.3013962,71
SHAPE_8895025,11.1690916,-4.300281,72
SHAPE_8895025,11.1691074,-4.3001015,73
SHAPE_8895025,11.1691815,-4.2991116,74
SHAPE_8895025,11.166227,-4.3117527,75
SHAPE_8895025,11.1662357,-4.3118548,76
SHAPE_8895025,11.1662106,-4.3119668,77
SHAPE_8895025,11.1660496,-4.3125807,78
SHAPE_8895025,11.1660365,-4.3126307,79
SHAPE_8895025,11.1659699,-4.3129002,80
SHAPE_8895025,11.1658954,-4.313178,81
SHAPE_8895025,11.1657732,-4.313734,82
SHAPE_8895025,11.165755,-4.3138273,83
SHAPE_8895025,11.165732,-4.3139231,84
SHAPE_8895025,11.165693,-4.3140529,85
SHAPE_8895025,11.1656292,-4.3141846,86
SHAPE_8895025,11.1656416,-4.3142019,87
SHAPE_8895025,11.1656504,-4.3142243,88
SHAPE_8895025,11.1656532,-4.3142483,89
SHAPE_8895025,11.1656497,-4.3142722,90
SHAPE_8895025,11.1656402,-4.3142943,91
SHAPE_8895025,11.1656254,-4.3143131,92
SHAPE_8895025,11.1656062,-4.3143273,93
SHAPE_8895025,11.1655856,-4.3143355,94
SHAPE_8895025,11.165557,-4.3143381,95
SHAPE_8895025,11.1655291,-4.3143314,96
SHAPE_8895025,11.165498,-4.3143093,97
SHAPE_8895025,11.1654873,-4.3142955,98
SHAPE_8895025,11.1654753,-4.3142647,99
SHAPE_8895025,11.1654748,-4.3142314,100
SHAPE_8895025,11.1654861,-4.3142002,101
SHAPE_8895025,11.1655075,-4.3141752,102
SHAPE_8895025,11.1655239,-4.3141646,103
SHAPE_8895025,11.1655512,-4.3141561,104
SHAPE_8895025,11.1655798,-4.3141568,105
SHAPE_8895025,11.1656067,-4.3141666,106
SHAPE_8895025,11.1656292,-4.3141846,107
SHAPE_8895025,11.1654873,-4.3142955,108
SHAPE_8895025,11.165411,-4.3142876,109
SHAPE_8895025,11.1653253,-4.3142655,110
SHAPE_8895025,11.1652077,-4.3142338,111
SHAPE_8895025,11.1648583,-4.3141493,112
SHAPE_8895025,11.1645871,-4.3140797,113
SHAPE_8895025,11.1643253,-4.3140041,114
SHAPE_8895025,11.1638948,-4.3138327,115
SHAPE_8895025,11.1632276,-4.3138575,116
SHAPE_8895025,11.1630309,-4.313887,117
SHAPE_8895025,11.1625861,-4.3139422,118
SHAPE_8895025,11.1614153,-4.314087,119
SHAPE_8895025,11.1607846,-4.3141826,120
SHAPE_8895025,11.1604814,-4.3142246,121
SHAPE_8895025,11.16033,-4.3142454,122
SHAPE_8895025,11.1601013,-4.3142742,123
SHAPE_8895025,11.1588138,-4.3144499,124
SHAPE_8895025,11.1582531,-4.3145531,125
SHAPE_8895025,11.1577296,-4.3146196,126
SHAPE_8895025,11.1575867,-4.3146341,127
SHAPE_8895025,11.156274,-4.3148161,128
SHAPE_8895025,11.1560082,-4.3148626,129
SHAPE_8895025,11.1555847,-4.3149106,130
SHAPE_8895025,11.154619,-4.3150641,131
SHAPE_8895025,11.1537499,-4.3151881,132
SHAPE_8895025,11.1534102,-4.3152398,133
SHAPE_8895025,11.1528006,-4.3153256,134
SHAPE_8895025,11.1522131,-4.3154109,135
SHAPE_8895025,11.1515376,-4.315502,136
SHAPE_8895025,11.1511512,-4.3155546,137
SHAPE_8895025,11.150894,-4.3155875,138
SHAPE_8895025,11.1502099,-4.3156931,139
SHAPE_8895025,11.1490556,-4.3158597,140
SHAPE_8895025,11.1480818,-4.3160192,141
SHAPE_8895025,11.1475373,-4.3161019,142
SHAPE_8895025,11.147498,-4.316107,143
SHAPE_8895025,11.1467243,-4.3162123,144
SHAPE_8895025,11.146067,-4.3163135,145
SHAPE_8895025,11.1458891,-4.3163398,146
SHAPE_8895025,11.144172,-4.3165681,147
SHAPE_8895025,11.1437983,-4.3166252,148
SHAPE_8895025,11.1429884,-4.3167328,149
SHAPE_8895025,11.1427474,-4.3167721,150
SHAPE_8895025,11.1421413,-4.3168612,151
SHAPE_8895025,11.1417434,-4.3169137,152
SHAPE_8895025,11.1412886,-4.3169824,153
SHAPE_8895025,11.1410777,-4.3170296,154
SHAPE_8895025,11.1404961,-4.3171293,155
SHAPE_8895025,11.1402738,-4.3171716,156
SHAPE_8895025,11.1397761,-4.3173103,157
SHAPE_8895025,11.1394359,-4.3174057,158
SHAPE_8895025,11.1391001,-4.3175085,159
SHAPE_8895025,11.1389398,-4.3175679,160
SHAPE_8895025,11.1387908,-4.3176274,161
SHAPE_8895025,11.1384723,-4.3177712,162
SHAPE_8895025,11.1383188,-4.3178402,163
SHAPE_8895025,11.1381136,-4.3179325,164
SHAPE_8895025,11.1377151,-4.3181385,165
SHAPE_8895025,11.1376223,-4.3181865,166
SHAPE_8895025,11.1373562,-4.3183241,167
SHAPE_8895025,11.1372152,-4.3184041,168
SHAPE_8895025,11.1370459,-4.3185041,169
SHAPE_8895025,11.1369328,-4.3185716,170
SHAPE_8895025,11.136601,-4.3187892,171
SHAPE_8895025,11.136351,-4.318965,172
SHAPE_8895025,11.1360266,-4.3192094,173
SHAPE_8895025,11.135688,-4.319471,174
SHAPE_8895025,11.1344636,-4.3204677,175
SHAPE_8895025,11.133666,-4.3210937,176
SHAPE_8895025,11.1329304,-4.3216919,177
SHAPE_8895025,11.132871,-4.3217376,178
SHAPE_8895025,11.1324017,-4.3220903,179
SHAPE_8895025,11.1322252,-4.3222348,180
SHAPE_8895025,11.1306827,-4.3234681,181
SHAPE_8895025,11.1305375,-4.3235842,182
SHAPE_8895025,11.130514,-4.323603,183
SHAPE_8895025,11.126125,-4.3271074,184
SHAPE_8895025,11.1255527,-4.3275644,185
SHAPE_8895025,11.1249369,-4.3280561,186
SHAPE_8895025,11.1247437,-4.3282038,187
SHAPE_8895025,11.1243226,-4.3285466,188
SHAPE_8895025,11.1240848,-4.3287364,189
SHAPE_8895025,11.1237052,-4.3290264,190
SHAPE_8895025,11.1233982,-4.3292613,191
SHAPE_8895025,11.1226677,-4.3297733,192
SHAPE_8895025,11.1219553,-4.3302319,193
SHAPE_8895025,11.1215398,-4.3304808,194
SHAPE_8895025,11.120879,-4.3308549,195
SHAPE_8895025,11.1197483,-4.3314251,196
SHAPE_8895025,11.1193493,-4.3316131,197
SHAPE_8895025,11.1189248,-4.3318033,198
SHAPE_8895025,11.1184172,-4.3319844,199
SHAPE_8895025,11.1182976,-4.3320266,200
SHAPE_8895025,11.1175154,-4.3323121,201
SHAPE_8895025,11.1170565,-4.3324698,202
SHAPE_8895025,11.1169701,-4.3324983,203
SHAPE_8895025,11.1168619,-4.3325341,204
SHAPE_8895025,11.1166227,-4.3326147,205
SHAPE_8895025,11.1160131,-4.3327895,206
SHAPE_8895025,11.115389,-4.3329891,207
SHAPE_8895025,11.1152208,-4.3330214,208
SHAPE_8895025,11.1146511,-4.333173,209
SHAPE_8895025,11.1141063,-4.3333287,210
SHAPE_8895025,11.1137481,-4.3334314,211
SHAPE_8895025,11.1134877,-4.33351,212
SHAPE_8895025,11.1132088,-4.3335941,213
SHAPE_8895025,11.1126696,-4.3337518,214
SHAPE_8895025,11.1097873,-4.3345396,215
SHAPE_8895025,11.1069359,-4.3353505,216
SHAPE_8895025,11.1067691,-4.3353937,217
SHAPE_8895025,11.1036027,-4.3363262,218
SHAPE_8895025,11.1033751,-4.3363839,219
SHAPE_8895025,11.1030282,-4.3364858,220
SHAPE_8895025,11.1008701,-4.3371025,221
SHAPE_8895025,11.0986342,-4.3377221,222
SHAPE_8895025,11.094244,-4.3389538,223
SHAPE_8895025,11.093524,-4.3391706,224
SHAPE_8895025,11.0932506,-4.3392579,225
SHAPE_8895025,11.0927017,-4.3393945,226
SHAPE_8895025,11.0910315,-4.3398732,227
SHAPE_8895025,11.0893201,-4.3403577,228
SHAPE_8895025,11.0884518,-4.340595,229
SHAPE_8895025,11.0879167,-4.3407361,230
SHAPE_8895025,11.0873596,-4.340867,231
SHAPE_8895025,11.0868661,-4.3409783,232
SHAPE_8895025,11.0858757,-4.3411946,233
SHAPE_8895025,11.0856682,-4.3412326,234
SHAPE_8895025,11.0852434,-4.3413337,235
SHAPE_8895025,11.0847757,-4.3414402,236
SHAPE_8895025,11.0843762,-4.3415476,237
SHAPE_8895025,11.0841101,-4.3416231,238
SHAPE_8895025,11.0837784,-4.3417334,239
SHAPE_8895025,11.0835313,-4.341824,240
SHAPE_8895025,11.0832467,-4.3419493,241
SHAPE_8895025,11.082973,-4.3420804,242
SHAPE_8895025,11.082803,-4.3421625,243
SHAPE_8895025,11.082644,-4.34225,244
SHAPE_8895025,11.0824752,-4.3423548,245
SHAPE_8895025,11.0823923,-4.3424063,246
SHAPE_8895025,11.0822668,-4.3424861,247
SHAPE_8895111,11.23641,-4.3187351,1
SHAPE_8895111,11.237587,-4.3192052,2
SHAPE_8895111,11.2381397,-4.319419,3
SHAPE_8895111,11.2399222,-4.3201134,4
SHAPE_8895111,11.23641,-4.3187351,5
SHAPE_8895111,11.2360148,-4.3185982,6
SHAPE_8895111,11.2343179,-4.3179284,7
SHAPE_8895111,11.2337604,-4.3177141,8
SHAPE_8895111,11.2331656,-4.3174854,9
SHAPE_8895111,11.2330046,-4.3174633,10
SHAPE_8895111,11.2326727,-4.3173409,11
SHAPE_8895111,11.2315117,-4.3168925,12
SHAPE_8895111,11.231182,-4.3167618,13
SHAPE_8895111,11.2302191,-4.3164107,14
SHAPE_8895111,11.2288164,-4.3158539,15
SHAPE_8895111,11.2284495,-4.3157078,16
SHAPE_8895111,11.2275795,-4.3153612,17
SHAPE_8895111,11.2274355,-4.3153039,18
SHAPE_8895111,11.2262543,-4.3148084,19
SHAPE_8895111,11.2252514,-4.3143828,20
SHAPE_8895111,11.2251729,-4.3143431,21
SHAPE_8895111,11.2250674,-4.3142988,22
SHAPE_8895111,11.2244096,-4.3140084,23
SHAPE_8895111,11.22321,-4.3134787,24
SHAPE_8895111,11.2224745,-4.3131678,25
SHAPE_8895111,11.2220554,-4.3129902,26
SHAPE_8895111,11.2213564,-4.3126743,27
SHAPE_8895111,11.2202382,-4.3121526,28
SHAPE_8895111,11.2191056,-4.3116228,29
SHAPE_8895111,11.2190438,-4.3116,30
SHAPE_8895111,11.2186228,-4.3114136,31
SHAPE_8895111,11.2177375,-4.311014,32
SHAPE_8895111,11.2168259,-4.3105781,33
SHAPE_8895111,11.2166919,-4.3105198,34
SHAPE_8895111,11.2166562,-4.3105043,35
SHAPE_8895111,11.2163273,-4.3103528,36
SHAPE_8895111,11.2158813,-4.310149,37
SHAPE_8895111,11.2152865,-4.3098768,38
SHAPE_8895111,11.2150295,-4.3097585,39
SHAPE_8895111,11.2149334,-4.3097146,40
SHAPE_8895111,11.2146155,-4.3095628,41
SHAPE_8895111,11.2143473,-4.309439,42
SHAPE_8895111,11.2140252,-4.3092942,43
SHAPE_8895111,11.2133616,-4.3089759,44
SHAPE_8895111,11.2115014,-4.3079632,45
SHAPE_8895111,11.2112698,-4.3078292,46
SHAPE_8895111,11.2109366,-4.3076406,47
SHAPE_8895111,11.2097701,-4.3069831,48
SHAPE_8895111,11.2094044,-4.3067794,49
SHAPE_8895111,11.2091229,-4.306616,50
SHAPE_8895111,11.2089026,-4.3064971,51
SHAPE_8895111,11.2081356,-4.3060881,52
SHAPE_8895111,11.2076149,-4.305784,53
SHAPE_8895111,11.206934,-4.305396,54
SHAPE_8895111,11.206448,-4.3051201,55
SHAPE_8895111,11.2059018,-4.3048409,56
SHAPE_8895111,11.2055659,-4.3046474,57
SHAPE_8895111,11.2049032,-4.3042865,58
SHAPE_8895111,11.2042285,-4.3039262,59
SHAPE_8895111,11.2038211,-4.303703,60
SHAPE_8895111,11.2037504,-4.3036675,61
SHAPE_8895111,11.2034549,-4.3035494,62
SHAPE_8895111,11.2028073,-4.3032932,63
SHAPE_8895111,11.2025829,-4.3032082,64
SHAPE_8895111,11.2025173,-4.3031838,65
SHAPE_8895111,11.20205,-4.303004,66
SHAPE_8895111,11.2014171,-4.3027742,67
SHAPE_8895111,11.2007659,-4.3025261,68
SHAPE_8895111,11.2002673,-4.302329,69
SHAPE_8895111,11.1997049,-4.3021016,70
SHAPE_8895111,11.1994744,-4.3020081,71
SHAPE_8895111,11.1992336,-4.3019104,72
SHAPE_8895111,11.1987338,-4.3017074,73
SHAPE_8895111,11.1980278,-4.3014379,74
SHAPE_8895111,11.1975837,-4.3012689,75
SHAPE_8895111,11.1969469,-4.3010303,76
SHAPE_8895111,11.1964055,-4.3008192,77
SHAPE_8895111,11.1952471,-4.3003809,78
SHAPE_8895111,11.1947099,-4.3001764,79
SHAPE_8895111,11.1940705,-4.2999264,80
SHAPE_8895111,11.1929235,-4.2994778,81
SHAPE_8895111,11.1925021,-4.2993209,82
SHAPE_8895111,11.1924675,-4.2993081,83
SHAPE_8895111,11.1917764,-4.2990525,84
SHAPE_8895111,11.1905527,-4.2985892,85
SHAPE_8895111,11.1901121,-4.2984272,86
SHAPE_8895111,11.1896127,-4.2982371,87
SHAPE_8895111,11.189379,-4.2981492,88
SHAPE_8895111,11.1882119,-4.2977089,89
SHAPE_8895111,11.1879302,-4.2976036,90
SHAPE_8895111,11.1869971,-4.297258,91
SHAPE_8895111,11.1866536,-4.2971309,92
SHAPE_8895111,11.1863214,-4.2970002,93
SHAPE_8895111,11.1859802,-4.2968683,94
SHAPE_8895111,11.1856959,-4.2967551,95
SHAPE_8895111,11.1857002,-4.2967865,96
SHAPE_8895111,11.1857899,-4.2974479,97
SHAPE_8895111,11.1858526,-4.2979101,98
SHAPE_8895111,11.1860036,-4.2990266,99
SHAPE_8895111,11.186152,-4.3001412,100
SHAPE_8895111,11.1862678,-4.3009638,101
SHAPE_8895111,11.1863169,-4.3012957,102
SHAPE_8895111,11.1864642,-4.3024191,103
SHAPE_8895111,11.1866151,-4.3035261,104
SHAPE_8895111,11.1866578,-4.3038207,105
SHAPE_8895111,11.1867836,-4.304689,106
SHAPE_8895111,11.1866881,-4.3046998,107
SHAPE_8895111,11.1854955,-4.3048628,108
SHAPE_8895111,11.1849045,-4.3049509,109
SHAPE_8895111,11.1843317,-4.305032,110
SHAPE_8895111,11.1832097,-4.305191,111
SHAPE_8895111,11.1829785,-4.3052237,112
SHAPE_8895111,11.1828221,-4.3052459,113
SHAPE_8895111,11.1826763,-4.3052675,114
SHAPE_8895111,11.1825475,-4.3052855,115
SHAPE_8895111,11.182174,-4.3053378,116
SHAPE_8895111,11.1820986,-4.3053484,117
SHAPE_8895111,11.1818514,-4.3053835,118
SHAPE_8895111,11.1813119,-4.3054639,119
SHAPE_8895111,11.1812557,-4.3054705,120
SHAPE_8895111,11.1811432,-4.3054838,121
SHAPE_8895111,11.1811215,-4.3054869,122
SHAPE_8895111,11.1807623,-4.3055378,123
SHAPE_8895111,11.1802155,-4.3056153,124
SHAPE_8895111,11.1792602,-4.3057436,125
SHAPE_8895111,11.1785221,-4.3058806,126
SHAPE_8895111,11.1784531,-4.3058885,127
SHAPE_8895111,11.1780962,-4.3059374,128
SHAPE_8895111,11.1780582,-4.3059416,129
SHAPE_8895111,11.1778556,-4.3059687,130
SHAPE_8895112,11.1778556,-4.3059687,1
SHAPE_8895112,11.1780582,-4.3059416,2
SHAPE_8895112,11.1780962,-4.3059374,3
SHAPE_8895112,11.1784531,-4.3058885,4
SHAPE_8895112,11.1785221,-4.3058806,5
SHAPE_8895112,11.1792602,-4.3057436,6
SHAPE_8895112,11.1802155,-4.3056153,7
SHAPE_8895112,11.1807623,-4.3055378,8
SHAPE_8895112,11.1811215,-4.3054869,9
SHAPE_8895112,11.1811432,-4.3054838,10
SHAPE_8895112,11.1812557,-4.3054705,11
SHAPE_8895112,11.1813119,-4.3054639,12
SHAPE_8895112,11.1818514,-4.3053835,13
SHAPE_8895112,11.1820986,-4.3053484,14
SHAPE_8895112,11.182174,-4.3053378,15
SHAPE_8895112,11.1825475,-4.3052855,16
SHAPE_8895112,11.1826763,-4.3052675,17
SHAPE_8895112,11.1828221,-4.3052459,18
SHAPE_8895112,11.1829785,-4.3052237,19
SHAPE_8895112,11.1832097,-4.305191,20
SHAPE_8895112,11.1843317,-4.305032,21
SHAPE_8895112,11.1849045,-4.3049509,22
SHAPE_8895112,11.1854955,-4.3048628,23
SHAPE_8895112,11.1866881,-4.3046998,24
SHAPE_8895112,11.1865709,-4.3038384,25
SHAPE_8895112,11.1865302,-4.3035397,26
SHAPE_8895112,11.1863772,-4.3024324,27
SHAPE_8895112,11.1862225,-4.3013077,28
SHAPE_8895112,11.1861611,-4.3008792,29
SHAPE_8895112,11.1860607,-4.3001522,30
SHAPE_8895112,11.1859161,-4.2990401,31
SHAPE_8895112,11.1857693,-4.2979268,32
SHAPE_8895112,11.1857022,-4.2974656,33
SHAPE_8895112,11.1856045,-4.2967932,34
SHAPE_8895112,11.1855954,-4.2967163,35
SHAPE_8895112,11.1855829,-4.2966274,36
SHAPE_8895112,11.1856858,-4.2966695,37
SHAPE_8895112,11.1860305,-4.2968142,38
SHAPE_8895112,11.1865853,-4.2970301,39
SHAPE_8895112,11.186772,-4.2971067,40
SHAPE_8895112,11.1869897,-4.2971935,41
SHAPE_8895112,11.1880316,-4.2975888,42
SHAPE_8895112,11.1882044,-4.2976529,43
SHAPE_8895112,11.1890808,-4.2979828,44
SHAPE_8895112,11.1893705,-4.2980919,45
SHAPE_8895112,11.1902297,-4.2984124,46
SHAPE_8895112,11.1905441,-4.2985301,47
SHAPE_8895112,11.191768,-4.2989926,48
SHAPE_8895112,11.192107,-4.2991178,49
SHAPE_8895112,11.192915,-4.2994161,50
SHAPE_8895112,11.1940613,-4.2998559,51
SHAPE_8895112,11.1947887,-4.3001403,52
SHAPE_8895112,11.1952337,-4.3002993,53
SHAPE_8895112,11.1963965,-4.3007572,54
SHAPE_8895112,11.1970621,-4.3010189,55
SHAPE_8895112,11.1975775,-4.3012022,56
SHAPE_8895112,11.1980401,-4.3013847,57
SHAPE_8895112,11.1987239,-4.3016462,58
SHAPE_8895112,11.1992598,-4.3018575,59
SHAPE_8895112,11.1995054,-4.3019556,60
SHAPE_8895112,11.1997279,-4.3020402,61
SHAPE_8895112,11.2003608,-4.3022842,62
SHAPE_8895112,11.2008251,-4.3024577,63
SHAPE_8895112,11.2014295,-4.3026983,64
SHAPE_8895112,11.2020319,-4.3029336,65
SHAPE_8895112,11.2024442,-4.3030881,66
SHAPE_8895112,11.2028238,-4.3032303,67
SHAPE_8895112,11.2030471,-4.3033187,68
SHAPE_8895112,11.2034523,-4.3034743,69
SHAPE_8895112,11.2036649,-4.3035624,70
SHAPE_8895112,11.2037928,-4.3036198,71
SHAPE_8895112,11.2041601,-4.3038082,72
SHAPE_8895112,11.2045876,-4.3040389,73
SHAPE_8895112,11.2048749,-4.3041935,74
SHAPE_8895112,11.2055995,-4.3045892,75
SHAPE_8895112,11.2058532,-4.3047282,76
SHAPE_8895112,11.2061732,-4.3048991,77
SHAPE_8895112,11.2065297,-4.3050865,78
SHAPE_8895112,11.2070779,-4.3054108,79
SHAPE_8895112,11.2075954,-4.3056939,80
SHAPE_8895112,11.2085382,-4.3062222,81
SHAPE_8895112,11.2089453,-4.3064348,82
SHAPE_8895112,11.2091486,-4.3065454,83
SHAPE_8895112,11.2094406,-4.3067097,84
SHAPE_8895112,11.210342,-4.3072028,85
SHAPE_8895112,11.2112916,-4.3077254,86
SHAPE_8895112,11.2121643,-4.3082117,87
SHAPE_8895112,11.2130629,-4.3086843,88
SHAPE_8895112,11.2134042,-4.3088874,89
SHAPE_8895112,11.2140572,-4.3092159,90
SHAPE_8895112,11.214389,-4.3093662,91
SHAPE_8895112,11.214531,-4.309434,92
SHAPE_8895112,11.2149469,-4.3096327,93
SHAPE_8895112,11.2150483,-4.30968,94
SHAPE_8895112,11.2159071,-4.3100654,95
SHAPE_8895112,11.2163576,-4.3102684,96
SHAPE_8895112,11.2168717,-4.3104945,97
SHAPE_8895112,11.2174106,-4.3107431,98
SHAPE_8895112,11.21808,-4.3110518,99
SHAPE_8895112,11.2185727,-4.3112791,100
SHAPE_8895112,11.2190855,-4.3115128,101
SHAPE_8895112,11.2192063,-4.3115634,102
SHAPE_8895112,11.2214019,-4.312575,103
SHAPE_8895112,11.2220974,-4.3128984,104
SHAPE_8895112,11.2232621,-4.3134218,105
SHAPE_8895112,11.2245141,-4.3139672,106
SHAPE_8895112,11.2250346,-4.314194,107
SHAPE_8895112,11.2251406,-4.31424,108
SHAPE_8895112,11.2262829,-4.3147334,109
SHAPE_8895112,11.2270685,-4.315066,110
SHAPE_8895112,11.2274543,-4.3152294,111
SHAPE_8895112,11.2288596,-4.3157792,112
SHAPE_8895112,11.2289037,-4.315796,113
SHAPE_8895112,11.2302954,-4.3163393,114
SHAPE_8895112,11.2311579,-4.3166575,115
SHAPE_8895112,11.2315707,-4.3168198,116
SHAPE_8895112,11.2326969,-4.3172632,117
SHAPE_8895112,11.2330282,-4.3173947,118
SHAPE_8895112,11.2331656,-4.3174854,119
SHAPE_8895112,11.2337604,-4.3177141,120
SHAPE_8895112,11.2343179,-4.3179284,121
SHAPE_8895112,11.2360148,-4.3185982,122
SHAPE_8895112,11.23641,-4.3187351,123
SHAPE_8895112,11.237587,-4.3192052,124
SHAPE_8895112,11.2381397,-4.319419,125
SHAPE_8895112,11.2399222,-4.3201134,126
SHAPE_8895147,11.1645345,-4.3163978,1
SHAPE_8895147,11.1633929,-4.316546,2
SHAPE_8895147,11.1632461,-4.3165652,3
SHAPE_8895147,11.1630106,-4.3166069,4
SHAPE_8895147,11.1617657,-4.3167738,5
SHAPE_8895147,11.1614188,-4.3168484,6
SHAPE_8895147,11.1612701,-4.3168786,7
SHAPE_8895147,11.1611669,-4.3169182,8
SHAPE_8895147,11.1610616,-4.3169725,9
SHAPE_8895147,11.160978,-4.3170235,10
SHAPE_8895147,11.1609044,-4.3170764,11
SHAPE_8895147,11.1608425,-4.3171321,12
SHAPE_8895147,11.1607846,-4.3171951,13
SHAPE_8895147,11.1602925,-4.3178375,14
SHAPE_8895147,11.1595669,-4.3188252,15
SHAPE_8895147,11.1593557,-4.3191082,16
SHAPE_8895147,11.15899,-4.3196386,17
SHAPE_8895147,11.1578242,-4.3211675,18
SHAPE_8895147,11.1570058,-4.3222243,19
SHAPE_8895147,11.1567742,-4.3225569,20
SHAPE_8895147,11.1565979,-4.3227983,21
SHAPE_8895147,11.1557903,-4.3238842,22
SHAPE_8895147,11.1548568,-4.3251414,23
SHAPE_8895147,11.1545582,-4.3255388,24
SHAPE_8895147,11.1542817,-4.3258988,25
SHAPE_8895147,11.1540867,-4.3261706,26
SHAPE_8895147,11.1533156,-4.3272014,27
SHAPE_8895147,11.1528282,-4.3278569,28
SHAPE_8895147,11.1523977,-4.3284414,29
SHAPE_8895147,11.1515714,-4.3295436,30
SHAPE_8895147,11.1514019,-4.3297568,31
SHAPE_8895147,11.1512438,-4.3299542,32
SHAPE_8895147,11.1504836,-4.3309779,33
SHAPE_8895147,11.1494972,-4.3322811,34
SHAPE_8895147,11.1485254,-4.3335983,35
SHAPE_8895147,11.1482297,-4.3340046,36
SHAPE_8895147,11.1481601,-4.3340925,37
SHAPE_8895147,11.1479523,-4.3343615,38
SHAPE_8895147,11.1471299,-4.3354364,39
SHAPE_8895147,11.1465953,-4.3361208,40
SHAPE_8895147,11.1462468,-4.3365541,41
SHAPE_8895147,11.146104,-4.336717,42
SHAPE_8895147,11.1458873,-4.3369414,43
SHAPE_8895147,11.1457541,-4.3370831,44
SHAPE_8895147,11.1453491,-4.3374937,45
SHAPE_8895147,11.1449667,-4.3378926,46
SHAPE_8895147,11.1443512,-4.3385617,47
SHAPE_8895147,11.1440216,-4.3389318,48
SHAPE_8895147,11.1436653,-4.3393867,49
SHAPE_8895147,11.1432808,-4.3398799,50
SHAPE_8895147,11.1430545,-4.3401909,51
SHAPE_8895147,11.1429059,-4.3404123,52
SHAPE_8895147,11.1425921,-4.3408941,53
SHAPE_8895147,11.1425305,-4.3409904,54
SHAPE_8895147,11.1417348,-4.3422779,55
SHAPE_8895147,11.1408964,-4.3436378,56
SHAPE_8895147,11.1404446,-4.344319,57
SHAPE_8895147,11.1402491,-4.3446006,58
SHAPE_8895147,11.1400491,-4.3448912,59
SHAPE_8895147,11.1395517,-4.3455795,60
SHAPE_8895147,11.1388643,-4.3464455,61
SHAPE_8895147,11.1373137,-4.348372,62
SHAPE_8895147,11.1368522,-4.3490207,63
SHAPE_8895147,11.1366633,-4.3493176,64
SHAPE_8895147,11.1363358,-4.3498041,65
SHAPE_8895147,11.1361779,-4.3501675,66
SHAPE_8895147,11.135949,-4.3506342,67
SHAPE_8895147,11.1357082,-4.351168,68
SHAPE_8895147,11.135566,-4.3515341,69
SHAPE_8895147,11.1354984,-4.3517309,70
SHAPE_8895147,11.1354476,-4.3518788,71
SHAPE_8895147,11.1352568,-4.3524903,72
SHAPE_8895147,11.1351283,-4.3528947,73
SHAPE_8895147,11.135099,-4.3530859,74
SHAPE_8895147,11.1350364,-4.3535134,75
SHAPE_8895147,11.1350182,-4.3536473,76
SHAPE_8895147,11.1350019,-4.3540676,77
SHAPE_8895147,11.1350164,-4.3545249,78
SHAPE_8895147,11.1350494,-4.3549073,79
SHAPE_8895147,11.1351132,-4.3553051,80
SHAPE_8895147,11.1352127,-4.3556605,81
SHAPE_8895147,11.1353378,-4.3559384,82
SHAPE_8895147,11.1354792,-4.35624,83
SHAPE_8895147,11.1645345,-4.3163978,84
SHAPE_8895147,11.1646009,-4.3163747,85
SHAPE_8895147,11.1646923,-4.3163603,86
SHAPE_8895147,11.1648193,-4.3162998,87
SHAPE_8895147,11.1648902,-4.3162643,88
SHAPE_8895147,11.1649402,-4.3162275,89
SHAPE_8895147,11.1649789,-4.3161818,90
SHAPE_8895147,11.1650189,-4.3161303,91
SHAPE_8895147,11.1651602,-4.3156113,92
SHAPE_8895147,11.1652287,-4.3153291,93
SHAPE_8895147,11.1652614,-4.3151762,94
SHAPE_8895147,11.1653891,-4.3146407,95
SHAPE_8895147,11.1654085,-4.314576,96
SHAPE_8895147,11.1654463,-4.3144425,97
SHAPE_8895147,11.165498,-4.3143093,98
SHAPE_8895147,11.1654873,-4.3142955,99
SHAPE_8895147,11.165498,-4.3143093,100
SHAPE_8895147,11.1655291,-4.3143314,101
SHAPE_8895147,11.165557,-4.3143381,102
SHAPE_8895147,11.1655856,-4.3143355,103
SHAPE_8895147,11.1656062,-4.3143273,104
SHAPE_8895147,11.1656254,-4.3143131,105
SHAPE_8895147,11.1656402,-4.3142943,106
SHAPE_8895147,11.1656497,-4.3142722,107
SHAPE_8895147,11.1656532,-4.3142483,108
SHAPE_8895147,11.1656504,-4.3142243,109
SHAPE_8895147,11.1656416,-4.3142019,110
SHAPE_8895147,11.1656292,-4.3141846,111
SHAPE_8895147,11.1656067,-4.3141666,112
SHAPE_8895147,11.1655798,-4.3141568,113
SHAPE_8895147,11.1655512,-4.3141561,114
SHAPE_8895147,11.1655239,-4.3141646,115
SHAPE_8895147,11.1655075,-4.3141752,116
SHAPE_8895147,11.1654861,-4.3142002,117
SHAPE_8895147,11.1654748,-4.3142314,118
SHAPE_8895147,11.1654753,-4.3142647,119
SHAPE_8895147,11.1654873,-4.3142955,120
SHAPE_8895147,11.1656416,-4.3142019,121
SHAPE_8895147,11.1656851,-4.3142081,122
SHAPE_8895147,11.1659043,-4.3142836,123
SHAPE_8895147,11.1659714,-4.3143064,124
SHAPE_8895147,11.1660597,-4.3143255,125
SHAPE_8895147,11.1661545,-4.3143302,126
SHAPE_8895147,11.1662811,-4.3143305,127
SHAPE_8895147,11.1663458,-4.3143496,128
SHAPE_8895147,11.1671168,-4.3142433,129
SHAPE_8895147,11.167729,-4.3141562,130
SHAPE_8895147,11.1678738,-4.3141347,131
SHAPE_8895147,11.1680027,-4.3141119,132
SHAPE_8895147,11.1682132,-4.3140529,133
SHAPE_8895147,11.1685606,-4.3139792,134
SHAPE_8895147,11.1686606,-4.3139644,135
SHAPE_8895147,11.1687671,-4.313951,136
SHAPE_8895147,11.1690224,-4.3139188,137
SHAPE_8895147,11.1693145,-4.3138786,138
SHAPE_8895147,11.1704224,-4.3137235,139
SHAPE_8895147,11.1715599,-4.3135626,140
SHAPE_8895147,11.1731363,-4.313323,141
SHAPE_8895147,11.1736139,-4.3132527,142
SHAPE_8895147,11.173684,-4.3139067,143
SHAPE_8895147,11.1737401,-4.3143878,144
SHAPE_8895147,11.1739174,-4.3155276,145
SHAPE_8895147,11.1740655,-4.3166381,146
SHAPE_8895147,11.1748016,-4.3165399,147
SHAPE_8895147,11.1753904,-4.3164645,148
SHAPE_8895147,11.1753431,-4.3161685,149
SHAPE_8895147,11.1752416,-4.3155323,150
SHAPE_8895147,11.1752145,-4.3153346,151
SHAPE_8895147,11.1751241,-4.3146754,152
SHAPE_8895147,11.1750573,-4.3141878,153
SHAPE_8895147,11.1749076,-4.3130545,154
SHAPE_8895147,11.1747685,-4.3119387,155
SHAPE_8895147,11.1745921,-4.3107773,156
SHAPE_8895147,11.1744731,-4.309906,157
SHAPE_8895147,11.1744394,-4.3096589,158
SHAPE_8895147,11.174321,-4.3087915,159
SHAPE_8895147,11.1742921,-4.3085321,160
SHAPE_8895147,11.1742738,-4.3083991,161
SHAPE_8895147,11.1742103,-4.3078957,162
SHAPE_8895147,11.174172,-4.3076597,163
SHAPE_8895147,11.174156,-4.3075432,164
SHAPE_8895147,11.1741496,-4.3074964,165
SHAPE_8895147,11.174133,-4.3073918,166
SHAPE_8895147,11.1739874,-4.3064896,167
SHAPE_8895147,11.1748377,-4.3063773,168
SHAPE_8895147,11.1757637,-4.3062461,169
SHAPE_8895147,11.1768451,-4.3060928,170
SHAPE_8895147,11.1775369,-4.3060004,171
SHAPE_8895147,11.1776422,-4.3059917,172
SHAPE_8895147,11.1778556,-4.3059687,173
SHAPE_8895148,11.1776422,-4.3059917,1
SHAPE_8895148,11.1778556,-4.3059687,2
SHAPE_8895148,11.1776422,-4.3059917,3
SHAPE_8895148,11.1775369,-4.3060004,4
SHAPE_8895148,11.1768451,-4.3060928,5
SHAPE_8895148,11.1757637,-4.3062461,6
SHAPE_8895148,11.1748377,-4.3063773,7
SHAPE_8895148,11.1739874,-4.3064896,8
SHAPE_8895148,11.174133,-4.3073918,9
SHAPE_8895148,11.1741496,-4.3074964,10
SHAPE_8895148,11.174156,-4.3075432,11
SHAPE_8895148,11.174172,-4.3076597,12
SHAPE_8895148,11.1742103,-4.3078957,13
SHAPE_8895148,11.1742738,-4.3083991,14
SHAPE_8895148,11.1742921,-4.3085321,15
SHAPE_8895148,11.174321,-4.3087915,16
SHAPE_8895148,11.1744394,-4.3096589,17
SHAPE_8895148,11.1744731,-4.309906,18
SHAPE_8895148,11.1745921,-4.3107773,19
SHAPE_8895148,11.1747685,-4.3119387,20
SHAPE_8895148,11.1749076,-4.3130545,21
SHAPE_8895148,11.1750573,-4.3141878,22
SHAPE_8895148,11.1751241,-4.3146754,23
SHAPE_8895148,11.1752145,-4.3153346,24
SHAPE_8895148,11.1752416,-4.3155323,25
SHAPE_8895148,11.1753431,-4.3161685,26
SHAPE_8895148,11.1753904,-4.3164645,27
SHAPE_8895148,11.1748016,-4.3165399,28
SHAPE_8895148,11.1740655,-4.3166381,29
SHAPE_8895148,11.1739174,-4.3155276,30
SHAPE_8895148,11.1737401,-4.3143878,31
SHAPE_8895148,11.173684,-4.3139067,32
SHAPE_8895148,11.1736139,-4.3132527,33
SHAPE_8895148,11.1731363,-4.313323,34
SHAPE_8895148,11.1715599,-4.3135626,35
SHAPE_8895148,11.1704224,-4.3137235,36
SHAPE_8895148,11.1693145,-4.3138786,37
SHAPE_8895148,11.1690224,-4.3139188,38
SHAPE_8895148,11.1687671,-4.313951,39
SHAPE_8895148,11.1686606,-4.3139644,40
SHAPE_8895148,11.1685606,-4.3139792,41
SHAPE_8895148,11.1682132,-4.3140529,42
SHAPE_8895148,11.1680027,-4.3141119,43
SHAPE_8895148,11.1678738,-4.3141347,44
SHAPE_8895148,11.167729,-4.3141562,45
SHAPE_8895148,11.1671168,-4.3142433,46
SHAPE_8895148,11.1663458,-4.3143496,47
SHAPE_8895148,11.166288,-4.3143892,48
SHAPE_8895148,11.1661564,-4.3144026,49
SHAPE_8895148,11.166016,-4.3144204,50
SHAPE_8895148,11.1659811,-4.3144472,51
SHAPE_8895148,11.1659357,-4.3144841,52
SHAPE_8895148,11.1658805,-4.314523,53
SHAPE_8895148,11.165814,-4.3145766,54
SHAPE_8895148,11.1657272,-4.3146537,55
SHAPE_8895148,11.1656173,-4.3147644,56
SHAPE_8895148,11.1655423,-4.3148448,57
SHAPE_8895148,11.1654324,-4.3149862,58
SHAPE_8895148,11.1653761,-4.3151746,59
SHAPE_8895148,11.1653275,-4.3153374,60
SHAPE_8895148,11.165313,-4.3153861,61
SHAPE_8895148,11.1652052,-4.3157647,62
SHAPE_8895148,11.1650463,-4.3163824,63
SHAPE_8895148,11.1650284,-4.3164454,64
SHAPE_8895148,11.1650035,-4.3164448,65
SHAPE_8895148,11.1649736,-4.3164438,66
SHAPE_8895148,11.1649516,-4.3164418,67
SHAPE_8895148,11.1649325,-4.3164411,68
SHAPE_8895148,11.16487,-4.3164364,69
SHAPE_8895148,11.1647977,-4.3164295,70
SHAPE_8895148,11.1646998,-4.3164241,71
SHAPE_8895148,11.1646335,-4.3164196,72
SHAPE_8895148,11.1645855,-4.3164149,73
SHAPE_8895148,11.1645345,-4.3163978,74
SHAPE_8895148,11.1633929,-4.316546,75
SHAPE_8895148,11.1632461,-4.3165652,76
SHAPE_8895148,11.1630106,-4.3166069,77
SHAPE_8895148,11.1617657,-4.3167738,78
SHAPE_8895148,11.1614188,-4.3168484,79
SHAPE_8895148,11.1612701,-4.3168786,80
SHAPE_8895148,11.1611669,-4.3169182,81
SHAPE_8895148,11.1610616,-4.3169725,82
SHAPE_8895148,11.160978,-4.3170235,83
SHAPE_8895148,11.1609044,-4.3170764,84
SHAPE_8895148,11.1608425,-4.3171321,85
SHAPE_8895148,11.1607846,-4.3171951,86
SHAPE_8895148,11.1602925,-4.3178375,87
SHAPE_8895148,11.1595669,-4.3188252,88
SHAPE_8895148,11.1593557,-4.3191082,89
SHAPE_8895148,11.15899,-4.3196386,90
SHAPE_8895148,11.1578242,-4.3211675,91
SHAPE_8895148,11.1570058,-4.3222243,92
SHAPE_8895148,11.1567742,-4.3225569,93
SHAPE_8895148,11.1565979,-4.3227983,94
SHAPE_8895148,11.1557903,-4.3238842,95
SHAPE_8895148,11.1548568,-4.3251414,96
SHAPE_8895148,11.1545582,-4.3255388,97
SHAPE_8895148,11.1542817,-4.3258988,98
SHAPE_8895148,11.1540867,-4.3261706,99
SHAPE_8895148,11.1533156,-4.3272014,100
SHAPE_8895148,11.1528282,-4.3278569,101
SHAPE_8895148,11.1523977,-4.3284414,102
SHAPE_8895148,11.1515714,-4.3295436,103
SHAPE_8895148,11.1514019,-4.3297568,104
SHAPE_8895148,11.1512438,-4.3299542,105
SHAPE_8895148,11.1504836,-4.3309779,106
SHAPE_8895148,11.1494972,-4.3322811,107
SHAPE_8895148,11.1485254,-4.3335983,108
SHAPE_8895148,11.1482297,-4.3340046,109
SHAPE_8895148,11.1481601,-4.3340925,110
SHAPE_8895148,11.1479523,-4.3343615,111
SHAPE_8895148,11.1471299,-4.3354364,112
SHAPE_8895148,11.1465953,-4.3361208,113
SHAPE_8895148,11.1462468,-4.3365541,114
SHAPE_8895148,11.146104,-4.336717,115
SHAPE_8895148,11.1458873,-4.3369414,116
SHAPE_8895148,11.1457541,-4.3370831,117
SHAPE_8895148,11.1453491,-4.3374937,118
SHAPE_8895148,11.1449667,-4.3378926,119
SHAPE_8895148,11.1443512,-4.3385617,120
SHAPE_8895148,11.1440216,-4.3389318,121
SHAPE_8895148,11.1436653,-4.3393867,122
SHAPE_8895148,11.1432808,-4.3398799,123
SHAPE_8895148,11.1430545,-4.3401909,124
SHAPE_8895148,11.1429059,-4.3404123,125
SHAPE_8895148,11.1425921,-4.3408941,126
SHAPE_8895148,11.1425305,-4.3409904,127
SHAPE_8895148,11.1417348,-4.3422779,128
SHAPE_8895148,11.1408964,-4.3436378,129
SHAPE_8895148,11.1404446,-4.344319,130
SHAPE_8895148,11.1402491,-4.3446006,131
SHAPE_8895148,11.1400491,-4.3448912,132
SHAPE_8895148,11.1395517,-4.3455795,133
SHAPE_8895148,11.1388643,-4.3464455,134
SHAPE_8895148,11.1373137,-4.348372,135
SHAPE_8895148,11.1368522,-4.3490207,136
SHAPE_8895148,11.1366633,-4.3493176,137
SHAPE_8895148,11.1363358,-4.3498041,138
SHAPE_8895148,11.1361779,-4.3501675,139
SHAPE_8895148,11.135949,-4.3506342,140
SHAPE_8895148,11.1357082,-4.351168,141
SHAPE_8895148,11.135566,-4.3515341,142
SHAPE_8895148,11.1354984,-4.3517309,143
SHAPE_8895148,11.1354476,-4.3518788,144
SHAPE_8895148,11.1352568,-4.3524903,145
SHAPE_8895148,11.1351283,-4.3528947,146
SHAPE_8895148,11.135099,-4.3530859,147
SHAPE_8895148,11.1350364,-4.3535134,148
SHAPE_8895148,11.1350182,-4.3536473,149
SHAPE_8895148,11.1350019,-4.3540676,150
SHAPE_8895148,11.1350164,-4.3545249,151
SHAPE_8895148,11.1350494,-4.3549073,152
SHAPE_8895148,11.1351132,-4.3553051,153
SHAPE_8895148,11.1352127,-4.3556605,154
SHAPE_8895148,11.1353378,-4.3559384,155
SHAPE_8895148,11.1354792,-4.35624,156
SHAPE_8895245,11.2143159,-4.4181669,1
SHAPE_8895245,11.2147858,-4.4189248,2
SHAPE_8895245,11.2154364,-4.4200235,3
SHAPE_8895245,11.2156019,-4.420303,4
SHAPE_8895245,11.2157158,-4.4204904,5
SHAPE_8895245,11.2164552,-4.4217074,6
SHAPE_8895245,11.2171648,-4.422868,7
SHAPE_8895245,11.2177044,-4.4236474,8
SHAPE_8895245,11.2184524,-4.4247265,9
SHAPE_8895245,11.2184825,-4.4247708,10
SHAPE_8895245,11.2188215,-4.4252709,11
SHAPE_8895245,11.2188538,-4.4253103,12
SHAPE_8895245,11.2190262,-4.425521,13
SHAPE_8895245,11.2194871,-4.4261169,14
SHAPE_8895245,11.2200193,-4.4267892,15
SHAPE_8895245,11.2203566,-4.4271793,16
SHAPE_8895245,11.2204512,-4.4272887,17
SHAPE_8895245,11.2205099,-4.4273567,18
SHAPE_8895245,11.2205712,-4.4274276,19
SHAPE_8895245,11.2216061,-4.4285924,20
SHAPE_8895245,11.2222775,-4.4293062,21
SHAPE_8895245,11.2228021,-4.42979,22
SHAPE_8895245,11.2228556,-4.4298393,23
SHAPE_8895245,11.2250187,-4.4316404,24
SHAPE_8895245,11.2252727,-4.4319062,25
SHAPE_8895245,11.2253061,-4.4319488,26
SHAPE_8895245,11.2143159,-4.4181669,27
SHAPE_8895245,11.2142278,-4.4180582,28
SHAPE_8895245,11.2139489,-4.4175848,29
SHAPE_8895245,11.2137088,-4.4171359,30
SHAPE_8895245,11.2136516,-4.4170491,31
SHAPE_8895245,11.2135805,-4.4169411,32
SHAPE_8895245,11.2134516,-4.4167145,33
SHAPE_8895245,11.2132438,-4.4163571,34
SHAPE_8895245,11.2130826,-4.4160707,35
SHAPE_8895245,11.2130074,-4.4158773,36
SHAPE_8895245,11.211232,-4.4129272,37
SHAPE_8895245,11.2107525,-4.4120298,38
SHAPE_8895245,11.2103446,-4.4111466,39
SHAPE_8895245,11.2097448,-4.4098949,40
SHAPE_8895245,11.209314,-4.4089406,41
SHAPE_8895245,11.2090578,-4.408453,42
SHAPE_8895245,11.2088322,-4.4080519,43
SHAPE_8895245,11.2085073,-4.4075128,44
SHAPE_8895245,11.2066744,-4.4046032,45
SHAPE_8895245,11.2052558,-4.4022959,46
SHAPE_8895245,11.2038517,-4.4000696,47
SHAPE_8895245,11.2004802,-4.3947082,48
SHAPE_8895245,11.200094,-4.3939832,49
SHAPE_8895245,11.1998846,-4.3935122,50
SHAPE_8895245,11.1996547,-4.3929465,51
SHAPE_8895245,11.1994912,-4.3922611,52
SHAPE_8895245,11.1989677,-4.3898729,53
SHAPE_8895245,11.1980671,-4.3850891,54
SHAPE_8895245,11.1979209,-4.3843127,55
SHAPE_8895245,11.1977838,-4.38347,56
SHAPE_8895245,11.1976718,-4.3826421,57
SHAPE_8895245,11.1973398,-4.3800585,58
SHAPE_8895245,11.1972679,-4.3795753,59
SHAPE_8895245,11.1971737,-4.3791757,60
SHAPE_8895245,11.1970113,-4.3784618,61
SHAPE_8895245,11.1968308,-4.3778767,62
SHAPE_8895245,11.1964517,-4.3766808,63
SHAPE_8895245,11.1955136,-4.3734551,64
SHAPE_8895245,11.1954415,-4.3731569,65
SHAPE_8895245,11.1953511,-4.3727829,66
SHAPE_8895245,11.1952827,-4.3723483,67
SHAPE_8895245,11.1952423,-4.3719866,68
SHAPE_8895245,11.1952234,-4.3716171,69
SHAPE_8895245,11.1951787,-4.3712309,70
SHAPE_8895245,11.1951287,-4.3709251,71
SHAPE_8895245,11.1950761,-4.3706435,72
SHAPE_8895245,11.1950208,-4.3700588,73
SHAPE_8895245,11.1949551,-4.3694031,74
SHAPE_8895245,11.1948945,-4.3689635,75
SHAPE_8895245,11.1948273,-4.3682908,76
SHAPE_8895245,11.1947263,-4.367577,77
SHAPE_8895245,11.1945917,-4.3670435,78
SHAPE_8895245,11.1944122,-4.3663884,79
SHAPE_8895245,11.1941451,-4.3656929,80
SHAPE_8895245,11.1941054,-4.3656115,81
SHAPE_8895245,11.1938708,-4.3651299,82
SHAPE_8895245,11.1935675,-4.3645853,83
SHAPE_8895245,11.1929178,-4.3635733,84
SHAPE_8895245,11.1925784,-4.3629846,85
SHAPE_8895245,11.1922872,-4.3623986,86
SHAPE_8895245,11.1917292,-4.3611994,87
SHAPE_8895245,11.1914398,-4.3605906,88
SHAPE_8895245,11.1911728,-4.3599997,89
SHAPE_8895245,11.1909399,-4.3595016,90
SHAPE_8895245,11.1908215,-4.3592414,91
SHAPE_8895245,11.1906779,-4.3589503,92
SHAPE_8895245,11.1906267,-4.3588284,93
SHAPE_8895245,11.1905583,-4.3586701,94
SHAPE_8895245,11.1903641,-4.3582414,95
SHAPE_8895245,11.1903093,-4.3581265,96
SHAPE_8895245,11.1901373,-4.3577663,97
SHAPE_8895245,11.1900216,-4.3575597,98
SHAPE_8895245,11.1899028,-4.3573298,99
SHAPE_8895245,11.1896611,-4.3569052,100
SHAPE_8895245,11.1895416,-4.3567182,101
SHAPE_8895245,11.1894787,-4.3566197,102
SHAPE_8895245,11.1892966,-4.356303,103
SHAPE_8895245,11.1891536,-4.3560542,104
SHAPE_8895245,11.1888335,-4.355521,105
SHAPE_8895245,11.1878311,-4.3538059,106
SHAPE_8895245,11.1875901,-4.3533369,107
SHAPE_8895245,11.1874063,-4.3529049,108
SHAPE_8895245,11.1872277,-4.3524079,109
SHAPE_8895245,11.1871,-4.351963,110
SHAPE_8895245,11.1867562,-4.3506329,111
SHAPE_8895245,11.1865457,-4.3499261,112
SHAPE_8895245,11.1863497,-4.3493038,113
SHAPE_8895245,11.1861734,-4.3487178,114
SHAPE_8895245,11.1860721,-4.348357,115
SHAPE_8895245,11.1858945,-4.3477602,116
SHAPE_8895245,11.185807,-4.3474632,117
SHAPE_8895245,11.1857195,-4.3472399,118
SHAPE_8895245,11.1856036,-4.3469945,119
SHAPE_8895245,11.1855164,-4.3468053,120
SHAPE_8895245,11.1853577,-4.3465143,121
SHAPE_8895245,11.1851222,-4.3460812,122
SHAPE_8895245,11.1848761,-4.3456722,123
SHAPE_8895245,11.1847683,-4.3454991,124
SHAPE_8895245,11.1844999,-4.3450418,125
SHAPE_8895245,11.1842749,-4.3446485,126
SHAPE_8895245,11.1841105,-4.3443498,127
SHAPE_8895245,11.1839645,-4.3441195,128
SHAPE_8895245,11.1836763,-4.3436015,129
SHAPE_8895245,11.1833685,-4.3430731,130
SHAPE_8895245,11.182933,-4.3423368,131
SHAPE_8895245,11.1827225,-4.3419693,132
SHAPE_8895245,11.1824289,-4.3414777,133
SHAPE_8895245,11.1820726,-4.3408633,134
SHAPE_8895245,11.1809198,-4.3388756,135
SHAPE_8895245,11.1807873,-4.3386454,136
SHAPE_8895245,11.1805706,-4.3382735,137
SHAPE_8895245,11.1797024,-4.336769,138
SHAPE_8895245,11.1791415,-4.3358226,139
SHAPE_8895245,11.1789072,-4.3353884,140
SHAPE_8895245,11.1787817,-4.3351604,141
SHAPE_8895245,11.1786755,-4.3349674,142
SHAPE_8895245,11.1784626,-4.3345815,143
SHAPE_8895245,11.1784223,-4.3344971,144
SHAPE_8895245,11.1784398,-4.3344825,145
SHAPE_8895245,11.1789513,-4.3340694,146
SHAPE_8895245,11.1793676,-4.3337232,147
SHAPE_8895245,11.179624,-4.3335232,148
SHAPE_8895245,11.1797469,-4.3334254,149
SHAPE_8895245,11.1798131,-4.3333728,150
SHAPE_8895245,11.1805544,-4.3327858,151
SHAPE_8895245,11.1809849,-4.3324362,152
SHAPE_8895245,11.1819668,-4.3316466,153
SHAPE_8895245,11.1824865,-4.3312273,154
SHAPE_8895245,11.1825781,-4.3311488,155
SHAPE_8895245,11.1828449,-4.3309657,156
SHAPE_8895245,11.1830859,-4.3307457,157
SHAPE_8895245,11.1831805,-4.3306593,158
SHAPE_8895245,11.1832557,-4.3306009,159
SHAPE_8895245,11.1833547,-4.330524,160
SHAPE_8895245,11.1835251,-4.3304377,161
SHAPE_8895245,11.1836399,-4.3304044,162
SHAPE_8895245,11.1844789,-4.330289,163
SHAPE_8895245,11.1849945,-4.3302184,164
SHAPE_8895245,11.1854523,-4.3301479,165
SHAPE_8895245,11.1860161,-4.3300501,166
SHAPE_8895245,11.1859026,-4.3294428,167
SHAPE_8895245,11.1858685,-4.3292679,168
SHAPE_8895245,11.185772,-4.3287732,169
SHAPE_8895245,11.185688,-4.3283422,170
SHAPE_8895245,11.1855626,-4.327694,171
SHAPE_8895245,11.1854488,-4.3271083,172
SHAPE_8895245,11.1853255,-4.3264739,173
SHAPE_8895245,11.1852021,-4.325839,174
SHAPE_8895245,11.1850854,-4.3251908,175
SHAPE_8895245,11.1849644,-4.3245932,176
SHAPE_8895245,11.184856,-4.3240576,177
SHAPE_8895245,11.1848395,-4.3239726,178
SHAPE_8895245,11.1848141,-4.3238419,179
SHAPE_8895245,11.1845487,-4.3225683,180
SHAPE_8895245,11.1844246,-4.3219749,181
SHAPE_8895245,11.1842922,-4.3213113,182
SHAPE_8895245,11.1842309,-4.3209259,183
SHAPE_8895245,11.1841946,-4.3207023,184
SHAPE_8895245,11.1841793,-4.3205252,185
SHAPE_8895245,11.1841254,-4.3201312,186
SHAPE_8895245,11.1839434,-4.3188025,187
SHAPE_8895245,11.1838636,-4.3182203,188
SHAPE_8895245,11.1838029,-4.3177771,189
SHAPE_8895245,11.1837123,-4.3171452,190
SHAPE_8895245,11.1836885,-4.316942,191
SHAPE_8895245,11.1836344,-4.3165469,192
SHAPE_8895245,11.183579,-4.3161427,193
SHAPE_8895245,11.1835461,-4.3159573,194
SHAPE_8895245,11.183522,-4.3157265,195
SHAPE_8895245,11.1834668,-4.3153234,196
SHAPE_8895245,11.1826179,-4.315445,197
SHAPE_8895245,11.1817722,-4.3155491,198
SHAPE_8895245,11.1812906,-4.3156265,199
SHAPE_8895245,11.1806136,-4.3157208,200
SHAPE_8895245,11.1794249,-4.3158864,201
SHAPE_8895245,11.1789143,-4.3159626,202
SHAPE_8895245,11.1788137,-4.3159748,203
SHAPE_8895245,11.178578,-4.3160044,204
SHAPE_8895245,11.1782031,-4.3160608,205
SHAPE_8895245,11.1770867,-4.316212,206
SHAPE_8895245,11.1762207,-4.3163409,207
SHAPE_8895245,11.1756056,-4.3164325,208
SHAPE_8895245,11.1753904,-4.3164645,209
SHAPE_8895245,11.1753431,-4.3161685,210
SHAPE_8895245,11.1752416,-4.3155323,211
SHAPE_8895245,11.1752145,-4.3153346,212
SHAPE_8895245,11.1751241,-4.3146754,213
SHAPE_8895245,11.1750573,-4.3141878,214
SHAPE_8895245,11.1749076,-4.3130545,215
SHAPE_8895245,11.1747685,-4.3119387,216
SHAPE_8895245,11.1745921,-4.3107773,217
SHAPE_8895245,11.1744731,-4.309906,218
SHAPE_8895245,11.1744394,-4.3096589,219
SHAPE_8895245,11.174321,-4.3087915,220
SHAPE_8895245,11.1742921,-4.3085321,221
SHAPE_8895245,11.1742738,-4.3083991,222
SHAPE_8895245,11.1742103,-4.3078957,223
SHAPE_8895245,11.174172,-4.3076597,224
SHAPE_8895245,11.174156,-4.3075432,225
SHAPE_8895245,11.1741496,-4.3074964,226
SHAPE_8895245,11.174133,-4.3073918,227
SHAPE_8895245,11.1739874,-4.3064896,228
SHAPE_8895245,11.1731893,-4.3066109,229
SHAPE_8895245,11.1728449,-4.3066597,230
SHAPE_8895245,11.1717724,-4.3068023,231
SHAPE_8895245,11.1706382,-4.3069723,232
SHAPE_8895245,11.1695428,-4.3071275,233
SHAPE_8895245,11.1691265,-4.3071865,234
SHAPE_8895245,11.1686698,-4.3072512,235
SHAPE_8895245,11.1684062,-4.3072886,236
SHAPE_8895245,11.1676535,-4.3073952,237
SHAPE_8895245,11.1672938,-4.3074444,238
SHAPE_8895245,11.1675952,-4.3062048,239
SHAPE_8895245,11.1678183,-4.3052324,240
SHAPE_8895245,11.1678631,-4.3050297,241
SHAPE_8895245,11.1679127,-4.3048494,242
SHAPE_8895245,11.167961,-4.3047206,243
SHAPE_8895245,11.1680074,-4.3046142,244
SHAPE_8895245,11.1680706,-4.3044935,245
SHAPE_8895245,11.1685439,-4.3037882,246
SHAPE_8895245,11.1688053,-4.3033321,247
SHAPE_8895245,11.1688553,-4.3032222,248
SHAPE_8895245,11.1688882,-4.303131,249
SHAPE_8895245,11.1689158,-4.3029097,250
SHAPE_8895245,11.1689335,-4.3025181,251
SHAPE_8895245,11.1700012,-4.3023757,252
SHAPE_8895245,11.1702776,-4.3023378,253
SHAPE_8895245,11.1707302,-4.3022756,254
SHAPE_8895245,11.1711499,-4.3022178,255
SHAPE_8895245,11.1717009,-4.3021419,256
SHAPE_8895245,11.1722486,-4.3020662,257
SHAPE_8895245,11.1733418,-4.3019234,258
SHAPE_8895245,11.1733885,-4.3018643,259
SHAPE_8895245,11.1739284,-4.3023976,260
SHAPE_8895245,11.1744283,-4.3029174,261
SHAPE_8895245,11.1748612,-4.3033243,262
SHAPE_8895245,11.1750821,-4.303551,263
SHAPE_8895245,11.1753844,-4.3038281,264
SHAPE_8895245,11.1755418,-4.3039403,265
SHAPE_8895245,11.1757203,-4.3041186,266
SHAPE_8895245,11.1760621,-4.3044598,267
SHAPE_8895245,11.1762691,-4.3046612,268
SHAPE_8895245,11.1765869,-4.3049751,269
SHAPE_8895245,11.1767385,-4.3051183,270
SHAPE_8895245,11.1769455,-4.305324,271
SHAPE_8895245,11.1772664,-4.3056256,272
SHAPE_8895245,11.1776422,-4.3059917,273
SHAPE_8895245,11.1778556,-4.3059687,274
SHAPE_8895246,11.1776422,-4.3059917,1
SHAPE_8895246,11.1778556,-4.3059687,2
SHAPE_8895246,11.1776422,-4.3059917,3
SHAPE_8895246,11.1772664,-4.3056256,4
SHAPE_8895246,11.1769455,-4.305324,5
SHAPE_8895246,11.1767385,-4.3051183,6
SHAPE_8895246,11.1765869,-4.3049751,7
SHAPE_8895246,11.1762691,-4.3046612,8
SHAPE_8895246,11.1760621,-4.3044598,9
SHAPE_8895246,11.1757203,-4.3041186,10
SHAPE_8895246,11.1755418,-4.3039403,11
SHAPE_8895246,11.1753844,-4.3038281,12
SHAPE_8895246,11.1750821,-4.303551,13
SHAPE_8895246,11.1748612,-4.3033243,14
SHAPE_8895246,11.1744283,-4.3029174,15
SHAPE_8895246,11.1739284,-4.3023976,16
SHAPE_8895246,11.1733885,-4.3018643,17
SHAPE_8895246,11.1733418,-4.3019234,18
SHAPE_8895246,11.1722486,-4.3020662,19
SHAPE_8895246,11.1717009,-4.3021419,20
SHAPE_8895246,11.1711499,-4.3022178,21
SHAPE_8895246,11.1707302,-4.3022756,22
SHAPE_8895246,11.1702776,-4.3023378,23
SHAPE_8895246,11.1700012,-4.3023757,24
SHAPE_8895246,11.1689335,-4.3025181,25
SHAPE_8895246,11.1689158,-4.3029097,26
SHAPE_8895246,11.1688882,-4.303131,27
SHAPE_8895246,11.1688553,-4.3032222,28
SHAPE_8895246,11.1688053,-4.3033321,29
SHAPE_8895246,11.1685439,-4.3037882,30
SHAPE_8895246,11.1680706,-4.3044935,31
SHAPE_8895246,11.1680074,-4.3046142,32
SHAPE_8895246,11.167961,-4.3047206,33
SHAPE_8895246,11.1679127,-4.3048494,34
SHAPE_8895246,11.1678631,-4.3050297,35
SHAPE_8895246,11.1678183,-4.3052324,36
SHAPE_8895246,11.1675952,-4.3062048,37
SHAPE_8895246,11.1672938,-4.3074444,38
SHAPE_8895246,11.1676535,-4.3073952,39
SHAPE_8895246,11.1684062,-4.3072886,40
SHAPE_8895246,11.1686698,-4.3072512,41
SHAPE_8895246,11.1691265,-4.3071865,42
SHAPE_8895246,11.1695428,-4.3071275,43
SHAPE_8895246,11.1706382,-4.3069723,44
SHAPE_8895246,11.1717724,-4.3068023,45
SHAPE_8895246,11.1728449,-4.3066597,46
SHAPE_8895246,11.1731893,-4.3066109,47
SHAPE_8895246,11.1739874,-4.3064896,48
SHAPE_8895246,11.174133,-4.3073918,49
SHAPE_8895246,11.1741496,-4.3074964,50
SHAPE_8895246,11.174156,-4.3075432,51
SHAPE_8895246,11.174172,-4.3076597,52
SHAPE_8895246,11.1742103,-4.3078957,53
SHAPE_8895246,11.1742738,-4.3083991,54
SHAPE_8895246,11.1742921,-4.3085321,55
SHAPE_8895246,11.174321,-4.3087915,56
SHAPE_8895246,11.1744394,-4.3096589,57
SHAPE_8895246,11.1744731,-4.309906,58
SHAPE_8895246,11.1745921,-4.3107773,59
SHAPE_8895246,11.1747685,-4.3119387,60
SHAPE_8895246,11.1749076,-4.3130545,61
SHAPE_8895246,11.1750573,-4.3141878,62
SHAPE_8895246,11.1751241,-4.3146754,63
SHAPE_8895246,11.1752145,-4.3153346,64
SHAPE_8895246,11.1752416,-4.3155323,65
SHAPE_8895246,11.1753431,-4.3161685,66
SHAPE_8895246,11.1753904,-4.3164645,67
SHAPE_8895246,11.1756056,-4.3164325,68
SHAPE_8895246,11.1762207,-4.3163409,69
SHAPE_8895246,11.1770867,-4.316212,70
SHAPE_8895246,11.1782031,-4.3160608,71
SHAPE_8895246,11.178578,-4.3160044,72
SHAPE_8895246,11.1788137,-4.3159748,73
SHAPE_8895246,11.1789143,-4.3159626,74
SHAPE_8895246,11.1794249,-4.3158864,75
SHAPE_8895246,11.1806136,-4.3157208,76
SHAPE_8895246,11.1812906,-4.3156265,77
SHAPE_8895246,11.1817722,-4.3155491,78
SHAPE_8895246,11.1826179,-4.315445,79
SHAPE_8895246,11.1834668,-4.3153234,80
SHAPE_8895246,11.183522,-4.3157265,81
SHAPE_8895246,11.1835461,-4.3159573,82
SHAPE_8895246,11.183579,-4.3161427,83
SHAPE_8895246,11.1836344,-4.3165469,84
SHAPE_8895246,11.1836885,-4.316942,85
SHAPE_8895246,11.1837123,-4.3171452,86
SHAPE_8895246,11.1838029,-4.3177771,87
SHAPE_8895246,11.1838636,-4.3182203,88
SHAPE_8895246,11.1839434,-4.3188025,89
SHAPE_8895246,11.1841254,-4.3201312,90
SHAPE_8895246,11.1841793,-4.3205252,91
SHAPE_8895246,11.1841946,-4.3207023,92
SHAPE_8895246,11.1842309,-4.3209259,93
SHAPE_8895246,11.1842922,-4.3213113,94
SHAPE_8895246,11.1844246,-4.3219749,95
SHAPE_8895246,11.1845487,-4.3225683,96
SHAPE_8895246,11.1848141,-4.3238419,97
SHAPE_8895246,11.1848395,-4.3239726,98
SHAPE_8895246,11.184856,-4.3240576,99
SHAPE_8895246,11.1849644,-4.3245932,100
SHAPE_8895246,11.1850854,-4.3251908,101
SHAPE_8895246,11.1852021,-4.325839,102
SHAPE_8895246,11.1853255,-4.3264739,103
SHAPE_8895246,11.1854488,-4.3271083,104
SHAPE_8895246,11.1855626,-4.327694,105
SHAPE_8895246,11.185688,-4.3283422,106
SHAPE_8895246,11.185772,-4.3287732,107
SHAPE_8895246,11.1858685,-4.3292679,108
SHAPE_8895246,11.1859026,-4.3294428,109
SHAPE_8895246,11.1860161,-4.3300501,110
SHAPE_8895246,11.1860285,-4.3301491,111
SHAPE_8895246,11.1854683,-4.3302407,112
SHAPE_8895246,11.1850023,-4.3303153,113
SHAPE_8895246,11.184519,-4.3303751,114
SHAPE_8895246,11.1836439,-4.3304936,115
SHAPE_8895246,11.1835554,-4.3305205,116
SHAPE_8895246,11.1834753,-4.3305639,117
SHAPE_8895246,11.1829004,-4.3310305,118
SHAPE_8895246,11.1827151,-4.331175,119
SHAPE_8895246,11.1825636,-4.3312932,120
SHAPE_8895246,11.1823028,-4.3315101,121
SHAPE_8895246,11.1820147,-4.3317354,122
SHAPE_8895246,11.1809473,-4.3325953,123
SHAPE_8895246,11.1806067,-4.3328701,124
SHAPE_8895246,11.1798436,-4.3334932,125
SHAPE_8895246,11.1797898,-4.3335365,126
SHAPE_8895246,11.1796825,-4.3336228,127
SHAPE_8895246,11.1790143,-4.3341603,128
SHAPE_8895246,11.1784626,-4.3345815,129
SHAPE_8895246,11.1786755,-4.3349674,130
SHAPE_8895246,11.1787817,-4.3351604,131
SHAPE_8895246,11.1789072,-4.3353884,132
SHAPE_8895246,11.1791415,-4.3358226,133
SHAPE_8895246,11.1797024,-4.336769,134
SHAPE_8895246,11.1805706,-4.3382735,135
SHAPE_8895246,11.1807873,-4.3386454,136
SHAPE_8895246,11.1809198,-4.3388756,137
SHAPE_8895246,11.1820726,-4.3408633,138
SHAPE_8895246,11.1824289,-4.3414777,139
SHAPE_8895246,11.1827225,-4.3419693,140
SHAPE_8895246,11.182933,-4.3423368,141
SHAPE_8895246,11.1833685,-4.3430731,142
SHAPE_8895246,11.1836763,-4.3436015,143
SHAPE_8895246,11.1839645,-4.3441195,144
SHAPE_8895246,11.1841105,-4.3443498,145
SHAPE_8895246,11.1842749,-4.3446485,146
SHAPE_8895246,11.1844999,-4.3450418,147
SHAPE_8895246,11.1847683,-4.3454991,148
SHAPE_8895246,11.1848761,-4.3456722,149
SHAPE_8895246,11.1851222,-4.3460812,150
SHAPE_8895246,11.1853577,-4.3465143,151
SHAPE_8895246,11.1855164,-4.3468053,152
SHAPE_8895246,11.1856036,-4.3469945,153
SHAPE_8895246,11.1857195,-4.3472399,154
SHAPE_8895246,11.185807,-4.3474632,155
SHAPE_8895246,11.1858945,-4.3477602,156
SHAPE_8895246,11.1860721,-4.348357,157
SHAPE_8895246,11.1861734,-4.3487178,158
SHAPE_8895246,11.1863497,-4.3493038,159
SHAPE_8895246,11.1865457,-4.3499261,160
SHAPE_8895246,11.1867562,-4.3506329,161
SHAPE_8895246,11.1871,-4.351963,162
SHAPE_8895246,11.1872277,-4.3524079,163
SHAPE_8895246,11.1874063,-4.3529049,164
SHAPE_8895246,11.1875901,-4.3533369,165
SHAPE_8895246,11.1878311,-4.3538059,166
SHAPE_8895246,11.1888335,-4.355521,167
SHAPE_8895246,11.1891536,-4.3560542,168
SHAPE_8895246,11.1892966,-4.356303,169
SHAPE_8895246,11.1894787,-4.3566197,170
SHAPE_8895246,11.1895416,-4.3567182,171
SHAPE_8895246,11.1896611,-4.3569052,172
SHAPE_8895246,11.1899028,-4.3573298,173
SHAPE_8895246,11.1900216,-4.3575597,174
SHAPE_8895246,11.1901373,-4.3577663,175
SHAPE_8895246,11.1903093,-4.3581265,176
SHAPE_8895246,11.1903641,-4.3582414,177
SHAPE_8895246,11.1905583,-4.3586701,178
SHAPE_8895246,11.1906267,-4.3588284,179
SHAPE_8895246,11.1906779,-4.3589503,180
SHAPE_8895246,11.1908215,-4.3592414,181
SHAPE_8895246,11.1909399,-4.3595016,182
SHAPE_8895246,11.1911728,-4.3599997,183
SHAPE_8895246,11.1914398,-4.3605906,184
SHAPE_8895246,11.1917292,-4.3611994,185
SHAPE_8895246,11.1922872,-4.3623986,186
SHAPE_8895246,11.1925784,-4.3629846,187
SHAPE_8895246,11.1929178,-4.3635733,188
SHAPE_8895246,11.1935675,-4.3645853,189
SHAPE_8895246,11.1938708,-4.3651299,190
SHAPE_8895246,11.1941054,-4.3656115,191
SHAPE_8895246,11.1941451,-4.3656929,192
SHAPE_8895246,11.1944122,-4.3663884,193
SHAPE_8895246,11.1945917,-4.3670435,194
SHAPE_8895246,11.1947263,-4.367577,195
SHAPE_8895246,11.1948273,-4.3682908,196
SHAPE_8895246,11.1948945,-4.3689635,197
SHAPE_8895246,11.1949551,-4.3694031,198
SHAPE_8895246,11.1950208,-4.3700588,199
SHAPE_8895246,11.1950761,-4.3706435,200
SHAPE_8895246,11.1951287,-4.3709251,201
SHAPE_8895246,11.1951787,-4.3712309,202
SHAPE_8895246,11.1952234,-4.3716171,203
SHAPE_8895246,11.1952423,-4.3719866,204
SHAPE_8895246,11.1952827,-4.3723483,205
SHAPE_8895246,11.1953511,-4.3727829,206
SHAPE_8895246,11.1954415,-4.3731569,207
SHAPE_8895246,11.1955136,-4.3734551,208
SHAPE_8895246,11.1964517,-4.3766808,209
SHAPE_8895246,11.1968308,-4.3778767,210
SHAPE_8895246,11.1970113,-4.3784618,211
SHAPE_8895246,11.1971737,-4.3791757,212
SHAPE_8895246,11.1972679,-4.3795753,213
SHAPE_8895246,11.1973398,-4.3800585,214
SHAPE_8895246,11.1976718,-4.3826421,215
SHAPE_8895246,11.1977838,-4.38347,216
SHAPE_8895246,11.1979209,-4.3843127,217
SHAPE_8895246,11.1980671,-4.3850891,218
SHAPE_8895246,11.1989677,-4.3898729,219
SHAPE_8895246,11.1994912,-4.3922611,220
SHAPE_8895246,11.1996547,-4.3929465,221
SHAPE_8895246,11.1998846,-4.3935122,222
SHAPE_8895246,11.200094,-4.3939832,223
SHAPE_8895246,11.2004802,-4.3947082,224
SHAPE_8895246,11.2038517,-4.4000696,225
SHAPE_8895246,11.2052558,-4.4022959,226
SHAPE_8895246,11.2066744,-4.4046032,227
SHAPE_8895246,11.2085073,-4.4075128,228
SHAPE_8895246,11.2088322,-4.4080519,229
SHAPE_8895246,11.2090578,-4.408453,230
SHAPE_8895246,11.209314,-4.4089406,231
SHAPE_8895246,11.2097448,-4.4098949,232
SHAPE_8895246,11.2103446,-4.4111466,233
SHAPE_8895246,11.2107525,-4.4120298,234
SHAPE_8895246,11.211232,-4.4129272,235
SHAPE_8895246,11.2130074,-4.4158773,236
SHAPE_8895246,11.2131346,-4.4160184,237
SHAPE_8895246,11.2132911,-4.4162464,238
SHAPE_8895246,11.2134727,-4.4164898,239
SHAPE_8895246,11.2135746,-4.4166078,240
SHAPE_8895246,11.2136581,-4.4166917,241
SHAPE_8895246,11.213756,-4.4167911,242
SHAPE_8895246,11.2137897,-4.4168264,243
SHAPE_8895246,11.2138377,-4.4168928,244
SHAPE_8895246,11.2138959,-4.4170195,245
SHAPE_8895246,11.2139121,-4.41709,246
SHAPE_8895246,11.2139989,-4.4174306,247
SHAPE_8895246,11.2140265,-4.4175198,248
SHAPE_8895246,11.2140798,-4.4176257,249
SHAPE_8895246,11.2142172,-4.4179127,250
SHAPE_8895246,11.2142784,-4.4180287,251
SHAPE_8895246,11.2143159,-4.4181669,252
SHAPE_8895246,11.2147858,-4.4189248,253
SHAPE_8895246,11.2154364,-4.4200235,254
SHAPE_8895246,11.2156019,-4.420303,255
SHAPE_8895246,11.2157158,-4.4204904,256
SHAPE_8895246,11.2164552,-4.4217074,257
SHAPE_8895246,11.2171648,-4.422868,258
SHAPE_8895246,11.2177044,-4.4236474,259
SHAPE_8895246,11.2184524,-4.4247265,260
SHAPE_8895246,11.2184825,-4.4247708,261
SHAPE_8895246,11.2188215,-4.4252709,262
SHAPE_8895246,11.2188538,-4.4253103,263
SHAPE_8895246,11.2190262,-4.425521,264
SHAPE_8895246,11.2194871,-4.4261169,265
SHAPE_8895246,11.2200193,-4.4267892,266
SHAPE_8895246,11.2203566,-4.4271793,267
SHAPE_8895246,11.2204512,-4.4272887,268
SHAPE_8895246,11.2205099,-4.4273567,269
SHAPE_8895246,11.2205712,-4.4274276,270
SHAPE_8895246,11.2216061,-4.4285924,271
SHAPE_8895246,11.2222775,-4.4293062,272
SHAPE_8895246,11.2228021,-4.42979,273
SHAPE_8895246,11.2228556,-4.4298393,274
SHAPE_8895246,11.2250187,-4.4316404,275
SHAPE_8895246,11.2252727,-4.4319062,276
SHAPE_8895246,11.2253061,-4.4319488,277
SHAPE_8895590,11.1661524,-4.2399826,1
SHAPE_8895590,11.1663468,-4.2408243,2
SHAPE_8895590,11.1664662,-4.241422,3
SHAPE_8895590,11.1667053,-4.2424204,4
SHAPE_8895590,11.1669567,-4.2433322,5
SHAPE_8895590,11.1670205,-4.2435624,6
SHAPE_8895590,11.167091,-4.2437911,7
SHAPE_8895590,11.1671382,-4.2439444,8
SHAPE_8895590,11.1673692,-4.2446396,9
SHAPE_8895590,11.16754,-4.2451534,10
SHAPE_8895590,11.1678035,-4.2459045,11
SHAPE_8895590,11.168028,-4.2465554,12
SHAPE_8895590,11.1682744,-4.2473448,13
SHAPE_8895590,11.1685502,-4.2482471,14
SHAPE_8895590,11.168613,-4.2484125,15
SHAPE_8895590,11.168729,-4.2487438,16
SHAPE_8895590,11.1688454,-4.2490981,17
SHAPE_8895590,11.1689081,-4.2492949,18
SHAPE_8895590,11.1691876,-4.2501041,19
SHAPE_8895590,11.1694358,-4.2508702,20
SHAPE_8895590,11.1695381,-4.2511813,21
SHAPE_8895590,11.1696534,-4.2515174,22
SHAPE_8895590,11.1698682,-4.2521987,23
SHAPE_8895590,11.1699465,-4.2524462,24
SHAPE_8895590,11.1700806,-4.2528697,25
SHAPE_8895590,11.17023,-4.2533271,26
SHAPE_8895590,11.1703151,-4.2535662,27
SHAPE_8895590,11.1704445,-4.2539837,28
SHAPE_8895590,11.170665,-4.2546266,29
SHAPE_8895590,11.1707953,-4.2550807,30
SHAPE_8895590,11.1709559,-4.2556238,31
SHAPE_8895590,11.1711111,-4.2561374,32
SHAPE_8895590,11.1711423,-4.2562718,33
SHAPE_8895590,11.1711726,-4.2564196,34
SHAPE_8895590,11.1712341,-4.256655,35
SHAPE_8895590,11.1713341,-4.2572746,36
SHAPE_8895590,11.1713827,-4.257571,37
SHAPE_8895590,11.1714019,-4.2578076,38
SHAPE_8895590,11.1714393,-4.2584269,39
SHAPE_8895590,11.1714456,-4.2587686,40
SHAPE_8895590,11.1714543,-4.2592261,41
SHAPE_8895590,11.1714574,-4.2601597,42
SHAPE_8895590,11.1714623,-4.2607334,43
SHAPE_8895590,11.1714738,-4.2612103,44
SHAPE_8895590,11.1714928,-4.2618296,45
SHAPE_8895590,11.1715004,-4.2619987,46
SHAPE_8895590,11.1715124,-4.2621601,47
SHAPE_8895590,11.1715168,-4.2622193,48
SHAPE_8895590,11.1715334,-4.2624258,49
SHAPE_8895590,11.171547,-4.2626231,50
SHAPE_8895590,11.171584,-4.2632537,51
SHAPE_8895590,11.1716286,-4.2639628,52
SHAPE_8895590,11.1716822,-4.264728,53
SHAPE_8895590,11.1717099,-4.2653232,54
SHAPE_8895590,11.171742,-4.2660152,55
SHAPE_8895590,11.1717641,-4.2664426,56
SHAPE_8895590,11.1717826,-4.2668295,57
SHAPE_8895590,11.1717982,-4.2673481,58
SHAPE_8895590,11.1718015,-4.2674324,59
SHAPE_8895590,11.1718037,-4.2676488,60
SHAPE_8895590,11.1718419,-4.2677519,61
SHAPE_8895590,11.1718689,-4.2678123,62
SHAPE_8895590,11.1719077,-4.2679015,63
SHAPE_8895590,11.1719728,-4.2679954,64
SHAPE_8895590,11.1720801,-4.2681,65
SHAPE_8895590,11.1721899,-4.2681617,66
SHAPE_8895590,11.1723215,-4.2682301,67
SHAPE_8895590,11.1726181,-4.268259,68
SHAPE_8895590,11.1728547,-4.2682778,69
SHAPE_8895590,11.1730242,-4.2682962,70
SHAPE_8895590,11.1732006,-4.2683288,71
SHAPE_8895590,11.1734106,-4.2683899,72
SHAPE_8895590,11.173611,-4.2684855,73
SHAPE_8895590,11.1737624,-4.2685829,74
SHAPE_8895590,11.1738738,-4.2686653,75
SHAPE_8895590,11.1740054,-4.2687887,76
SHAPE_8895590,11.1740614,-4.2688485,77
SHAPE_8895590,11.1742108,-4.2690092,78
SHAPE_8895590,11.1743187,-4.2691239,79
SHAPE_8895590,11.1744159,-4.2692269,80
SHAPE_8895590,11.1746167,-4.269437,81
SHAPE_8895590,11.1750602,-4.2699108,82
SHAPE_8895590,11.1758165,-4.2707323,83
SHAPE_8895590,11.1764849,-4.2714588,84
SHAPE_8895590,11.1767985,-4.2717996,85
SHAPE_8895590,11.1770552,-4.2720744,86
SHAPE_8895590,11.1776975,-4.2727343,87
SHAPE_8895590,11.178415,-4.2735471,88
SHAPE_8895590,11.1790913,-4.2742744,89
SHAPE_8895590,11.1792955,-4.2744923,90
SHAPE_8895590,11.1797679,-4.274994,91
SHAPE_8895590,11.1805,-4.2757768,92
SHAPE_8895590,11.1809214,-4.2762285,93
SHAPE_8895590,11.1812199,-4.2765528,94
SHAPE_8895590,11.1812782,-4.2766211,95
SHAPE_8895590,11.1818921,-4.2772918,96
SHAPE_8895590,11.1821249,-4.2775721,97
SHAPE_8895590,11.1823008,-4.2777837,98
SHAPE_8895590,11.1825528,-4.2781278,99
SHAPE_8895590,11.1827375,-4.2784297,100
SHAPE_8895590,11.1828953,-4.2787247,101
SHAPE_8895590,11.1830757,-4.2791365,102
SHAPE_8895590,11.1831177,-4.2792531,103
SHAPE_8895590,11.1832137,-4.2795334,104
SHAPE_8895590,11.1833071,-4.279874,105
SHAPE_8895590,11.183386,-4.2801905,106
SHAPE_8895590,11.1834553,-4.2805441,107
SHAPE_8895590,11.183499,-4.2808422,108
SHAPE_8895590,11.1835961,-4.2815676,109
SHAPE_8895590,11.1836784,-4.2821575,110
SHAPE_8895590,11.1837661,-4.2827866,111
SHAPE_8895590,11.1838067,-4.2831098,112
SHAPE_8895590,11.1839016,-4.2838208,113
SHAPE_8895590,11.184077,-4.2851022,114
SHAPE_8895590,11.1841367,-4.2855511,115
SHAPE_8895590,11.1842849,-4.2866147,116
SHAPE_8895590,11.1844086,-4.2875138,117
SHAPE_8895590,11.1844091,-4.2875182,118
SHAPE_8895590,11.1845373,-4.2884775,119
SHAPE_8895590,11.1846369,-4.2891541,120
SHAPE_8895590,11.1847765,-4.2900303,121
SHAPE_8895590,11.1848551,-4.2906319,122
SHAPE_8895590,11.1849291,-4.2912314,123
SHAPE_8895590,11.1850153,-4.2918236,124
SHAPE_8895590,11.1850859,-4.2923933,125
SHAPE_8895590,11.185167,-4.2929792,126
SHAPE_8895590,11.1852648,-4.2936901,127
SHAPE_8895590,11.1853811,-4.294425,128
SHAPE_8895590,11.1854338,-4.2948414,129
SHAPE_8895590,11.1854619,-4.2950425,130
SHAPE_8895590,11.1855563,-4.295738,131
SHAPE_8895590,11.1855659,-4.2958089,132
SHAPE_8895590,11.185461,-4.29582,133
SHAPE_8895590,11.1853544,-4.2957891,134
SHAPE_8895590,11.1852103,-4.2957998,135
SHAPE_8895590,11.1846616,-4.2958654,136
SHAPE_8895590,11.1846236,-4.295897,137
SHAPE_8895590,11.1845573,-4.2959453,138
SHAPE_8895590,11.1844963,-4.29598,139
SHAPE_8895590,11.184444,-4.2960146,140
SHAPE_8895590,11.1844135,-4.2960274,141
SHAPE_8895590,11.1843501,-4.2960614,142
SHAPE_8895590,11.1843403,-4.2961224,143
SHAPE_8895590,11.184328,-4.2961446,144
SHAPE_8895590,11.1843114,-4.2961638,145
SHAPE_8895590,11.1842913,-4.2961791,146
SHAPE_8895590,11.1842613,-4.2961929,147
SHAPE_8895590,11.1841707,-4.2963128,148
SHAPE_8895590,11.1841031,-4.2963902,149
SHAPE_8895590,11.1840505,-4.2964622,150
SHAPE_8895590,11.1839847,-4.2965614,151
SHAPE_8895590,11.1838353,-4.2968229,152
SHAPE_8895590,11.1837116,-4.2970395,153
SHAPE_8895590,11.1833549,-4.2976586,154
SHAPE_8895590,11.1829731,-4.2983108,155
SHAPE_8895590,11.1826172,-4.2989293,156
SHAPE_8895590,11.1822492,-4.2995422,157
SHAPE_8895590,11.1819441,-4.3000674,158
SHAPE_8895590,11.1815428,-4.30076,159
SHAPE_8895590,11.1814657,-4.3008938,160
SHAPE_8895590,11.1807714,-4.3020593,161
SHAPE_8895590,11.1807494,-4.3020965,162
SHAPE_8895590,11.1801226,-4.3031568,163
SHAPE_8895590,11.1800184,-4.3033331,164
SHAPE_8895590,11.179846,-4.3036298,165
SHAPE_8895590,11.1796281,-4.3040094,166
SHAPE_8895590,11.1793076,-4.3045496,167
SHAPE_8895590,11.1792334,-4.3046825,168
SHAPE_8895590,11.1791176,-4.3048781,169
SHAPE_8895590,11.1785221,-4.3058806,170
SHAPE_8895590,11.1784531,-4.3058885,171
SHAPE_8895590,11.1780962,-4.3059374,172
SHAPE_8895590,11.1780582,-4.3059416,173
SHAPE_8895590,11.1778556,-4.3059687,174
SHAPE_8895591,11.1778556,-4.3059687,1
SHAPE_8895591,11.1780582,-4.3059416,2
SHAPE_8895591,11.1780962,-4.3059374,3
SHAPE_8895591,11.1784531,-4.3058885,4
SHAPE_8895591,11.1788334,-4.3052204,5
SHAPE_8895591,11.1790834,-4.3048007,6
SHAPE_8895591,11.1791718,-4.3046474,7
SHAPE_8895591,11.1792287,-4.3045533,8
SHAPE_8895591,11.1796886,-4.3037988,9
SHAPE_8895591,11.179953,-4.3033428,10
SHAPE_8895591,11.1800918,-4.3031033,11
SHAPE_8895591,11.1806947,-4.302068,12
SHAPE_8895591,11.180734,-4.3020005,13
SHAPE_8895591,11.1813967,-4.3008429,14
SHAPE_8895591,11.181478,-4.3007034,15
SHAPE_8895591,11.1816711,-4.3003768,16
SHAPE_8895591,11.1818743,-4.3000332,17
SHAPE_8895591,11.182155,-4.2995517,18
SHAPE_8895591,11.1824205,-4.2991016,19
SHAPE_8895591,11.1828794,-4.2983237,20
SHAPE_8895591,11.183471,-4.2973097,21
SHAPE_8895591,11.1839343,-4.2965467,22
SHAPE_8895591,11.1839959,-4.2964306,23
SHAPE_8895591,11.1840415,-4.2963516,24
SHAPE_8895591,11.1840745,-4.2962871,25
SHAPE_8895591,11.1840926,-4.2962435,26
SHAPE_8895591,11.1841083,-4.2962103,27
SHAPE_8895591,11.1841468,-4.296163,28
SHAPE_8895591,11.1841182,-4.2961257,29
SHAPE_8895591,11.1841093,-4.296099,30
SHAPE_8895591,11.1841064,-4.2960709,31
SHAPE_8895591,11.1841099,-4.296043,32
SHAPE_8895591,11.1841195,-4.2960165,33
SHAPE_8895591,11.1841346,-4.2959929,34
SHAPE_8895591,11.1841547,-4.2959734,35
SHAPE_8895591,11.1841785,-4.295959,36
SHAPE_8895591,11.1842086,-4.2959532,37
SHAPE_8895591,11.1842433,-4.2959523,38
SHAPE_8895591,11.1842647,-4.2959583,39
SHAPE_8895591,11.1844952,-4.2958882,40
SHAPE_8895591,11.184582,-4.2958775,41
SHAPE_8895591,11.1846616,-4.2958654,42
SHAPE_8895591,11.1852103,-4.2957998,43
SHAPE_8895591,11.1853544,-4.2957891,44
SHAPE_8895591,11.1854512,-4.2957469,45
SHAPE_8895591,11.1853608,-4.2950576,46
SHAPE_8895591,11.1853504,-4.2949701,47
SHAPE_8895591,11.1852828,-4.294439,48
SHAPE_8895591,11.1851824,-4.2937128,49
SHAPE_8895591,11.1850785,-4.2929935,50
SHAPE_8895591,11.1850075,-4.292397,51
SHAPE_8895591,11.1849903,-4.2922768,52
SHAPE_8895591,11.1849194,-4.291787,53
SHAPE_8895591,11.1848439,-4.2912415,54
SHAPE_8895591,11.1847775,-4.290711,55
SHAPE_8895591,11.1846971,-4.2900797,56
SHAPE_8895591,11.1845929,-4.2892989,57
SHAPE_8895591,11.1845887,-4.2892718,58
SHAPE_8895591,11.1845843,-4.2892427,59
SHAPE_8895591,11.1845527,-4.2891013,60
SHAPE_8895591,11.1844615,-4.2884721,61
SHAPE_8895591,11.184336,-4.2875104,62
SHAPE_8895591,11.1842077,-4.2866101,63
SHAPE_8895591,11.184069,-4.2855486,64
SHAPE_8895591,11.1839948,-4.285045,65
SHAPE_8895591,11.1837415,-4.2831291,66
SHAPE_8895591,11.183686,-4.2827983,67
SHAPE_8895591,11.1835325,-4.281579,68
SHAPE_8895591,11.1834381,-4.2808739,69
SHAPE_8895591,11.1833871,-4.2805358,70
SHAPE_8895591,11.1833114,-4.2801931,71
SHAPE_8895591,11.1832486,-4.2799493,72
SHAPE_8895591,11.1832284,-4.279871,73
SHAPE_8895591,11.183189,-4.2797387,74
SHAPE_8895591,11.1831323,-4.2795441,75
SHAPE_8895591,11.1830485,-4.2792919,76
SHAPE_8895591,11.1830148,-4.2792048,77
SHAPE_8895591,11.1828316,-4.2788056,78
SHAPE_8895591,11.18265,-4.2784805,79
SHAPE_8895591,11.1824494,-4.2781625,80
SHAPE_8895591,11.1822127,-4.2778251,81
SHAPE_8895591,11.182057,-4.2776387,82
SHAPE_8895591,11.1818538,-4.2774101,83
SHAPE_8895591,11.1812895,-4.2767786,84
SHAPE_8895591,11.181199,-4.2766879,85
SHAPE_8895591,11.1804828,-4.2759221,86
SHAPE_8895591,11.1798007,-4.2751615,87
SHAPE_8895591,11.1792164,-4.2745469,88
SHAPE_8895591,11.1790795,-4.2744016,89
SHAPE_8895591,11.1788984,-4.2742038,90
SHAPE_8895591,11.1783742,-4.2736441,91
SHAPE_8895591,11.1779539,-4.2731877,92
SHAPE_8895591,11.1776226,-4.2728197,93
SHAPE_8895591,11.1775387,-4.2727313,94
SHAPE_8895591,11.1769888,-4.2721556,95
SHAPE_8895591,11.1768639,-4.2720248,96
SHAPE_8895591,11.1767362,-4.2718853,97
SHAPE_8895591,11.1759556,-4.2710433,98
SHAPE_8895591,11.1757195,-4.2707755,99
SHAPE_8895591,11.1750072,-4.2700174,100
SHAPE_8895591,11.174906,-4.2699047,101
SHAPE_8895591,11.1748335,-4.2698225,102
SHAPE_8895591,11.1745443,-4.2695256,103
SHAPE_8895591,11.1742338,-4.269191,104
SHAPE_8895591,11.174149,-4.2690944,105
SHAPE_8895591,11.174081,-4.2690215,106
SHAPE_8895591,11.1739467,-4.2688754,107
SHAPE_8895591,11.1738108,-4.268742,108
SHAPE_8895591,11.1736855,-4.2686474,109
SHAPE_8895591,11.1735424,-4.2685586,110
SHAPE_8895591,11.1733844,-4.2684816,111
SHAPE_8895591,11.1731826,-4.2684169,112
SHAPE_8895591,11.173006,-4.2683836,113
SHAPE_8895591,11.1728435,-4.2683663,114
SHAPE_8895591,11.1726728,-4.2683534,115
SHAPE_8895591,11.1723669,-4.2683347,116
SHAPE_8895591,11.1721925,-4.2683407,117
SHAPE_8895591,11.1721241,-4.2683467,118
SHAPE_8895591,11.1720294,-4.2683575,119
SHAPE_8895591,11.1719378,-4.2683687,120
SHAPE_8895591,11.1719254,-4.2683834,121
SHAPE_8895591,11.1718899,-4.2684075,122
SHAPE_8895591,11.1718494,-4.2684211,123
SHAPE_8895591,11.1718068,-4.2684232,124
SHAPE_8895591,11.1717837,-4.2684231,125
SHAPE_8895591,11.1717488,-4.2684064,126
SHAPE_8895591,11.1717172,-4.2683849,127
SHAPE_8895591,11.1716916,-4.2683564,128
SHAPE_8895591,11.1716733,-4.2683225,129
SHAPE_8895591,11.1716634,-4.2682852,130
SHAPE_8895591,11.1716626,-4.2682456,131
SHAPE_8895591,11.1716713,-4.268207,132
SHAPE_8895591,11.1716889,-4.2681717,133
SHAPE_8895591,11.1717144,-4.2681419,134
SHAPE_8895591,11.1717472,-4.2681187,135
SHAPE_8895591,11.1717846,-4.2681046,136
SHAPE_8895591,11.1718243,-4.2681005,137
SHAPE_8895591,11.1718638,-4.2681066,138
SHAPE_8895591,11.1719005,-4.2681225,139
SHAPE_8895591,11.1719133,-4.2681325,140
SHAPE_8895591,11.1719494,-4.2681708,141
SHAPE_8895591,11.1719713,-4.268219,142
SHAPE_8895591,11.1719768,-4.2682718,143
SHAPE_8895591,11.1719652,-4.2683235,144
SHAPE_8895591,11.1719378,-4.2683687,145
SHAPE_8895591,11.1719254,-4.2683834,146
SHAPE_8895591,11.1717144,-4.2681419,147
SHAPE_8895591,11.1717335,-4.2680657,148
SHAPE_8895591,11.1717454,-4.2679966,149
SHAPE_8895591,11.1717494,-4.2679309,150
SHAPE_8895591,11.171756,-4.267837,151
SHAPE_8895591,11.1717472,-4.2676361,152
SHAPE_8895591,11.1717407,-4.2675084,153
SHAPE_8895591,11.1717312,-4.2673287,154
SHAPE_8895591,11.1716909,-4.2664521,155
SHAPE_8895591,11.1716808,-4.2662278,156
SHAPE_8895591,11.1716407,-4.2653326,157
SHAPE_8895591,11.1716046,-4.2647102,158
SHAPE_8895591,11.1715676,-4.2641023,159
SHAPE_8895591,11.1715178,-4.2632621,160
SHAPE_8895591,11.1714672,-4.2624568,161
SHAPE_8895591,11.1714527,-4.2622265,162
SHAPE_8895591,11.1714276,-4.2618267,163
SHAPE_8895591,11.1714049,-4.2612779,164
SHAPE_8895591,11.1713995,-4.261208,165
SHAPE_8895591,11.1713791,-4.2606931,166
SHAPE_8895591,11.1713774,-4.2601372,167
SHAPE_8895591,11.1713642,-4.2592341,168
SHAPE_8895591,11.1713542,-4.2587886,169
SHAPE_8895591,11.171336,-4.2583833,170
SHAPE_8895591,11.1712962,-4.2578105,171
SHAPE_8895591,11.1712678,-4.2575596,172
SHAPE_8895591,11.1712439,-4.2573437,173
SHAPE_8895591,11.1711922,-4.2570266,174
SHAPE_8895591,11.1711682,-4.2568897,175
SHAPE_8895591,11.1711335,-4.2566911,176
SHAPE_8895591,11.1710443,-4.2563033,177
SHAPE_8895591,11.1710018,-4.256135,178
SHAPE_8895591,11.1708718,-4.2556563,179
SHAPE_8895591,11.1705244,-4.2545669,180
SHAPE_8895591,11.1704783,-4.2544254,181
SHAPE_8895591,11.1703843,-4.2541368,182
SHAPE_8895591,11.1702537,-4.2537356,183
SHAPE_8895591,11.1700983,-4.2532507,184
SHAPE_8895591,11.1699859,-4.2529002,185
SHAPE_8895591,11.1697734,-4.2522268,186
SHAPE_8895591,11.1695575,-4.2515627,187
SHAPE_8895591,11.169446,-4.2512128,188
SHAPE_8895591,11.1693476,-4.2509103,189
SHAPE_8895591,11.1690985,-4.2501359,190
SHAPE_8895591,11.168895,-4.2495484,191
SHAPE_8895591,11.1687548,-4.2491152,192
SHAPE_8895591,11.1687306,-4.2490414,193
SHAPE_8895591,11.1685433,-4.2485135,194
SHAPE_8895591,11.1685224,-4.2484511,195
SHAPE_8895591,11.1681565,-4.2473607,196
SHAPE_8895591,11.1678985,-4.2465979,197
SHAPE_8895591,11.1676998,-4.2459706,198
SHAPE_8895591,11.1674318,-4.2451981,199
SHAPE_8895591,11.1670445,-4.243981,200
SHAPE_8895591,11.1668449,-4.2433624,201
SHAPE_8895591,11.1667023,-4.2428015,202
SHAPE_8895591,11.1666396,-4.2425654,203
SHAPE_8895591,11.1663342,-4.2412889,204
SHAPE_8895591,11.1661021,-4.2401988,205
SHAPE_8895591,11.1660589,-4.2399958,206
SHAPE_8895591,11.1660537,-4.2399715,207
SHAPE_8895591,11.1660136,-4.2397932,208
SHAPE_8895591,11.1661108,-4.2397698,209
SHAPE_8895591,11.1661454,-4.2399527,210
SHAPE_8895591,11.1661524,-4.2399826,211
SHAPE_8895793,11.1661524,-4.2399826,1
SHAPE_8895793,11.1663468,-4.2408243,2
SHAPE_8895793,11.1664662,-4.241422,3
SHAPE_8895793,11.1667053,-4.2424204,4
SHAPE_8895793,11.1669567,-4.2433322,5
SHAPE_8895793,11.1670205,-4.2435624,6
SHAPE_8895793,11.167091,-4.2437911,7
SHAPE_8895793,11.1671382,-4.2439444,8
SHAPE_8895793,11.1673692,-4.2446396,9
SHAPE_8895793,11.16754,-4.2451534,10
SHAPE_8895793,11.1678035,-4.2459045,11
SHAPE_8895793,11.168028,-4.2465554,12
SHAPE_8895793,11.1682744,-4.2473448,13
SHAPE_8895793,11.1685502,-4.2482471,14
SHAPE_8895793,11.168613,-4.2484125,15
SHAPE_8895793,11.168729,-4.2487438,16
SHAPE_8895793,11.1688454,-4.2490981,17
SHAPE_8895793,11.1689081,-4.2492949,18
SHAPE_8895793,11.1691876,-4.2501041,19
SHAPE_8895793,11.1694358,-4.2508702,20
SHAPE_8895793,11.1695381,-4.2511813,21
SHAPE_8895793,11.1696534,-4.2515174,22
SHAPE_8895793,11.1698682,-4.2521987,23
SHAPE_8895793,11.1699465,-4.2524462,24
SHAPE_8895793,11.1700806,-4.2528697,25
SHAPE_8895793,11.17023,-4.2533271,26
SHAPE_8895793,11.1703151,-4.2535662,27
SHAPE_8895793,11.1704445,-4.2539837,28
SHAPE_8895793,11.170665,-4.2546266,29
SHAPE_8895793,11.1707953,-4.2550807,30
SHAPE_8895793,11.1709559,-4.2556238,31
SHAPE_8895793,11.1711111,-4.2561374,32
SHAPE_8895793,11.1711423,-4.2562718,33
SHAPE_8895793,11.1711726,-4.2564196,34
SHAPE_8895793,11.1712341,-4.256655,35
SHAPE_8895793,11.1713341,-4.2572746,36
SHAPE_8895793,11.1713827,-4.257571,37
SHAPE_8895793,11.1714019,-4.2578076,38
SHAPE_8895793,11.1714393,-4.2584269,39
SHAPE_8895793,11.1714456,-4.2587686,40
SHAPE_8895793,11.1714543,-4.2592261,41
SHAPE_8895793,11.1714574,-4.2601597,42
SHAPE_8895793,11.1714623,-4.2607334,43
SHAPE_8895793,11.1714738,-4.2612103,44
SHAPE_8895793,11.1714928,-4.2618296,45
SHAPE_8895793,11.1715004,-4.2619987,46
SHAPE_8895793,11.1715124,-4.2621601,47
SHAPE_8895793,11.1715168,-4.2622193,48
SHAPE_8895793,11.1715334,-4.2624258,49
SHAPE_8895793,11.171547,-4.2626231,50
SHAPE_8895793,11.171584,-4.2632537,51
SHAPE_8895793,11.1716286,-4.2639628,52
SHAPE_8895793,11.1716822,-4.264728,53
SHAPE_8895793,11.1717099,-4.2653232,54
SHAPE_8895793,11.171742,-4.2660152,55
SHAPE_8895793,11.1717641,-4.2664426,56
SHAPE_8895793,11.1717826,-4.2668295,57
SHAPE_8895793,11.1717982,-4.2673481,58
SHAPE_8895793,11.1718015,-4.2674324,59
SHAPE_8895793,11.1718037,-4.2676488,60
SHAPE_8895793,11.17182,-4.2678376,61
SHAPE_8895793,11.1718353,-4.267927,62
SHAPE_8895793,11.1718542,-4.2679946,63
SHAPE_8895793,11.1718785,-4.2680562,64
SHAPE_8895793,11.1719005,-4.2681225,65
SHAPE_8895793,11.1719254,-4.2683834,66
SHAPE_8895793,11.1718899,-4.2684075,67
SHAPE_8895793,11.1718494,-4.2684211,68
SHAPE_8895793,11.1718068,-4.2684232,69
SHAPE_8895793,11.1717837,-4.2684231,70
SHAPE_8895793,11.1717488,-4.2684064,71
SHAPE_8895793,11.1717172,-4.2683849,72
SHAPE_8895793,11.1716916,-4.2683564,73
SHAPE_8895793,11.1716733,-4.2683225,74
SHAPE_8895793,11.1716634,-4.2682852,75
SHAPE_8895793,11.1716626,-4.2682456,76
SHAPE_8895793,11.1716713,-4.268207,77
SHAPE_8895793,11.1716889,-4.2681717,78
SHAPE_8895793,11.1717144,-4.2681419,79
SHAPE_8895793,11.1717472,-4.2681187,80
SHAPE_8895793,11.1717846,-4.2681046,81
SHAPE_8895793,11.1718243,-4.2681005,82
SHAPE_8895793,11.1718638,-4.2681066,83
SHAPE_8895793,11.1719005,-4.2681225,84
SHAPE_8895793,11.1719133,-4.2681325,85
SHAPE_8895793,11.1719494,-4.2681708,86
SHAPE_8895793,11.1719713,-4.268219,87
SHAPE_8895793,11.1719768,-4.2682718,88
SHAPE_8895793,11.1719652,-4.2683235,89
SHAPE_8895793,11.1719378,-4.2683687,90
SHAPE_8895793,11.1719254,-4.2683834,91
SHAPE_8895793,11.1719152,-4.2684564,92
SHAPE_8895793,11.1719068,-4.2685647,93
SHAPE_8895793,11.1719036,-4.2686564,94
SHAPE_8895793,11.1719035,-4.2689575,95
SHAPE_8895793,11.1718998,-4.26949,96
SHAPE_8895793,11.1719007,-4.2699356,97
SHAPE_8895793,11.1719128,-4.2708515,98
SHAPE_8895793,11.1719219,-4.2717551,99
SHAPE_8895793,11.1719447,-4.2723933,100
SHAPE_8895793,11.1719502,-4.2726129,101
SHAPE_8895793,11.1720601,-4.2731539,102
SHAPE_8895793,11.1721103,-4.2733001,103
SHAPE_8895793,11.1721973,-4.273527,104
SHAPE_8895793,11.1728642,-4.2751931,105
SHAPE_8895793,11.1729774,-4.2754439,106
SHAPE_8895793,11.1731708,-4.2759374,107
SHAPE_8895793,11.1736234,-4.2770626,108
SHAPE_8895793,11.1740365,-4.2780268,109
SHAPE_8895793,11.1742815,-4.2786828,110
SHAPE_8895793,11.1743904,-4.2789575,111
SHAPE_8895793,11.174473,-4.279169,112
SHAPE_8895793,11.1746298,-4.279549,113
SHAPE_8895793,11.1746601,-4.2796107,114
SHAPE_8895793,11.1747535,-4.2797984,115
SHAPE_8895793,11.1751278,-4.2807312,116
SHAPE_8895793,11.1751588,-4.280825,117
SHAPE_8895793,11.1752103,-4.2809639,118
SHAPE_8895793,11.1753245,-4.2812782,119
SHAPE_8895793,11.1755817,-4.281886,120
SHAPE_8895793,11.1759515,-4.2827916,121
SHAPE_8895793,11.1761172,-4.2832141,122
SHAPE_8895793,11.1763057,-4.2837157,123
SHAPE_8895793,11.17634,-4.2838742,124
SHAPE_8895793,11.1763528,-4.2840498,125
SHAPE_8895793,11.1763565,-4.2842095,126
SHAPE_8895793,11.1763486,-4.2844588,127
SHAPE_8895793,11.1763244,-4.284731,128
SHAPE_8895793,11.1763117,-4.2848311,129
SHAPE_8895793,11.1762956,-4.2850011,130
SHAPE_8895793,11.176282,-4.2852376,131
SHAPE_8895793,11.1762779,-4.2852896,132
SHAPE_8895793,11.1762738,-4.2853667,133
SHAPE_8895793,11.1761948,-4.2861567,134
SHAPE_8895793,11.1761228,-4.2868593,135
SHAPE_8895793,11.1761166,-4.2869716,136
SHAPE_8895793,11.1761125,-4.2870331,137
SHAPE_8895793,11.1760273,-4.2878093,138
SHAPE_8895793,11.176009,-4.2886216,139
SHAPE_8895793,11.1759376,-4.2894458,140
SHAPE_8895793,11.1758962,-4.2900136,141
SHAPE_8895793,11.1758773,-4.290252,142
SHAPE_8895793,11.1758581,-4.2904957,143
SHAPE_8895793,11.1758369,-4.2911062,144
SHAPE_8895793,11.1757631,-4.2919024,145
SHAPE_8895793,11.1756836,-4.2927265,146
SHAPE_8895793,11.1756552,-4.2935548,147
SHAPE_8895793,11.1756838,-4.2936735,148
SHAPE_8895793,11.1761037,-4.2946339,149
SHAPE_8895793,11.1761438,-4.2947243,150
SHAPE_8895793,11.1761856,-4.2948245,151
SHAPE_8895793,11.176285,-4.2950495,152
SHAPE_8895793,11.1763236,-4.295134,153
SHAPE_8895793,11.1763698,-4.2952489,154
SHAPE_8895793,11.1764242,-4.2954003,155
SHAPE_8895793,11.1764809,-4.2955562,156
SHAPE_8895793,11.1768344,-4.2970592,157
SHAPE_8895793,11.1772947,-4.2969788,158
SHAPE_8895793,11.1773807,-4.2969638,159
SHAPE_8895793,11.1777083,-4.2969058,160
SHAPE_8895793,11.1777368,-4.2969012,161
SHAPE_8895793,11.1781108,-4.2968406,162
SHAPE_8895793,11.1784931,-4.2967801,163
SHAPE_8895793,11.1786492,-4.2967553,164
SHAPE_8895793,11.1791807,-4.2966869,165
SHAPE_8895793,11.1795773,-4.2966147,166
SHAPE_8895793,11.1800241,-4.2965609,167
SHAPE_8895793,11.1804431,-4.2964967,168
SHAPE_8895793,11.1808682,-4.2964241,169
SHAPE_8895793,11.1814048,-4.2963358,170
SHAPE_8895793,11.1817523,-4.2962863,171
SHAPE_8895793,11.1819804,-4.2962538,172
SHAPE_8895793,11.1830785,-4.2960873,173
SHAPE_8895793,11.183808,-4.2959748,174
SHAPE_8895793,11.1839318,-4.2959528,175
SHAPE_8895793,11.1840371,-4.295937,176
SHAPE_8895793,11.1842086,-4.2959532,177
SHAPE_8895793,11.1842433,-4.2959523,178
SHAPE_8895793,11.1842647,-4.2959583,179
SHAPE_8895793,11.1842964,-4.2959763,180
SHAPE_8895793,11.1843298,-4.2960031,181
SHAPE_8895793,11.1843436,-4.2960309,182
SHAPE_8895793,11.1843501,-4.2960614,183
SHAPE_8895793,11.184349,-4.2960925,184
SHAPE_8895793,11.1843403,-4.2961224,185
SHAPE_8895793,11.184328,-4.2961446,186
SHAPE_8895793,11.1843114,-4.2961638,187
SHAPE_8895793,11.1842913,-4.2961791,188
SHAPE_8895793,11.1842613,-4.2961929,189
SHAPE_8895793,11.1841707,-4.2963128,190
SHAPE_8895793,11.1841031,-4.2963902,191
SHAPE_8895793,11.1840505,-4.2964622,192
SHAPE_8895793,11.1839847,-4.2965614,193
SHAPE_8895793,11.1838353,-4.2968229,194
SHAPE_8895793,11.1837116,-4.2970395,195
SHAPE_8895793,11.1833549,-4.2976586,196
SHAPE_8895793,11.1829731,-4.2983108,197
SHAPE_8895793,11.1826172,-4.2989293,198
SHAPE_8895793,11.1822492,-4.2995422,199
SHAPE_8895793,11.1819441,-4.3000674,200
SHAPE_8895793,11.1815428,-4.30076,201
SHAPE_8895793,11.1814657,-4.3008938,202
SHAPE_8895793,11.1807714,-4.3020593,203
SHAPE_8895793,11.1807494,-4.3020965,204
SHAPE_8895793,11.1801226,-4.3031568,205
SHAPE_8895793,11.1800184,-4.3033331,206
SHAPE_8895793,11.179846,-4.3036298,207
SHAPE_8895793,11.1796281,-4.3040094,208
SHAPE_8895793,11.1793076,-4.3045496,209
SHAPE_8895793,11.1792334,-4.3046825,210
SHAPE_8895793,11.1791176,-4.3048781,211
SHAPE_8895793,11.1785221,-4.3058806,212
SHAPE_8895793,11.1784531,-4.3058885,213
SHAPE_8895793,11.1780962,-4.3059374,214
SHAPE_8895793,11.1780582,-4.3059416,215
SHAPE_8895793,11.1778556,-4.3059687,216
SHAPE_8895794,11.1778556,-4.3059687,1
SHAPE_8895794,11.1780582,-4.3059416,2
SHAPE_8895794,11.1780962,-4.3059374,3
SHAPE_8895794,11.1784531,-4.3058885,4
SHAPE_8895794,11.1788334,-4.3052204,5
SHAPE_8895794,11.1790834,-4.3048007,6
SHAPE_8895794,11.1791718,-4.3046474,7
SHAPE_8895794,11.1792287,-4.3045533,8
SHAPE_8895794,11.1796886,-4.3037988,9
SHAPE_8895794,11.179953,-4.3033428,10
SHAPE_8895794,11.1800918,-4.3031033,11
SHAPE_8895794,11.1806947,-4.302068,12
SHAPE_8895794,11.180734,-4.3020005,13
SHAPE_8895794,11.1813967,-4.3008429,14
SHAPE_8895794,11.181478,-4.3007034,15
SHAPE_8895794,11.1816711,-4.3003768,16
SHAPE_8895794,11.1818743,-4.3000332,17
SHAPE_8895794,11.182155,-4.2995517,18
SHAPE_8895794,11.1824205,-4.2991016,19
SHAPE_8895794,11.1828794,-4.2983237,20
SHAPE_8895794,11.183471,-4.2973097,21
SHAPE_8895794,11.1839343,-4.2965467,22
SHAPE_8895794,11.1839959,-4.2964306,23
SHAPE_8895794,11.1840415,-4.2963516,24
SHAPE_8895794,11.1840745,-4.2962871,25
SHAPE_8895794,11.1840926,-4.2962435,26
SHAPE_8895794,11.1841083,-4.2962103,27
SHAPE_8895794,11.1841468,-4.296163,28
SHAPE_8895794,11.1841093,-4.296099,29
SHAPE_8895794,11.1840399,-4.2960913,30
SHAPE_8895794,11.1839274,-4.2960451,31
SHAPE_8895794,11.183892,-4.2960338,32
SHAPE_8895794,11.183808,-4.2959748,33
SHAPE_8895794,11.1830785,-4.2960873,34
SHAPE_8895794,11.1819804,-4.2962538,35
SHAPE_8895794,11.1817523,-4.2962863,36
SHAPE_8895794,11.1814048,-4.2963358,37
SHAPE_8895794,11.1808682,-4.2964241,38
SHAPE_8895794,11.1804431,-4.2964967,39
SHAPE_8895794,11.1800241,-4.2965609,40
SHAPE_8895794,11.1795773,-4.2966147,41
SHAPE_8895794,11.1791807,-4.2966869,42
SHAPE_8895794,11.1786492,-4.2967553,43
SHAPE_8895794,11.1784931,-4.2967801,44
SHAPE_8895794,11.1781108,-4.2968406,45
SHAPE_8895794,11.1777368,-4.2969012,46
SHAPE_8895794,11.1777083,-4.2969058,47
SHAPE_8895794,11.1773807,-4.2969638,48
SHAPE_8895794,11.1772947,-4.2969788,49
SHAPE_8895794,11.1768344,-4.2970592,50
SHAPE_8895794,11.1764809,-4.2955562,51
SHAPE_8895794,11.1764242,-4.2954003,52
SHAPE_8895794,11.1763698,-4.2952489,53
SHAPE_8895794,11.1763236,-4.295134,54
SHAPE_8895794,11.176285,-4.2950495,55
SHAPE_8895794,11.1761856,-4.2948245,56
SHAPE_8895794,11.1761438,-4.2947243,57
SHAPE_8895794,11.1761037,-4.2946339,58
SHAPE_8895794,11.1756838,-4.2936735,59
SHAPE_8895794,11.1756552,-4.2935548,60
SHAPE_8895794,11.1756836,-4.2927265,61
SHAPE_8895794,11.1757631,-4.2919024,62
SHAPE_8895794,11.1758369,-4.2911062,63
SHAPE_8895794,11.1758581,-4.2904957,64
SHAPE_8895794,11.1758773,-4.290252,65
SHAPE_8895794,11.1758962,-4.2900136,66
SHAPE_8895794,11.1759376,-4.2894458,67
SHAPE_8895794,11.176009,-4.2886216,68
SHAPE_8895794,11.1760273,-4.2878093,69
SHAPE_8895794,11.1761125,-4.2870331,70
SHAPE_8895794,11.1761166,-4.2869716,71
SHAPE_8895794,11.1761228,-4.2868593,72
SHAPE_8895794,11.1761948,-4.2861567,73
SHAPE_8895794,11.1762738,-4.2853667,74
SHAPE_8895794,11.1762779,-4.2852896,75
SHAPE_8895794,11.176282,-4.2852376,76
SHAPE_8895794,11.1762956,-4.2850011,77
SHAPE_8895794,11.1763117,-4.2848311,78
SHAPE_8895794,11.1763244,-4.284731,79
SHAPE_8895794,11.1763486,-4.2844588,80
SHAPE_8895794,11.1763565,-4.2842095,81
SHAPE_8895794,11.1763528,-4.2840498,82
SHAPE_8895794,11.17634,-4.2838742,83
SHAPE_8895794,11.1763057,-4.2837157,84
SHAPE_8895794,11.1761172,-4.2832141,85
SHAPE_8895794,11.1759515,-4.2827916,86
SHAPE_8895794,11.1755817,-4.281886,87
SHAPE_8895794,11.1753245,-4.2812782,88
SHAPE_8895794,11.1752103,-4.2809639,89
SHAPE_8895794,11.1751588,-4.280825,90
SHAPE_8895794,11.1751278,-4.2807312,91
SHAPE_8895794,11.1747535,-4.2797984,92
SHAPE_8895794,11.1746601,-4.2796107,93
SHAPE_8895794,11.1746298,-4.279549,94
SHAPE_8895794,11.174473,-4.279169,95
SHAPE_8895794,11.1743904,-4.2789575,96
SHAPE_8895794,11.1742815,-4.2786828,97
SHAPE_8895794,11.1740365,-4.2780268,98
SHAPE_8895794,11.1736234,-4.2770626,99
SHAPE_8895794,11.1731708,-4.2759374,100
SHAPE_8895794,11.1729774,-4.2754439,101
SHAPE_8895794,11.1728642,-4.2751931,102
SHAPE_8895794,11.1721973,-4.273527,103
SHAPE_8895794,11.1721103,-4.2733001,104
SHAPE_8895794,11.1720601,-4.2731539,105
SHAPE_8895794,11.1719536,-4.2728269,106
SHAPE_8895794,11.1718741,-4.272616,107
SHAPE_8895794,11.1718564,-4.2723972,108
SHAPE_8895794,11.1718358,-4.2717357,109
SHAPE_8895794,11.1718266,-4.2708486,110
SHAPE_8895794,11.1718109,-4.2699378,111
SHAPE_8895794,11.1717985,-4.2694987,112
SHAPE_8895794,11.1717855,-4.2690634,113
SHAPE_8895794,11.1718035,-4.2686824,114
SHAPE_8895794,11.1718059,-4.2686145,115
SHAPE_8895794,11.1717957,-4.2684981,116
SHAPE_8895794,11.1717837,-4.2684231,117
SHAPE_8895794,11.1719254,-4.2683834,118
SHAPE_8895794,11.1718899,-4.2684075,119
SHAPE_8895794,11.1718494,-4.2684211,120
SHAPE_8895794,11.1718068,-4.2684232,121
SHAPE_8895794,11.1717837,-4.2684231,122
SHAPE_8895794,11.1717488,-4.2684064,123
SHAPE_8895794,11.1717172,-4.2683849,124
SHAPE_8895794,11.1716916,-4.2683564,125
SHAPE_8895794,11.1716733,-4.2683225,126
SHAPE_8895794,11.1716634,-4.2682852,127
SHAPE_8895794,11.1716626,-4.2682456,128
SHAPE_8895794,11.1716713,-4.268207,129
SHAPE_8895794,11.1716889,-4.2681717,130
SHAPE_8895794,11.1717144,-4.2681419,131
SHAPE_8895794,11.1717472,-4.2681187,132
SHAPE_8895794,11.1717846,-4.2681046,133
SHAPE_8895794,11.1718243,-4.2681005,134
SHAPE_8895794,11.1718638,-4.2681066,135
SHAPE_8895794,11.1719005,-4.2681225,136
SHAPE_8895794,11.1719133,-4.2681325,137
SHAPE_8895794,11.1719494,-4.2681708,138
SHAPE_8895794,11.1719713,-4.268219,139
SHAPE_8895794,11.1719768,-4.2682718,140
SHAPE_8895794,11.1719652,-4.2683235,141
SHAPE_8895794,11.1719378,-4.2683687,142
SHAPE_8895794,11.1719254,-4.2683834,143
SHAPE_8895794,11.1717144,-4.2681419,144
SHAPE_8895794,11.1717335,-4.2680657,145
SHAPE_8895794,11.1717454,-4.2679966,146
SHAPE_8895794,11.1717494,-4.2679309,147
SHAPE_8895794,11.171756,-4.267837,148
SHAPE_8895794,11.1717472,-4.2676361,149
SHAPE_8895794,11.1717407,-4.2675084,150
SHAPE_8895794,11.1717312,-4.2673287,151
SHAPE_8895794,11.1716909,-4.2664521,152
SHAPE_8895794,11.1716808,-4.2662278,153
SHAPE_8895794,11.1716407,-4.2653326,154
SHAPE_8895794,11.1716046,-4.2647102,155
SHAPE_8895794,11.1715676,-4.2641023,156
SHAPE_8895794,11.1715178,-4.2632621,157
SHAPE_8895794,11.1714672,-4.2624568,158
SHAPE_8895794,11.1714527,-4.2622265,159
SHAPE_8895794,11.1714276,-4.2618267,160
SHAPE_8895794,11.1714049,-4.2612779,161
SHAPE_8895794,11.1713995,-4.261208,162
SHAPE_8895794,11.1713791,-4.2606931,163
SHAPE_8895794,11.1713774,-4.2601372,164
SHAPE_8895794,11.1713642,-4.2592341,165
SHAPE_8895794,11.1713542,-4.2587886,166
SHAPE_8895794,11.171336,-4.2583833,167
SHAPE_8895794,11.1712962,-4.2578105,168
SHAPE_8895794,11.1712678,-4.2575596,169
SHAPE_8895794,11.1712439,-4.2573437,170
SHAPE_8895794,11.1711922,-4.2570266,171
SHAPE_8895794,11.1711682,-4.2568897,172
SHAPE_8895794,11.1711335,-4.2566911,173
SHAPE_8895794,11.1710443,-4.2563033,174
SHAPE_8895794,11.1710018,-4.256135,175
SHAPE_8895794,11.1708718,-4.2556563,176
SHAPE_8895794,11.1705244,-4.2545669,177
SHAPE_8895794,11.1704783,-4.2544254,178
SHAPE_8895794,11.1703843,-4.2541368,179
SHAPE_8895794,11.1702537,-4.2537356,180
SHAPE_8895794,11.1700983,-4.2532507,181
SHAPE_8895794,11.1699859,-4.2529002,182
SHAPE_8895794,11.1697734,-4.2522268,183
SHAPE_8895794,11.1695575,-4.2515627,184
SHAPE_8895794,11.169446,-4.2512128,185
SHAPE_8895794,11.1693476,-4.2509103,186
SHAPE_8895794,11.1690985,-4.2501359,187
SHAPE_8895794,11.168895,-4.2495484,188
SHAPE_8895794,11.1687548,-4.2491152,189
SHAPE_8895794,11.1687306,-4.2490414,190
SHAPE_8895794,11.1685433,-4.2485135,191
SHAPE_8895794,11.1685224,-4.2484511,192
SHAPE_8895794,11.1681565,-4.2473607,193
SHAPE_8895794,11.1678985,-4.2465979,194
SHAPE_8895794,11.1676998,-4.2459706,195
SHAPE_8895794,11.1674318,-4.2451981,196
SHAPE_8895794,11.1670445,-4.243981,197
SHAPE_8895794,11.1668449,-4.2433624,198
SHAPE_8895794,11.1667023,-4.2428015,199
SHAPE_8895794,11.1666396,-4.2425654,200
SHAPE_8895794,11.1663342,-4.2412889,201
SHAPE_8895794,11.1661021,-4.2401988,202
SHAPE_8895794,11.1660589,-4.2399958,203
SHAPE_8895794,11.1660537,-4.2399715,204
SHAPE_8895794,11.1660136,-4.2397932,205
SHAPE_8895794,11.1661108,-4.2397698,206
SHAPE_8895794,11.1661454,-4.2399527,207
SHAPE_8895794,11.1661524,-4.2399826,208
SHAPE_8896088,11.1943152,-4.2609299,1
SHAPE_8896088,11.194722,-4.2612261,2
SHAPE_8896088,11.1948897,-4.2613492,3
SHAPE_8896088,11.1949484,-4.2613897,4
SHAPE_8896088,11.1951041,-4.2614846,5
SHAPE_8896088,11.194701,-4.2621055,6
SHAPE_8896088,11.1943471,-4.2626455,7
SHAPE_8896088,11.1940781,-4.2630256,8
SHAPE_8896088,11.1935704,-4.2638312,9
SHAPE_8896088,11.1934191,-4.2640686,10
SHAPE_8896088,11.1932606,-4.264302,11
SHAPE_8896088,11.1930707,-4.2645939,12
SHAPE_8896088,11.1922828,-4.2657979,13
SHAPE_8896088,11.1919896,-4.2662499,14
SHAPE_8896088,11.1918269,-4.2664645,15
SHAPE_8896088,11.1915379,-4.2669361,16
SHAPE_8896088,11.1912302,-4.2674063,17
SHAPE_8896088,11.1905404,-4.2684048,18
SHAPE_8896088,11.1901837,-4.2683375,19
SHAPE_8896088,11.1896754,-4.2682608,20
SHAPE_8896088,11.189473,-4.2682298,21
SHAPE_8896088,11.1893636,-4.268213,22
SHAPE_8896088,11.1885447,-4.2680674,23
SHAPE_8896088,11.1877526,-4.2679248,24
SHAPE_8896088,11.1876427,-4.267907,25
SHAPE_8896088,11.18698,-4.2677874,26
SHAPE_8896088,11.1861749,-4.2676208,27
SHAPE_8896088,11.18591,-4.267576,28
SHAPE_8896088,11.1858864,-4.2675705,29
SHAPE_8896088,11.1855702,-4.2674971,30
SHAPE_8896088,11.185348,-4.2674455,31
SHAPE_8896088,11.1845571,-4.2672994,32
SHAPE_8896088,11.1836875,-4.2671388,33
SHAPE_8896088,11.1832092,-4.2670504,34
SHAPE_8896088,11.1829337,-4.2669995,35
SHAPE_8896088,11.1826942,-4.2669553,36
SHAPE_8896088,11.1824843,-4.2669229,37
SHAPE_8896088,11.1821094,-4.2668651,38
SHAPE_8896088,11.1812957,-4.2666969,39
SHAPE_8896088,11.1810401,-4.2666497,40
SHAPE_8896088,11.1809211,-4.2666277,41
SHAPE_8896088,11.1804933,-4.2665487,42
SHAPE_8896088,11.1796933,-4.2664009,43
SHAPE_8896088,11.1789035,-4.2662542,44
SHAPE_8896088,11.1787812,-4.2662324,45
SHAPE_8896088,11.1785544,-4.2661905,46
SHAPE_8896088,11.1781197,-4.2661101,47
SHAPE_8896088,11.1774497,-4.2659865,48
SHAPE_8896088,11.1766556,-4.265832,49
SHAPE_8896088,11.1758664,-4.2656801,50
SHAPE_8896088,11.1750265,-4.2655711,51
SHAPE_8896088,11.1743862,-4.2654545,52
SHAPE_8896088,11.1741758,-4.2654104,53
SHAPE_8896088,11.1738298,-4.2653378,54
SHAPE_8896088,11.1736084,-4.2652913,55
SHAPE_8896088,11.1730304,-4.2651701,56
SHAPE_8896088,11.1724406,-4.2650542,57
SHAPE_8896088,11.1716822,-4.264728,58
SHAPE_8896088,11.1717099,-4.2653232,59
SHAPE_8896088,11.171742,-4.2660152,60
SHAPE_8896088,11.1717641,-4.2664426,61
SHAPE_8896088,11.1717826,-4.2668295,62
SHAPE_8896088,11.1717982,-4.2673481,63
SHAPE_8896088,11.1718015,-4.2674324,64
SHAPE_8896088,11.1718037,-4.2676488,65
SHAPE_8896088,11.17182,-4.2678376,66
SHAPE_8896088,11.1718353,-4.267927,67
SHAPE_8896088,11.1718542,-4.2679946,68
SHAPE_8896088,11.1718785,-4.2680562,69
SHAPE_8896088,11.1719005,-4.2681225,70
SHAPE_8896088,11.1719254,-4.2683834,71
SHAPE_8896088,11.1718899,-4.2684075,72
SHAPE_8896088,11.1718494,-4.2684211,73
SHAPE_8896088,11.1718068,-4.2684232,74
SHAPE_8896088,11.1717837,-4.2684231,75
SHAPE_8896088,11.1717488,-4.2684064,76
SHAPE_8896088,11.1717172,-4.2683849,77
SHAPE_8896088,11.1716916,-4.2683564,78
SHAPE_8896088,11.1716733,-4.2683225,79
SHAPE_8896088,11.1716634,-4.2682852,80
SHAPE_8896088,11.1716626,-4.2682456,81
SHAPE_8896088,11.1716713,-4.268207,82
SHAPE_8896088,11.1716889,-4.2681717,83
SHAPE_8896088,11.1717144,-4.2681419,84
SHAPE_8896088,11.1717472,-4.2681187,85
SHAPE_8896088,11.1717846,-4.2681046,86
SHAPE_8896088,11.1718243,-4.2681005,87
SHAPE_8896088,11.1718638,-4.2681066,88
SHAPE_8896088,11.1719005,-4.2681225,89
SHAPE_8896088,11.1719133,-4.2681325,90
SHAPE_8896088,11.1719494,-4.2681708,91
SHAPE_8896088,11.1719713,-4.268219,92
SHAPE_8896088,11.1719768,-4.2682718,93
SHAPE_8896088,11.1719652,-4.2683235,94
SHAPE_8896088,11.1719378,-4.2683687,95
SHAPE_8896088,11.1719254,-4.2683834,96
SHAPE_8896088,11.1717488,-4.2684064,97
SHAPE_8896088,11.1717137,-4.2684556,98
SHAPE_8896088,11.1716597,-4.2685202,99
SHAPE_8896088,11.1715602,-4.2686328,100
SHAPE_8896088,11.1713998,-4.2687866,101
SHAPE_8896088,11.1708906,-4.2693109,102
SHAPE_8896088,11.170716,-4.2695044,103
SHAPE_8896088,11.1702339,-4.2699824,104
SHAPE_8896088,11.1698473,-4.2704254,105
SHAPE_8896088,11.1694218,-4.2708676,106
SHAPE_8896088,11.1687434,-4.2715573,107
SHAPE_8896088,11.1683211,-4.2720012,108
SHAPE_8896088,11.1680303,-4.2723097,109
SHAPE_8896088,11.1677882,-4.2725632,110
SHAPE_8896088,11.1677677,-4.2725844,111
SHAPE_8896088,11.1677132,-4.2726409,112
SHAPE_8896088,11.1674015,-4.2729776,113
SHAPE_8896088,11.167016,-4.2733853,114
SHAPE_8896088,11.1669264,-4.2734872,115
SHAPE_8896088,11.1665344,-4.2739097,116
SHAPE_8896088,11.1659173,-4.2745413,117
SHAPE_8896088,11.1657884,-4.2746727,118
SHAPE_8896088,11.1653436,-4.2751287,119
SHAPE_8896088,11.1648687,-4.2756343,120
SHAPE_8896088,11.1644687,-4.2760434,121
SHAPE_8896088,11.1642029,-4.2763132,122
SHAPE_8896088,11.1635979,-4.2769595,123
SHAPE_8896088,11.1632444,-4.2773422,124
SHAPE_8896088,11.1632135,-4.2773999,125
SHAPE_8896088,11.1631885,-4.2774696,126
SHAPE_8896088,11.1631441,-4.2775937,127
SHAPE_8896088,11.1628609,-4.2787996,128
SHAPE_8896088,11.1628016,-4.2788287,129
SHAPE_8896088,11.1627402,-4.278853,130
SHAPE_8896088,11.162677,-4.2788719,131
SHAPE_8896088,11.1626125,-4.2788857,132
SHAPE_8896088,11.1625472,-4.2788941,133
SHAPE_8896088,11.1624814,-4.2788971,134
SHAPE_8896088,11.1624156,-4.2788946,135
SHAPE_8896088,11.1623501,-4.2788867,136
SHAPE_8896088,11.1622856,-4.2788734,137
SHAPE_8896088,11.1622223,-4.2788549,138
SHAPE_8896088,11.1621607,-4.2788312,139
SHAPE_8896088,11.1621011,-4.2788024,140
SHAPE_8896088,11.1620441,-4.278769,141
SHAPE_8896088,11.1620184,-4.2787495,142
SHAPE_8896088,11.1619606,-4.2787049,143
SHAPE_8896088,11.1619392,-4.2786884,144
SHAPE_8896088,11.1618918,-4.2786421,145
SHAPE_8896088,11.1618484,-4.2785921,146
SHAPE_8896088,11.1618379,-4.2785776,147
SHAPE_8896088,11.1618216,-4.2785533,148
SHAPE_8896088,11.1617747,-4.2784832,149
SHAPE_8896088,11.1617448,-4.2784253,150
SHAPE_8896088,11.1617195,-4.2783651,151
SHAPE_8896088,11.1617101,-4.2783371,152
SHAPE_8896088,11.1616988,-4.2783031,153
SHAPE_8896088,11.1616832,-4.2782396,154
SHAPE_8896088,11.1616724,-4.2781751,155
SHAPE_8896088,11.1616667,-4.2781098,156
SHAPE_8896088,11.161666,-4.2780443,157
SHAPE_8896088,11.1616704,-4.277979,158
SHAPE_8896088,11.16168,-4.2779143,159
SHAPE_8896088,11.1616944,-4.2778505,160
SHAPE_8896088,11.1617137,-4.277788,161
SHAPE_8896088,11.1617379,-4.2777273,162
SHAPE_8896088,11.1617667,-4.2776688,163
SHAPE_8896088,11.1617999,-4.2776128,164
SHAPE_8896088,11.1618373,-4.2775595,165
SHAPE_8896088,11.1618685,-4.2775196,166
SHAPE_8896088,11.1619261,-4.277461,167
SHAPE_8896088,11.1619772,-4.2774166,168
SHAPE_8896088,11.1620318,-4.2773767,169
SHAPE_8896088,11.1620893,-4.2773414,170
SHAPE_8896088,11.1621496,-4.2773112,171
SHAPE_8896088,11.1622121,-4.2772861,172
SHAPE_8896088,11.1622764,-4.2772664,173
SHAPE_8896088,11.162342,-4.2772521,174
SHAPE_8896088,11.1624087,-4.2772435,175
SHAPE_8896088,11.1624757,-4.2772403,176
SHAPE_8896088,11.1625428,-4.277243,177
SHAPE_8896088,11.1626095,-4.2772513,178
SHAPE_8896088,11.1626752,-4.2772651,179
SHAPE_8896088,11.1627397,-4.2772844,180
SHAPE_8896088,11.1627541,-4.2772901,181
SHAPE_8896088,11.1628023,-4.2773091,182
SHAPE_8896088,11.1628627,-4.2773389,183
SHAPE_8896088,11.1629205,-4.2773738,184
SHAPE_8896088,11.1629716,-4.2774104,185
SHAPE_8896088,11.162988,-4.2774243,186
SHAPE_8896088,11.1630198,-4.2774511,187
SHAPE_8896088,11.1630648,-4.2774953,188
SHAPE_8896088,11.1631063,-4.2775429,189
SHAPE_8896088,11.1631441,-4.2775937,190
SHAPE_8896088,11.1631746,-4.2776416,191
SHAPE_8896088,11.1632019,-4.2776915,192
SHAPE_8896088,11.1632256,-4.2777433,193
SHAPE_8896088,11.1632459,-4.2777965,194
SHAPE_8896088,11.1632624,-4.277851,195
SHAPE_8896088,11.1632753,-4.2779066,196
SHAPE_8896088,11.1632844,-4.277963,197
SHAPE_8896088,11.1632896,-4.2780199,198
SHAPE_8896088,11.163291,-4.2780769,199
SHAPE_8896088,11.1632885,-4.2781341,200
SHAPE_8896088,11.1632821,-4.2781908,201
SHAPE_8896088,11.163272,-4.2782469,202
SHAPE_8896088,11.1632581,-4.2783023,203
SHAPE_8896088,11.1632404,-4.2783565,204
SHAPE_8896088,11.163208,-4.2784372,205
SHAPE_8896088,11.1631892,-4.2784701,206
SHAPE_8896088,11.1631546,-4.2785282,207
SHAPE_8896088,11.1631153,-4.2785832,208
SHAPE_8896088,11.1630718,-4.2786347,209
SHAPE_8896088,11.1630243,-4.2786824,210
SHAPE_8896088,11.162973,-4.278726,211
SHAPE_8896088,11.1629185,-4.2787651,212
SHAPE_8896088,11.1628609,-4.2787996,213
SHAPE_8896088,11.1620184,-4.2787495,214
SHAPE_8896088,11.1618945,-4.2787939,215
SHAPE_8896088,11.1618135,-4.2788489,216
SHAPE_8896088,11.1617372,-4.2789133,217
SHAPE_8896088,11.1616642,-4.2789803,218
SHAPE_8896088,11.1614711,-4.2791759,219
SHAPE_8896088,11.161411,-4.2792407,220
SHAPE_8896088,11.1613879,-4.2792657,221
SHAPE_8896088,11.1611528,-4.2795123,222
SHAPE_8896088,11.160975,-4.2796927,223
SHAPE_8896088,11.1605493,-4.2801484,224
SHAPE_8896088,11.1601577,-4.2805801,225
SHAPE_8896088,11.1598412,-4.2809089,226
SHAPE_8896088,11.1597631,-4.2809901,227
SHAPE_8896088,11.1595225,-4.2812404,228
SHAPE_8896088,11.1592227,-4.2815219,229
SHAPE_8896088,11.1588824,-4.281872,230
SHAPE_8896088,11.1582697,-4.2825383,231
SHAPE_8896088,11.1576312,-4.2831776,232
SHAPE_8896088,11.1571527,-4.2836801,233
SHAPE_8896088,11.1571068,-4.2837275,234
SHAPE_8896088,11.1567015,-4.2841663,235
SHAPE_8896088,11.1561182,-4.2847551,236
SHAPE_8896088,11.1560813,-4.2848127,237
SHAPE_8896088,11.1560596,-4.2848616,238
SHAPE_8896088,11.156026,-4.2849503,239
SHAPE_8896088,11.1558044,-4.2847685,240
SHAPE_8896088,11.1558577,-4.2847738,241
SHAPE_8896088,11.1559081,-4.2847922,242
SHAPE_8896088,11.1559526,-4.2848226,243
SHAPE_8896088,11.1559885,-4.2848631,244
SHAPE_8896088,11.156026,-4.2849503,245
SHAPE_8896088,11.1560275,-4.2849599,246
SHAPE_8896088,11.1560275,-4.2849976,247
SHAPE_8896088,11.1560218,-4.2850411,248
SHAPE_8896088,11.1560081,-4.2850819,249
SHAPE_8896088,11.1559869,-4.2851192,250
SHAPE_8896088,11.1559591,-4.2851516,251
SHAPE_8896088,11.1559256,-4.2851779,252
SHAPE_8896088,11.1558878,-4.2851971,253
SHAPE_8896088,11.155847,-4.2852084,254
SHAPE_8896088,11.1558049,-4.2852116,255
SHAPE_8896088,11.1557487,-4.2852026,256
SHAPE_8896088,11.1556968,-4.285179,257
SHAPE_8896088,11.1556526,-4.2851426,258
SHAPE_8896088,11.1556192,-4.2850957,259
SHAPE_8896088,11.1555988,-4.2850416,260
SHAPE_8896088,11.1555932,-4.2850022,261
SHAPE_8896088,11.1555946,-4.2849624,262
SHAPE_8896088,11.1556077,-4.2849096,263
SHAPE_8896088,11.1556331,-4.2848617,264
SHAPE_8896088,11.1556691,-4.2848215,265
SHAPE_8896088,11.1557137,-4.2847915,266
SHAPE_8896088,11.1557641,-4.2847735,267
SHAPE_8896088,11.1558044,-4.2847685,268
SHAPE_8896088,11.1560218,-4.2850411,269
SHAPE_8896088,11.1560396,-4.2851131,270
SHAPE_8896088,11.1560636,-4.2851762,271
SHAPE_8896088,11.1561001,-4.2852331,272
SHAPE_8896088,11.1561782,-4.2853238,273
SHAPE_8896088,11.1561979,-4.2853658,274
SHAPE_8896088,11.156484,-4.2856478,275
SHAPE_8896088,11.1570265,-4.2861651,276
SHAPE_8896088,11.1575716,-4.286691,277
SHAPE_8896088,11.1583929,-4.2874954,278
SHAPE_8896088,11.1586968,-4.2877952,279
SHAPE_8896088,11.1590581,-4.2881396,280
SHAPE_8896088,11.1600633,-4.2891114,281
SHAPE_8896088,11.1603276,-4.2893637,282
SHAPE_8896088,11.160651,-4.2896698,283
SHAPE_8896088,11.1607031,-4.2897233,284
SHAPE_8896088,11.1616629,-4.290646,285
SHAPE_8896088,11.1618505,-4.2908288,286
SHAPE_8896088,11.1623299,-4.2912939,287
SHAPE_8896088,11.1627727,-4.2917235,288
SHAPE_8896088,11.1630864,-4.2920274,289
SHAPE_8896088,11.1633248,-4.2922571,290
SHAPE_8896088,11.1633878,-4.2923152,291
SHAPE_8896088,11.1641214,-4.293027,292
SHAPE_8896088,11.1644432,-4.2933318,293
SHAPE_8896088,11.165077,-4.2939509,294
SHAPE_8896088,11.1662475,-4.295075,295
SHAPE_8896088,11.1668685,-4.2956691,296
SHAPE_8896088,11.167033,-4.2958287,297
SHAPE_8896088,11.1670527,-4.2958484,298
SHAPE_8896088,11.1673907,-4.2961776,299
SHAPE_8896088,11.1679578,-4.2967301,300
SHAPE_8896088,11.1684012,-4.2971525,301
SHAPE_8896088,11.1688408,-4.2975721,302
SHAPE_8896088,11.1688549,-4.2975851,303
SHAPE_8896088,11.1689707,-4.2976542,304
SHAPE_8896088,11.1690125,-4.297668,305
SHAPE_8896088,11.1690566,-4.2976852,306
SHAPE_8896088,11.169138,-4.2977131,307
SHAPE_8896088,11.1690428,-4.2978413,308
SHAPE_8896088,11.1690574,-4.2978043,309
SHAPE_8896088,11.169078,-4.2977704,310
SHAPE_8896088,11.169138,-4.2977131,311
SHAPE_8896088,11.1691491,-4.2977048,312
SHAPE_8896088,11.1691622,-4.2976975,313
SHAPE_8896088,11.1691766,-4.2976908,314
SHAPE_8896088,11.1691972,-4.297686,315
SHAPE_8896088,11.1692219,-4.297679,316
SHAPE_8896088,11.1692645,-4.2976751,317
SHAPE_8896088,11.1693071,-4.2976793,318
SHAPE_8896088,11.1693319,-4.2976866,319
SHAPE_8896088,11.1693481,-4.2976914,320
SHAPE_8896088,11.1693863,-4.297711,321
SHAPE_8896088,11.1694203,-4.2977375,322
SHAPE_8896088,11.1694486,-4.2977693,323
SHAPE_8896088,11.1694707,-4.2978058,324
SHAPE_8896088,11.1694859,-4.2978458,325
SHAPE_8896088,11.1694938,-4.2978879,326
SHAPE_8896088,11.169494,-4.2979315,327
SHAPE_8896088,11.1694748,-4.2980112,328
SHAPE_8896088,11.1694654,-4.2980281,329
SHAPE_8896088,11.1694486,-4.2980522,330
SHAPE_8896088,11.1694199,-4.2980845,331
SHAPE_8896088,11.1693973,-4.2981001,332
SHAPE_8896088,11.1693418,-4.2981333,333
SHAPE_8896088,11.1693272,-4.2981393,334
SHAPE_8896088,11.1692671,-4.2981464,335
SHAPE_8896088,11.1692203,-4.2981422,336
SHAPE_8896088,11.1691819,-4.2981312,337
SHAPE_8896088,11.169146,-4.2981136,338
SHAPE_8896088,11.1691136,-4.29809,339
SHAPE_8896088,11.1690823,-4.2980569,340
SHAPE_8896088,11.1690579,-4.2980182,341
SHAPE_8896088,11.1690413,-4.2979754,342
SHAPE_8896088,11.1690333,-4.2979301,343
SHAPE_8896088,11.1690339,-4.2978852,344
SHAPE_8896088,11.1690428,-4.2978413,345
SHAPE_8896088,11.1694654,-4.2980281,346
SHAPE_8896088,11.1695174,-4.2980864,347
SHAPE_8896088,11.1696065,-4.2982192,348
SHAPE_8896088,11.1696411,-4.2982658,349
SHAPE_8896088,11.1697023,-4.2983378,350
SHAPE_8896088,11.1699728,-4.2986207,351
SHAPE_8896088,11.1700893,-4.2987326,352
SHAPE_8896088,11.1702817,-4.2989065,353
SHAPE_8896088,11.1705603,-4.2991789,354
SHAPE_8896088,11.1707159,-4.2993416,355
SHAPE_8896088,11.1713511,-4.29994,356
SHAPE_8896088,11.1716351,-4.3001928,357
SHAPE_8896088,11.171863,-4.3004126,358
SHAPE_8896088,11.1720483,-4.3005882,359
SHAPE_8896088,11.1723929,-4.300912,360
SHAPE_8896088,11.172587,-4.301095,361
SHAPE_8896088,11.1729087,-4.30142,362
SHAPE_8896088,11.1731932,-4.3016852,363
SHAPE_8896088,11.1733885,-4.3018643,364
SHAPE_8896088,11.1739284,-4.3023976,365
SHAPE_8896088,11.1744283,-4.3029174,366
SHAPE_8896088,11.1748612,-4.3033243,367
SHAPE_8896088,11.1750821,-4.303551,368
SHAPE_8896088,11.1753844,-4.3038281,369
SHAPE_8896088,11.1755418,-4.3039403,370
SHAPE_8896088,11.1757203,-4.3041186,371
SHAPE_8896088,11.1760621,-4.3044598,372
SHAPE_8896088,11.1762691,-4.3046612,373
SHAPE_8896088,11.1765869,-4.3049751,374
SHAPE_8896088,11.1767385,-4.3051183,375
SHAPE_8896088,11.1769455,-4.305324,376
SHAPE_8896088,11.1772664,-4.3056256,377
SHAPE_8896088,11.1776422,-4.3059917,378
SHAPE_8896088,11.1778556,-4.3059687,379
SHAPE_8896089,11.1776422,-4.3059917,1
SHAPE_8896089,11.1778556,-4.3059687,2
SHAPE_8896089,11.1776422,-4.3059917,3
SHAPE_8896089,11.1772664,-4.3056256,4
SHAPE_8896089,11.1769455,-4.305324,5
SHAPE_8896089,11.1767385,-4.3051183,6
SHAPE_8896089,11.1765869,-4.3049751,7
SHAPE_8896089,11.1762691,-4.3046612,8
SHAPE_8896089,11.1760621,-4.3044598,9
SHAPE_8896089,11.1757203,-4.3041186,10
SHAPE_8896089,11.1755418,-4.3039403,11
SHAPE_8896089,11.1753844,-4.3038281,12
SHAPE_8896089,11.1750821,-4.303551,13
SHAPE_8896089,11.1748612,-4.3033243,14
SHAPE_8896089,11.1744283,-4.3029174,15
SHAPE_8896089,11.1739284,-4.3023976,16
SHAPE_8896089,11.1733885,-4.3018643,17
SHAPE_8896089,11.1731932,-4.3016852,18
SHAPE_8896089,11.1729087,-4.30142,19
SHAPE_8896089,11.172587,-4.301095,20
SHAPE_8896089,11.1723929,-4.300912,21
SHAPE_8896089,11.1720483,-4.3005882,22
SHAPE_8896089,11.171863,-4.3004126,23
SHAPE_8896089,11.1716351,-4.3001928,24
SHAPE_8896089,11.1713511,-4.29994,25
SHAPE_8896089,11.1707159,-4.2993416,26
SHAPE_8896089,11.1705603,-4.2991789,27
SHAPE_8896089,11.1702817,-4.2989065,28
SHAPE_8896089,11.1700893,-4.2987326,29
SHAPE_8896089,11.1699728,-4.2986207,30
SHAPE_8896089,11.1697023,-4.2983378,31
SHAPE_8896089,11.1696411,-4.2982658,32
SHAPE_8896089,11.1696065,-4.2982192,33
SHAPE_8896089,11.1695174,-4.2980864,34
SHAPE_8896089,11.1694654,-4.2980281,35
SHAPE_8896089,11.1690428,-4.2978413,36
SHAPE_8896089,11.1690574,-4.2978043,37
SHAPE_8896089,11.169078,-4.2977704,38
SHAPE_8896089,11.169138,-4.2977131,39
SHAPE_8896089,11.1691491,-4.2977048,40
SHAPE_8896089,11.1691622,-4.2976975,41
SHAPE_8896089,11.1691766,-4.2976908,42
SHAPE_8896089,11.1691972,-4.297686,43
SHAPE_8896089,11.1692219,-4.297679,44
SHAPE_8896089,11.1692645,-4.2976751,45
SHAPE_8896089,11.1693071,-4.2976793,46
SHAPE_8896089,11.1693319,-4.2976866,47
SHAPE_8896089,11.1693481,-4.2976914,48
SHAPE_8896089,11.1693863,-4.297711,49
SHAPE_8896089,11.1694203,-4.2977375,50
SHAPE_8896089,11.1694486,-4.2977693,51
SHAPE_8896089,11.1694707,-4.2978058,52
SHAPE_8896089,11.1694859,-4.2978458,53
SHAPE_8896089,11.1694938,-4.2978879,54
SHAPE_8896089,11.169494,-4.2979315,55
SHAPE_8896089,11.1694748,-4.2980112,56
SHAPE_8896089,11.1694654,-4.2980281,57
SHAPE_8896089,11.1694486,-4.2980522,58
SHAPE_8896089,11.1694199,-4.2980845,59
SHAPE_8896089,11.1693973,-4.2981001,60
SHAPE_8896089,11.1693418,-4.2981333,61
SHAPE_8896089,11.1693272,-4.2981393,62
SHAPE_8896089,11.1692671,-4.2981464,63
SHAPE_8896089,11.1692203,-4.2981422,64
SHAPE_8896089,11.1691819,-4.2981312,65
SHAPE_8896089,11.169146,-4.2981136,66
SHAPE_8896089,11.1691136,-4.29809,67
SHAPE_8896089,11.1690823,-4.2980569,68
SHAPE_8896089,11.1690579,-4.2980182,69
SHAPE_8896089,11.1690413,-4.2979754,70
SHAPE_8896089,11.1690333,-4.2979301,71
SHAPE_8896089,11.1690339,-4.2978852,72
SHAPE_8896089,11.1690428,-4.2978413,73
SHAPE_8896089,11.1688549,-4.2975851,74
SHAPE_8896089,11.1688408,-4.2975721,75
SHAPE_8896089,11.1684012,-4.2971525,76
SHAPE_8896089,11.1679578,-4.2967301,77
SHAPE_8896089,11.1673907,-4.2961776,78
SHAPE_8896089,11.1670527,-4.2958484,79
SHAPE_8896089,11.167033,-4.2958287,80
SHAPE_8896089,11.1668685,-4.2956691,81
SHAPE_8896089,11.1662475,-4.295075,82
SHAPE_8896089,11.165077,-4.2939509,83
SHAPE_8896089,11.1644432,-4.2933318,84
SHAPE_8896089,11.1641214,-4.293027,85
SHAPE_8896089,11.1633878,-4.2923152,86
SHAPE_8896089,11.1633248,-4.2922571,87
SHAPE_8896089,11.1630864,-4.2920274,88
SHAPE_8896089,11.1627727,-4.2917235,89
SHAPE_8896089,11.1623299,-4.2912939,90
SHAPE_8896089,11.1618505,-4.2908288,91
SHAPE_8896089,11.1616629,-4.290646,92
SHAPE_8896089,11.1607031,-4.2897233,93
SHAPE_8896089,11.160651,-4.2896698,94
SHAPE_8896089,11.1603276,-4.2893637,95
SHAPE_8896089,11.1600633,-4.2891114,96
SHAPE_8896089,11.1590581,-4.2881396,97
SHAPE_8896089,11.1586968,-4.2877952,98
SHAPE_8896089,11.1583929,-4.2874954,99
SHAPE_8896089,11.1575716,-4.286691,100
SHAPE_8896089,11.1570265,-4.2861651,101
SHAPE_8896089,11.156484,-4.2856478,102
SHAPE_8896089,11.1561979,-4.2853658,103
SHAPE_8896089,11.1561463,-4.2853503,104
SHAPE_8896089,11.1560306,-4.2852864,105
SHAPE_8896089,11.1559474,-4.2852562,106
SHAPE_8896089,11.1558981,-4.2852388,107
SHAPE_8896089,11.1558049,-4.2852116,108
SHAPE_8896089,11.1558044,-4.2847685,109
SHAPE_8896089,11.1558577,-4.2847738,110
SHAPE_8896089,11.1559081,-4.2847922,111
SHAPE_8896089,11.1559526,-4.2848226,112
SHAPE_8896089,11.1559885,-4.2848631,113
SHAPE_8896089,11.156026,-4.2849503,114
SHAPE_8896089,11.1560275,-4.2849599,115
SHAPE_8896089,11.1560275,-4.2849976,116
SHAPE_8896089,11.1560218,-4.2850411,117
SHAPE_8896089,11.1560081,-4.2850819,118
SHAPE_8896089,11.1559869,-4.2851192,119
SHAPE_8896089,11.1559591,-4.2851516,120
SHAPE_8896089,11.1559256,-4.2851779,121
SHAPE_8896089,11.1558878,-4.2851971,122
SHAPE_8896089,11.155847,-4.2852084,123
SHAPE_8896089,11.1558049,-4.2852116,124
SHAPE_8896089,11.1557487,-4.2852026,125
SHAPE_8896089,11.1556968,-4.285179,126
SHAPE_8896089,11.1556526,-4.2851426,127
SHAPE_8896089,11.1556192,-4.2850957,128
SHAPE_8896089,11.1555988,-4.2850416,129
SHAPE_8896089,11.1555932,-4.2850022,130
SHAPE_8896089,11.1555946,-4.2849624,131
SHAPE_8896089,11.1556077,-4.2849096,132
SHAPE_8896089,11.1556331,-4.2848617,133
SHAPE_8896089,11.1556691,-4.2848215,134
SHAPE_8896089,11.1557137,-4.2847915,135
SHAPE_8896089,11.1557641,-4.2847735,136
SHAPE_8896089,11.1558044,-4.2847685,137
SHAPE_8896089,11.1558695,-4.2847504,138
SHAPE_8896089,11.1559129,-4.2847429,139
SHAPE_8896089,11.1559623,-4.2847235,140
SHAPE_8896089,11.1560115,-4.2846828,141
SHAPE_8896089,11.1566061,-4.2840815,142
SHAPE_8896089,11.1570684,-4.2835982,143
SHAPE_8896089,11.1572498,-4.2834026,144
SHAPE_8896089,11.1575531,-4.2830976,145
SHAPE_8896089,11.1581775,-4.2824539,146
SHAPE_8896089,11.1588044,-4.2817951,147
SHAPE_8896089,11.1591383,-4.2814471,148
SHAPE_8896089,11.1594258,-4.2811477,149
SHAPE_8896089,11.1595293,-4.2810429,150
SHAPE_8896089,11.1600751,-4.28049,151
SHAPE_8896089,11.1604673,-4.2800689,152
SHAPE_8896089,11.1608855,-4.2796152,153
SHAPE_8896089,11.161074,-4.2794186,154
SHAPE_8896089,11.1613079,-4.2791747,155
SHAPE_8896089,11.1614287,-4.2790575,156
SHAPE_8896089,11.1616478,-4.2788268,157
SHAPE_8896089,11.161703,-4.2787597,158
SHAPE_8896089,11.1617496,-4.2786927,159
SHAPE_8896089,11.1618379,-4.2785776,160
SHAPE_8896089,11.1628609,-4.2787996,161
SHAPE_8896089,11.1628016,-4.2788287,162
SHAPE_8896089,11.1627402,-4.278853,163
SHAPE_8896089,11.162677,-4.2788719,164
SHAPE_8896089,11.1626125,-4.2788857,165
SHAPE_8896089,11.1625472,-4.2788941,166
SHAPE_8896089,11.1624814,-4.2788971,167
SHAPE_8896089,11.1624156,-4.2788946,168
SHAPE_8896089,11.1623501,-4.2788867,169
SHAPE_8896089,11.1622856,-4.2788734,170
SHAPE_8896089,11.1622223,-4.2788549,171
SHAPE_8896089,11.1621607,-4.2788312,172
SHAPE_8896089,11.1621011,-4.2788024,173
SHAPE_8896089,11.1620441,-4.278769,174
SHAPE_8896089,11.1620184,-4.2787495,175
SHAPE_8896089,11.1619606,-4.2787049,176
SHAPE_8896089,11.1619392,-4.2786884,177
SHAPE_8896089,11.1618918,-4.2786421,178
SHAPE_8896089,11.1618484,-4.2785921,179
SHAPE_8896089,11.1618379,-4.2785776,180
SHAPE_8896089,11.1618216,-4.2785533,181
SHAPE_8896089,11.1617747,-4.2784832,182
SHAPE_8896089,11.1617448,-4.2784253,183
SHAPE_8896089,11.1617195,-4.2783651,184
SHAPE_8896089,11.1617101,-4.2783371,185
SHAPE_8896089,11.1616988,-4.2783031,186
SHAPE_8896089,11.1616832,-4.2782396,187
SHAPE_8896089,11.1616724,-4.2781751,188
SHAPE_8896089,11.1616667,-4.2781098,189
SHAPE_8896089,11.161666,-4.2780443,190
SHAPE_8896089,11.1616704,-4.277979,191
SHAPE_8896089,11.16168,-4.2779143,192
SHAPE_8896089,11.1616944,-4.2778505,193
SHAPE_8896089,11.1617137,-4.277788,194
SHAPE_8896089,11.1617379,-4.2777273,195
SHAPE_8896089,11.1617667,-4.2776688,196
SHAPE_8896089,11.1617999,-4.2776128,197
SHAPE_8896089,11.1618373,-4.2775595,198
SHAPE_8896089,11.1618685,-4.2775196,199
SHAPE_8896089,11.1619261,-4.277461,200
SHAPE_8896089,11.1619772,-4.2774166,201
SHAPE_8896089,11.1620318,-4.2773767,202
SHAPE_8896089,11.1620893,-4.2773414,203
SHAPE_8896089,11.1621496,-4.2773112,204
SHAPE_8896089,11.1622121,-4.2772861,205
SHAPE_8896089,11.1622764,-4.2772664,206
SHAPE_8896089,11.162342,-4.2772521,207
SHAPE_8896089,11.1624087,-4.2772435,208
SHAPE_8896089,11.1624757,-4.2772403,209
SHAPE_8896089,11.1625428,-4.277243,210
SHAPE_8896089,11.1626095,-4.2772513,211
SHAPE_8896089,11.1626752,-4.2772651,212
SHAPE_8896089,11.1627397,-4.2772844,213
SHAPE_8896089,11.1627541,-4.2772901,214
SHAPE_8896089,11.1628023,-4.2773091,215
SHAPE_8896089,11.1628627,-4.2773389,216
SHAPE_8896089,11.1629205,-4.2773738,217
SHAPE_8896089,11.1629716,-4.2774104,218
SHAPE_8896089,11.162988,-4.2774243,219
SHAPE_8896089,11.1630198,-4.2774511,220
SHAPE_8896089,11.1630648,-4.2774953,221
SHAPE_8896089,11.1631063,-4.2775429,222
SHAPE_8896089,11.1631441,-4.2775937,223
SHAPE_8896089,11.1631746,-4.2776416,224
SHAPE_8896089,11.1632019,-4.2776915,225
SHAPE_8896089,11.1632256,-4.2777433,226
SHAPE_8896089,11.1632459,-4.2777965,227
SHAPE_8896089,11.1632624,-4.277851,228
SHAPE_8896089,11.1632753,-4.2779066,229
SHAPE_8896089,11.1632844,-4.277963,230
SHAPE_8896089,11.1632896,-4.2780199,231
SHAPE_8896089,11.163291,-4.2780769,232
SHAPE_8896089,11.1632885,-4.2781341,233
SHAPE_8896089,11.1632821,-4.2781908,234
SHAPE_8896089,11.163272,-4.2782469,235
SHAPE_8896089,11.1632581,-4.2783023,236
SHAPE_8896089,11.1632404,-4.2783565,237
SHAPE_8896089,11.163208,-4.2784372,238
SHAPE_8896089,11.1631892,-4.2784701,239
SHAPE_8896089,11.1631546,-4.2785282,240
SHAPE_8896089,11.1631153,-4.2785832,241
SHAPE_8896089,11.1630718,-4.2786347,242
SHAPE_8896089,11.1630243,-4.2786824,243
SHAPE_8896089,11.162973,-4.278726,244
SHAPE_8896089,11.1629185,-4.2787651,245
SHAPE_8896089,11.1628609,-4.2787996,246
SHAPE_8896089,11.1629205,-4.2773738,247
SHAPE_8896089,11.1630067,-4.2773464,248
SHAPE_8896089,11.1630776,-4.2773206,249
SHAPE_8896089,11.163153,-4.2772724,250
SHAPE_8896089,11.1632168,-4.2772195,251
SHAPE_8896089,11.163537,-4.2768953,252
SHAPE_8896089,11.1641435,-4.276257,253
SHAPE_8896089,11.1646041,-4.2757723,254
SHAPE_8896089,11.1647941,-4.2755541,255
SHAPE_8896089,11.1649042,-4.2754278,256
SHAPE_8896089,11.1652608,-4.2750496,257
SHAPE_8896089,11.1657015,-4.2745882,258
SHAPE_8896089,11.1658265,-4.2744554,259
SHAPE_8896089,11.1664449,-4.2738144,260
SHAPE_8896089,11.1668593,-4.2733718,261
SHAPE_8896089,11.1669146,-4.2733075,262
SHAPE_8896089,11.1673014,-4.2728971,263
SHAPE_8896089,11.1676317,-4.2725645,264
SHAPE_8896089,11.1679316,-4.2722614,265
SHAPE_8896089,11.1682447,-4.2719355,266
SHAPE_8896089,11.1685934,-4.2715681,267
SHAPE_8896089,11.168929,-4.271214,268
SHAPE_8896089,11.1691631,-4.27098,269
SHAPE_8896089,11.1692657,-4.2708774,270
SHAPE_8896089,11.1701328,-4.269956,271
SHAPE_8896089,11.1708037,-4.2692665,272
SHAPE_8896089,11.1708242,-4.2692459,273
SHAPE_8896089,11.1709851,-4.26908,274
SHAPE_8896089,11.1713811,-4.2686717,275
SHAPE_8896089,11.1714359,-4.2685028,276
SHAPE_8896089,11.1714744,-4.2683846,277
SHAPE_8896089,11.1716911,-4.2677183,278
SHAPE_8896089,11.1717407,-4.2675084,279
SHAPE_8896089,11.1717312,-4.2673287,280
SHAPE_8896089,11.1716909,-4.2664521,281
SHAPE_8896089,11.1716808,-4.2662278,282
SHAPE_8896089,11.1716407,-4.2653326,283
SHAPE_8896089,11.1716046,-4.2647102,284
SHAPE_8896089,11.1716822,-4.264728,285
SHAPE_8896089,11.1724406,-4.2650542,286
SHAPE_8896089,11.1730304,-4.2651701,287
SHAPE_8896089,11.1736084,-4.2652913,288
SHAPE_8896089,11.1738298,-4.2653378,289
SHAPE_8896089,11.1741758,-4.2654104,290
SHAPE_8896089,11.1743862,-4.2654545,291
SHAPE_8896089,11.1750265,-4.2655711,292
SHAPE_8896089,11.1758664,-4.2656801,293
SHAPE_8896089,11.1766556,-4.265832,294
SHAPE_8896089,11.1774497,-4.2659865,295
SHAPE_8896089,11.1781197,-4.2661101,296
SHAPE_8896089,11.1785544,-4.2661905,297
SHAPE_8896089,11.1787812,-4.2662324,298
SHAPE_8896089,11.1789035,-4.2662542,299
SHAPE_8896089,11.1796933,-4.2664009,300
SHAPE_8896089,11.1804933,-4.2665487,301
SHAPE_8896089,11.1809211,-4.2666277,302
SHAPE_8896089,11.1810401,-4.2666497,303
SHAPE_8896089,11.1812957,-4.2666969,304
SHAPE_8896089,11.1821094,-4.2668651,305
SHAPE_8896089,11.1824843,-4.2669229,306
SHAPE_8896089,11.1826942,-4.2669553,307
SHAPE_8896089,11.1829337,-4.2669995,308
SHAPE_8896089,11.1832092,-4.2670504,309
SHAPE_8896089,11.1836875,-4.2671388,310
SHAPE_8896089,11.1845571,-4.2672994,311
SHAPE_8896089,11.185348,-4.2674455,312
SHAPE_8896089,11.1855702,-4.2674971,313
SHAPE_8896089,11.1858864,-4.2675705,314
SHAPE_8896089,11.18591,-4.267576,315
SHAPE_8896089,11.1861749,-4.2676208,316
SHAPE_8896089,11.18698,-4.2677874,317
SHAPE_8896089,11.1876427,-4.267907,318
SHAPE_8896089,11.1877526,-4.2679248,319
SHAPE_8896089,11.1885447,-4.2680674,320
SHAPE_8896089,11.1893636,-4.268213,321
SHAPE_8896089,11.189473,-4.2682298,322
SHAPE_8896089,11.1896754,-4.2682608,323
SHAPE_8896089,11.1901837,-4.2683375,324
SHAPE_8896089,11.1905404,-4.2684048,325
SHAPE_8896089,11.1912302,-4.2674063,326
SHAPE_8896089,11.1915379,-4.2669361,327
SHAPE_8896089,11.1918269,-4.2664645,328
SHAPE_8896089,11.1919896,-4.2662499,329
SHAPE_8896089,11.1922828,-4.2657979,330
SHAPE_8896089,11.1930707,-4.2645939,331
SHAPE_8896089,11.1932606,-4.264302,332
SHAPE_8896089,11.1934191,-4.2640686,333
SHAPE_8896089,11.1935704,-4.2638312,334
SHAPE_8896089,11.1940781,-4.2630256,335
SHAPE_8896089,11.1943471,-4.2626455,336
SHAPE_8896089,11.194701,-4.2621055,337
SHAPE_8896089,11.1938048,-4.2615456,338
SHAPE_8896089,11.1943152,-4.2609299,339
SHAPE_8896089,11.194722,-4.2612261,340
SHAPE_8896089,11.1948897,-4.2613492,341
SHAPE_8896089,11.1949484,-4.2613897,342
SHAPE_8896089,11.1951041,-4.2614846,343
SHAPE_8896258,11.2119256,-4.4180499,1
SHAPE_8896258,11.2136516,-4.4170491,2
SHAPE_8896258,11.2135805,-4.4169411,3
SHAPE_8896258,11.2134516,-4.4167145,4
SHAPE_8896258,11.2132438,-4.4163571,5
SHAPE_8896258,11.2130826,-4.4160707,6
SHAPE_8896258,11.2130074,-4.4158773,7
SHAPE_8896258,11.211232,-4.4129272,8
SHAPE_8896258,11.2107525,-4.4120298,9
SHAPE_8896258,11.2103446,-4.4111466,10
SHAPE_8896258,11.2097448,-4.4098949,11
SHAPE_8896258,11.209314,-4.4089406,12
SHAPE_8896258,11.2090578,-4.408453,13
SHAPE_8896258,11.2088322,-4.4080519,14
SHAPE_8896258,11.2085073,-4.4075128,15
SHAPE_8896258,11.2066744,-4.4046032,16
SHAPE_8896258,11.2052558,-4.4022959,17
SHAPE_8896258,11.2038517,-4.4000696,18
SHAPE_8896258,11.2004802,-4.3947082,19
SHAPE_8896258,11.200094,-4.3939832,20
SHAPE_8896258,11.1998846,-4.3935122,21
SHAPE_8896258,11.1996547,-4.3929465,22
SHAPE_8896258,11.1994912,-4.3922611,23
SHAPE_8896258,11.1989677,-4.3898729,24
SHAPE_8896258,11.1980671,-4.3850891,25
SHAPE_8896258,11.1979209,-4.3843127,26
SHAPE_8896258,11.1977838,-4.38347,27
SHAPE_8896258,11.1976718,-4.3826421,28
SHAPE_8896258,11.1973398,-4.3800585,29
SHAPE_8896258,11.1972679,-4.3795753,30
SHAPE_8896258,11.1971737,-4.3791757,31
SHAPE_8896258,11.1970113,-4.3784618,32
SHAPE_8896258,11.1968308,-4.3778767,33
SHAPE_8896258,11.1964517,-4.3766808,34
SHAPE_8896258,11.1955136,-4.3734551,35
SHAPE_8896258,11.1954415,-4.3731569,36
SHAPE_8896258,11.1953511,-4.3727829,37
SHAPE_8896258,11.1952827,-4.3723483,38
SHAPE_8896258,11.1952423,-4.3719866,39
SHAPE_8896258,11.1952234,-4.3716171,40
SHAPE_8896258,11.1951787,-4.3712309,41
SHAPE_8896258,11.1951287,-4.3709251,42
SHAPE_8896258,11.1950761,-4.3706435,43
SHAPE_8896258,11.1950208,-4.3700588,44
SHAPE_8896258,11.1949551,-4.3694031,45
SHAPE_8896258,11.1948945,-4.3689635,46
SHAPE_8896258,11.1948273,-4.3682908,47
SHAPE_8896258,11.1947263,-4.367577,48
SHAPE_8896258,11.1945917,-4.3670435,49
SHAPE_8896258,11.1944122,-4.3663884,50
SHAPE_8896258,11.1941451,-4.3656929,51
SHAPE_8896258,11.1941054,-4.3656115,52
SHAPE_8896258,11.1938708,-4.3651299,53
SHAPE_8896258,11.1935675,-4.3645853,54
SHAPE_8896258,11.1929178,-4.3635733,55
SHAPE_8896258,11.1925784,-4.3629846,56
SHAPE_8896258,11.1922872,-4.3623986,57
SHAPE_8896258,11.1917292,-4.3611994,58
SHAPE_8896258,11.1914398,-4.3605906,59
SHAPE_8896258,11.1911728,-4.3599997,60
SHAPE_8896258,11.1909399,-4.3595016,61
SHAPE_8896258,11.1908215,-4.3592414,62
SHAPE_8896258,11.1906779,-4.3589503,63
SHAPE_8896258,11.1906267,-4.3588284,64
SHAPE_8896258,11.1905583,-4.3586701,65
SHAPE_8896258,11.1903641,-4.3582414,66
SHAPE_8896258,11.1903093,-4.3581265,67
SHAPE_8896258,11.1901373,-4.3577663,68
SHAPE_8896258,11.1900216,-4.3575597,69
SHAPE_8896258,11.1899028,-4.3573298,70
SHAPE_8896258,11.1896611,-4.3569052,71
SHAPE_8896258,11.1895416,-4.3567182,72
SHAPE_8896258,11.1894787,-4.3566197,73
SHAPE_8896258,11.1892966,-4.356303,74
SHAPE_8896258,11.1891536,-4.3560542,75
SHAPE_8896258,11.1888335,-4.355521,76
SHAPE_8896258,11.1878311,-4.3538059,77
SHAPE_8896258,11.1875901,-4.3533369,78
SHAPE_8896258,11.1874063,-4.3529049,79
SHAPE_8896258,11.1872277,-4.3524079,80
SHAPE_8896258,11.1871,-4.351963,81
SHAPE_8896258,11.1867562,-4.3506329,82
SHAPE_8896258,11.1865457,-4.3499261,83
SHAPE_8896258,11.1863497,-4.3493038,84
SHAPE_8896258,11.1861734,-4.3487178,85
SHAPE_8896258,11.1860721,-4.348357,86
SHAPE_8896258,11.1858945,-4.3477602,87
SHAPE_8896258,11.185807,-4.3474632,88
SHAPE_8896258,11.1857195,-4.3472399,89
SHAPE_8896258,11.1856036,-4.3469945,90
SHAPE_8896258,11.1855164,-4.3468053,91
SHAPE_8896258,11.1853577,-4.3465143,92
SHAPE_8896258,11.1851222,-4.3460812,93
SHAPE_8896258,11.1848761,-4.3456722,94
SHAPE_8896258,11.1847683,-4.3454991,95
SHAPE_8896258,11.1844999,-4.3450418,96
SHAPE_8896258,11.1842749,-4.3446485,97
SHAPE_8896258,11.1841105,-4.3443498,98
SHAPE_8896258,11.1839645,-4.3441195,99
SHAPE_8896258,11.1836763,-4.3436015,100
SHAPE_8896258,11.1833685,-4.3430731,101
SHAPE_8896258,11.182933,-4.3423368,102
SHAPE_8896258,11.1827225,-4.3419693,103
SHAPE_8896258,11.1824289,-4.3414777,104
SHAPE_8896258,11.1820726,-4.3408633,105
SHAPE_8896258,11.1809198,-4.3388756,106
SHAPE_8896258,11.1807873,-4.3386454,107
SHAPE_8896258,11.1805706,-4.3382735,108
SHAPE_8896258,11.1797024,-4.336769,109
SHAPE_8896258,11.1791415,-4.3358226,110
SHAPE_8896258,11.1789072,-4.3353884,111
SHAPE_8896258,11.1787817,-4.3351604,112
SHAPE_8896258,11.1786755,-4.3349674,113
SHAPE_8896258,11.1784626,-4.3345815,114
SHAPE_8896258,11.1784223,-4.3344971,115
SHAPE_8896258,11.1784398,-4.3344825,116
SHAPE_8896258,11.1789513,-4.3340694,117
SHAPE_8896258,11.1793676,-4.3337232,118
SHAPE_8896258,11.179624,-4.3335232,119
SHAPE_8896258,11.1797469,-4.3334254,120
SHAPE_8896258,11.1798131,-4.3333728,121
SHAPE_8896258,11.1805544,-4.3327858,122
SHAPE_8896258,11.1809849,-4.3324362,123
SHAPE_8896258,11.1819668,-4.3316466,124
SHAPE_8896258,11.1824865,-4.3312273,125
SHAPE_8896258,11.1825781,-4.3311488,126
SHAPE_8896258,11.1828449,-4.3309657,127
SHAPE_8896258,11.1830859,-4.3307457,128
SHAPE_8896258,11.1831805,-4.3306593,129
SHAPE_8896258,11.1832557,-4.3306009,130
SHAPE_8896258,11.1833547,-4.330524,131
SHAPE_8896258,11.1835251,-4.3304377,132
SHAPE_8896258,11.1836399,-4.3304044,133
SHAPE_8896258,11.1844789,-4.330289,134
SHAPE_8896258,11.1849945,-4.3302184,135
SHAPE_8896258,11.1854523,-4.3301479,136
SHAPE_8896258,11.1860161,-4.3300501,137
SHAPE_8896258,11.1867653,-4.3299191,138
SHAPE_8896258,11.1871163,-4.3298577,139
SHAPE_8896258,11.1882867,-4.3297159,140
SHAPE_8896258,11.1885791,-4.3296819,141
SHAPE_8896258,11.1886406,-4.3296724,142
SHAPE_8896258,11.1893496,-4.3295629,143
SHAPE_8896258,11.1900414,-4.3294561,144
SHAPE_8896258,11.1899694,-4.3288867,145
SHAPE_8896258,11.1898882,-4.3282603,146
SHAPE_8896258,11.1898662,-4.3280438,147
SHAPE_8896258,11.1898295,-4.3277525,148
SHAPE_8896258,11.1897409,-4.3271314,149
SHAPE_8896258,11.189498,-4.3253142,150
SHAPE_8896258,11.1893938,-4.3245921,151
SHAPE_8896258,11.1893439,-4.3242791,152
SHAPE_8896258,11.1892981,-4.3239496,153
SHAPE_8896258,11.1891683,-4.3230206,154
SHAPE_8896258,11.1889794,-4.3216691,155
SHAPE_8896258,11.1889309,-4.321322,156
SHAPE_8896258,11.1888437,-4.3206702,157
SHAPE_8896258,11.1887683,-4.3201064,158
SHAPE_8896258,11.1887012,-4.3196344,159
SHAPE_8896258,11.1886265,-4.3191089,160
SHAPE_8896258,11.1885796,-4.3187539,161
SHAPE_8896258,11.1884744,-4.3179917,162
SHAPE_8896258,11.1882492,-4.3162936,163
SHAPE_8896258,11.1882214,-4.3160823,164
SHAPE_8896258,11.1882053,-4.3159479,165
SHAPE_8896258,11.1880505,-4.3146869,166
SHAPE_8896258,11.1878836,-4.3135636,167
SHAPE_8896258,11.187805,-4.3130162,168
SHAPE_8896258,11.1877365,-4.3124689,169
SHAPE_8896258,11.187566,-4.3113059,170
SHAPE_8896258,11.1874122,-4.3100611,171
SHAPE_8896258,11.1872618,-4.3090389,172
SHAPE_8896258,11.1871528,-4.3082288,173
SHAPE_8896258,11.1871214,-4.3079959,174
SHAPE_8896258,11.1869652,-4.3067554,175
SHAPE_8896258,11.1869096,-4.3063392,176
SHAPE_8896258,11.1867457,-4.3051123,177
SHAPE_8896258,11.1866881,-4.3046998,178
SHAPE_8896258,11.1865709,-4.3038384,179
SHAPE_8896258,11.1865302,-4.3035397,180
SHAPE_8896258,11.1863772,-4.3024324,181
SHAPE_8896258,11.1862225,-4.3013077,182
SHAPE_8896258,11.1861611,-4.3008792,183
SHAPE_8896258,11.1860607,-4.3001522,184
SHAPE_8896258,11.1859161,-4.2990401,185
SHAPE_8896258,11.1857693,-4.2979268,186
SHAPE_8896258,11.1857022,-4.2974656,187
SHAPE_8896258,11.1856045,-4.2967932,188
SHAPE_8896258,11.1855954,-4.2967163,189
SHAPE_8896258,11.1855829,-4.2966274,190
SHAPE_8896258,11.185461,-4.29582,191
SHAPE_8896258,11.1854512,-4.2957469,192
SHAPE_8896258,11.1853608,-4.2950576,193
SHAPE_8896258,11.1853504,-4.2949701,194
SHAPE_8896258,11.1852828,-4.294439,195
SHAPE_8896258,11.1851824,-4.2937128,196
SHAPE_8896258,11.1850785,-4.2929935,197
SHAPE_8896258,11.1850075,-4.292397,198
SHAPE_8896258,11.1849903,-4.2922768,199
SHAPE_8896258,11.1849194,-4.291787,200
SHAPE_8896258,11.1848439,-4.2912415,201
SHAPE_8896258,11.1847775,-4.290711,202
SHAPE_8896258,11.1846971,-4.2900797,203
SHAPE_8896258,11.1845929,-4.2892989,204
SHAPE_8896258,11.1845887,-4.2892718,205
SHAPE_8896258,11.1845843,-4.2892427,206
SHAPE_8896258,11.1845527,-4.2891013,207
SHAPE_8896258,11.1844615,-4.2884721,208
SHAPE_8896258,11.184336,-4.2875104,209
SHAPE_8896258,11.1842077,-4.2866101,210
SHAPE_8896258,11.184069,-4.2855486,211
SHAPE_8896258,11.1839948,-4.285045,212
SHAPE_8896258,11.1837415,-4.2831291,213
SHAPE_8896258,11.183686,-4.2827983,214
SHAPE_8896258,11.1835325,-4.281579,215
SHAPE_8896258,11.1834381,-4.2808739,216
SHAPE_8896258,11.1833871,-4.2805358,217
SHAPE_8896258,11.1833114,-4.2801931,218
SHAPE_8896258,11.1832486,-4.2799493,219
SHAPE_8896258,11.1832284,-4.279871,220
SHAPE_8896258,11.183189,-4.2797387,221
SHAPE_8896258,11.1831323,-4.2795441,222
SHAPE_8896258,11.1830485,-4.2792919,223
SHAPE_8896258,11.1830148,-4.2792048,224
SHAPE_8896258,11.1828316,-4.2788056,225
SHAPE_8896258,11.18265,-4.2784805,226
SHAPE_8896258,11.1824494,-4.2781625,227
SHAPE_8896258,11.1822127,-4.2778251,228
SHAPE_8896258,11.182057,-4.2776387,229
SHAPE_8896258,11.1818538,-4.2774101,230
SHAPE_8896258,11.1812895,-4.2767786,231
SHAPE_8896258,11.181199,-4.2766879,232
SHAPE_8896258,11.1804828,-4.2759221,233
SHAPE_8896258,11.1798007,-4.2751615,234
SHAPE_8896258,11.1792164,-4.2745469,235
SHAPE_8896258,11.1790795,-4.2744016,236
SHAPE_8896258,11.1788984,-4.2742038,237
SHAPE_8896258,11.1783742,-4.2736441,238
SHAPE_8896258,11.1779539,-4.2731877,239
SHAPE_8896258,11.1776226,-4.2728197,240
SHAPE_8896258,11.1775387,-4.2727313,241
SHAPE_8896258,11.1769888,-4.2721556,242
SHAPE_8896258,11.1768639,-4.2720248,243
SHAPE_8896258,11.1767362,-4.2718853,244
SHAPE_8896258,11.1759556,-4.2710433,245
SHAPE_8896258,11.1757195,-4.2707755,246
SHAPE_8896258,11.1750072,-4.2700174,247
SHAPE_8896258,11.174906,-4.2699047,248
SHAPE_8896258,11.1748335,-4.2698225,249
SHAPE_8896258,11.1745443,-4.2695256,250
SHAPE_8896258,11.1742338,-4.269191,251
SHAPE_8896258,11.174149,-4.2690944,252
SHAPE_8896258,11.174081,-4.2690215,253
SHAPE_8896258,11.1739467,-4.2688754,254
SHAPE_8896258,11.1738108,-4.268742,255
SHAPE_8896258,11.1736855,-4.2686474,256
SHAPE_8896258,11.1735424,-4.2685586,257
SHAPE_8896258,11.1733844,-4.2684816,258
SHAPE_8896258,11.1731826,-4.2684169,259
SHAPE_8896258,11.173006,-4.2683836,260
SHAPE_8896258,11.1728435,-4.2683663,261
SHAPE_8896258,11.1726728,-4.2683534,262
SHAPE_8896258,11.1723669,-4.2683347,263
SHAPE_8896258,11.1721925,-4.2683407,264
SHAPE_8896258,11.1721241,-4.2683467,265
SHAPE_8896258,11.1720294,-4.2683575,266
SHAPE_8896258,11.1719378,-4.2683687,267
SHAPE_8896258,11.1719254,-4.2683834,268
SHAPE_8896258,11.1718899,-4.2684075,269
SHAPE_8896258,11.1718494,-4.2684211,270
SHAPE_8896258,11.1718068,-4.2684232,271
SHAPE_8896258,11.1717837,-4.2684231,272
SHAPE_8896258,11.1717488,-4.2684064,273
SHAPE_8896258,11.1717172,-4.2683849,274
SHAPE_8896258,11.1716916,-4.2683564,275
SHAPE_8896258,11.1716733,-4.2683225,276
SHAPE_8896258,11.1716634,-4.2682852,277
SHAPE_8896258,11.1716626,-4.2682456,278
SHAPE_8896258,11.1716713,-4.268207,279
SHAPE_8896258,11.1716889,-4.2681717,280
SHAPE_8896258,11.1717144,-4.2681419,281
SHAPE_8896258,11.1717472,-4.2681187,282
SHAPE_8896258,11.1717846,-4.2681046,283
SHAPE_8896258,11.1718243,-4.2681005,284
SHAPE_8896258,11.1718638,-4.2681066,285
SHAPE_8896258,11.1719005,-4.2681225,286
SHAPE_8896258,11.1719133,-4.2681325,287
SHAPE_8896258,11.1719494,-4.2681708,288
SHAPE_8896258,11.1719713,-4.268219,289
SHAPE_8896258,11.1719768,-4.2682718,290
SHAPE_8896258,11.1719652,-4.2683235,291
SHAPE_8896258,11.1719378,-4.2683687,292
SHAPE_8896258,11.1719254,-4.2683834,293
SHAPE_8896258,11.1717144,-4.2681419,294
SHAPE_8896258,11.1717335,-4.2680657,295
SHAPE_8896258,11.1717454,-4.2679966,296
SHAPE_8896258,11.1717494,-4.2679309,297
SHAPE_8896258,11.171756,-4.267837,298
SHAPE_8896258,11.1717472,-4.2676361,299
SHAPE_8896258,11.1717407,-4.2675084,300
SHAPE_8896258,11.1717312,-4.2673287,301
SHAPE_8896258,11.1716909,-4.2664521,302
SHAPE_8896258,11.1716808,-4.2662278,303
SHAPE_8896258,11.1716407,-4.2653326,304
SHAPE_8896258,11.1716046,-4.2647102,305
SHAPE_8896258,11.1716822,-4.264728,306
SHAPE_8896258,11.1724406,-4.2650542,307
SHAPE_8896258,11.1730304,-4.2651701,308
SHAPE_8896258,11.1736084,-4.2652913,309
SHAPE_8896258,11.1738298,-4.2653378,310
SHAPE_8896258,11.1741758,-4.2654104,311
SHAPE_8896258,11.1743862,-4.2654545,312
SHAPE_8896258,11.1750265,-4.2655711,313
SHAPE_8896258,11.1758664,-4.2656801,314
SHAPE_8896258,11.1766556,-4.265832,315
SHAPE_8896258,11.1774497,-4.2659865,316
SHAPE_8896258,11.1781197,-4.2661101,317
SHAPE_8896258,11.1785544,-4.2661905,318
SHAPE_8896258,11.1787812,-4.2662324,319
SHAPE_8896258,11.1789035,-4.2662542,320
SHAPE_8896258,11.1796933,-4.2664009,321
SHAPE_8896258,11.1804933,-4.2665487,322
SHAPE_8896258,11.1809211,-4.2666277,323
SHAPE_8896258,11.1810401,-4.2666497,324
SHAPE_8896258,11.1812957,-4.2666969,325
SHAPE_8896258,11.1821094,-4.2668651,326
SHAPE_8896258,11.1824843,-4.2669229,327
SHAPE_8896258,11.1826942,-4.2669553,328
SHAPE_8896258,11.1829337,-4.2669995,329
SHAPE_8896258,11.1832092,-4.2670504,330
SHAPE_8896258,11.1836875,-4.2671388,331
SHAPE_8896258,11.1845571,-4.2672994,332
SHAPE_8896258,11.185348,-4.2674455,333
SHAPE_8896258,11.1855702,-4.2674971,334
SHAPE_8896258,11.1858864,-4.2675705,335
SHAPE_8896258,11.18591,-4.267576,336
SHAPE_8896258,11.1861749,-4.2676208,337
SHAPE_8896258,11.18698,-4.2677874,338
SHAPE_8896258,11.1876427,-4.267907,339
SHAPE_8896258,11.1877526,-4.2679248,340
SHAPE_8896258,11.1885447,-4.2680674,341
SHAPE_8896258,11.1893636,-4.268213,342
SHAPE_8896258,11.189473,-4.2682298,343
SHAPE_8896258,11.1896754,-4.2682608,344
SHAPE_8896258,11.1901837,-4.2683375,345
SHAPE_8896258,11.1905404,-4.2684048,346
SHAPE_8896258,11.1912302,-4.2674063,347
SHAPE_8896258,11.1915379,-4.2669361,348
SHAPE_8896258,11.1918269,-4.2664645,349
SHAPE_8896259,11.1905404,-4.2684048,1
SHAPE_8896259,11.1912302,-4.2674063,2
SHAPE_8896259,11.1915379,-4.2669361,3
SHAPE_8896259,11.1918269,-4.2664645,4
SHAPE_8896259,11.1905404,-4.2684048,5
SHAPE_8896259,11.1901837,-4.2683375,6
SHAPE_8896259,11.1896754,-4.2682608,7
SHAPE_8896259,11.189473,-4.2682298,8
SHAPE_8896259,11.1893636,-4.268213,9
SHAPE_8896259,11.1885447,-4.2680674,10
SHAPE_8896259,11.1877526,-4.2679248,11
SHAPE_8896259,11.1876427,-4.267907,12
SHAPE_8896259,11.18698,-4.2677874,13
SHAPE_8896259,11.1861749,-4.2676208,14
SHAPE_8896259,11.18591,-4.267576,15
SHAPE_8896259,11.1858864,-4.2675705,16
SHAPE_8896259,11.1855702,-4.2674971,17
SHAPE_8896259,11.185348,-4.2674455,18
SHAPE_8896259,11.1845571,-4.2672994,19
SHAPE_8896259,11.1836875,-4.2671388,20
SHAPE_8896259,11.1832092,-4.2670504,21
SHAPE_8896259,11.1829337,-4.2669995,22
SHAPE_8896259,11.1826942,-4.2669553,23
SHAPE_8896259,11.1824843,-4.2669229,24
SHAPE_8896259,11.1821094,-4.2668651,25
SHAPE_8896259,11.1812957,-4.2666969,26
SHAPE_8896259,11.1810401,-4.2666497,27
SHAPE_8896259,11.1809211,-4.2666277,28
SHAPE_8896259,11.1804933,-4.2665487,29
SHAPE_8896259,11.1796933,-4.2664009,30
SHAPE_8896259,11.1789035,-4.2662542,31
SHAPE_8896259,11.1787812,-4.2662324,32
SHAPE_8896259,11.1785544,-4.2661905,33
SHAPE_8896259,11.1781197,-4.2661101,34
SHAPE_8896259,11.1774497,-4.2659865,35
SHAPE_8896259,11.1766556,-4.265832,36
SHAPE_8896259,11.1758664,-4.2656801,37
SHAPE_8896259,11.1750265,-4.2655711,38
SHAPE_8896259,11.1743862,-4.2654545,39
SHAPE_8896259,11.1741758,-4.2654104,40
SHAPE_8896259,11.1738298,-4.2653378,41
SHAPE_8896259,11.1736084,-4.2652913,42
SHAPE_8896259,11.1730304,-4.2651701,43
SHAPE_8896259,11.1724406,-4.2650542,44
SHAPE_8896259,11.1716822,-4.264728,45
SHAPE_8896259,11.1717099,-4.2653232,46
SHAPE_8896259,11.171742,-4.2660152,47
SHAPE_8896259,11.1717641,-4.2664426,48
SHAPE_8896259,11.1717826,-4.2668295,49
SHAPE_8896259,11.1717982,-4.2673481,50
SHAPE_8896259,11.1718015,-4.2674324,51
SHAPE_8896259,11.1718037,-4.2676488,52
SHAPE_8896259,11.1718419,-4.2677519,53
SHAPE_8896259,11.1718689,-4.2678123,54
SHAPE_8896259,11.1719077,-4.2679015,55
SHAPE_8896259,11.1719728,-4.2679954,56
SHAPE_8896259,11.1720801,-4.2681,57
SHAPE_8896259,11.1721899,-4.2681617,58
SHAPE_8896259,11.1723215,-4.2682301,59
SHAPE_8896259,11.1726181,-4.268259,60
SHAPE_8896259,11.1728547,-4.2682778,61
SHAPE_8896259,11.1730242,-4.2682962,62
SHAPE_8896259,11.1732006,-4.2683288,63
SHAPE_8896259,11.1734106,-4.2683899,64
SHAPE_8896259,11.173611,-4.2684855,65
SHAPE_8896259,11.1737624,-4.2685829,66
SHAPE_8896259,11.1738738,-4.2686653,67
SHAPE_8896259,11.1740054,-4.2687887,68
SHAPE_8896259,11.1740614,-4.2688485,69
SHAPE_8896259,11.1742108,-4.2690092,70
SHAPE_8896259,11.1743187,-4.2691239,71
SHAPE_8896259,11.1744159,-4.2692269,72
SHAPE_8896259,11.1746167,-4.269437,73
SHAPE_8896259,11.1750602,-4.2699108,74
SHAPE_8896259,11.1758165,-4.2707323,75
SHAPE_8896259,11.1764849,-4.2714588,76
SHAPE_8896259,11.1767985,-4.2717996,77
SHAPE_8896259,11.1770552,-4.2720744,78
SHAPE_8896259,11.1776975,-4.2727343,79
SHAPE_8896259,11.178415,-4.2735471,80
SHAPE_8896259,11.1790913,-4.2742744,81
SHAPE_8896259,11.1792955,-4.2744923,82
SHAPE_8896259,11.1797679,-4.274994,83
SHAPE_8896259,11.1805,-4.2757768,84
SHAPE_8896259,11.1809214,-4.2762285,85
SHAPE_8896259,11.1812199,-4.2765528,86
SHAPE_8896259,11.1812782,-4.2766211,87
SHAPE_8896259,11.1818921,-4.2772918,88
SHAPE_8896259,11.1821249,-4.2775721,89
SHAPE_8896259,11.1823008,-4.2777837,90
SHAPE_8896259,11.1825528,-4.2781278,91
SHAPE_8896259,11.1827375,-4.2784297,92
SHAPE_8896259,11.1828953,-4.2787247,93
SHAPE_8896259,11.1830757,-4.2791365,94
SHAPE_8896259,11.1831177,-4.2792531,95
SHAPE_8896259,11.1832137,-4.2795334,96
SHAPE_8896259,11.1833071,-4.279874,97
SHAPE_8896259,11.183386,-4.2801905,98
SHAPE_8896259,11.1834553,-4.2805441,99
SHAPE_8896259,11.183499,-4.2808422,100
SHAPE_8896259,11.1835961,-4.2815676,101
SHAPE_8896259,11.1836784,-4.2821575,102
SHAPE_8896259,11.1837661,-4.2827866,103
SHAPE_8896259,11.1838067,-4.2831098,104
SHAPE_8896259,11.1839016,-4.2838208,105
SHAPE_8896259,11.184077,-4.2851022,106
SHAPE_8896259,11.1841367,-4.2855511,107
SHAPE_8896259,11.1842849,-4.2866147,108
SHAPE_8896259,11.1844086,-4.2875138,109
SHAPE_8896259,11.1844091,-4.2875182,110
SHAPE_8896259,11.1845373,-4.2884775,111
SHAPE_8896259,11.1846369,-4.2891541,112
SHAPE_8896259,11.1847765,-4.2900303,113
SHAPE_8896259,11.1848551,-4.2906319,114
SHAPE_8896259,11.1849291,-4.2912314,115
SHAPE_8896259,11.1850153,-4.2918236,116
SHAPE_8896259,11.1850859,-4.2923933,117
SHAPE_8896259,11.185167,-4.2929792,118
SHAPE_8896259,11.1852648,-4.2936901,119
SHAPE_8896259,11.1853811,-4.294425,120
SHAPE_8896259,11.1854338,-4.2948414,121
SHAPE_8896259,11.1854619,-4.2950425,122
SHAPE_8896259,11.1855563,-4.295738,123
SHAPE_8896259,11.1855659,-4.2958089,124
SHAPE_8896259,11.1856858,-4.2966695,125
SHAPE_8896259,11.1856959,-4.2967551,126
SHAPE_8896259,11.1857002,-4.2967865,127
SHAPE_8896259,11.1857899,-4.2974479,128
SHAPE_8896259,11.1858526,-4.2979101,129
SHAPE_8896259,11.1860036,-4.2990266,130
SHAPE_8896259,11.186152,-4.3001412,131
SHAPE_8896259,11.1862678,-4.3009638,132
SHAPE_8896259,11.1863169,-4.3012957,133
SHAPE_8896259,11.1864642,-4.3024191,134
SHAPE_8896259,11.1866151,-4.3035261,135
SHAPE_8896259,11.1866578,-4.3038207,136
SHAPE_8896259,11.1867836,-4.304689,137
SHAPE_8896259,11.1868978,-4.3055227,138
SHAPE_8896259,11.1869525,-4.3059236,139
SHAPE_8896259,11.1870586,-4.3067416,140
SHAPE_8896259,11.1871366,-4.3072542,141
SHAPE_8896259,11.1872471,-4.3079798,142
SHAPE_8896259,11.1872542,-4.3080275,143
SHAPE_8896259,11.1873759,-4.3090244,144
SHAPE_8896259,11.187535,-4.3100529,145
SHAPE_8896259,11.1877063,-4.311288,146
SHAPE_8896259,11.1878694,-4.312454,147
SHAPE_8896259,11.1878757,-4.3124892,148
SHAPE_8896259,11.1880026,-4.313546,149
SHAPE_8896259,11.1881507,-4.314676,150
SHAPE_8896259,11.18831,-4.3159292,151
SHAPE_8896259,11.1883302,-4.3160721,152
SHAPE_8896259,11.1883778,-4.3163827,153
SHAPE_8896259,11.1884665,-4.3169972,154
SHAPE_8896259,11.1886125,-4.3179756,155
SHAPE_8896259,11.1886512,-4.3182708,156
SHAPE_8896259,11.1887684,-4.3190949,157
SHAPE_8896259,11.1888324,-4.3196326,158
SHAPE_8896259,11.1888515,-4.3197759,159
SHAPE_8896259,11.1888638,-4.3198679,160
SHAPE_8896259,11.1888925,-4.3200835,161
SHAPE_8896259,11.1889388,-4.3204066,162
SHAPE_8896259,11.1890669,-4.3212992,163
SHAPE_8896259,11.1891398,-4.3218285,164
SHAPE_8896259,11.189184,-4.3221497,165
SHAPE_8896259,11.1893006,-4.3230019,166
SHAPE_8896259,11.1893998,-4.3237268,167
SHAPE_8896259,11.1894403,-4.3240054,168
SHAPE_8896259,11.1895185,-4.324568,169
SHAPE_8896259,11.189618,-4.325298,170
SHAPE_8896259,11.1897886,-4.3265405,171
SHAPE_8896259,11.1898565,-4.3271116,172
SHAPE_8896259,11.189939,-4.3277403,173
SHAPE_8896259,11.1899803,-4.3280637,174
SHAPE_8896259,11.1900836,-4.3288709,175
SHAPE_8896259,11.1901703,-4.3294354,176
SHAPE_8896259,11.1901874,-4.3295578,177
SHAPE_8896259,11.1900556,-4.3295753,178
SHAPE_8896259,11.1893648,-4.3296698,179
SHAPE_8896259,11.1886729,-4.3297626,180
SHAPE_8896259,11.1886525,-4.3297656,181
SHAPE_8896259,11.1882994,-4.329817,182
SHAPE_8896259,11.1880646,-4.3298458,183
SHAPE_8896259,11.18713,-4.3299604,184
SHAPE_8896259,11.187007,-4.3299822,185
SHAPE_8896259,11.1865904,-4.3300561,186
SHAPE_8896259,11.1861815,-4.3301286,187
SHAPE_8896259,11.1860285,-4.3301491,188
SHAPE_8896259,11.1854683,-4.3302407,189
SHAPE_8896259,11.1850023,-4.3303153,190
SHAPE_8896259,11.184519,-4.3303751,191
SHAPE_8896259,11.1836439,-4.3304936,192
SHAPE_8896259,11.1835554,-4.3305205,193
SHAPE_8896259,11.1834753,-4.3305639,194
SHAPE_8896259,11.1829004,-4.3310305,195
SHAPE_8896259,11.1827151,-4.331175,196
SHAPE_8896259,11.1825636,-4.3312932,197
SHAPE_8896259,11.1823028,-4.3315101,198
SHAPE_8896259,11.1820147,-4.3317354,199
SHAPE_8896259,11.1809473,-4.3325953,200
SHAPE_8896259,11.1806067,-4.3328701,201
SHAPE_8896259,11.1798436,-4.3334932,202
SHAPE_8896259,11.1797898,-4.3335365,203
SHAPE_8896259,11.1796825,-4.3336228,204
SHAPE_8896259,11.1790143,-4.3341603,205
SHAPE_8896259,11.1784626,-4.3345815,206
SHAPE_8896259,11.1786755,-4.3349674,207
SHAPE_8896259,11.1787817,-4.3351604,208
SHAPE_8896259,11.1789072,-4.3353884,209
SHAPE_8896259,11.1791415,-4.3358226,210
SHAPE_8896259,11.1797024,-4.336769,211
SHAPE_8896259,11.1805706,-4.3382735,212
SHAPE_8896259,11.1807873,-4.3386454,213
SHAPE_8896259,11.1809198,-4.3388756,214
SHAPE_8896259,11.1820726,-4.3408633,215
SHAPE_8896259,11.1824289,-4.3414777,216
SHAPE_8896259,11.1827225,-4.3419693,217
SHAPE_8896259,11.182933,-4.3423368,218
SHAPE_8896259,11.1833685,-4.3430731,219
SHAPE_8896259,11.1836763,-4.3436015,220
SHAPE_8896259,11.1839645,-4.3441195,221
SHAPE_8896259,11.1841105,-4.3443498,222
SHAPE_8896259,11.1842749,-4.3446485,223
SHAPE_8896259,11.1844999,-4.3450418,224
SHAPE_8896259,11.1847683,-4.3454991,225
SHAPE_8896259,11.1848761,-4.3456722,226
SHAPE_8896259,11.1851222,-4.3460812,227
SHAPE_8896259,11.1853577,-4.3465143,228
SHAPE_8896259,11.1855164,-4.3468053,229
SHAPE_8896259,11.1856036,-4.3469945,230
SHAPE_8896259,11.1857195,-4.3472399,231
SHAPE_8896259,11.185807,-4.3474632,232
SHAPE_8896259,11.1858945,-4.3477602,233
SHAPE_8896259,11.1860721,-4.348357,234
SHAPE_8896259,11.1861734,-4.3487178,235
SHAPE_8896259,11.1863497,-4.3493038,236
SHAPE_8896259,11.1865457,-4.3499261,237
SHAPE_8896259,11.1867562,-4.3506329,238
SHAPE_8896259,11.1871,-4.351963,239
SHAPE_8896259,11.1872277,-4.3524079,240
SHAPE_8896259,11.1874063,-4.3529049,241
SHAPE_8896259,11.1875901,-4.3533369,242
SHAPE_8896259,11.1878311,-4.3538059,243
SHAPE_8896259,11.1888335,-4.355521,244
SHAPE_8896259,11.1891536,-4.3560542,245
SHAPE_8896259,11.1892966,-4.356303,246
SHAPE_8896259,11.1894787,-4.3566197,247
SHAPE_8896259,11.1895416,-4.3567182,248
SHAPE_8896259,11.1896611,-4.3569052,249
SHAPE_8896259,11.1899028,-4.3573298,250
SHAPE_8896259,11.1900216,-4.3575597,251
SHAPE_8896259,11.1901373,-4.3577663,252
SHAPE_8896259,11.1903093,-4.3581265,253
SHAPE_8896259,11.1903641,-4.3582414,254
SHAPE_8896259,11.1905583,-4.3586701,255
SHAPE_8896259,11.1906267,-4.3588284,256
SHAPE_8896259,11.1906779,-4.3589503,257
SHAPE_8896259,11.1908215,-4.3592414,258
SHAPE_8896259,11.1909399,-4.3595016,259
SHAPE_8896259,11.1911728,-4.3599997,260
SHAPE_8896259,11.1914398,-4.3605906,261
SHAPE_8896259,11.1917292,-4.3611994,262
SHAPE_8896259,11.1922872,-4.3623986,263
SHAPE_8896259,11.1925784,-4.3629846,264
SHAPE_8896259,11.1929178,-4.3635733,265
SHAPE_8896259,11.1935675,-4.3645853,266
SHAPE_8896259,11.1938708,-4.3651299,267
SHAPE_8896259,11.1941054,-4.3656115,268
SHAPE_8896259,11.1941451,-4.3656929,269
SHAPE_8896259,11.1944122,-4.3663884,270
SHAPE_8896259,11.1945917,-4.3670435,271
SHAPE_8896259,11.1947263,-4.367577,272
SHAPE_8896259,11.1948273,-4.3682908,273
SHAPE_8896259,11.1948945,-4.3689635,274
SHAPE_8896259,11.1949551,-4.3694031,275
SHAPE_8896259,11.1950208,-4.3700588,276
SHAPE_8896259,11.1950761,-4.3706435,277
SHAPE_8896259,11.1951287,-4.3709251,278
SHAPE_8896259,11.1951787,-4.3712309,279
SHAPE_8896259,11.1952234,-4.3716171,280
SHAPE_8896259,11.1952423,-4.3719866,281
SHAPE_8896259,11.1952827,-4.3723483,282
SHAPE_8896259,11.1953511,-4.3727829,283
SHAPE_8896259,11.1954415,-4.3731569,284
SHAPE_8896259,11.1955136,-4.3734551,285
SHAPE_8896259,11.1964517,-4.3766808,286
SHAPE_8896259,11.1968308,-4.3778767,287
SHAPE_8896259,11.1970113,-4.3784618,288
SHAPE_8896259,11.1971737,-4.3791757,289
SHAPE_8896259,11.1972679,-4.3795753,290
SHAPE_8896259,11.1973398,-4.3800585,291
SHAPE_8896259,11.1976718,-4.3826421,292
SHAPE_8896259,11.1977838,-4.38347,293
SHAPE_8896259,11.1979209,-4.3843127,294
SHAPE_8896259,11.1980671,-4.3850891,295
SHAPE_8896259,11.1989677,-4.3898729,296
SHAPE_8896259,11.1994912,-4.3922611,297
SHAPE_8896259,11.1996547,-4.3929465,298
SHAPE_8896259,11.1998846,-4.3935122,299
SHAPE_8896259,11.200094,-4.3939832,300
SHAPE_8896259,11.2004802,-4.3947082,301
SHAPE_8896259,11.2038517,-4.4000696,302
SHAPE_8896259,11.2052558,-4.4022959,303
SHAPE_8896259,11.2066744,-4.4046032,304
SHAPE_8896259,11.2085073,-4.4075128,305
SHAPE_8896259,11.2088322,-4.4080519,306
SHAPE_8896259,11.2090578,-4.408453,307
SHAPE_8896259,11.209314,-4.4089406,308
SHAPE_8896259,11.2097448,-4.4098949,309
SHAPE_8896259,11.2103446,-4.4111466,310
SHAPE_8896259,11.2107525,-4.4120298,311
SHAPE_8896259,11.211232,-4.4129272,312
SHAPE_8896259,11.2130074,-4.4158773,313
SHAPE_8896259,11.2131346,-4.4160184,314
SHAPE_8896259,11.2132911,-4.4162464,315
SHAPE_8896259,11.2134727,-4.4164898,316
SHAPE_8896259,11.2135746,-4.4166078,317
SHAPE_8896259,11.2136581,-4.4166917,318
SHAPE_8896259,11.213756,-4.4167911,319
SHAPE_8896259,11.2137897,-4.4168264,320
SHAPE_8896259,11.2138377,-4.4168928,321
SHAPE_8896259,11.2138959,-4.4170195,322
SHAPE_8896259,11.2138538,-4.417038,323
SHAPE_8896259,11.2138209,-4.4170595,324
SHAPE_8896259,11.2137706,-4.417095,325
SHAPE_8896259,11.2137088,-4.4171359,326
SHAPE_8896259,11.2114039,-4.4184215,327
SHAPE_8896259,11.210282,-4.4190561,328
SHAPE_8896259,11.2097096,-4.4194044,329
SHAPE_8896259,11.2096112,-4.4194977,330
SHAPE_8896259,11.2096049,-4.4195368,331
SHAPE_8896259,11.2095877,-4.4195723,332
SHAPE_8896259,11.2095611,-4.4196012,333
SHAPE_8896259,11.2095218,-4.4196231,334
SHAPE_8896259,11.2094776,-4.4196302,335
SHAPE_8896259,11.2094336,-4.4196219,336
SHAPE_8896259,11.2093948,-4.4195991,337
SHAPE_8896259,11.2093658,-4.4195644,338
SHAPE_8896259,11.2093498,-4.4195217,339
SHAPE_8896259,11.2093487,-4.4194761,340
SHAPE_8896259,11.2093623,-4.4194335,341
SHAPE_8896259,11.2093888,-4.4193978,342
SHAPE_8896259,11.2094253,-4.419373,343
SHAPE_8896259,11.2094678,-4.4193617,344
SHAPE_8896259,11.2095116,-4.4193653,345
SHAPE_8896259,11.2095518,-4.4193834,346
SHAPE_8896259,11.209657,-4.4193566,347
SHAPE_8896259,11.2113655,-4.4183761,348
SHAPE_8896259,11.2119256,-4.4180499,349
SHAPE_8896419,11.2119256,-4.4180499,1
SHAPE_8896419,11.2136516,-4.4170491,2
SHAPE_8896419,11.2135805,-4.4169411,3
SHAPE_8896419,11.2134516,-4.4167145,4
SHAPE_8896419,11.2132438,-4.4163571,5
SHAPE_8896419,11.2130826,-4.4160707,6
SHAPE_8896419,11.2130074,-4.4158773,7
SHAPE_8896419,11.211232,-4.4129272,8
SHAPE_8896419,11.2107525,-4.4120298,9
SHAPE_8896419,11.2103446,-4.4111466,10
SHAPE_8896419,11.2097448,-4.4098949,11
SHAPE_8896419,11.209314,-4.4089406,12
SHAPE_8896419,11.2090578,-4.408453,13
SHAPE_8896419,11.2088322,-4.4080519,14
SHAPE_8896419,11.2085073,-4.4075128,15
SHAPE_8896419,11.2066744,-4.4046032,16
SHAPE_8896419,11.2052558,-4.4022959,17
SHAPE_8896419,11.2038517,-4.4000696,18
SHAPE_8896419,11.2004802,-4.3947082,19
SHAPE_8896419,11.200094,-4.3939832,20
SHAPE_8896419,11.1998846,-4.3935122,21
SHAPE_8896419,11.1996547,-4.3929465,22
SHAPE_8896419,11.1994912,-4.3922611,23
SHAPE_8896419,11.1989677,-4.3898729,24
SHAPE_8896419,11.1980671,-4.3850891,25
SHAPE_8896419,11.1979209,-4.3843127,26
SHAPE_8896419,11.1977838,-4.38347,27
SHAPE_8896419,11.1976718,-4.3826421,28
SHAPE_8896419,11.1973398,-4.3800585,29
SHAPE_8896419,11.1972679,-4.3795753,30
SHAPE_8896419,11.1971737,-4.3791757,31
SHAPE_8896419,11.1970113,-4.3784618,32
SHAPE_8896419,11.1968308,-4.3778767,33
SHAPE_8896419,11.1964517,-4.3766808,34
SHAPE_8896419,11.1955136,-4.3734551,35
SHAPE_8896419,11.1954415,-4.3731569,36
SHAPE_8896419,11.1953511,-4.3727829,37
SHAPE_8896419,11.1952827,-4.3723483,38
SHAPE_8896419,11.1952423,-4.3719866,39
SHAPE_8896419,11.1952234,-4.3716171,40
SHAPE_8896419,11.1951787,-4.3712309,41
SHAPE_8896419,11.1951287,-4.3709251,42
SHAPE_8896419,11.1950761,-4.3706435,43
SHAPE_8896419,11.1950208,-4.3700588,44
SHAPE_8896419,11.1949551,-4.3694031,45
SHAPE_8896419,11.1948945,-4.3689635,46
SHAPE_8896419,11.1948273,-4.3682908,47
SHAPE_8896419,11.1947263,-4.367577,48
SHAPE_8896419,11.1945917,-4.3670435,49
SHAPE_8896419,11.1944122,-4.3663884,50
SHAPE_8896419,11.1941451,-4.3656929,51
SHAPE_8896419,11.1941054,-4.3656115,52
SHAPE_8896419,11.1938708,-4.3651299,53
SHAPE_8896419,11.1935675,-4.3645853,54
SHAPE_8896419,11.1929178,-4.3635733,55
SHAPE_8896419,11.1925784,-4.3629846,56
SHAPE_8896419,11.1922872,-4.3623986,57
SHAPE_8896419,11.1917292,-4.3611994,58
SHAPE_8896419,11.1914398,-4.3605906,59
SHAPE_8896419,11.1911728,-4.3599997,60
SHAPE_8896419,11.1909399,-4.3595016,61
SHAPE_8896419,11.1908215,-4.3592414,62
SHAPE_8896419,11.1906779,-4.3589503,63
SHAPE_8896419,11.1906267,-4.3588284,64
SHAPE_8896419,11.1905583,-4.3586701,65
SHAPE_8896419,11.1903641,-4.3582414,66
SHAPE_8896419,11.1903093,-4.3581265,67
SHAPE_8896419,11.1901373,-4.3577663,68
SHAPE_8896419,11.1900216,-4.3575597,69
SHAPE_8896419,11.1899028,-4.3573298,70
SHAPE_8896419,11.1896611,-4.3569052,71
SHAPE_8896419,11.1895416,-4.3567182,72
SHAPE_8896419,11.1894787,-4.3566197,73
SHAPE_8896419,11.1892966,-4.356303,74
SHAPE_8896419,11.1891536,-4.3560542,75
SHAPE_8896419,11.1888335,-4.355521,76
SHAPE_8896419,11.1878311,-4.3538059,77
SHAPE_8896419,11.1875901,-4.3533369,78
SHAPE_8896419,11.1874063,-4.3529049,79
SHAPE_8896419,11.1872277,-4.3524079,80
SHAPE_8896419,11.1871,-4.351963,81
SHAPE_8896419,11.1867562,-4.3506329,82
SHAPE_8896419,11.1865457,-4.3499261,83
SHAPE_8896419,11.1863497,-4.3493038,84
SHAPE_8896419,11.1861734,-4.3487178,85
SHAPE_8896419,11.1860721,-4.348357,86
SHAPE_8896419,11.1858945,-4.3477602,87
SHAPE_8896419,11.185807,-4.3474632,88
SHAPE_8896419,11.1857195,-4.3472399,89
SHAPE_8896419,11.1856036,-4.3469945,90
SHAPE_8896419,11.1855164,-4.3468053,91
SHAPE_8896419,11.1853577,-4.3465143,92
SHAPE_8896419,11.1851222,-4.3460812,93
SHAPE_8896419,11.1848761,-4.3456722,94
SHAPE_8896419,11.1847683,-4.3454991,95
SHAPE_8896419,11.1844999,-4.3450418,96
SHAPE_8896419,11.1842749,-4.3446485,97
SHAPE_8896419,11.1841105,-4.3443498,98
SHAPE_8896419,11.1839645,-4.3441195,99
SHAPE_8896419,11.1836763,-4.3436015,100
SHAPE_8896419,11.1833685,-4.3430731,101
SHAPE_8896419,11.182933,-4.3423368,102
SHAPE_8896419,11.1827225,-4.3419693,103
SHAPE_8896419,11.1824289,-4.3414777,104
SHAPE_8896419,11.1820726,-4.3408633,105
SHAPE_8896419,11.1809198,-4.3388756,106
SHAPE_8896419,11.1807873,-4.3386454,107
SHAPE_8896419,11.1805706,-4.3382735,108
SHAPE_8896419,11.1797024,-4.336769,109
SHAPE_8896419,11.1791415,-4.3358226,110
SHAPE_8896419,11.1789072,-4.3353884,111
SHAPE_8896419,11.1787817,-4.3351604,112
SHAPE_8896419,11.1786755,-4.3349674,113
SHAPE_8896419,11.1784626,-4.3345815,114
SHAPE_8896419,11.1784223,-4.3344971,115
SHAPE_8896419,11.1780833,-4.3339498,116
SHAPE_8896419,11.177788,-4.3334316,117
SHAPE_8896419,11.1775013,-4.332909,118
SHAPE_8896419,11.1774041,-4.332738,119
SHAPE_8896419,11.1772965,-4.3325356,120
SHAPE_8896419,11.1771856,-4.332337,121
SHAPE_8896419,11.1769568,-4.3318689,122
SHAPE_8896419,11.1769104,-4.3317544,123
SHAPE_8896419,11.176843,-4.3315955,124
SHAPE_8896419,11.1767849,-4.3314403,125
SHAPE_8896419,11.176744,-4.3313436,126
SHAPE_8896419,11.1765389,-4.3307644,127
SHAPE_8896419,11.1763386,-4.3301935,128
SHAPE_8896419,11.1761755,-4.3296794,129
SHAPE_8896419,11.176007,-4.3290468,130
SHAPE_8896419,11.1758423,-4.3284939,131
SHAPE_8896419,11.1756736,-4.3278742,132
SHAPE_8896419,11.1755923,-4.3275859,133
SHAPE_8896419,11.1753232,-4.326548,134
SHAPE_8896419,11.1752311,-4.3259767,135
SHAPE_8896419,11.175139,-4.3253383,136
SHAPE_8896419,11.1750653,-4.3247536,137
SHAPE_8896419,11.1749154,-4.3234716,138
SHAPE_8896419,11.1748918,-4.3232744,139
SHAPE_8896419,11.1748708,-4.3231335,140
SHAPE_8896419,11.174806,-4.3226334,141
SHAPE_8896419,11.1747289,-4.3220389,142
SHAPE_8896419,11.1746571,-4.3214436,143
SHAPE_8896419,11.1744288,-4.3196745,144
SHAPE_8896419,11.1743511,-4.3190556,145
SHAPE_8896419,11.1740655,-4.3166381,146
SHAPE_8896419,11.1739174,-4.3155276,147
SHAPE_8896419,11.1737401,-4.3143878,148
SHAPE_8896419,11.173684,-4.3139067,149
SHAPE_8896419,11.1736139,-4.3132527,150
SHAPE_8896419,11.1740904,-4.313171,151
SHAPE_8896419,11.1749076,-4.3130545,152
SHAPE_8896419,11.1747685,-4.3119387,153
SHAPE_8896419,11.1745921,-4.3107773,154
SHAPE_8896419,11.1744731,-4.309906,155
SHAPE_8896419,11.1744394,-4.3096589,156
SHAPE_8896419,11.174321,-4.3087915,157
SHAPE_8896419,11.1742921,-4.3085321,158
SHAPE_8896419,11.1742738,-4.3083991,159
SHAPE_8896419,11.1742103,-4.3078957,160
SHAPE_8896419,11.174172,-4.3076597,161
SHAPE_8896419,11.174156,-4.3075432,162
SHAPE_8896419,11.1741496,-4.3074964,163
SHAPE_8896419,11.174133,-4.3073918,164
SHAPE_8896419,11.1739874,-4.3064896,165
SHAPE_8896419,11.1748377,-4.3063773,166
SHAPE_8896419,11.1757637,-4.3062461,167
SHAPE_8896419,11.1768451,-4.3060928,168
SHAPE_8896419,11.1775369,-4.3060004,169
SHAPE_8896419,11.1776422,-4.3059917,170
SHAPE_8896419,11.1778556,-4.3059687,171
SHAPE_8896420,11.1778556,-4.3059687,1
SHAPE_8896420,11.1780582,-4.3059416,2
SHAPE_8896420,11.1778556,-4.3059687,3
SHAPE_8896420,11.1776422,-4.3059917,4
SHAPE_8896420,11.1775369,-4.3060004,5
SHAPE_8896420,11.1768451,-4.3060928,6
SHAPE_8896420,11.1757637,-4.3062461,7
SHAPE_8896420,11.1748377,-4.3063773,8
SHAPE_8896420,11.1739874,-4.3064896,9
SHAPE_8896420,11.1731893,-4.3066109,10
SHAPE_8896420,11.1728449,-4.3066597,11
SHAPE_8896420,11.1717724,-4.3068023,12
SHAPE_8896420,11.1706382,-4.3069723,13
SHAPE_8896420,11.1695428,-4.3071275,14
SHAPE_8896420,11.1691265,-4.3071865,15
SHAPE_8896420,11.1686698,-4.3072512,16
SHAPE_8896420,11.1684062,-4.3072886,17
SHAPE_8896420,11.1676535,-4.3073952,18
SHAPE_8896420,11.1672938,-4.3074444,19
SHAPE_8896420,11.1672155,-4.3077641,20
SHAPE_8896420,11.167201,-4.3078209,21
SHAPE_8896420,11.1670716,-4.3083272,22
SHAPE_8896420,11.1670301,-4.3084981,23
SHAPE_8896420,11.1670197,-4.3085407,24
SHAPE_8896420,11.16699,-4.3086479,25
SHAPE_8896420,11.1667282,-4.3097613,26
SHAPE_8896420,11.166652,-4.3100853,27
SHAPE_8896420,11.1666221,-4.3102124,28
SHAPE_8896420,11.1664532,-4.3109009,29
SHAPE_8896420,11.1663943,-4.3111225,30
SHAPE_8896420,11.1663069,-4.3114518,31
SHAPE_8896420,11.166227,-4.3117527,32
SHAPE_8896420,11.1662357,-4.3118548,33
SHAPE_8896420,11.1662106,-4.3119668,34
SHAPE_8896420,11.1660496,-4.3125807,35
SHAPE_8896420,11.1660365,-4.3126307,36
SHAPE_8896420,11.1659699,-4.3129002,37
SHAPE_8896420,11.1658954,-4.313178,38
SHAPE_8896420,11.1657732,-4.313734,39
SHAPE_8896420,11.165755,-4.3138273,40
SHAPE_8896420,11.165732,-4.3139231,41
SHAPE_8896420,11.165693,-4.3140529,42
SHAPE_8896420,11.1656292,-4.3141846,43
SHAPE_8896420,11.1656416,-4.3142019,44
SHAPE_8896420,11.1656504,-4.3142243,45
SHAPE_8896420,11.1656532,-4.3142483,46
SHAPE_8896420,11.1656497,-4.3142722,47
SHAPE_8896420,11.1656402,-4.3142943,48
SHAPE_8896420,11.1656254,-4.3143131,49
SHAPE_8896420,11.1656062,-4.3143273,50
SHAPE_8896420,11.1655856,-4.3143355,51
SHAPE_8896420,11.165557,-4.3143381,52
SHAPE_8896420,11.1655291,-4.3143314,53
SHAPE_8896420,11.165498,-4.3143093,54
SHAPE_8896420,11.1654873,-4.3142955,55
SHAPE_8896420,11.165411,-4.3142876,56
SHAPE_8896420,11.1653253,-4.3142655,57
SHAPE_8896420,11.1652077,-4.3142338,58
SHAPE_8896420,11.1648583,-4.3141493,59
SHAPE_8896420,11.1645871,-4.3140797,60
SHAPE_8896420,11.1643253,-4.3140041,61
SHAPE_8896420,11.1638948,-4.3138327,62
SHAPE_8896420,11.1632276,-4.3138575,63
SHAPE_8896420,11.1630309,-4.313887,64
SHAPE_8896420,11.1625861,-4.3139422,65
SHAPE_8896420,11.1614153,-4.314087,66
SHAPE_8896420,11.1607846,-4.3141826,67
SHAPE_8896420,11.1604814,-4.3142246,68
SHAPE_8896420,11.16033,-4.3142454,69
SHAPE_8896420,11.1601013,-4.3142742,70
SHAPE_8896420,11.1588138,-4.3144499,71
SHAPE_8896420,11.1582531,-4.3145531,72
SHAPE_8896420,11.1577296,-4.3146196,73
SHAPE_8896420,11.1575867,-4.3146341,74
SHAPE_8896420,11.156274,-4.3148161,75
SHAPE_8896420,11.1560082,-4.3148626,76
SHAPE_8896420,11.1555847,-4.3149106,77
SHAPE_8896420,11.154619,-4.3150641,78
SHAPE_8896420,11.1537499,-4.3151881,79
SHAPE_8896420,11.1534102,-4.3152398,80
SHAPE_8896420,11.1528006,-4.3153256,81
SHAPE_8896420,11.1522131,-4.3154109,82
SHAPE_8896420,11.1515376,-4.315502,83
SHAPE_8896420,11.1511512,-4.3155546,84
SHAPE_8896420,11.150894,-4.3155875,85
SHAPE_8896420,11.1502099,-4.3156931,86
SHAPE_8896420,11.1490556,-4.3158597,87
SHAPE_8896420,11.1480818,-4.3160192,88
SHAPE_8896420,11.1475373,-4.3161019,89
SHAPE_8896420,11.147498,-4.316107,90
SHAPE_8896420,11.1467243,-4.3162123,91
SHAPE_8896420,11.146067,-4.3163135,92
SHAPE_8896420,11.1458891,-4.3163398,93
SHAPE_8896420,11.144172,-4.3165681,94
SHAPE_8896420,11.1437983,-4.3166252,95
SHAPE_8896420,11.1429884,-4.3167328,96
SHAPE_8896420,11.1427474,-4.3167721,97
SHAPE_8896420,11.1421413,-4.3168612,98
SHAPE_8896420,11.1417434,-4.3169137,99
SHAPE_8896420,11.1412886,-4.3169824,100
SHAPE_8896420,11.1410777,-4.3170296,101
SHAPE_8896420,11.1404961,-4.3171293,102
SHAPE_8896420,11.1402738,-4.3171716,103
SHAPE_8896420,11.1397761,-4.3173103,104
SHAPE_8896420,11.1394359,-4.3174057,105
SHAPE_8896420,11.1391001,-4.3175085,106
SHAPE_8896420,11.1389398,-4.3175679,107
SHAPE_8896420,11.1387908,-4.3176274,108
SHAPE_8896420,11.1384723,-4.3177712,109
SHAPE_8896420,11.1383188,-4.3178402,110
SHAPE_8896420,11.1381136,-4.3179325,111
SHAPE_8896420,11.1377151,-4.3181385,112
SHAPE_8896420,11.1376223,-4.3181865,113
SHAPE_8896420,11.1373562,-4.3183241,114
SHAPE_8896420,11.1372152,-4.3184041,115
SHAPE_8896420,11.1370459,-4.3185041,116
SHAPE_8896420,11.1369328,-4.3185716,117
SHAPE_8896420,11.136601,-4.3187892,118
SHAPE_8896420,11.136351,-4.318965,119
SHAPE_8896420,11.1360266,-4.3192094,120
SHAPE_8896420,11.135688,-4.319471,121
SHAPE_8896420,11.1344636,-4.3204677,122
SHAPE_8896420,11.133666,-4.3210937,123
SHAPE_8896420,11.1329304,-4.3216919,124
SHAPE_8896420,11.132871,-4.3217376,125
SHAPE_8896420,11.1324017,-4.3220903,126
SHAPE_8896420,11.1322252,-4.3222348,127
SHAPE_8896420,11.1306827,-4.3234681,128
SHAPE_8896420,11.1305375,-4.3235842,129
SHAPE_8896420,11.130514,-4.323603,130
SHAPE_8896420,11.126125,-4.3271074,131
SHAPE_8896420,11.1255527,-4.3275644,132
SHAPE_8896420,11.1249369,-4.3280561,133
SHAPE_8896420,11.1247437,-4.3282038,134
SHAPE_8896420,11.1243226,-4.3285466,135
SHAPE_8896420,11.1240848,-4.3287364,136
SHAPE_8896420,11.1237052,-4.3290264,137
SHAPE_8896420,11.1233982,-4.3292613,138
SHAPE_8896420,11.1226677,-4.3297733,139
SHAPE_8896420,11.1219553,-4.3302319,140
SHAPE_8896420,11.1215398,-4.3304808,141
SHAPE_8896420,11.120879,-4.3308549,142
SHAPE_8896420,11.1197483,-4.3314251,143
SHAPE_8896420,11.1193493,-4.3316131,144
SHAPE_8896420,11.1189248,-4.3318033,145
SHAPE_8896420,11.1184172,-4.3319844,146
SHAPE_8896420,11.1182976,-4.3320266,147
SHAPE_8896420,11.1175154,-4.3323121,148
SHAPE_8896420,11.1170565,-4.3324698,149
SHAPE_8896420,11.1169701,-4.3324983,150
SHAPE_8896420,11.1168619,-4.3325341,151
SHAPE_8896420,11.1166227,-4.3326147,152
SHAPE_8896420,11.1160131,-4.3327895,153
SHAPE_8896420,11.115389,-4.3329891,154
SHAPE_8896420,11.1152208,-4.3330214,155
SHAPE_8896420,11.1146511,-4.333173,156
SHAPE_8896420,11.1141063,-4.3333287,157
SHAPE_8896420,11.1137481,-4.3334314,158
SHAPE_8896420,11.1134877,-4.33351,159
SHAPE_8896420,11.1132088,-4.3335941,160
SHAPE_8896420,11.1126696,-4.3337518,161
SHAPE_8896420,11.1097873,-4.3345396,162
SHAPE_8896420,11.1069359,-4.3353505,163
SHAPE_8896420,11.1067691,-4.3353937,164
SHAPE_8896420,11.1036027,-4.3363262,165
SHAPE_8896420,11.1033751,-4.3363839,166
SHAPE_8896420,11.1030282,-4.3364858,167
SHAPE_8896420,11.1008701,-4.3371025,168
SHAPE_8896420,11.0986342,-4.3377221,169
SHAPE_8896420,11.094244,-4.3389538,170
SHAPE_8896420,11.093524,-4.3391706,171
SHAPE_8896420,11.0932506,-4.3392579,172
SHAPE_8896420,11.0927017,-4.3393945,173
SHAPE_8896420,11.0910315,-4.3398732,174
SHAPE_8896420,11.0893201,-4.3403577,175
SHAPE_8896420,11.0884518,-4.340595,176
SHAPE_8896420,11.0879167,-4.3407361,177
SHAPE_8896420,11.0873596,-4.340867,178
SHAPE_8896420,11.0868661,-4.3409783,179
SHAPE_8896420,11.0858757,-4.3411946,180
SHAPE_8896420,11.0856682,-4.3412326,181
SHAPE_8896420,11.0852434,-4.3413337,182
SHAPE_8896420,11.0847757,-4.3414402,183
SHAPE_8896420,11.0843762,-4.3415476,184
SHAPE_8896420,11.0841101,-4.3416231,185
SHAPE_8896420,11.0837784,-4.3417334,186
SHAPE_8896420,11.0835313,-4.341824,187
SHAPE_8896420,11.0832467,-4.3419493,188
SHAPE_8896420,11.082973,-4.3420804,189
SHAPE_8896420,11.082803,-4.3421625,190
SHAPE_8896420,11.082644,-4.34225,191
SHAPE_8896420,11.0824752,-4.3423548,192
SHAPE_8896420,11.0823923,-4.3424063,193
SHAPE_8896420,11.0822668,-4.3424861,194
SHAPE_8896420,11.0815952,-4.3429214,195
SHAPE_8896420,11.0805897,-4.3436591,196
SHAPE_8896420,11.0795421,-4.3444034,197
SHAPE_8896420,11.0774644,-4.3458903,198
SHAPE_8896420,11.0767316,-4.3464094,199
SHAPE_8896420,11.0765587,-4.3465293,200
SHAPE_8896420,11.0763848,-4.3466378,201
SHAPE_8896420,11.076187,-4.3467534,202
SHAPE_8896420,11.0760111,-4.3468551,203
SHAPE_8896420,11.0758241,-4.3469555,204
SHAPE_8896420,11.0756443,-4.3470499,205
SHAPE_8896420,11.0754118,-4.3471544,206
SHAPE_8896420,11.0751479,-4.3472715,207
SHAPE_8896420,11.0743088,-4.3476045,208
SHAPE_8896420,11.0715073,-4.3486749,209
SHAPE_8896420,11.0713701,-4.3487259,210
SHAPE_8896420,11.0662147,-4.350665,211
SHAPE_8896420,11.0639571,-4.3515142,212
SHAPE_8896420,11.0591228,-4.3533325,213
SHAPE_8896420,11.0587445,-4.3534748,214
SHAPE_8896420,11.0537531,-4.3553522,215
SHAPE_8896420,11.0505694,-4.3565403,216
SHAPE_8896420,11.0483333,-4.35739,217
SHAPE_8896420,11.0469073,-4.3579245,218
SHAPE_8896420,11.0454583,-4.3584603,219
SHAPE_8896420,11.0449386,-4.3586776,220
SHAPE_8896420,11.0443937,-4.3589861,221
SHAPE_8896420,11.0440382,-4.3592159,222
SHAPE_8896420,11.0437592,-4.3594222,223
SHAPE_8896420,11.0434504,-4.3596576,224
SHAPE_8896420,11.0431412,-4.3599339,225
SHAPE_8896420,11.0428533,-4.3602357,226
SHAPE_8896420,11.0423412,-4.3607461,227
SHAPE_8896420,11.0417918,-4.3613082,228
SHAPE_8896420,11.0416073,-4.3615146,229
SHAPE_8896420,11.0413402,-4.3618012,230
SHAPE_8896420,11.0407656,-4.3623984,231
SHAPE_8896420,11.0401049,-4.3630958,232
SHAPE_8896420,11.0388304,-4.3644242,233
SHAPE_8896420,11.0387821,-4.3644776,234
SHAPE_8896420,11.0377711,-4.3655419,235
SHAPE_8896420,11.0372841,-4.3660442,236
SHAPE_8896420,11.0366861,-4.3666611,237
SHAPE_8896420,11.031616,-4.3720195,238
SHAPE_8896420,11.0307744,-4.3729642,239
SHAPE_8896420,11.0298061,-4.3741786,240
SHAPE_8896420,11.02785,-4.3770298,241
SHAPE_8896420,11.0270272,-4.3782561,242
SHAPE_8896420,11.0258857,-4.3799572,243
SHAPE_8896420,11.0205482,-4.3879116,244
SHAPE_8896420,11.0200646,-4.388636,245
SHAPE_8896420,11.0190172,-4.3902048,246
SHAPE_8896420,11.0166982,-4.3936171,247
SHAPE_8896420,11.0162804,-4.394204,248
SHAPE_8896420,11.0158197,-4.3948176,249
SHAPE_8896420,11.0146547,-4.3961647,250
SHAPE_8896420,11.004326,-4.4063129,251
SHAPE_8896420,11.0018447,-4.4087153,252
SHAPE_8896420,11.0013746,-4.4091506,253
SHAPE_8896420,11.000927,-4.4095235,254
SHAPE_8896420,11.0004307,-4.4099043,255
SHAPE_8896420,10.9996895,-4.4104488,256
SHAPE_8896420,10.9962693,-4.4128789,257
SHAPE_8896420,10.9948468,-4.4139122,258
SHAPE_8896420,10.9891075,-4.4179979,259
SHAPE_8896420,10.9831009,-4.4222901,260
SHAPE_8896420,10.982791,-4.4225116,261
SHAPE_8896420,10.9800221,-4.4244902,262
SHAPE_8896420,10.9763742,-4.4270774,263
SHAPE_8896420,10.9756112,-4.4276967,264
SHAPE_8896420,10.9747593,-4.4284809,265
SHAPE_8896420,10.9695817,-4.4339088,266
SHAPE_8896420,10.9688207,-4.4347107,267
SHAPE_8896420,10.9680729,-4.4355623,268
SHAPE_8896420,10.9673211,-4.4365065,269
SHAPE_8896420,10.9667839,-4.4372173,270
SHAPE_8896420,10.965986,-4.4384336,271
SHAPE_8896420,10.9655397,-4.4391941,272
SHAPE_8896420,10.9644917,-4.4411387,273
SHAPE_8896420,10.9633646,-4.4432361,274
SHAPE_8896420,10.9621468,-4.4454557,275
SHAPE_8896420,10.9614516,-4.4468437,276
SHAPE_8896420,10.9608762,-4.4480588,277
SHAPE_8896420,10.9601758,-4.449597,278
SHAPE_8896420,10.9597079,-4.4506258,279
SHAPE_8896420,10.957711,-4.4550164,280
SHAPE_8896420,10.957208,-4.4561255,281
SHAPE_8896420,10.9565102,-4.4576839,282
SHAPE_8896420,10.9557465,-4.4593522,283
SHAPE_8896420,10.9539346,-4.4632915,284
SHAPE_8896420,10.9535829,-4.4640316,285
SHAPE_8896420,10.9530355,-4.4650913,286
SHAPE_8896420,10.9525628,-4.4660148,287
SHAPE_8896420,10.9498708,-4.4710009,288
SHAPE_8896420,10.9497828,-4.471164,289
SHAPE_8896420,10.9495571,-4.4715741,290
SHAPE_8896420,10.9491389,-4.4723342,291
SHAPE_8896420,10.9484638,-4.4734493,292
SHAPE_8896420,10.9484523,-4.4734683,293
SHAPE_8896420,10.9483023,-4.4737253,294
SHAPE_8896420,10.9479268,-4.4743685,295
SHAPE_12870553,11.159872,-4.1605936,1
SHAPE_12870553,11.1599665,-4.1605697,2
SHAPE_12870553,11.1600117,-4.1605762,3
SHAPE_12870553,11.1600478,-4.1605821,4
SHAPE_12870553,11.1601407,-4.1605864,5
SHAPE_12870553,11.160267,-4.1605869,6
SHAPE_12870553,11.1603821,-4.1605837,7
SHAPE_12870553,11.1605244,-4.1605823,8
SHAPE_12870553,11.160585,-4.160585,9
SHAPE_12870553,11.1606557,-4.160588,10
SHAPE_12870553,11.1601064,-4.1606619,11
SHAPE_12870553,11.1599577,-4.160644,12
SHAPE_12870553,11.159872,-4.1605936,13
SHAPE_12870553,11.1601064,-4.1606619,14
SHAPE_12870553,11.16019,-4.1607071,15
SHAPE_12870553,11.1602393,-4.1607392,16
SHAPE_12870553,11.1602952,-4.1607795,17
SHAPE_12870553,11.1603505,-4.1608305,18
SHAPE_12870553,11.1604104,-4.1608978,19
SHAPE_12870553,11.160443,-4.1609598,20
SHAPE_12870553,11.1604796,-4.1610346,21
SHAPE_12870553,11.1605055,-4.1611048,22
SHAPE_12870553,11.1605246,-4.1611906,23
SHAPE_12870553,11.1605347,-4.1612731,24
SHAPE_12870553,11.1605384,-4.1614815,25
SHAPE_12870553,11.1604804,-4.1617236,26
SHAPE_12870553,11.1604204,-4.1618669,27
SHAPE_12870553,11.1603546,-4.1621139,28
SHAPE_12870553,11.160233,-4.1625789,29
SHAPE_12870553,11.1601112,-4.1630397,30
SHAPE_12870553,11.1600805,-4.1631619,31
SHAPE_12870553,11.1600419,-4.1633121,32
SHAPE_12870553,11.1600176,-4.1634208,33
SHAPE_12870553,11.1599855,-4.1636423,34
SHAPE_12870553,11.1589871,-4.1675676,35
SHAPE_12870553,11.1588825,-4.1679301,36
SHAPE_12870553,11.158802,-4.168193,37
SHAPE_12870553,11.158782,-4.1682523,38
SHAPE_12870553,11.1586709,-4.1685824,39
SHAPE_12870553,11.1586529,-4.1686328,40
SHAPE_12870553,11.1585019,-4.1690564,41
SHAPE_12870553,11.1584366,-4.1692345,42
SHAPE_12870553,11.1583634,-4.1694176,43
SHAPE_12870553,11.158335,-4.1694888,44
SHAPE_12870553,11.1581817,-4.1698717,45
SHAPE_12870553,11.1580402,-4.1701953,46
SHAPE_12870553,11.1578825,-4.1705305,47
SHAPE_12870553,11.1576807,-4.1709446,48
SHAPE_12870553,11.157492,-4.1713298,49
SHAPE_12870553,11.156294,-4.1737841,50
SHAPE_12870553,11.1561927,-4.1739839,51
SHAPE_12870553,11.1555789,-4.1752354,52
SHAPE_12870553,11.1553063,-4.1757801,53
SHAPE_12870553,11.1551086,-4.1762396,54
SHAPE_12870553,11.1549739,-4.1766041,55
SHAPE_12870553,11.1548758,-4.1768991,56
SHAPE_12870553,11.1547805,-4.1772379,57
SHAPE_12870553,11.1547052,-4.1775692,58
SHAPE_12870553,11.1546371,-4.1779991,59
SHAPE_12870553,11.1545631,-4.1785044,60
SHAPE_12870553,11.1545263,-4.1788403,61
SHAPE_12870553,11.1544973,-4.1791726,62
SHAPE_12870553,11.1544937,-4.1794837,63
SHAPE_12870553,11.1544897,-4.1798292,64
SHAPE_12870553,11.1545047,-4.1801449,65
SHAPE_12870553,11.154531,-4.1804853,66
SHAPE_12870553,11.1547525,-4.1828901,67
SHAPE_12870553,11.1547707,-4.1830874,68
SHAPE_12870553,11.1549992,-4.1855675,69
SHAPE_12870553,11.15548,-4.1911618,70
SHAPE_12870553,11.1555218,-4.1915105,71
SHAPE_12870553,11.1555792,-4.1918938,72
SHAPE_12870553,11.1556397,-4.1922325,73
SHAPE_12870553,11.1557105,-4.1925603,74
SHAPE_12870553,11.1558118,-4.192928,75
SHAPE_12870553,11.1568699,-4.1960544,76
SHAPE_12870553,11.1570486,-4.1966094,77
SHAPE_12870553,11.1571831,-4.1970895,78
SHAPE_12870553,11.157657,-4.198851,79
SHAPE_12870553,11.1580949,-4.2004787,80
SHAPE_12870553,11.1581298,-4.2006095,81
SHAPE_12870553,11.1584947,-4.2019551,82
SHAPE_12870553,11.1592467,-4.2047397,83
SHAPE_12870553,11.1594091,-4.2053404,84
SHAPE_12870553,11.1597907,-4.2067489,85
SHAPE_12870553,11.1598201,-4.2068561,86
SHAPE_12870553,11.1601756,-4.2081619,87
SHAPE_12870553,11.1608359,-4.2105877,88
SHAPE_12870553,11.1609692,-4.2110772,89
SHAPE_12870553,11.1613073,-4.2123188,90
SHAPE_12870553,11.1619872,-4.2148273,91
SHAPE_12870553,11.1620675,-4.2151505,92
SHAPE_12870553,11.162128,-4.2154174,93
SHAPE_12870553,11.1621793,-4.2156896,94
SHAPE_12870553,11.1622241,-4.2159766,95
SHAPE_12870553,11.162274,-4.2163722,96
SHAPE_12870553,11.1622977,-4.2166941,97
SHAPE_12870553,11.1623056,-4.2169784,98
SHAPE_12870553,11.1623135,-4.2180131,99
SHAPE_12870553,11.1623069,-4.2186367,100
SHAPE_12870553,11.1623162,-4.2194487,101
SHAPE_12870553,11.1623438,-4.220244,102
SHAPE_12870553,11.1623911,-4.2210688,103
SHAPE_12870553,11.1624635,-4.2219029,104
SHAPE_12870553,11.1625122,-4.2223334,105
SHAPE_12870553,11.1625872,-4.2228659,106
SHAPE_12870553,11.1626832,-4.2234476,107
SHAPE_12870553,11.1630569,-4.2252973,108
SHAPE_12870553,11.1630615,-4.2254595,109
SHAPE_12870553,11.1631951,-4.2261864,110
SHAPE_12870553,11.1632806,-4.226637,111
SHAPE_12870553,11.1633497,-4.2269864,112
SHAPE_12870553,11.1634049,-4.2272952,113
SHAPE_12870553,11.1634808,-4.2277001,114
SHAPE_12870553,11.163571,-4.2281232,115
SHAPE_12870553,11.1636559,-4.2285282,116
SHAPE_12870553,11.1637576,-4.2290273,117
SHAPE_12870553,11.1639131,-4.2297457,118
SHAPE_12870553,11.164021,-4.2302658,119
SHAPE_12870553,11.1641834,-4.231006,120
SHAPE_12870553,11.1643222,-4.2316466,121
SHAPE_12870553,11.1644733,-4.2323601,122
SHAPE_12870553,11.1645425,-4.232681,123
SHAPE_12870553,11.1646922,-4.2333852,124
SHAPE_12870553,11.1649421,-4.2345289,125
SHAPE_12870553,11.1650035,-4.2347979,126
SHAPE_12870553,11.1652584,-4.2360858,127
SHAPE_12870553,11.1656002,-4.2377878,128
SHAPE_12870553,11.1658159,-4.238733,129
SHAPE_12870553,11.1660136,-4.2397932,130
SHAPE_12870553,11.1660537,-4.2399715,131
SHAPE_12870553,11.1660589,-4.2399958,132
SHAPE_12870553,11.1661021,-4.2401988,133
SHAPE_12870553,11.1663342,-4.2412889,134
SHAPE_12870553,11.1666396,-4.2425654,135
SHAPE_12870553,11.1667023,-4.2428015,136
SHAPE_12870553,11.1668449,-4.2433624,137
SHAPE_12870553,11.1670445,-4.243981,138
SHAPE_12870553,11.1674318,-4.2451981,139
SHAPE_12870553,11.1676998,-4.2459706,140
SHAPE_12870553,11.1678985,-4.2465979,141
SHAPE_12870553,11.1681565,-4.2473607,142
SHAPE_12870553,11.1685224,-4.2484511,143
SHAPE_12870553,11.1685433,-4.2485135,144
SHAPE_12870553,11.1687306,-4.2490414,145
SHAPE_12870553,11.1687548,-4.2491152,146
SHAPE_12870553,11.168895,-4.2495484,147
SHAPE_12870553,11.1690985,-4.2501359,148
SHAPE_12870553,11.1693476,-4.2509103,149
SHAPE_12870553,11.169446,-4.2512128,150
SHAPE_12870553,11.1695575,-4.2515627,151
SHAPE_12870553,11.1697734,-4.2522268,152
SHAPE_12870553,11.1699859,-4.2529002,153
SHAPE_12870553,11.1700983,-4.2532507,154
SHAPE_12870553,11.1702537,-4.2537356,155
SHAPE_12870553,11.1703843,-4.2541368,156
SHAPE_12870553,11.1704783,-4.2544254,157
SHAPE_12870553,11.1705244,-4.2545669,158
SHAPE_12870553,11.1708718,-4.2556563,159
SHAPE_12870553,11.1710018,-4.256135,160
SHAPE_12870553,11.1710443,-4.2563033,161
SHAPE_12870553,11.1711335,-4.2566911,162
SHAPE_12870553,11.1711682,-4.2568897,163
SHAPE_12870553,11.1711922,-4.2570266,164
SHAPE_12870553,11.1712439,-4.2573437,165
SHAPE_12870553,11.1712678,-4.2575596,166
SHAPE_12870553,11.1712962,-4.2578105,167
SHAPE_12870553,11.171336,-4.2583833,168
SHAPE_12870553,11.1713542,-4.2587886,169
SHAPE_12870553,11.1713642,-4.2592341,170
SHAPE_12870553,11.1713774,-4.2601372,171
SHAPE_12870553,11.1713791,-4.2606931,172
SHAPE_12870553,11.1713995,-4.261208,173
SHAPE_12870553,11.1714049,-4.2612779,174
SHAPE_12870553,11.1714276,-4.2618267,175
SHAPE_12870553,11.1714527,-4.2622265,176
SHAPE_12870553,11.1714672,-4.2624568,177
SHAPE_12870553,11.1715178,-4.2632621,178
SHAPE_12870553,11.1715676,-4.2641023,179
SHAPE_12870553,11.1716046,-4.2647102,180
SHAPE_12870553,11.1716407,-4.2653326,181
SHAPE_12870553,11.1716808,-4.2662278,182
SHAPE_12870553,11.1716909,-4.2664521,183
SHAPE_12870553,11.1717312,-4.2673287,184
SHAPE_12870553,11.1717407,-4.2675084,185
SHAPE_12870553,11.1717472,-4.2676361,186
SHAPE_12870553,11.171756,-4.267837,187
SHAPE_12870553,11.1717494,-4.2679309,188
SHAPE_12870553,11.1717454,-4.2679966,189
SHAPE_12870553,11.1717335,-4.2680657,190
SHAPE_12870553,11.1717144,-4.2681419,191
SHAPE_12870553,11.1719254,-4.2683834,192
SHAPE_12870553,11.1718899,-4.2684075,193
SHAPE_12870553,11.1718494,-4.2684211,194
SHAPE_12870553,11.1718068,-4.2684232,195
SHAPE_12870553,11.1717837,-4.2684231,196
SHAPE_12870553,11.1717488,-4.2684064,197
SHAPE_12870553,11.1717172,-4.2683849,198
SHAPE_12870553,11.1716916,-4.2683564,199
SHAPE_12870553,11.1716733,-4.2683225,200
SHAPE_12870553,11.1716634,-4.2682852,201
SHAPE_12870553,11.1716626,-4.2682456,202
SHAPE_12870553,11.1716713,-4.268207,203
SHAPE_12870553,11.1716889,-4.2681717,204
SHAPE_12870553,11.1717144,-4.2681419,205
SHAPE_12870553,11.1717472,-4.2681187,206
SHAPE_12870553,11.1717846,-4.2681046,207
SHAPE_12870553,11.1718243,-4.2681005,208
SHAPE_12870553,11.1718638,-4.2681066,209
SHAPE_12870553,11.1719005,-4.2681225,210
SHAPE_12870553,11.1719133,-4.2681325,211
SHAPE_12870553,11.1719494,-4.2681708,212
SHAPE_12870553,11.1719713,-4.268219,213
SHAPE_12870553,11.1719768,-4.2682718,214
SHAPE_12870553,11.1719652,-4.2683235,215
SHAPE_12870553,11.1719378,-4.2683687,216
SHAPE_12870553,11.1719254,-4.2683834,217
SHAPE_12870553,11.1719378,-4.2683687,218
SHAPE_12870553,11.1720294,-4.2683575,219
SHAPE_12870553,11.1721241,-4.2683467,220
SHAPE_12870553,11.1721925,-4.2683407,221
SHAPE_12870553,11.1723669,-4.2683347,222
SHAPE_12870553,11.1726728,-4.2683534,223
SHAPE_12870553,11.1728435,-4.2683663,224
SHAPE_12870553,11.173006,-4.2683836,225
SHAPE_12870553,11.1731826,-4.2684169,226
SHAPE_12870553,11.1733844,-4.2684816,227
SHAPE_12870553,11.1735424,-4.2685586,228
SHAPE_12870553,11.1736855,-4.2686474,229
SHAPE_12870553,11.1738108,-4.268742,230
SHAPE_12870553,11.1739467,-4.2688754,231
SHAPE_12870553,11.174081,-4.2690215,232
SHAPE_12870553,11.174149,-4.2690944,233
SHAPE_12870553,11.1742338,-4.269191,234
SHAPE_12870553,11.1745443,-4.2695256,235
SHAPE_12870553,11.1748335,-4.2698225,236
SHAPE_12870553,11.174906,-4.2699047,237
SHAPE_12870553,11.1750072,-4.2700174,238
SHAPE_12870553,11.1757195,-4.2707755,239
SHAPE_12870553,11.1759556,-4.2710433,240
SHAPE_12870553,11.1767362,-4.2718853,241
SHAPE_12870553,11.1768639,-4.2720248,242
SHAPE_12870553,11.1769888,-4.2721556,243
SHAPE_12870553,11.1775387,-4.2727313,244
SHAPE_12870553,11.1776226,-4.2728197,245
SHAPE_12870553,11.1779539,-4.2731877,246
SHAPE_12870553,11.1783742,-4.2736441,247
SHAPE_12870553,11.1788984,-4.2742038,248
SHAPE_12870553,11.1790795,-4.2744016,249
SHAPE_12870553,11.1792164,-4.2745469,250
SHAPE_12870553,11.1798007,-4.2751615,251
SHAPE_12870553,11.1804828,-4.2759221,252
SHAPE_12870553,11.181199,-4.2766879,253
SHAPE_12870553,11.1812895,-4.2767786,254
SHAPE_12870553,11.1818538,-4.2774101,255
SHAPE_12870553,11.182057,-4.2776387,256
SHAPE_12870553,11.1822127,-4.2778251,257
SHAPE_12870553,11.1824494,-4.2781625,258
SHAPE_12870553,11.18265,-4.2784805,259
SHAPE_12870553,11.1828316,-4.2788056,260
SHAPE_12870553,11.1830148,-4.2792048,261
SHAPE_12870553,11.1830485,-4.2792919,262
SHAPE_12870553,11.1831323,-4.2795441,263
SHAPE_12870553,11.183189,-4.2797387,264
SHAPE_12870553,11.1832284,-4.279871,265
SHAPE_12870553,11.1832486,-4.2799493,266
SHAPE_12870553,11.1833114,-4.2801931,267
SHAPE_12870553,11.1833871,-4.2805358,268
SHAPE_12870553,11.1834381,-4.2808739,269
SHAPE_12870553,11.1835325,-4.281579,270
SHAPE_12870553,11.183686,-4.2827983,271
SHAPE_12870553,11.1837415,-4.2831291,272
SHAPE_12870553,11.1839948,-4.285045,273
SHAPE_12870553,11.184069,-4.2855486,274
SHAPE_12870553,11.1842077,-4.2866101,275
SHAPE_12870553,11.184336,-4.2875104,276
SHAPE_12870553,11.1844615,-4.2884721,277
SHAPE_12870553,11.1845527,-4.2891013,278
SHAPE_12870553,11.1845843,-4.2892427,279
SHAPE_12870553,11.1845887,-4.2892718,280
SHAPE_12870553,11.1845929,-4.2892989,281
SHAPE_12870553,11.1846971,-4.2900797,282
SHAPE_12870553,11.1847775,-4.290711,283
SHAPE_12870553,11.1848439,-4.2912415,284
SHAPE_12870553,11.1849194,-4.291787,285
SHAPE_12870553,11.1849903,-4.2922768,286
SHAPE_12870553,11.1850075,-4.292397,287
SHAPE_12870553,11.1850785,-4.2929935,288
SHAPE_12870553,11.1851824,-4.2937128,289
SHAPE_12870553,11.1852828,-4.294439,290
SHAPE_12870553,11.1853504,-4.2949701,291
SHAPE_12870553,11.1853608,-4.2950576,292
SHAPE_12870553,11.1854512,-4.2957469,293
SHAPE_12870553,11.1853544,-4.2957891,294
SHAPE_12870553,11.1852103,-4.2957998,295
SHAPE_12870553,11.1846616,-4.2958654,296
SHAPE_12870553,11.184582,-4.2958775,297
SHAPE_12870553,11.1844952,-4.2958882,298
SHAPE_12870553,11.1842647,-4.2959583,299
SHAPE_12870553,11.1842433,-4.2959523,300
SHAPE_12870553,11.1842086,-4.2959532,301
SHAPE_12870553,11.1841785,-4.295959,302
SHAPE_12870553,11.1841547,-4.2959734,303
SHAPE_12870553,11.1841346,-4.2959929,304
SHAPE_12870553,11.1841195,-4.2960165,305
SHAPE_12870553,11.1841099,-4.296043,306
SHAPE_12870553,11.1841064,-4.2960709,307
SHAPE_12870553,11.1841093,-4.296099,308
SHAPE_12870553,11.1841182,-4.2961257,309
SHAPE_12870553,11.1841468,-4.296163,310
SHAPE_12870553,11.1841083,-4.2962103,311
SHAPE_12870553,11.1840926,-4.2962435,312
SHAPE_12870553,11.1840745,-4.2962871,313
SHAPE_12870553,11.1840415,-4.2963516,314
SHAPE_12870553,11.1839959,-4.2964306,315
SHAPE_12870553,11.1839343,-4.2965467,316
SHAPE_12870553,11.183471,-4.2973097,317
SHAPE_12870553,11.1828794,-4.2983237,318
SHAPE_12870553,11.1824205,-4.2991016,319
SHAPE_12870553,11.182155,-4.2995517,320
SHAPE_12870553,11.1818743,-4.3000332,321
SHAPE_12870553,11.1816711,-4.3003768,322
SHAPE_12870553,11.181478,-4.3007034,323
SHAPE_12870553,11.1813967,-4.3008429,324
SHAPE_12870553,11.180734,-4.3020005,325
SHAPE_12870553,11.1806947,-4.302068,326
SHAPE_12870553,11.1800918,-4.3031033,327
SHAPE_12870553,11.179953,-4.3033428,328
SHAPE_12870553,11.1796886,-4.3037988,329
SHAPE_12870553,11.1792287,-4.3045533,330
SHAPE_12870553,11.1791718,-4.3046474,331
SHAPE_12870553,11.1790834,-4.3048007,332
SHAPE_12870553,11.1788334,-4.3052204,333
SHAPE_12870553,11.1784531,-4.3058885,334
SHAPE_12870553,11.1780962,-4.3059374,335
SHAPE_12870553,11.1780582,-4.3059416,336
SHAPE_12870553,11.1778556,-4.3059687,337
SHAPE_12874394,11.1803635,-4.3503445,1
SHAPE_12874394,11.1804445,-4.3508766,2
SHAPE_12874394,11.1805638,-4.3514652,3
SHAPE_12874394,11.1806122,-4.3516937,4
SHAPE_12874394,11.1807264,-4.3523757,5
SHAPE_12874394,11.1807933,-4.3527751,6
SHAPE_12874394,11.1808433,-4.3530737,7
SHAPE_12874394,11.1809546,-4.3537638,8
SHAPE_12874394,11.1811016,-4.3544683,9
SHAPE_12874394,11.181221,-4.3550912,10
SHAPE_12874394,11.1812386,-4.3552017,11
SHAPE_12874394,11.1813516,-4.355729,12
SHAPE_12874394,11.1814647,-4.3563239,13
SHAPE_12874394,11.1815757,-4.3568897,14
SHAPE_12874394,11.181597,-4.3569979,15
SHAPE_12874394,11.1816115,-4.3570683,16
SHAPE_12874394,11.1816516,-4.3572638,17
SHAPE_12874394,11.1816909,-4.3574554,18
SHAPE_12874394,11.1817134,-4.3575959,19
SHAPE_12874394,11.1818111,-4.3580693,20
SHAPE_12874394,11.1819523,-4.3588234,21
SHAPE_12874394,11.1820752,-4.3594493,22
SHAPE_12874394,11.182144,-4.3597839,23
SHAPE_12874394,11.1823416,-4.3608419,24
SHAPE_12874394,11.1824841,-4.3614678,25
SHAPE_12874394,11.1825949,-4.3621143,26
SHAPE_12874394,11.182633,-4.3623367,27
SHAPE_12874394,11.1827002,-4.3627135,28
SHAPE_12874394,11.1827375,-4.3629231,29
SHAPE_12874394,11.1827897,-4.3632087,30
SHAPE_12874394,11.1831205,-4.3649246,31
SHAPE_12874394,11.1832495,-4.3655933,32
SHAPE_12874394,11.1835518,-4.3671614,33
SHAPE_12874394,11.1838363,-4.368637,34
SHAPE_12874394,11.1838505,-4.3687109,35
SHAPE_12874394,11.1838625,-4.3687731,36
SHAPE_12874394,11.1803635,-4.3503445,37
SHAPE_12874394,11.1803122,-4.3500978,38
SHAPE_12874394,11.1802306,-4.3496954,39
SHAPE_12874394,11.1801859,-4.3494567,40
SHAPE_12874394,11.1801412,-4.3492422,41
SHAPE_12874394,11.1800649,-4.3488023,42
SHAPE_12874394,11.1799333,-4.3482068,43
SHAPE_12874394,11.1798536,-4.3478366,44
SHAPE_12874394,11.1798149,-4.347657,45
SHAPE_12874394,11.1797798,-4.3474965,46
SHAPE_12874394,11.1797123,-4.3471876,47
SHAPE_12874394,11.1797094,-4.347156,48
SHAPE_12874394,11.1796404,-4.3467243,49
SHAPE_12874394,11.1795821,-4.3463208,50
SHAPE_12874394,11.1795045,-4.3459868,51
SHAPE_12874394,11.179379,-4.3451203,52
SHAPE_12874394,11.1792121,-4.3442118,53
SHAPE_12874394,11.179154,-4.3438871,54
SHAPE_12874394,11.1790855,-4.3435457,55
SHAPE_12874394,11.178974,-4.3429486,56
SHAPE_12874394,11.1789581,-4.3428679,57
SHAPE_12874394,11.1789159,-4.3426653,58
SHAPE_12874394,11.178829,-4.3422139,59
SHAPE_12874394,11.1787461,-4.3418132,60
SHAPE_12874394,11.1786874,-4.3415603,61
SHAPE_12874394,11.1785497,-4.3409249,62
SHAPE_12874394,11.1784537,-4.3403833,63
SHAPE_12874394,11.178343,-4.3397759,64
SHAPE_12874394,11.1781447,-4.3388054,65
SHAPE_12874394,11.1780591,-4.3384118,66
SHAPE_12874394,11.1780239,-4.3382502,67
SHAPE_12874394,11.1780034,-4.3380991,68
SHAPE_12874394,11.1779742,-4.337943,69
SHAPE_12874394,11.1779531,-4.33783,70
SHAPE_12874394,11.1779103,-4.3376133,71
SHAPE_12874394,11.1778349,-4.3371749,72
SHAPE_12874394,11.1777679,-4.3368753,73
SHAPE_12874394,11.1776209,-4.3361104,74
SHAPE_12874394,11.1774601,-4.3353536,75
SHAPE_12874394,11.1774346,-4.3352557,76
SHAPE_12874394,11.1778419,-4.3349421,77
SHAPE_12874394,11.1779977,-4.3348284,78
SHAPE_12874394,11.1784223,-4.3344971,79
SHAPE_12874394,11.1784626,-4.3345815,80
SHAPE_12874394,11.1790143,-4.3341603,81
SHAPE_12874394,11.1796825,-4.3336228,82
SHAPE_12874394,11.1797898,-4.3335365,83
SHAPE_12874394,11.1798436,-4.3334932,84
SHAPE_12874394,11.1806067,-4.3328701,85
SHAPE_12874394,11.1809473,-4.3325953,86
SHAPE_12874394,11.1820147,-4.3317354,87
SHAPE_12874394,11.1823028,-4.3315101,88
SHAPE_12874394,11.1825636,-4.3312932,89
SHAPE_12874394,11.1827151,-4.331175,90
SHAPE_12874394,11.1829004,-4.3310305,91
SHAPE_12874394,11.1834753,-4.3305639,92
SHAPE_12874394,11.1835554,-4.3305205,93
SHAPE_12874394,11.1836439,-4.3304936,94
SHAPE_12874394,11.184519,-4.3303751,95
SHAPE_12874394,11.1850023,-4.3303153,96
SHAPE_12874394,11.1854683,-4.3302407,97
SHAPE_12874394,11.1860285,-4.3301491,98
SHAPE_12874394,11.1861815,-4.3301286,99
SHAPE_12874394,11.1865904,-4.3300561,100
SHAPE_12874394,11.187007,-4.3299822,101
SHAPE_12874394,11.18713,-4.3299604,102
SHAPE_12874394,11.1880646,-4.3298458,103
SHAPE_12874394,11.1882994,-4.329817,104
SHAPE_12874394,11.1886525,-4.3297656,105
SHAPE_12874394,11.1886729,-4.3297626,106
SHAPE_12874394,11.1893648,-4.3296698,107
SHAPE_12874394,11.1900556,-4.3295753,108
SHAPE_12874394,11.1901874,-4.3295578,109
SHAPE_12874394,11.1901703,-4.3294354,110
SHAPE_12874394,11.1900836,-4.3288709,111
SHAPE_12874394,11.1899803,-4.3280637,112
SHAPE_12874394,11.189939,-4.3277403,113
SHAPE_12874394,11.1898565,-4.3271116,114
SHAPE_12874394,11.1897886,-4.3265405,115
SHAPE_12874394,11.189618,-4.325298,116
SHAPE_12874394,11.1895185,-4.324568,117
SHAPE_12874394,11.1894403,-4.3240054,118
SHAPE_12874394,11.1893998,-4.3237268,119
SHAPE_12874394,11.1893006,-4.3230019,120
SHAPE_12874394,11.189184,-4.3221497,121
SHAPE_12874394,11.1891398,-4.3218285,122
SHAPE_12874394,11.1890669,-4.3212992,123
SHAPE_12874394,11.1889388,-4.3204066,124
SHAPE_12874394,11.1888925,-4.3200835,125
SHAPE_12874394,11.1888638,-4.3198679,126
SHAPE_12874394,11.1888515,-4.3197759,127
SHAPE_12874394,11.1888324,-4.3196326,128
SHAPE_12874394,11.1887684,-4.3190949,129
SHAPE_12874394,11.1886512,-4.3182708,130
SHAPE_12874394,11.1886125,-4.3179756,131
SHAPE_12874394,11.1884665,-4.3169972,132
SHAPE_12874394,11.1883778,-4.3163827,133
SHAPE_12874394,11.1883302,-4.3160721,134
SHAPE_12874394,11.18831,-4.3159292,135
SHAPE_12874394,11.1881507,-4.314676,136
SHAPE_12874394,11.1880026,-4.313546,137
SHAPE_12874394,11.1878757,-4.3124892,138
SHAPE_12874394,11.1878694,-4.312454,139
SHAPE_12874394,11.1877063,-4.311288,140
SHAPE_12874394,11.187535,-4.3100529,141
SHAPE_12874394,11.1873759,-4.3090244,142
SHAPE_12874394,11.1872542,-4.3080275,143
SHAPE_12874394,11.1872471,-4.3079798,144
SHAPE_12874394,11.1871366,-4.3072542,145
SHAPE_12874394,11.1870586,-4.3067416,146
SHAPE_12874394,11.1869525,-4.3059236,147
SHAPE_12874394,11.1868978,-4.3055227,148
SHAPE_12874394,11.1867836,-4.304689,149
SHAPE_12874394,11.1866578,-4.3038207,150
SHAPE_12874394,11.1866151,-4.3035261,151
SHAPE_12874394,11.1864642,-4.3024191,152
SHAPE_12874394,11.1863169,-4.3012957,153
SHAPE_12874394,11.1862678,-4.3009638,154
SHAPE_12874394,11.186152,-4.3001412,155
SHAPE_12874394,11.1860036,-4.2990266,156
SHAPE_12874394,11.1858526,-4.2979101,157
SHAPE_12874394,11.1857899,-4.2974479,158
SHAPE_12874394,11.1857002,-4.2967865,159
SHAPE_12874394,11.1856959,-4.2967551,160
SHAPE_12874394,11.1856858,-4.2966695,161
SHAPE_12874394,11.1855829,-4.2966274,162
SHAPE_12874394,11.1854632,-4.2966332,163
SHAPE_12874394,11.1850787,-4.2964734,164
SHAPE_12874394,11.184572,-4.2962805,165
SHAPE_12874394,11.1845023,-4.2962201,166
SHAPE_12874394,11.1844648,-4.2961894,167
SHAPE_12874394,11.1844099,-4.2961485,168
SHAPE_12874394,11.1843403,-4.2961224,169
SHAPE_12874394,11.184349,-4.2960925,170
SHAPE_12874394,11.1843501,-4.2960614,171
SHAPE_12874394,11.1843436,-4.2960309,172
SHAPE_12874394,11.1843298,-4.2960031,173
SHAPE_12874394,11.1842964,-4.2959763,174
SHAPE_12874394,11.1842647,-4.2959583,175
SHAPE_12874394,11.1842433,-4.2959523,176
SHAPE_12874394,11.1842086,-4.2959532,177
SHAPE_12874394,11.1841785,-4.295959,178
SHAPE_12874394,11.1841547,-4.2959734,179
SHAPE_12874394,11.1841346,-4.2959929,180
SHAPE_12874394,11.1841195,-4.2960165,181
SHAPE_12874394,11.1841099,-4.296043,182
SHAPE_12874394,11.1841064,-4.2960709,183
SHAPE_12874394,11.1841093,-4.296099,184
SHAPE_12874394,11.1841182,-4.2961257,185
SHAPE_12874394,11.1841468,-4.296163,186
SHAPE_12874394,11.1841083,-4.2962103,187
SHAPE_12874394,11.1840926,-4.2962435,188
SHAPE_12874394,11.1840745,-4.2962871,189
SHAPE_12874394,11.1840415,-4.2963516,190
SHAPE_12874394,11.1839959,-4.2964306,191
SHAPE_12874394,11.1839343,-4.2965467,192
SHAPE_12874394,11.183471,-4.2973097,193
SHAPE_12874394,11.1828794,-4.2983237,194
SHAPE_12874394,11.1824205,-4.2991016,195
SHAPE_12874394,11.182155,-4.2995517,196
SHAPE_12874394,11.1818743,-4.3000332,197
SHAPE_12874394,11.1816711,-4.3003768,198
SHAPE_12874394,11.181478,-4.3007034,199
SHAPE_12874394,11.1813967,-4.3008429,200
SHAPE_12874394,11.180734,-4.3020005,201
SHAPE_12874394,11.1806947,-4.302068,202
SHAPE_12874394,11.1800918,-4.3031033,203
SHAPE_12874394,11.179953,-4.3033428,204
SHAPE_12874394,11.1796886,-4.3037988,205
SHAPE_12874394,11.1792287,-4.3045533,206
SHAPE_12874394,11.1791718,-4.3046474,207
SHAPE_12874394,11.1790834,-4.3048007,208
SHAPE_12874394,11.1788334,-4.3052204,209
SHAPE_12874394,11.1784531,-4.3058885,210
SHAPE_12874394,11.1780962,-4.3059374,211
SHAPE_12874394,11.1780582,-4.3059416,212
SHAPE_12874394,11.1778556,-4.3059687,213
SHAPE_12875511,11.1778556,-4.3059687,1
SHAPE_12875511,11.1780582,-4.3059416,2
SHAPE_12875511,11.1780962,-4.3059374,3
SHAPE_12875511,11.1784531,-4.3058885,4
SHAPE_12875511,11.1785221,-4.3058806,5
SHAPE_12875511,11.1791176,-4.3048781,6
SHAPE_12875511,11.1792334,-4.3046825,7
SHAPE_12875511,11.1793076,-4.3045496,8
SHAPE_12875511,11.1796281,-4.3040094,9
SHAPE_12875511,11.179846,-4.3036298,10
SHAPE_12875511,11.1800184,-4.3033331,11
SHAPE_12875511,11.1801226,-4.3031568,12
SHAPE_12875511,11.1807494,-4.3020965,13
SHAPE_12875511,11.1807714,-4.3020593,14
SHAPE_12875511,11.1814657,-4.3008938,15
SHAPE_12875511,11.1815428,-4.30076,16
SHAPE_12875511,11.1819441,-4.3000674,17
SHAPE_12875511,11.1822492,-4.2995422,18
SHAPE_12875511,11.1826172,-4.2989293,19
SHAPE_12875511,11.1829731,-4.2983108,20
SHAPE_12875511,11.1833549,-4.2976586,21
SHAPE_12875511,11.1837116,-4.2970395,22
SHAPE_12875511,11.1838353,-4.2968229,23
SHAPE_12875511,11.1839847,-4.2965614,24
SHAPE_12875511,11.1840505,-4.2964622,25
SHAPE_12875511,11.1841031,-4.2963902,26
SHAPE_12875511,11.1841707,-4.2963128,27
SHAPE_12875511,11.1842613,-4.2961929,28
SHAPE_12875511,11.1842913,-4.2961791,29
SHAPE_12875511,11.1843315,-4.296218,30
SHAPE_12875511,11.1844114,-4.2962446,31
SHAPE_12875511,11.1844637,-4.296261,32
SHAPE_12875511,11.1845669,-4.296279,33
SHAPE_12875511,11.184572,-4.2962805,34
SHAPE_12875511,11.1850787,-4.2964734,35
SHAPE_12875511,11.1854632,-4.2966332,36
SHAPE_12875511,11.1855954,-4.2967163,37
SHAPE_12875511,11.1856045,-4.2967932,38
SHAPE_12875511,11.1857022,-4.2974656,39
SHAPE_12875511,11.1857693,-4.2979268,40
SHAPE_12875511,11.1859161,-4.2990401,41
SHAPE_12875511,11.1860607,-4.3001522,42
SHAPE_12875511,11.1861611,-4.3008792,43
SHAPE_12875511,11.1862225,-4.3013077,44
SHAPE_12875511,11.1863772,-4.3024324,45
SHAPE_12875511,11.1865302,-4.3035397,46
SHAPE_12875511,11.1865709,-4.3038384,47
SHAPE_12875511,11.1866881,-4.3046998,48
SHAPE_12875511,11.1867457,-4.3051123,49
SHAPE_12875511,11.1869096,-4.3063392,50
SHAPE_12875511,11.1869652,-4.3067554,51
SHAPE_12875511,11.1871214,-4.3079959,52
SHAPE_12875511,11.1871528,-4.3082288,53
SHAPE_12875511,11.1872618,-4.3090389,54
SHAPE_12875511,11.1874122,-4.3100611,55
SHAPE_12875511,11.187566,-4.3113059,56
SHAPE_12875511,11.1877365,-4.3124689,57
SHAPE_12875511,11.187805,-4.3130162,58
SHAPE_12875511,11.1878836,-4.3135636,59
SHAPE_12875511,11.1880505,-4.3146869,60
SHAPE_12875511,11.1882053,-4.3159479,61
SHAPE_12875511,11.1882214,-4.3160823,62
SHAPE_12875511,11.1882492,-4.3162936,63
SHAPE_12875511,11.1884744,-4.3179917,64
SHAPE_12875511,11.1885796,-4.3187539,65
SHAPE_12875511,11.1886265,-4.3191089,66
SHAPE_12875511,11.1887012,-4.3196344,67
SHAPE_12875511,11.1887683,-4.3201064,68
SHAPE_12875511,11.1888437,-4.3206702,69
SHAPE_12875511,11.1889309,-4.321322,70
SHAPE_12875511,11.1889794,-4.3216691,71
SHAPE_12875511,11.1891683,-4.3230206,72
SHAPE_12875511,11.1892981,-4.3239496,73
SHAPE_12875511,11.1893439,-4.3242791,74
SHAPE_12875511,11.1893938,-4.3245921,75
SHAPE_12875511,11.189498,-4.3253142,76
SHAPE_12875511,11.1897409,-4.3271314,77
SHAPE_12875511,11.1898295,-4.3277525,78
SHAPE_12875511,11.1898662,-4.3280438,79
SHAPE_12875511,11.1898882,-4.3282603,80
SHAPE_12875511,11.1899694,-4.3288867,81
SHAPE_12875511,11.1900414,-4.3294561,82
SHAPE_12875511,11.1893496,-4.3295629,83
SHAPE_12875511,11.1886406,-4.3296724,84
SHAPE_12875511,11.1885791,-4.3296819,85
SHAPE_12875511,11.1882867,-4.3297159,86
SHAPE_12875511,11.1871163,-4.3298577,87
SHAPE_12875511,11.1867653,-4.3299191,88
SHAPE_12875511,11.1860161,-4.3300501,89
SHAPE_12875511,11.1854523,-4.3301479,90
SHAPE_12875511,11.1849945,-4.3302184,91
SHAPE_12875511,11.1844789,-4.330289,92
SHAPE_12875511,11.1836399,-4.3304044,93
SHAPE_12875511,11.1835251,-4.3304377,94
SHAPE_12875511,11.1833547,-4.330524,95
SHAPE_12875511,11.1832557,-4.3306009,96
SHAPE_12875511,11.1831805,-4.3306593,97
SHAPE_12875511,11.1830859,-4.3307457,98
SHAPE_12875511,11.1828449,-4.3309657,99
SHAPE_12875511,11.1825781,-4.3311488,100
SHAPE_12875511,11.1824865,-4.3312273,101
SHAPE_12875511,11.1819668,-4.3316466,102
SHAPE_12875511,11.1809849,-4.3324362,103
SHAPE_12875511,11.1805544,-4.3327858,104
SHAPE_12875511,11.1798131,-4.3333728,105
SHAPE_12875511,11.1797469,-4.3334254,106
SHAPE_12875511,11.179624,-4.3335232,107
SHAPE_12875511,11.1793676,-4.3337232,108
SHAPE_12875511,11.1789513,-4.3340694,109
SHAPE_12875511,11.1784398,-4.3344825,110
SHAPE_12875511,11.1784223,-4.3344971,111
SHAPE_12875511,11.1779977,-4.3348284,112
SHAPE_12875511,11.1778419,-4.3349421,113
SHAPE_12875511,11.1774346,-4.3352557,114
SHAPE_12875511,11.1774601,-4.3353536,115
SHAPE_12875511,11.1776209,-4.3361104,116
SHAPE_12875511,11.1777679,-4.3368753,117
SHAPE_12875511,11.1778349,-4.3371749,118
SHAPE_12875511,11.1779103,-4.3376133,119
SHAPE_12875511,11.1779531,-4.33783,120
SHAPE_12875511,11.1779742,-4.337943,121
SHAPE_12875511,11.1780034,-4.3380991,122
SHAPE_12875511,11.1780239,-4.3382502,123
SHAPE_12875511,11.1780591,-4.3384118,124
SHAPE_12875511,11.1781447,-4.3388054,125
SHAPE_12875511,11.178343,-4.3397759,126
SHAPE_12875511,11.1784537,-4.3403833,127
SHAPE_12875511,11.1785497,-4.3409249,128
SHAPE_12875511,11.1786874,-4.3415603,129
SHAPE_12875511,11.1787461,-4.3418132,130
SHAPE_12875511,11.178829,-4.3422139,131
SHAPE_12875511,11.1789159,-4.3426653,132
SHAPE_12875511,11.1789581,-4.3428679,133
SHAPE_12875511,11.178974,-4.3429486,134
SHAPE_12875511,11.1790855,-4.3435457,135
SHAPE_12875511,11.179154,-4.3438871,136
SHAPE_12875511,11.1792121,-4.3442118,137
SHAPE_12875511,11.179379,-4.3451203,138
SHAPE_12875511,11.1795045,-4.3459868,139
SHAPE_12875511,11.1795821,-4.3463208,140
SHAPE_12875511,11.1796404,-4.3467243,141
SHAPE_12875511,11.1797094,-4.347156,142
SHAPE_12875511,11.1797123,-4.3471876,143
SHAPE_12875511,11.1797798,-4.3474965,144
SHAPE_12875511,11.1798149,-4.347657,145
SHAPE_12875511,11.1798536,-4.3478366,146
SHAPE_12875511,11.1799333,-4.3482068,147
SHAPE_12875511,11.1800649,-4.3488023,148
SHAPE_12875511,11.1801412,-4.3492422,149
SHAPE_12875511,11.1801859,-4.3494567,150
SHAPE_12875511,11.1802306,-4.3496954,151
SHAPE_12875511,11.1803122,-4.3500978,152
SHAPE_12875511,11.1803635,-4.3503445,153
SHAPE_12875511,11.1804445,-4.3508766,154
SHAPE_12875511,11.1805638,-4.3514652,155
SHAPE_12875511,11.1806122,-4.3516937,156
SHAPE_12875511,11.1807264,-4.3523757,157
SHAPE_12875511,11.1807933,-4.3527751,158
SHAPE_12875511,11.1808433,-4.3530737,159
SHAPE_12875511,11.1809546,-4.3537638,160
SHAPE_12875511,11.1811016,-4.3544683,161
SHAPE_12875511,11.181221,-4.3550912,162
SHAPE_12875511,11.1812386,-4.3552017,163
SHAPE_12875511,11.1813516,-4.355729,164
SHAPE_12875511,11.1814647,-4.3563239,165
SHAPE_12875511,11.1815757,-4.3568897,166
SHAPE_12875511,11.181597,-4.3569979,167
SHAPE_12875511,11.1816115,-4.3570683,168
SHAPE_12875511,11.1816516,-4.3572638,169
SHAPE_12875511,11.1816909,-4.3574554,170
SHAPE_12875511,11.1817134,-4.3575959,171
SHAPE_12875511,11.1818111,-4.3580693,172
SHAPE_12875511,11.1819523,-4.3588234,173
SHAPE_12875511,11.1820752,-4.3594493,174
SHAPE_12875511,11.182144,-4.3597839,175
SHAPE_12875511,11.1823416,-4.3608419,176
SHAPE_12875511,11.1824841,-4.3614678,177
SHAPE_12875511,11.1825949,-4.3621143,178
SHAPE_12875511,11.182633,-4.3623367,179
SHAPE_12875511,11.1827002,-4.3627135,180
SHAPE_12875511,11.1827375,-4.3629231,181
SHAPE_12875511,11.1827897,-4.3632087,182
SHAPE_12875511,11.1831205,-4.3649246,183
SHAPE_12875511,11.1832495,-4.3655933,184
SHAPE_12875511,11.1835518,-4.3671614,185
SHAPE_12875511,11.1838363,-4.368637,186
SHAPE_12875511,11.1838505,-4.3687109,187
SHAPE_12875511,11.1838625,-4.3687731,188
SHAPE_12884462,11.2877345,-4.2176021,1
SHAPE_12884462,11.2877291,-4.2176057,2
SHAPE_12884462,11.2874459,-4.2178116,3
SHAPE_12884462,11.2865859,-4.2183921,4
SHAPE_12884462,11.2853993,-4.2192207,5
SHAPE_12884462,11.2847272,-4.2196916,6
SHAPE_12884462,11.2838538,-4.2203059,7
SHAPE_12884462,11.2835119,-4.220573,8
SHAPE_12884462,11.2831979,-4.2208464,9
SHAPE_12884462,11.2828465,-4.2211667,10
SHAPE_12884462,11.2815675,-4.2224384,11
SHAPE_12884462,11.2811374,-4.2228631,12
SHAPE_12884462,11.2783354,-4.2256299,13
SHAPE_12884462,11.2782847,-4.2256808,14
SHAPE_12884462,11.2777712,-4.2261958,15
SHAPE_12884462,11.2774595,-4.2265566,16
SHAPE_12884462,11.2772425,-4.2268476,17
SHAPE_12884462,11.2770594,-4.2271458,18
SHAPE_12884462,11.2769202,-4.2274243,19
SHAPE_12884462,11.276876,-4.2275306,20
SHAPE_12884462,11.2767848,-4.2277502,21
SHAPE_12884462,11.2766861,-4.2280626,22
SHAPE_12884462,11.276577,-4.2284703,23
SHAPE_12884462,11.2763718,-4.2294152,24
SHAPE_12884462,11.2763114,-4.2296727,25
SHAPE_12884462,11.2760971,-4.2307181,26
SHAPE_12884462,11.2759967,-4.2311511,27
SHAPE_12884462,11.2759404,-4.2312397,28
SHAPE_12884462,11.2759007,-4.2314081,29
SHAPE_12884462,11.2758128,-4.2317889,30
SHAPE_12884462,11.2757614,-4.2319729,31
SHAPE_12884462,11.2757016,-4.2321513,32
SHAPE_12884462,11.2756275,-4.2323549,33
SHAPE_12884462,11.2755282,-4.2325855,34
SHAPE_12884462,11.2754314,-4.2328102,35
SHAPE_12884462,11.2752288,-4.2332098,36
SHAPE_12884462,11.2751269,-4.2333883,37
SHAPE_12884462,11.2750303,-4.2335531,38
SHAPE_12884462,11.2749355,-4.2336953,39
SHAPE_12884462,11.2748356,-4.2338415,40
SHAPE_12884462,11.2747676,-4.2339803,41
SHAPE_12884462,11.2746725,-4.2341003,42
SHAPE_12884462,11.2745791,-4.2342089,43
SHAPE_12884462,11.2744358,-4.2343658,44
SHAPE_12884462,11.274299,-4.234504,45
SHAPE_12884462,11.2740978,-4.2346998,46
SHAPE_12884462,11.2737992,-4.2349505,47
SHAPE_12884462,11.2728963,-4.2356434,48
SHAPE_12884462,11.2726999,-4.2358113,49
SHAPE_12884462,11.2724958,-4.2359967,50
SHAPE_12884462,11.2722623,-4.2362247,51
SHAPE_12884462,11.2720252,-4.2364663,52
SHAPE_12884462,11.2718172,-4.2367074,53
SHAPE_12884462,11.271765,-4.2367727,54
SHAPE_12884462,11.2716265,-4.2369461,55
SHAPE_12884462,11.2713546,-4.2373163,56
SHAPE_12884462,11.2712253,-4.237521,57
SHAPE_12884462,11.2711488,-4.2376559,58
SHAPE_12884462,11.2709787,-4.2379478,59
SHAPE_12884462,11.2708365,-4.2382372,60
SHAPE_12884462,11.2707137,-4.2384842,61
SHAPE_12884462,11.2699535,-4.2400548,62
SHAPE_12884462,11.2692801,-4.2414656,63
SHAPE_12884462,11.269042,-4.241927,64
SHAPE_12884462,11.2687882,-4.2423615,65
SHAPE_12884462,11.2685146,-4.2427826,66
SHAPE_12884462,11.2682016,-4.2432091,67
SHAPE_12884462,11.2679175,-4.2435698,68
SHAPE_12884462,11.2675847,-4.2439547,69
SHAPE_12884462,11.2671726,-4.2444021,70
SHAPE_12884462,11.2668196,-4.2447534,71
SHAPE_12884462,11.2657223,-4.2457558,72
SHAPE_12884462,11.2643097,-4.2470218,73
SHAPE_12884462,11.2634413,-4.247808,74
SHAPE_12884462,11.2631789,-4.2480456,75
SHAPE_12884462,11.2620001,-4.2491133,76
SHAPE_12884462,11.2608808,-4.2501171,77
SHAPE_12884462,11.2603829,-4.2505798,78
SHAPE_12884462,11.2598065,-4.2511237,79
SHAPE_12884462,11.2596398,-4.2512892,80
SHAPE_12884462,11.2594892,-4.2514414,81
SHAPE_12884462,11.2591288,-4.2518029,82
SHAPE_12884462,11.2585211,-4.2524546,83
SHAPE_12884462,11.2578004,-4.2532651,84
SHAPE_12884462,11.2564951,-4.2548861,85
SHAPE_12884462,11.256147,-4.2553514,86
SHAPE_12884462,11.2554999,-4.2561816,87
SHAPE_12884462,11.2537559,-4.258429,88
SHAPE_12884462,11.2529141,-4.2594581,89
SHAPE_12884462,11.2498829,-4.2631002,90
SHAPE_12884462,11.2484031,-4.2648706,91
SHAPE_12884462,11.2469271,-4.2666578,92
SHAPE_12884462,11.2464077,-4.2672906,93
SHAPE_12884462,11.2460021,-4.2677794,94
SHAPE_12884462,11.2458865,-4.2679188,95
SHAPE_12884462,11.2455979,-4.2682609,96
SHAPE_12884462,11.2454565,-4.2684286,97
SHAPE_12884462,11.2453175,-4.2685933,98
SHAPE_12884462,11.2451184,-4.2688358,99
SHAPE_12884462,11.2448417,-4.2691729,100
SHAPE_12884462,11.2435244,-4.2707634,101
SHAPE_12884462,11.2421868,-4.2723452,102
SHAPE_12884462,11.2420362,-4.2725411,103
SHAPE_12884462,11.2411499,-4.2736152,104
SHAPE_12884462,11.2406591,-4.2742115,105
SHAPE_12884462,11.2405109,-4.2743916,106
SHAPE_12884462,11.2401398,-4.2748305,107
SHAPE_12884462,11.2396888,-4.2753763,108
SHAPE_12884462,11.2394208,-4.2756913,109
SHAPE_12884462,11.2393708,-4.2757515,110
SHAPE_12884462,11.2381464,-4.2772473,111
SHAPE_12884462,11.2378566,-4.2775756,112
SHAPE_12884462,11.2373355,-4.2782153,113
SHAPE_12884462,11.2362431,-4.2795195,114
SHAPE_12884462,11.2361477,-4.2796339,115
SHAPE_12884462,11.2359091,-4.2799047,116
SHAPE_12884462,11.2358255,-4.2799996,117
SHAPE_12884462,11.2356032,-4.2802443,118
SHAPE_12884462,11.2352434,-4.2806279,119
SHAPE_12884462,11.235048,-4.2807893,120
SHAPE_12884462,11.2347429,-4.2810718,121
SHAPE_12884462,11.2344206,-4.2813461,122
SHAPE_12884462,11.2341411,-4.2815727,123
SHAPE_12884462,11.2338925,-4.2817698,124
SHAPE_12884462,11.2336347,-4.2819549,125
SHAPE_12884462,11.2333716,-4.2821386,126
SHAPE_12884462,11.2329638,-4.2823948,127
SHAPE_12884462,11.2324877,-4.2826952,128
SHAPE_12884462,11.2323251,-4.2827821,129
SHAPE_12884462,11.232214,-4.2828407,130
SHAPE_12884462,11.2319847,-4.282954,131
SHAPE_12884462,11.2318799,-4.283009,132
SHAPE_12884462,11.2316825,-4.2831083,133
SHAPE_12884462,11.2314694,-4.283212,134
SHAPE_12884462,11.2312291,-4.2833211,135
SHAPE_12884462,11.2308565,-4.2834704,136
SHAPE_12884462,11.2305237,-4.2835924,137
SHAPE_12884462,11.2301567,-4.2837238,138
SHAPE_12884462,11.2298305,-4.2838351,139
SHAPE_12884462,11.2295213,-4.283929,140
SHAPE_12884462,11.2291182,-4.284033,141
SHAPE_12884462,11.2288715,-4.2840906,142
SHAPE_12884462,11.2286419,-4.2841369,143
SHAPE_12884462,11.2284565,-4.2841765,144
SHAPE_12884462,11.2281454,-4.2842261,145
SHAPE_12884462,11.227785,-4.2842811,146
SHAPE_12884462,11.2275927,-4.2842968,147
SHAPE_12884462,11.2273325,-4.2843491,148
SHAPE_12884462,11.2268615,-4.2844031,149
SHAPE_12884462,11.2261065,-4.2844997,150
SHAPE_12884462,11.2258657,-4.2845326,151
SHAPE_12884462,11.225775,-4.2845046,152
SHAPE_12884462,11.2247957,-4.2846473,153
SHAPE_12884462,11.2233249,-4.2848359,154
SHAPE_12884462,11.2222377,-4.2849731,155
SHAPE_12884462,11.2221871,-4.2849804,156
SHAPE_12884462,11.2210847,-4.2851313,157
SHAPE_12884462,11.2184213,-4.2854911,158
SHAPE_12884462,11.21829,-4.2855086,159
SHAPE_12884462,11.2177151,-4.2855821,160
SHAPE_12884462,11.2164572,-4.285743,161
SHAPE_12884462,11.2162273,-4.2857851,162
SHAPE_12884462,11.2159421,-4.285857,163
SHAPE_12884462,11.2142525,-4.2863664,164
SHAPE_12884462,11.2140701,-4.2864214,165
SHAPE_12884462,11.2119371,-4.287058,166
SHAPE_12884462,11.2115297,-4.2871805,167
SHAPE_12884462,11.2112805,-4.2872493,168
SHAPE_12884462,11.2105943,-4.2874615,169
SHAPE_12884462,11.2103351,-4.2875393,170
SHAPE_12884462,11.2100206,-4.2876406,171
SHAPE_12884462,11.2092236,-4.2878829,172
SHAPE_12884462,11.2087319,-4.2880324,173
SHAPE_12884462,11.2083281,-4.2881551,174
SHAPE_12884462,11.2081676,-4.2882055,175
SHAPE_12884462,11.2077094,-4.2883426,176
SHAPE_12884462,11.2071178,-4.2885172,177
SHAPE_12884462,11.2065465,-4.2886926,178
SHAPE_12884462,11.2060544,-4.2888471,179
SHAPE_12884462,11.2057927,-4.2889246,180
SHAPE_12884462,11.2054949,-4.2890275,181
SHAPE_12884462,11.2051366,-4.2891502,182
SHAPE_12884462,11.2048616,-4.2892361,183
SHAPE_12884462,11.2044453,-4.2893649,184
SHAPE_12884462,11.2041416,-4.2894584,185
SHAPE_12884462,11.2036575,-4.2896204,186
SHAPE_12884462,11.2032892,-4.28974,187
SHAPE_12884462,11.2027672,-4.2899,188
SHAPE_12884462,11.2025663,-4.2899694,189
SHAPE_12884462,11.2022294,-4.2900766,190
SHAPE_12884462,11.2017921,-4.2902228,191
SHAPE_12884462,11.2013807,-4.2903502,192
SHAPE_12884462,11.2008192,-4.290524,193
SHAPE_12884462,11.2006873,-4.290565,194
SHAPE_12884462,11.2003344,-4.2906801,195
SHAPE_12884462,11.2002042,-4.2907177,196
SHAPE_12884462,11.1999918,-4.2907876,197
SHAPE_12884462,11.1994099,-4.2909675,198
SHAPE_12884462,11.1985989,-4.2912278,199
SHAPE_12884462,11.1979387,-4.2914326,200
SHAPE_12884462,11.1972834,-4.291638,201
SHAPE_12884462,11.1968009,-4.2917893,202
SHAPE_12884462,11.1963128,-4.2919407,203
SHAPE_12884462,11.1962234,-4.2919684,204
SHAPE_12884462,11.195857,-4.2920821,205
SHAPE_12884462,11.1952084,-4.2922863,206
SHAPE_12884462,11.1944437,-4.2925328,207
SHAPE_12884462,11.1933976,-4.2928821,208
SHAPE_12884462,11.1930122,-4.2930042,209
SHAPE_12884462,11.1924294,-4.2932003,210
SHAPE_12884462,11.1921167,-4.2933015,211
SHAPE_12884462,11.1910356,-4.2936535,212
SHAPE_12884462,11.1904117,-4.2938595,213
SHAPE_12884462,11.1899659,-4.294004,214
SHAPE_12884462,11.1894049,-4.2942246,215
SHAPE_12884462,11.1892025,-4.2943077,216
SHAPE_12884462,11.1888602,-4.2944483,217
SHAPE_12884462,11.1878145,-4.2949152,218
SHAPE_12884462,11.1867235,-4.295418,219
SHAPE_12884462,11.1864834,-4.2955221,220
SHAPE_12884462,11.1862293,-4.2956092,221
SHAPE_12884462,11.185882,-4.2956764,222
SHAPE_12884462,11.1855563,-4.295738,223
SHAPE_12884462,11.1854512,-4.2957469,224
SHAPE_12884462,11.1853544,-4.2957891,225
SHAPE_12884462,11.1852103,-4.2957998,226
SHAPE_12884462,11.1846616,-4.2958654,227
SHAPE_12884462,11.184582,-4.2958775,228
SHAPE_12884462,11.1844952,-4.2958882,229
SHAPE_12884462,11.1842647,-4.2959583,230
SHAPE_12884462,11.1842433,-4.2959523,231
SHAPE_12884462,11.1842086,-4.2959532,232
SHAPE_12884462,11.1841785,-4.295959,233
SHAPE_12884462,11.1841547,-4.2959734,234
SHAPE_12884462,11.1841346,-4.2959929,235
SHAPE_12884462,11.1841195,-4.2960165,236
SHAPE_12884462,11.1841099,-4.296043,237
SHAPE_12884462,11.1841064,-4.2960709,238
SHAPE_12884462,11.1841093,-4.296099,239
SHAPE_12884462,11.1841182,-4.2961257,240
SHAPE_12884462,11.1841468,-4.296163,241
SHAPE_12884462,11.1841083,-4.2962103,242
SHAPE_12884462,11.1840926,-4.2962435,243
SHAPE_12884462,11.1840745,-4.2962871,244
SHAPE_12884462,11.1840415,-4.2963516,245
SHAPE_12884462,11.1839959,-4.2964306,246
SHAPE_12884462,11.1839343,-4.2965467,247
SHAPE_12884462,11.183471,-4.2973097,248
SHAPE_12884462,11.1828794,-4.2983237,249
SHAPE_12884462,11.1824205,-4.2991016,250
SHAPE_12884462,11.182155,-4.2995517,251
SHAPE_12884462,11.1818743,-4.3000332,252
SHAPE_12884462,11.1816711,-4.3003768,253
SHAPE_12884462,11.181478,-4.3007034,254
SHAPE_12884462,11.1813967,-4.3008429,255
SHAPE_12884462,11.180734,-4.3020005,256
SHAPE_12884462,11.1806947,-4.302068,257
SHAPE_12884462,11.1800918,-4.3031033,258
SHAPE_12884462,11.179953,-4.3033428,259
SHAPE_12884462,11.1796886,-4.3037988,260
SHAPE_12884462,11.1792287,-4.3045533,261
SHAPE_12884462,11.1791718,-4.3046474,262
SHAPE_12884462,11.1790834,-4.3048007,263
SHAPE_12884462,11.1788334,-4.3052204,264
SHAPE_12884462,11.1784531,-4.3058885,265
SHAPE_12884462,11.1780962,-4.3059374,266
SHAPE_12884462,11.1780582,-4.3059416,267
SHAPE_12884462,11.1778556,-4.3059687,268
SHAPE_12884722,11.1778556,-4.3059687,1
SHAPE_12884722,11.1780582,-4.3059416,2
SHAPE_12884722,11.1780962,-4.3059374,3
SHAPE_12884722,11.1784531,-4.3058885,4
SHAPE_12884722,11.1785221,-4.3058806,5
SHAPE_12884722,11.1791176,-4.3048781,6
SHAPE_12884722,11.1792334,-4.3046825,7
SHAPE_12884722,11.1793076,-4.3045496,8
SHAPE_12884722,11.1796281,-4.3040094,9
SHAPE_12884722,11.179846,-4.3036298,10
SHAPE_12884722,11.1800184,-4.3033331,11
SHAPE_12884722,11.1801226,-4.3031568,12
SHAPE_12884722,11.1807494,-4.3020965,13
SHAPE_12884722,11.1807714,-4.3020593,14
SHAPE_12884722,11.1814657,-4.3008938,15
SHAPE_12884722,11.1815428,-4.30076,16
SHAPE_12884722,11.1819441,-4.3000674,17
SHAPE_12884722,11.1822492,-4.2995422,18
SHAPE_12884722,11.1826172,-4.2989293,19
SHAPE_12884722,11.1829731,-4.2983108,20
SHAPE_12884722,11.1833549,-4.2976586,21
SHAPE_12884722,11.1837116,-4.2970395,22
SHAPE_12884722,11.1838353,-4.2968229,23
SHAPE_12884722,11.1839847,-4.2965614,24
SHAPE_12884722,11.1840505,-4.2964622,25
SHAPE_12884722,11.1841031,-4.2963902,26
SHAPE_12884722,11.1841707,-4.2963128,27
SHAPE_12884722,11.1842613,-4.2961929,28
SHAPE_12884722,11.1842913,-4.2961791,29
SHAPE_12884722,11.1843114,-4.2961638,30
SHAPE_12884722,11.184328,-4.2961446,31
SHAPE_12884722,11.1843403,-4.2961224,32
SHAPE_12884722,11.184349,-4.2960925,33
SHAPE_12884722,11.1843501,-4.2960614,34
SHAPE_12884722,11.1844135,-4.2960274,35
SHAPE_12884722,11.184444,-4.2960146,36
SHAPE_12884722,11.1844963,-4.29598,37
SHAPE_12884722,11.1845573,-4.2959453,38
SHAPE_12884722,11.1846236,-4.295897,39
SHAPE_12884722,11.1846616,-4.2958654,40
SHAPE_12884722,11.1852103,-4.2957998,41
SHAPE_12884722,11.1853544,-4.2957891,42
SHAPE_12884722,11.185461,-4.29582,43
SHAPE_12884722,11.1855659,-4.2958089,44
SHAPE_12884722,11.1858971,-4.2957415,45
SHAPE_12884722,11.1862418,-4.2956716,46
SHAPE_12884722,11.1864998,-4.2955885,47
SHAPE_12884722,11.1867327,-4.2954811,48
SHAPE_12884722,11.1878239,-4.294978,49
SHAPE_12884722,11.1884691,-4.2946955,50
SHAPE_12884722,11.1888814,-4.294515,51
SHAPE_12884722,11.1894297,-4.2942795,52
SHAPE_12884722,11.1899735,-4.294072,53
SHAPE_12884722,11.1901382,-4.2940141,54
SHAPE_12884722,11.191045,-4.293712,55
SHAPE_12884722,11.192187,-4.2933383,56
SHAPE_12884722,11.1924458,-4.2932573,57
SHAPE_12884722,11.1930326,-4.2930678,58
SHAPE_12884722,11.1932628,-4.2929936,59
SHAPE_12884722,11.1944716,-4.2926154,60
SHAPE_12884722,11.1958832,-4.2921621,61
SHAPE_12884722,11.1961746,-4.2920742,62
SHAPE_12884722,11.1963423,-4.2920239,63
SHAPE_12884722,11.1968326,-4.2918675,64
SHAPE_12884722,11.1973097,-4.2917102,65
SHAPE_12884722,11.1979593,-4.2914961,66
SHAPE_12884722,11.1986219,-4.2912915,67
SHAPE_12884722,11.1994268,-4.2910254,68
SHAPE_12884722,11.2000145,-4.2908474,69
SHAPE_12884722,11.2002417,-4.2907841,70
SHAPE_12884722,11.2004811,-4.2907148,71
SHAPE_12884722,11.2006614,-4.2906554,72
SHAPE_12884722,11.2008409,-4.2905983,73
SHAPE_12884722,11.2011119,-4.2905078,74
SHAPE_12884722,11.2014086,-4.2904193,75
SHAPE_12884722,11.2018427,-4.2902771,76
SHAPE_12884722,11.2022509,-4.2901376,77
SHAPE_12884722,11.2027933,-4.289971,78
SHAPE_12884722,11.2036805,-4.2896921,79
SHAPE_12884722,11.204463,-4.289442,80
SHAPE_12884722,11.2047732,-4.2893419,81
SHAPE_12884722,11.2051559,-4.2892264,82
SHAPE_12884722,11.2055289,-4.2891211,83
SHAPE_12884722,11.2057664,-4.2890427,84
SHAPE_12884722,11.2059867,-4.2889696,85
SHAPE_12884722,11.2062103,-4.2888978,86
SHAPE_12884722,11.2066293,-4.288757,87
SHAPE_12884722,11.2071447,-4.2885997,88
SHAPE_12884722,11.2073858,-4.2885223,89
SHAPE_12884722,11.2079146,-4.2883694,90
SHAPE_12884722,11.2083537,-4.2882322,91
SHAPE_12884722,11.2088644,-4.2880878,92
SHAPE_12884722,11.209305,-4.2879525,93
SHAPE_12884722,11.2095741,-4.2878665,94
SHAPE_12884722,11.2099484,-4.2877532,95
SHAPE_12884722,11.2103602,-4.2876204,96
SHAPE_12884722,11.211297,-4.2873374,97
SHAPE_12884722,11.2119654,-4.2871453,98
SHAPE_12884722,11.2127057,-4.2869163,99
SHAPE_12884722,11.2134188,-4.2867011,100
SHAPE_12884722,11.2140865,-4.2864784,101
SHAPE_12884722,11.2141998,-4.2864442,102
SHAPE_12884722,11.2144267,-4.2863758,103
SHAPE_12884722,11.2159585,-4.285914,104
SHAPE_12884722,11.2160979,-4.2858771,105
SHAPE_12884722,11.2162271,-4.2858429,106
SHAPE_12884722,11.2171868,-4.2857128,107
SHAPE_12884722,11.2173165,-4.2856953,108
SHAPE_12884722,11.2183104,-4.2855765,109
SHAPE_12884722,11.2199892,-4.2853509,110
SHAPE_12884722,11.2211031,-4.285197,111
SHAPE_12884722,11.2222574,-4.2850555,112
SHAPE_12884722,11.2231118,-4.2849355,113
SHAPE_12884722,11.2233407,-4.2849013,114
SHAPE_12884722,11.2248614,-4.2847069,115
SHAPE_12884722,11.2257868,-4.2845862,116
SHAPE_12884722,11.2258657,-4.2845326,117
SHAPE_12884722,11.2261065,-4.2844997,118
SHAPE_12884722,11.2268615,-4.2844031,119
SHAPE_12884722,11.2273325,-4.2843491,120
SHAPE_12884722,11.2275927,-4.2842968,121
SHAPE_12884722,11.227785,-4.2842811,122
SHAPE_12884722,11.2281454,-4.2842261,123
SHAPE_12884722,11.2284565,-4.2841765,124
SHAPE_12884722,11.2286419,-4.2841369,125
SHAPE_12884722,11.2288715,-4.2840906,126
SHAPE_12884722,11.2291182,-4.284033,127
SHAPE_12884722,11.2295213,-4.283929,128
SHAPE_12884722,11.2298305,-4.2838351,129
SHAPE_12884722,11.2301567,-4.2837238,130
SHAPE_12884722,11.2305237,-4.2835924,131
SHAPE_12884722,11.2308565,-4.2834704,132
SHAPE_12884722,11.2312291,-4.2833211,133
SHAPE_12884722,11.2314694,-4.283212,134
SHAPE_12884722,11.2316825,-4.2831083,135
SHAPE_12884722,11.2318799,-4.283009,136
SHAPE_12884722,11.2319847,-4.282954,137
SHAPE_12884722,11.232214,-4.2828407,138
SHAPE_12884722,11.2323251,-4.2827821,139
SHAPE_12884722,11.2324877,-4.2826952,140
SHAPE_12884722,11.2329638,-4.2823948,141
SHAPE_12884722,11.2333716,-4.2821386,142
SHAPE_12884722,11.2336347,-4.2819549,143
SHAPE_12884722,11.2338925,-4.2817698,144
SHAPE_12884722,11.2341411,-4.2815727,145
SHAPE_12884722,11.2344206,-4.2813461,146
SHAPE_12884722,11.2347429,-4.2810718,147
SHAPE_12884722,11.235048,-4.2807893,148
SHAPE_12884722,11.2352434,-4.2806279,149
SHAPE_12884722,11.2356032,-4.2802443,150
SHAPE_12884722,11.2358255,-4.2799996,151
SHAPE_12884722,11.2359091,-4.2799047,152
SHAPE_12884722,11.2361477,-4.2796339,153
SHAPE_12884722,11.2362431,-4.2795195,154
SHAPE_12884722,11.2373355,-4.2782153,155
SHAPE_12884722,11.2378566,-4.2775756,156
SHAPE_12884722,11.2381464,-4.2772473,157
SHAPE_12884722,11.2393708,-4.2757515,158
SHAPE_12884722,11.2394208,-4.2756913,159
SHAPE_12884722,11.2396888,-4.2753763,160
SHAPE_12884722,11.2401398,-4.2748305,161
SHAPE_12884722,11.2405109,-4.2743916,162
SHAPE_12884722,11.2406591,-4.2742115,163
SHAPE_12884722,11.2411499,-4.2736152,164
SHAPE_12884722,11.2420362,-4.2725411,165
SHAPE_12884722,11.2421868,-4.2723452,166
SHAPE_12884722,11.2435244,-4.2707634,167
SHAPE_12884722,11.2448417,-4.2691729,168
SHAPE_12884722,11.2451184,-4.2688358,169
SHAPE_12884722,11.2453175,-4.2685933,170
SHAPE_12884722,11.2454565,-4.2684286,171
SHAPE_12884722,11.2455979,-4.2682609,172
SHAPE_12884722,11.2458865,-4.2679188,173
SHAPE_12884722,11.2460021,-4.2677794,174
SHAPE_12884722,11.2464077,-4.2672906,175
SHAPE_12884722,11.2469271,-4.2666578,176
SHAPE_12884722,11.2484031,-4.2648706,177
SHAPE_12884722,11.2498829,-4.2631002,178
SHAPE_12884722,11.2529141,-4.2594581,179
SHAPE_12884722,11.2537559,-4.258429,180
SHAPE_12884722,11.2554999,-4.2561816,181
SHAPE_12884722,11.256147,-4.2553514,182
SHAPE_12884722,11.2564951,-4.2548861,183
SHAPE_12884722,11.2578004,-4.2532651,184
SHAPE_12884722,11.2585211,-4.2524546,185
SHAPE_12884722,11.2591288,-4.2518029,186
SHAPE_12884722,11.2594892,-4.2514414,187
SHAPE_12884722,11.2596398,-4.2512892,188
SHAPE_12884722,11.2598065,-4.2511237,189
SHAPE_12884722,11.2603829,-4.2505798,190
SHAPE_12884722,11.2608808,-4.2501171,191
SHAPE_12884722,11.2620001,-4.2491133,192
SHAPE_12884722,11.2631789,-4.2480456,193
SHAPE_12884722,11.2634413,-4.247808,194
SHAPE_12884722,11.2643097,-4.2470218,195
SHAPE_12884722,11.2657223,-4.2457558,196
SHAPE_12884722,11.2668196,-4.2447534,197
SHAPE_12884722,11.2671726,-4.2444021,198
SHAPE_12884722,11.2675847,-4.2439547,199
SHAPE_12884722,11.2679175,-4.2435698,200
SHAPE_12884722,11.2682016,-4.2432091,201
SHAPE_12884722,11.2685146,-4.2427826,202
SHAPE_12884722,11.2687882,-4.2423615,203
SHAPE_12884722,11.269042,-4.241927,204
SHAPE_12884722,11.2692801,-4.2414656,205
SHAPE_12884722,11.2699535,-4.2400548,206
SHAPE_12884722,11.2707137,-4.2384842,207
SHAPE_12884722,11.2708365,-4.2382372,208
SHAPE_12884722,11.2709787,-4.2379478,209
SHAPE_12884722,11.2711488,-4.2376559,210
SHAPE_12884722,11.2712253,-4.237521,211
SHAPE_12884722,11.2713546,-4.2373163,212
SHAPE_12884722,11.2716265,-4.2369461,213
SHAPE_12884722,11.271765,-4.2367727,214
SHAPE_12884722,11.2718172,-4.2367074,215
SHAPE_12884722,11.2720252,-4.2364663,216
SHAPE_12884722,11.2722623,-4.2362247,217
SHAPE_12884722,11.2724958,-4.2359967,218
SHAPE_12884722,11.2726999,-4.2358113,219
SHAPE_12884722,11.2728963,-4.2356434,220
SHAPE_12884722,11.2737992,-4.2349505,221
SHAPE_12884722,11.2740978,-4.2346998,222
SHAPE_12884722,11.274299,-4.234504,223
SHAPE_12884722,11.2744358,-4.2343658,224
SHAPE_12884722,11.2745791,-4.2342089,225
SHAPE_12884722,11.2746725,-4.2341003,226
SHAPE_12884722,11.2747676,-4.2339803,227
SHAPE_12884722,11.274879,-4.2338736,228
SHAPE_12884722,11.2749684,-4.233761,229
SHAPE_12884722,11.2750552,-4.2336699,230
SHAPE_12884722,11.2751473,-4.2335508,231
SHAPE_12884722,11.2752321,-4.2334259,232
SHAPE_12884722,11.2753294,-4.2332784,233
SHAPE_12884722,11.2754051,-4.2331401,234
SHAPE_12884722,11.2755136,-4.2329242,235
SHAPE_12884722,11.2756611,-4.2326056,236
SHAPE_12884722,11.2757181,-4.2324615,237
SHAPE_12884722,11.2758091,-4.2321963,238
SHAPE_12884722,11.2758648,-4.2320091,239
SHAPE_12884722,11.2758989,-4.2318704,240
SHAPE_12884722,11.2759213,-4.231742,241
SHAPE_12884722,11.2759443,-4.2316448,242
SHAPE_12884722,11.2759614,-4.2315216,243
SHAPE_12884722,11.2759569,-4.2314168,244
SHAPE_12884722,11.276007,-4.2312779,245
SHAPE_12884722,11.2759967,-4.2311511,246
SHAPE_12884722,11.2760971,-4.2307181,247
SHAPE_12884722,11.2763114,-4.2296727,248
SHAPE_12884722,11.2763718,-4.2294152,249
SHAPE_12884722,11.276577,-4.2284703,250
SHAPE_12884722,11.2766861,-4.2280626,251
SHAPE_12884722,11.2767848,-4.2277502,252
SHAPE_12884722,11.276876,-4.2275306,253
SHAPE_12884722,11.2769202,-4.2274243,254
SHAPE_12884722,11.2770594,-4.2271458,255
SHAPE_12884722,11.2772425,-4.2268476,256
SHAPE_12884722,11.2774595,-4.2265566,257
SHAPE_12884722,11.2777712,-4.2261958,258
SHAPE_12884722,11.2782847,-4.2256808,259
SHAPE_12884722,11.2783354,-4.2256299,260
SHAPE_12884722,11.2811374,-4.2228631,261
SHAPE_12884722,11.2815675,-4.2224384,262
SHAPE_12884722,11.2828465,-4.2211667,263
SHAPE_12884722,11.2831979,-4.2208464,264
SHAPE_12884722,11.2835119,-4.220573,265
SHAPE_12884722,11.2838538,-4.2203059,266
SHAPE_12884722,11.2847272,-4.2196916,267
SHAPE_12884722,11.2853993,-4.2192207,268
SHAPE_12884722,11.2865859,-4.2183921,269
SHAPE_12884722,11.2874459,-4.2178116,270
SHAPE_12884722,11.2877291,-4.2176057,271
SHAPE_12884722,11.2877345,-4.2176021,272
SHAPE_12887111,11.2019464,-4.3256981,1
SHAPE_12887111,11.2020279,-4.3255366,2
SHAPE_12887111,11.2022377,-4.325121,3
SHAPE_12887111,11.2021018,-4.3250459,4
SHAPE_12887111,11.2016265,-4.3248001,5
SHAPE_12887111,11.2016035,-4.3247874,6
SHAPE_12887111,11.2011199,-4.3245203,7
SHAPE_12887111,11.2009938,-4.3244512,8
SHAPE_12887111,11.2006119,-4.324242,9
SHAPE_12887111,11.2000523,-4.3239149,10
SHAPE_12887111,11.1995453,-4.3236366,11
SHAPE_12887111,11.199358,-4.3235338,12
SHAPE_12887111,11.1992455,-4.323472,13
SHAPE_12887111,11.1988073,-4.3232313,14
SHAPE_12887111,11.1982668,-4.3233283,15
SHAPE_12887111,11.1981583,-4.3233478,16
SHAPE_12887111,11.1975,-4.3234389,17
SHAPE_12887111,11.1968573,-4.3235264,18
SHAPE_12887111,11.1961782,-4.3236156,19
SHAPE_12887111,11.1956067,-4.3237027,20
SHAPE_12887111,11.1954798,-4.3237214,21
SHAPE_12887111,11.1949864,-4.3237939,22
SHAPE_12887111,11.1947318,-4.3238311,23
SHAPE_12887111,11.194035,-4.3239328,24
SHAPE_12887111,11.1935981,-4.3239867,25
SHAPE_12887111,11.1929425,-4.3240652,26
SHAPE_12887111,11.1918825,-4.3242107,27
SHAPE_12887111,11.1913372,-4.3242994,28
SHAPE_12887111,11.1911587,-4.3243214,29
SHAPE_12887111,11.1908996,-4.3243598,30
SHAPE_12887111,11.190753,-4.3243815,31
SHAPE_12887111,11.1903422,-4.324431,32
SHAPE_12887111,11.1902144,-4.3244464,33
SHAPE_12887111,11.1895185,-4.324568,34
SHAPE_12887111,11.1894403,-4.3240054,35
SHAPE_12887111,11.1893998,-4.3237268,36
SHAPE_12887111,11.1893006,-4.3230019,37
SHAPE_12887111,11.189184,-4.3221497,38
SHAPE_12887111,11.1891398,-4.3218285,39
SHAPE_12887111,11.1890669,-4.3212992,40
SHAPE_12887111,11.1902714,-4.3211144,41
SHAPE_12887111,11.1909287,-4.3210361,42
SHAPE_12887111,11.1911818,-4.3209924,43
SHAPE_12887111,11.1918056,-4.3209093,44
SHAPE_12887111,11.1924801,-4.3208043,45
SHAPE_12887111,11.1928882,-4.3207541,46
SHAPE_12887111,11.1931582,-4.3207209,47
SHAPE_12887111,11.1934328,-4.3206822,48
SHAPE_12887111,11.1938109,-4.3206326,49
SHAPE_12887111,11.193943,-4.3206097,50
SHAPE_12887111,11.1945757,-4.3205255,51
SHAPE_12887111,11.1948367,-4.3204835,52
SHAPE_12887111,11.195082,-4.3204514,53
SHAPE_12887111,11.1953327,-4.3204144,54
SHAPE_12887111,11.1957369,-4.3203695,55
SHAPE_12887111,11.1960838,-4.3203253,56
SHAPE_12887111,11.1964118,-4.3202713,57
SHAPE_12887111,11.1966378,-4.3202441,58
SHAPE_12887111,11.1969203,-4.3202039,59
SHAPE_12887111,11.1970865,-4.3201758,60
SHAPE_12887111,11.1975471,-4.3201063,61
SHAPE_12887111,11.1977272,-4.3200886,62
SHAPE_12887111,11.1982055,-4.320035,63
SHAPE_12887111,11.1987458,-4.3199721,64
SHAPE_12887111,11.1988092,-4.3199626,65
SHAPE_12887111,11.1989873,-4.3199269,66
SHAPE_12887111,11.1992123,-4.3198907,67
SHAPE_12887111,11.1997214,-4.3198277,68
SHAPE_12887111,11.1998766,-4.3197915,69
SHAPE_12887111,11.2000411,-4.3197513,70
SHAPE_12887111,11.2006548,-4.3197265,71
SHAPE_12887111,11.200919,-4.3192385,72
SHAPE_12887111,11.2010419,-4.3190153,73
SHAPE_12887111,11.2011782,-4.3187624,74
SHAPE_12887111,11.2013328,-4.3184864,75
SHAPE_12887111,11.2016462,-4.3179029,76
SHAPE_12887111,11.2019263,-4.3173884,77
SHAPE_12887111,11.2025449,-4.3162371,78
SHAPE_12887111,11.2028643,-4.3156654,79
SHAPE_12887111,11.2024233,-4.3154213,80
SHAPE_12887111,11.2021894,-4.3152918,81
SHAPE_12887111,11.2020478,-4.3152134,82
SHAPE_12887111,11.2015958,-4.3149632,83
SHAPE_12887111,11.2010252,-4.3146474,84
SHAPE_12887111,11.200374,-4.314287,85
SHAPE_12887111,11.1999713,-4.3140623,86
SHAPE_12887111,11.1997901,-4.3139634,87
SHAPE_12887111,11.1995135,-4.3138129,88
SHAPE_12887111,11.1992606,-4.3136708,89
SHAPE_12887111,11.1992394,-4.313659,90
SHAPE_12887111,11.199136,-4.3136018,91
SHAPE_12887111,11.1985178,-4.3132766,92
SHAPE_12887111,11.1980914,-4.3133059,93
SHAPE_12887111,11.1975178,-4.3133757,94
SHAPE_12887111,11.1966787,-4.3134896,95
SHAPE_12887111,11.1959444,-4.3136135,96
SHAPE_12887111,11.1957855,-4.3136348,97
SHAPE_12887111,11.195562,-4.3136517,98
SHAPE_12887111,11.1950419,-4.3137243,99
SHAPE_12887111,11.1946262,-4.3137899,100
SHAPE_12887111,11.1941072,-4.3138611,101
SHAPE_12887111,11.1936693,-4.3139179,102
SHAPE_12887111,11.1927318,-4.3140432,103
SHAPE_12887111,11.1921239,-4.3141213,104
SHAPE_12887111,11.1915986,-4.3141948,105
SHAPE_12887111,11.1913792,-4.3142241,106
SHAPE_12887111,11.1908727,-4.3142918,107
SHAPE_12887111,11.1904968,-4.314359,108
SHAPE_12887111,11.189977,-4.3144116,109
SHAPE_12887111,11.1893761,-4.3144929,110
SHAPE_12887111,11.1881507,-4.314676,111
SHAPE_12887111,11.1880505,-4.3146869,112
SHAPE_12887111,11.187639,-4.3147422,113
SHAPE_12887111,11.1871943,-4.3148042,114
SHAPE_12887111,11.1868139,-4.3148426,115
SHAPE_12887111,11.18565,-4.3150193,116
SHAPE_12887111,11.1851825,-4.3150809,117
SHAPE_12887111,11.1845376,-4.3151742,118
SHAPE_12887111,11.1839868,-4.3152509,119
SHAPE_12887111,11.183886,-4.315265,120
SHAPE_12887111,11.1834668,-4.3153234,121
SHAPE_12887111,11.1833869,-4.3147401,122
SHAPE_12887111,11.1833141,-4.3142086,123
SHAPE_12887111,11.1832388,-4.3136591,124
SHAPE_12887111,11.1831563,-4.3130571,125
SHAPE_12887111,11.1830009,-4.3119224,126
SHAPE_12887111,11.182883,-4.3110621,127
SHAPE_12887111,11.1828388,-4.3107388,128
SHAPE_12887111,11.1828274,-4.3106559,129
SHAPE_12887111,11.1826925,-4.3096706,130
SHAPE_12887111,11.1825507,-4.3086356,131
SHAPE_12887111,11.1824593,-4.3079681,132
SHAPE_12887111,11.1824064,-4.3075821,133
SHAPE_12887111,11.1823816,-4.3073892,134
SHAPE_12887111,11.1822596,-4.3065086,135
SHAPE_12887111,11.1822399,-4.3063665,136
SHAPE_12887111,11.1822369,-4.3063445,137
SHAPE_12887111,11.1822227,-4.306241,138
SHAPE_12887111,11.1820986,-4.3053484,139
SHAPE_12887111,11.1818514,-4.3053835,140
SHAPE_12887111,11.1813119,-4.3054639,141
SHAPE_12887111,11.1812557,-4.3054705,142
SHAPE_12887111,11.1811432,-4.3054838,143
SHAPE_12887111,11.1811215,-4.3054869,144
SHAPE_12887111,11.1807623,-4.3055378,145
SHAPE_12887111,11.1802155,-4.3056153,146
SHAPE_12887111,11.1792602,-4.3057436,147
SHAPE_12887111,11.1785221,-4.3058806,148
SHAPE_12887111,11.1784531,-4.3058885,149
SHAPE_12887111,11.1780962,-4.3059374,150
SHAPE_12887111,11.1780582,-4.3059416,151
SHAPE_12887111,11.1778556,-4.3059687,152
SHAPE_12887111,11.1776422,-4.3059917,153
SHAPE_12887111,11.1772664,-4.3056256,154
SHAPE_12887111,11.1769455,-4.305324,155
SHAPE_12887111,11.1767385,-4.3051183,156
SHAPE_12887111,11.1765869,-4.3049751,157
SHAPE_12887111,11.1762691,-4.3046612,158
SHAPE_12887111,11.1760621,-4.3044598,159
SHAPE_12887111,11.1757203,-4.3041186,160
SHAPE_12887111,11.1755418,-4.3039403,161
SHAPE_12887111,11.1753844,-4.3038281,162
SHAPE_12887111,11.1750821,-4.303551,163
SHAPE_12887111,11.1748612,-4.3033243,164
SHAPE_12887111,11.1744283,-4.3029174,165
SHAPE_12887111,11.1739284,-4.3023976,166
SHAPE_12887111,11.1733885,-4.3018643,167
SHAPE_12887111,11.1731932,-4.3016852,168
SHAPE_12887111,11.1729087,-4.30142,169
SHAPE_12887111,11.172587,-4.301095,170
SHAPE_12887111,11.1723929,-4.300912,171
SHAPE_12887111,11.1720483,-4.3005882,172
SHAPE_12887111,11.171863,-4.3004126,173
SHAPE_12887111,11.1716351,-4.3001928,174
SHAPE_12887111,11.1713511,-4.29994,175
SHAPE_12887111,11.1707159,-4.2993416,176
SHAPE_12887111,11.1705603,-4.2991789,177
SHAPE_12887111,11.1702817,-4.2989065,178
SHAPE_12887111,11.1700893,-4.2987326,179
SHAPE_12887111,11.1699728,-4.2986207,180
SHAPE_12887111,11.1697023,-4.2983378,181
SHAPE_12887111,11.1696411,-4.2982658,182
SHAPE_12887111,11.1696065,-4.2982192,183
SHAPE_12887111,11.1695174,-4.2980864,184
SHAPE_12887111,11.1694654,-4.2980281,185
SHAPE_12887111,11.1690428,-4.2978413,186
SHAPE_12887111,11.1690574,-4.2978043,187
SHAPE_12887111,11.169078,-4.2977704,188
SHAPE_12887111,11.169138,-4.2977131,189
SHAPE_12887111,11.1691491,-4.2977048,190
SHAPE_12887111,11.1691622,-4.2976975,191
SHAPE_12887111,11.1691766,-4.2976908,192
SHAPE_12887111,11.1691972,-4.297686,193
SHAPE_12887111,11.1692219,-4.297679,194
SHAPE_12887111,11.1692645,-4.2976751,195
SHAPE_12887111,11.1693071,-4.2976793,196
SHAPE_12887111,11.1693319,-4.2976866,197
SHAPE_12887111,11.1693481,-4.2976914,198
SHAPE_12887111,11.1693863,-4.297711,199
SHAPE_12887111,11.1694203,-4.2977375,200
SHAPE_12887111,11.1694486,-4.2977693,201
SHAPE_12887111,11.1694707,-4.2978058,202
SHAPE_12887111,11.1694859,-4.2978458,203
SHAPE_12887111,11.1694938,-4.2978879,204
SHAPE_12887111,11.169494,-4.2979315,205
SHAPE_12887111,11.1694748,-4.2980112,206
SHAPE_12887111,11.1694654,-4.2980281,207
SHAPE_12887111,11.1694486,-4.2980522,208
SHAPE_12887111,11.1694199,-4.2980845,209
SHAPE_12887111,11.1693973,-4.2981001,210
SHAPE_12887111,11.1693418,-4.2981333,211
SHAPE_12887111,11.1693272,-4.2981393,212
SHAPE_12887111,11.1692671,-4.2981464,213
SHAPE_12887111,11.1692203,-4.2981422,214
SHAPE_12887111,11.1691819,-4.2981312,215
SHAPE_12887111,11.169146,-4.2981136,216
SHAPE_12887111,11.1691136,-4.29809,217
SHAPE_12887111,11.1690823,-4.2980569,218
SHAPE_12887111,11.1690579,-4.2980182,219
SHAPE_12887111,11.1690413,-4.2979754,220
SHAPE_12887111,11.1690333,-4.2979301,221
SHAPE_12887111,11.1690339,-4.2978852,222
SHAPE_12887111,11.1690428,-4.2978413,223
SHAPE_12887111,11.1693319,-4.2976866,224
SHAPE_12887111,11.169331,-4.2976076,225
SHAPE_12887111,11.1693257,-4.2975406,226
SHAPE_12887111,11.1693203,-4.2974759,227
SHAPE_12887111,11.1693026,-4.2973628,228
SHAPE_12887111,11.1692934,-4.2972167,229
SHAPE_12887111,11.169336,-4.2966003,230
SHAPE_12887111,11.1693256,-4.296393,231
SHAPE_12887111,11.1694023,-4.2956516,232
SHAPE_12887111,11.1694465,-4.2950474,233
SHAPE_12887111,11.1694582,-4.2948993,234
SHAPE_12887111,11.1694818,-4.2945529,235
SHAPE_12887111,11.1694951,-4.294413,236
SHAPE_12887111,11.1695919,-4.2933424,237
SHAPE_12887111,11.1696381,-4.292645,238
SHAPE_12887111,11.1696431,-4.2925852,239
SHAPE_12887111,11.1696513,-4.292488,240
SHAPE_12887111,11.1696754,-4.2922516,241
SHAPE_12887111,11.1697655,-4.2914519,242
SHAPE_12887111,11.1698381,-4.2908383,243
SHAPE_12887111,11.1698644,-4.2905031,244
SHAPE_12887111,11.1699011,-4.2901185,245
SHAPE_12887111,11.1699342,-4.2895898,246
SHAPE_12887111,11.1699736,-4.2890091,247
SHAPE_12887111,11.1699857,-4.2888298,248
SHAPE_12887111,11.1700591,-4.2878222,249
SHAPE_12887111,11.1700621,-4.28777,250
SHAPE_12887111,11.1700855,-4.287358,251
SHAPE_12887111,11.1701086,-4.2870418,252
SHAPE_12887111,11.1701724,-4.2861705,253
SHAPE_12887111,11.1702317,-4.2853601,254
SHAPE_12887111,11.1702652,-4.2851246,255
SHAPE_12887111,11.1703083,-4.2846168,256
SHAPE_12887111,11.1703775,-4.283693,257
SHAPE_12887111,11.1704307,-4.2827005,258
SHAPE_12887111,11.170449,-4.2824782,259
SHAPE_12887111,11.1704627,-4.2822633,260
SHAPE_12887111,11.1705175,-4.2815514,261
SHAPE_12887111,11.17059,-4.2807024,262
SHAPE_12887111,11.1706816,-4.2800017,263
SHAPE_12887111,11.1707466,-4.2797028,264
SHAPE_12887111,11.1708051,-4.2794591,265
SHAPE_12887111,11.1708449,-4.279335,266
SHAPE_12887111,11.1710186,-4.2788368,267
SHAPE_12887111,11.1711055,-4.2785524,268
SHAPE_12887111,11.1712082,-4.2782429,269
SHAPE_12887111,11.1713902,-4.2777432,270
SHAPE_12887111,11.1719092,-4.2762291,271
SHAPE_12887111,11.1719727,-4.2760162,272
SHAPE_12887111,11.1720132,-4.2758022,273
SHAPE_12887111,11.1720322,-4.275608,274
SHAPE_12887111,11.1720393,-4.2753403,275
SHAPE_12887111,11.1720302,-4.274939,276
SHAPE_12887111,11.172011,-4.2745991,277
SHAPE_12887111,11.1719818,-4.2740799,278
SHAPE_12887111,11.171937,-4.2735442,279
SHAPE_12887111,11.1719361,-4.2735098,280
SHAPE_12887111,11.171926,-4.273115,281
SHAPE_12887111,11.1719249,-4.2729612,282
SHAPE_12887111,11.1719536,-4.2728269,283
SHAPE_12887111,11.1719502,-4.2726129,284
SHAPE_12887111,11.1719447,-4.2723933,285
SHAPE_12887111,11.1719219,-4.2717551,286
SHAPE_12887111,11.1719128,-4.2708515,287
SHAPE_12887111,11.1719007,-4.2699356,288
SHAPE_12887111,11.1718998,-4.26949,289
SHAPE_12887111,11.1719035,-4.2689575,290
SHAPE_12887111,11.1719036,-4.2686564,291
SHAPE_12887111,11.1719068,-4.2685647,292
SHAPE_12887111,11.1719152,-4.2684564,293
SHAPE_12887111,11.1719254,-4.2683834,294
SHAPE_12887111,11.1718899,-4.2684075,295
SHAPE_12887111,11.1718494,-4.2684211,296
SHAPE_12887111,11.1718068,-4.2684232,297
SHAPE_12887111,11.1717837,-4.2684231,298
SHAPE_12887111,11.1717488,-4.2684064,299
SHAPE_12887111,11.1717172,-4.2683849,300
SHAPE_12887111,11.1716916,-4.2683564,301
SHAPE_12887111,11.1716733,-4.2683225,302
SHAPE_12887111,11.1716634,-4.2682852,303
SHAPE_12887111,11.1716626,-4.2682456,304
SHAPE_12887111,11.1716713,-4.268207,305
SHAPE_12887111,11.1716889,-4.2681717,306
SHAPE_12887111,11.1717144,-4.2681419,307
SHAPE_12887111,11.1717472,-4.2681187,308
SHAPE_12887111,11.1717846,-4.2681046,309
SHAPE_12887111,11.1718243,-4.2681005,310
SHAPE_12887111,11.1718638,-4.2681066,311
SHAPE_12887111,11.1719005,-4.2681225,312
SHAPE_12887111,11.1719133,-4.2681325,313
SHAPE_12887111,11.1719494,-4.2681708,314
SHAPE_12887111,11.1719713,-4.268219,315
SHAPE_12887111,11.1719768,-4.2682718,316
SHAPE_12887111,11.1719652,-4.2683235,317
SHAPE_12887111,11.1719378,-4.2683687,318
SHAPE_12887111,11.1719254,-4.2683834,319
SHAPE_12887111,11.1716634,-4.2682852,320
SHAPE_12887111,11.1716294,-4.2683669,321
SHAPE_12887111,11.1716031,-4.2684152,322
SHAPE_12887111,11.1715689,-4.2684662,323
SHAPE_12887111,11.1715399,-4.2685037,324
SHAPE_12887111,11.171487,-4.2685597,325
SHAPE_12887111,11.1713811,-4.2686717,326
SHAPE_12887111,11.1709851,-4.26908,327
SHAPE_12887111,11.1708242,-4.2692459,328
SHAPE_12887111,11.1708037,-4.2692665,329
SHAPE_12887244,11.1701328,-4.269956,1
SHAPE_12887244,11.1708037,-4.2692665,2
SHAPE_12887244,11.1702339,-4.2699824,3
SHAPE_12887244,11.1701328,-4.269956,4
SHAPE_12887244,11.1702339,-4.2699824,5
SHAPE_12887244,11.170716,-4.2695044,6
SHAPE_12887244,11.1708906,-4.2693109,7
SHAPE_12887244,11.1713998,-4.2687866,8
SHAPE_12887244,11.1714959,-4.2687343,9
SHAPE_12887244,11.1715668,-4.2687212,10
SHAPE_12887244,11.1716303,-4.2687319,11
SHAPE_12887244,11.1716856,-4.2687512,12
SHAPE_12887244,11.1717227,-4.2687925,13
SHAPE_12887244,11.1717438,-4.2688381,14
SHAPE_12887244,11.1717543,-4.2688837,15
SHAPE_12887244,11.1717855,-4.2690634,16
SHAPE_12887244,11.1717985,-4.2694987,17
SHAPE_12887244,11.1718109,-4.2699378,18
SHAPE_12887244,11.1718266,-4.2708486,19
SHAPE_12887244,11.1718358,-4.2717357,20
SHAPE_12887244,11.1718564,-4.2723972,21
SHAPE_12887244,11.1718741,-4.272616,22
SHAPE_12887244,11.1718833,-4.2728258,23
SHAPE_12887244,11.1719249,-4.2729612,24
SHAPE_12887244,11.171926,-4.273115,25
SHAPE_12887244,11.1719361,-4.2735098,26
SHAPE_12887244,11.171937,-4.2735442,27
SHAPE_12887244,11.1719818,-4.2740799,28
SHAPE_12887244,11.172011,-4.2745991,29
SHAPE_12887244,11.1720302,-4.274939,30
SHAPE_12887244,11.1720393,-4.2753403,31
SHAPE_12887244,11.1720322,-4.275608,32
SHAPE_12887244,11.1720132,-4.2758022,33
SHAPE_12887244,11.1719727,-4.2760162,34
SHAPE_12887244,11.1719092,-4.2762291,35
SHAPE_12887244,11.1713902,-4.2777432,36
SHAPE_12887244,11.1712082,-4.2782429,37
SHAPE_12887244,11.1711055,-4.2785524,38
SHAPE_12887244,11.1710186,-4.2788368,39
SHAPE_12887244,11.1708449,-4.279335,40
SHAPE_12887244,11.1708051,-4.2794591,41
SHAPE_12887244,11.1707466,-4.2797028,42
SHAPE_12887244,11.1706816,-4.2800017,43
SHAPE_12887244,11.17059,-4.2807024,44
SHAPE_12887244,11.1705175,-4.2815514,45
SHAPE_12887244,11.1704627,-4.2822633,46
SHAPE_12887244,11.170449,-4.2824782,47
SHAPE_12887244,11.1704307,-4.2827005,48
SHAPE_12887244,11.1703775,-4.283693,49
SHAPE_12887244,11.1703083,-4.2846168,50
SHAPE_12887244,11.1702652,-4.2851246,51
SHAPE_12887244,11.1702317,-4.2853601,52
SHAPE_12887244,11.1701724,-4.2861705,53
SHAPE_12887244,11.1701086,-4.2870418,54
SHAPE_12887244,11.1700855,-4.287358,55
SHAPE_12887244,11.1700621,-4.28777,56
SHAPE_12887244,11.1700591,-4.2878222,57
SHAPE_12887244,11.1699857,-4.2888298,58
SHAPE_12887244,11.1699736,-4.2890091,59
SHAPE_12887244,11.1699342,-4.2895898,60
SHAPE_12887244,11.1699011,-4.2901185,61
SHAPE_12887244,11.1698644,-4.2905031,62
SHAPE_12887244,11.1698381,-4.2908383,63
SHAPE_12887244,11.1697655,-4.2914519,64
SHAPE_12887244,11.1696754,-4.2922516,65
SHAPE_12887244,11.1696513,-4.292488,66
SHAPE_12887244,11.1696431,-4.2925852,67
SHAPE_12887244,11.1696381,-4.292645,68
SHAPE_12887244,11.1695919,-4.2933424,69
SHAPE_12887244,11.1694951,-4.294413,70
SHAPE_12887244,11.1694818,-4.2945529,71
SHAPE_12887244,11.1694582,-4.2948993,72
SHAPE_12887244,11.1694465,-4.2950474,73
SHAPE_12887244,11.1694023,-4.2956516,74
SHAPE_12887244,11.1693256,-4.296393,75
SHAPE_12887244,11.1692846,-4.296583,76
SHAPE_12887244,11.1692252,-4.29725,77
SHAPE_12887244,11.1692067,-4.2974151,78
SHAPE_12887244,11.1692019,-4.2975277,79
SHAPE_12887244,11.1691973,-4.2976088,80
SHAPE_12887244,11.1691972,-4.297686,81
SHAPE_12887244,11.1690428,-4.2978413,82
SHAPE_12887244,11.1690574,-4.2978043,83
SHAPE_12887244,11.169078,-4.2977704,84
SHAPE_12887244,11.169138,-4.2977131,85
SHAPE_12887244,11.1691491,-4.2977048,86
SHAPE_12887244,11.1691622,-4.2976975,87
SHAPE_12887244,11.1691766,-4.2976908,88
SHAPE_12887244,11.1691972,-4.297686,89
SHAPE_12887244,11.1692219,-4.297679,90
SHAPE_12887244,11.1692645,-4.2976751,91
SHAPE_12887244,11.1693071,-4.2976793,92
SHAPE_12887244,11.1693319,-4.2976866,93
SHAPE_12887244,11.1693481,-4.2976914,94
SHAPE_12887244,11.1693863,-4.297711,95
SHAPE_12887244,11.1694203,-4.2977375,96
SHAPE_12887244,11.1694486,-4.2977693,97
SHAPE_12887244,11.1694707,-4.2978058,98
SHAPE_12887244,11.1694859,-4.2978458,99
SHAPE_12887244,11.1694938,-4.2978879,100
SHAPE_12887244,11.169494,-4.2979315,101
SHAPE_12887244,11.1694748,-4.2980112,102
SHAPE_12887244,11.1694654,-4.2980281,103
SHAPE_12887244,11.1694486,-4.2980522,104
SHAPE_12887244,11.1694199,-4.2980845,105
SHAPE_12887244,11.1693973,-4.2981001,106
SHAPE_12887244,11.1693418,-4.2981333,107
SHAPE_12887244,11.1693272,-4.2981393,108
SHAPE_12887244,11.1692671,-4.2981464,109
SHAPE_12887244,11.1692203,-4.2981422,110
SHAPE_12887244,11.1691819,-4.2981312,111
SHAPE_12887244,11.169146,-4.2981136,112
SHAPE_12887244,11.1691136,-4.29809,113
SHAPE_12887244,11.1690823,-4.2980569,114
SHAPE_12887244,11.1690579,-4.2980182,115
SHAPE_12887244,11.1690413,-4.2979754,116
SHAPE_12887244,11.1690333,-4.2979301,117
SHAPE_12887244,11.1690339,-4.2978852,118
SHAPE_12887244,11.1690428,-4.2978413,119
SHAPE_12887244,11.1693418,-4.2981333,120
SHAPE_12887244,11.1693805,-4.2981668,121
SHAPE_12887244,11.1694397,-4.2982216,122
SHAPE_12887244,11.1695068,-4.2982765,123
SHAPE_12887244,11.1695668,-4.2983357,124
SHAPE_12887244,11.1699334,-4.2986911,125
SHAPE_12887244,11.1700357,-4.2987832,126
SHAPE_12887244,11.1701933,-4.2989233,127
SHAPE_12887244,11.1705229,-4.2992398,128
SHAPE_12887244,11.1707302,-4.2994421,129
SHAPE_12887244,11.1712559,-4.299955,130
SHAPE_12887244,11.1716797,-4.3003706,131
SHAPE_12887244,11.1718652,-4.3005473,132
SHAPE_12887244,11.1720693,-4.3007424,133
SHAPE_12887244,11.1722659,-4.3009303,134
SHAPE_12887244,11.1726159,-4.301265,135
SHAPE_12887244,11.1728601,-4.3014881,136
SHAPE_12887244,11.1733418,-4.3019234,137
SHAPE_12887244,11.1733748,-4.3019441,138
SHAPE_12887244,11.1739549,-4.3025463,139
SHAPE_12887244,11.1743966,-4.302969,140
SHAPE_12887244,11.1747835,-4.3033583,141
SHAPE_12887244,11.1750397,-4.3036103,142
SHAPE_12887244,11.1753614,-4.3039175,143
SHAPE_12887244,11.1754704,-4.3040077,144
SHAPE_12887244,11.1760178,-4.3045226,145
SHAPE_12887244,11.1762426,-4.3047447,146
SHAPE_12887244,11.1764971,-4.3049915,147
SHAPE_12887244,11.1767425,-4.3052096,148
SHAPE_12887244,11.1768679,-4.3053441,149
SHAPE_12887244,11.1772148,-4.3056829,150
SHAPE_12887244,11.1775369,-4.3060004,151
SHAPE_12887244,11.1776422,-4.3059917,152
SHAPE_12887244,11.1778556,-4.3059687,153
SHAPE_12887244,11.1780582,-4.3059416,154
SHAPE_12887244,11.1780962,-4.3059374,155
SHAPE_12887244,11.1784531,-4.3058885,156
SHAPE_12887244,11.1785221,-4.3058806,157
SHAPE_12887244,11.1792602,-4.3057436,158
SHAPE_12887244,11.1802155,-4.3056153,159
SHAPE_12887244,11.1807623,-4.3055378,160
SHAPE_12887244,11.1811215,-4.3054869,161
SHAPE_12887244,11.1811432,-4.3054838,162
SHAPE_12887244,11.1812557,-4.3054705,163
SHAPE_12887244,11.1813119,-4.3054639,164
SHAPE_12887244,11.1818514,-4.3053835,165
SHAPE_12887244,11.1820986,-4.3053484,166
SHAPE_12887244,11.1822227,-4.306241,167
SHAPE_12887244,11.1822369,-4.3063445,168
SHAPE_12887244,11.1822399,-4.3063665,169
SHAPE_12887244,11.1822596,-4.3065086,170
SHAPE_12887244,11.1823816,-4.3073892,171
SHAPE_12887244,11.1824064,-4.3075821,172
SHAPE_12887244,11.1824593,-4.3079681,173
SHAPE_12887244,11.1825507,-4.3086356,174
SHAPE_12887244,11.1826925,-4.3096706,175
SHAPE_12887244,11.1828274,-4.3106559,176
SHAPE_12887244,11.1828388,-4.3107388,177
SHAPE_12887244,11.182883,-4.3110621,178
SHAPE_12887244,11.1830009,-4.3119224,179
SHAPE_12887244,11.1831563,-4.3130571,180
SHAPE_12887244,11.1832388,-4.3136591,181
SHAPE_12887244,11.1833141,-4.3142086,182
SHAPE_12887244,11.1833869,-4.3147401,183
SHAPE_12887244,11.1834668,-4.3153234,184
SHAPE_12887244,11.183886,-4.315265,185
SHAPE_12887244,11.1839868,-4.3152509,186
SHAPE_12887244,11.1845376,-4.3151742,187
SHAPE_12887244,11.1851825,-4.3150809,188
SHAPE_12887244,11.18565,-4.3150193,189
SHAPE_12887244,11.1868139,-4.3148426,190
SHAPE_12887244,11.1871943,-4.3148042,191
SHAPE_12887244,11.187639,-4.3147422,192
SHAPE_12887244,11.1880505,-4.3146869,193
SHAPE_12887244,11.1881507,-4.314676,194
SHAPE_12887244,11.1893761,-4.3144929,195
SHAPE_12887244,11.189977,-4.3144116,196
SHAPE_12887244,11.1904968,-4.314359,197
SHAPE_12887244,11.1908727,-4.3142918,198
SHAPE_12887244,11.1913792,-4.3142241,199
SHAPE_12887244,11.1915986,-4.3141948,200
SHAPE_12887244,11.1921239,-4.3141213,201
SHAPE_12887244,11.1927318,-4.3140432,202
SHAPE_12887244,11.1936693,-4.3139179,203
SHAPE_12887244,11.1941072,-4.3138611,204
SHAPE_12887244,11.1946262,-4.3137899,205
SHAPE_12887244,11.1950419,-4.3137243,206
SHAPE_12887244,11.195562,-4.3136517,207
SHAPE_12887244,11.1957855,-4.3136348,208
SHAPE_12887244,11.1959444,-4.3136135,209
SHAPE_12887244,11.1966787,-4.3134896,210
SHAPE_12887244,11.1975178,-4.3133757,211
SHAPE_12887244,11.1980914,-4.3133059,212
SHAPE_12887244,11.1985178,-4.3132766,213
SHAPE_12887244,11.199136,-4.3136018,214
SHAPE_12887244,11.1992394,-4.313659,215
SHAPE_12887244,11.1992606,-4.3136708,216
SHAPE_12887244,11.1995135,-4.3138129,217
SHAPE_12887244,11.1997901,-4.3139634,218
SHAPE_12887244,11.1999713,-4.3140623,219
SHAPE_12887244,11.200374,-4.314287,220
SHAPE_12887244,11.2010252,-4.3146474,221
SHAPE_12887244,11.2015958,-4.3149632,222
SHAPE_12887244,11.2020478,-4.3152134,223
SHAPE_12887244,11.2021894,-4.3152918,224
SHAPE_12887244,11.2024233,-4.3154213,225
SHAPE_12887244,11.2028643,-4.3156654,226
SHAPE_12887244,11.2025449,-4.3162371,227
SHAPE_12887244,11.2019263,-4.3173884,228
SHAPE_12887244,11.2016462,-4.3179029,229
SHAPE_12887244,11.2013328,-4.3184864,230
SHAPE_12887244,11.2011782,-4.3187624,231
SHAPE_12887244,11.2010419,-4.3190153,232
SHAPE_12887244,11.200919,-4.3192385,233
SHAPE_12887244,11.2006548,-4.3197265,234
SHAPE_12887244,11.2000411,-4.3197513,235
SHAPE_12887244,11.1998766,-4.3197915,236
SHAPE_12887244,11.1997214,-4.3198277,237
SHAPE_12887244,11.1992123,-4.3198907,238
SHAPE_12887244,11.1989873,-4.3199269,239
SHAPE_12887244,11.1988092,-4.3199626,240
SHAPE_12887244,11.1987458,-4.3199721,241
SHAPE_12887244,11.1982055,-4.320035,242
SHAPE_12887244,11.1977272,-4.3200886,243
SHAPE_12887244,11.1975471,-4.3201063,244
SHAPE_12887244,11.1970865,-4.3201758,245
SHAPE_12887244,11.1969203,-4.3202039,246
SHAPE_12887244,11.1966378,-4.3202441,247
SHAPE_12887244,11.1964118,-4.3202713,248
SHAPE_12887244,11.1960838,-4.3203253,249
SHAPE_12887244,11.1957369,-4.3203695,250
SHAPE_12887244,11.1953327,-4.3204144,251
SHAPE_12887244,11.195082,-4.3204514,252
SHAPE_12887244,11.1948367,-4.3204835,253
SHAPE_12887244,11.1945757,-4.3205255,254
SHAPE_12887244,11.193943,-4.3206097,255
SHAPE_12887244,11.1938109,-4.3206326,256
SHAPE_12887244,11.1934328,-4.3206822,257
SHAPE_12887244,11.1931582,-4.3207209,258
SHAPE_12887244,11.1928882,-4.3207541,259
SHAPE_12887244,11.1924801,-4.3208043,260
SHAPE_12887244,11.1918056,-4.3209093,261
SHAPE_12887244,11.1911818,-4.3209924,262
SHAPE_12887244,11.1909287,-4.3210361,263
SHAPE_12887244,11.1902714,-4.3211144,264
SHAPE_12887244,11.1890669,-4.3212992,265
SHAPE_12887244,11.1889309,-4.321322,266
SHAPE_12887244,11.1889794,-4.3216691,267
SHAPE_12887244,11.1891683,-4.3230206,268
SHAPE_12887244,11.1892981,-4.3239496,269
SHAPE_12887244,11.1893439,-4.3242791,270
SHAPE_12887244,11.1893938,-4.3245921,271
SHAPE_12887244,11.1895185,-4.324568,272
SHAPE_12887244,11.1902144,-4.3244464,273
SHAPE_12887244,11.1903422,-4.324431,274
SHAPE_12887244,11.190753,-4.3243815,275
SHAPE_12887244,11.1908996,-4.3243598,276
SHAPE_12887244,11.1911587,-4.3243214,277
SHAPE_12887244,11.1913372,-4.3242994,278
SHAPE_12887244,11.1918825,-4.3242107,279
SHAPE_12887244,11.1929425,-4.3240652,280
SHAPE_12887244,11.1935981,-4.3239867,281
SHAPE_12887244,11.194035,-4.3239328,282
SHAPE_12887244,11.1947318,-4.3238311,283
SHAPE_12887244,11.1949864,-4.3237939,284
SHAPE_12887244,11.1954798,-4.3237214,285
SHAPE_12887244,11.1956067,-4.3237027,286
SHAPE_12887244,11.1961782,-4.3236156,287
SHAPE_12887244,11.1968573,-4.3235264,288
SHAPE_12887244,11.1975,-4.3234389,289
SHAPE_12887244,11.1981583,-4.3233478,290
SHAPE_12887244,11.1982668,-4.3233283,291
SHAPE_12887244,11.1988073,-4.3232313,292
SHAPE_12887244,11.1992455,-4.323472,293
SHAPE_12887244,11.199358,-4.3235338,294
SHAPE_12887244,11.1995453,-4.3236366,295
SHAPE_12887244,11.2000523,-4.3239149,296
SHAPE_12887244,11.2006119,-4.324242,297
SHAPE_12887244,11.2009938,-4.3244512,298
SHAPE_12887244,11.2011199,-4.3245203,299
SHAPE_12887244,11.2016035,-4.3247874,300
SHAPE_12887244,11.2016265,-4.3248001,301
SHAPE_12887244,11.2021018,-4.3250459,302
SHAPE_12887244,11.2022377,-4.325121,303
SHAPE_12891025,11.1778556,-4.3059687,1
SHAPE_12891025,11.1780582,-4.3059416,2
SHAPE_12891025,11.1780962,-4.3059374,3
SHAPE_12891025,11.1784531,-4.3058885,4
SHAPE_12891025,11.1785221,-4.3058806,5
SHAPE_12891025,11.1791176,-4.3048781,6
SHAPE_12891025,11.1792334,-4.3046825,7
SHAPE_12891025,11.1793076,-4.3045496,8
SHAPE_12891025,11.1796281,-4.3040094,9
SHAPE_12891025,11.179846,-4.3036298,10
SHAPE_12891025,11.1800184,-4.3033331,11
SHAPE_12891025,11.1801226,-4.3031568,12
SHAPE_12891025,11.1807494,-4.3020965,13
SHAPE_12891025,11.1807714,-4.3020593,14
SHAPE_12891025,11.1814657,-4.3008938,15
SHAPE_12891025,11.1815428,-4.30076,16
SHAPE_12891025,11.1819441,-4.3000674,17
SHAPE_12891025,11.1822492,-4.2995422,18
SHAPE_12891025,11.1826172,-4.2989293,19
SHAPE_12891025,11.1829731,-4.2983108,20
SHAPE_12891025,11.1833549,-4.2976586,21
SHAPE_12891025,11.1837116,-4.2970395,22
SHAPE_12891025,11.1838353,-4.2968229,23
SHAPE_12891025,11.1839847,-4.2965614,24
SHAPE_12891025,11.1840505,-4.2964622,25
SHAPE_12891025,11.1841031,-4.2963902,26
SHAPE_12891025,11.1841707,-4.2963128,27
SHAPE_12891025,11.1842613,-4.2961929,28
SHAPE_12891025,11.1842913,-4.2961791,29
SHAPE_12891025,11.1843114,-4.2961638,30
SHAPE_12891025,11.184328,-4.2961446,31
SHAPE_12891025,11.1843403,-4.2961224,32
SHAPE_12891025,11.184349,-4.2960925,33
SHAPE_12891025,11.1843501,-4.2960614,34
SHAPE_12891025,11.1844135,-4.2960274,35
SHAPE_12891025,11.184444,-4.2960146,36
SHAPE_12891025,11.1844963,-4.29598,37
SHAPE_12891025,11.1845573,-4.2959453,38
SHAPE_12891025,11.1846236,-4.295897,39
SHAPE_12891025,11.1846616,-4.2958654,40
SHAPE_12891025,11.1852103,-4.2957998,41
SHAPE_12891025,11.1853544,-4.2957891,42
SHAPE_12891025,11.185461,-4.29582,43
SHAPE_12891025,11.1855659,-4.2958089,44
SHAPE_12891025,11.1855563,-4.295738,45
SHAPE_12891025,11.1854619,-4.2950425,46
SHAPE_12891025,11.1854338,-4.2948414,47
SHAPE_12891025,11.1853811,-4.294425,48
SHAPE_12891025,11.1852648,-4.2936901,49
SHAPE_12891025,11.185167,-4.2929792,50
SHAPE_12891025,11.1850859,-4.2923933,51
SHAPE_12891025,11.1850153,-4.2918236,52
SHAPE_12891025,11.1849291,-4.2912314,53
SHAPE_12891025,11.1848551,-4.2906319,54
SHAPE_12891025,11.1847765,-4.2900303,55
SHAPE_12891025,11.1846369,-4.2891541,56
SHAPE_12891025,11.1845373,-4.2884775,57
SHAPE_12891025,11.1844091,-4.2875182,58
SHAPE_12891025,11.1844086,-4.2875138,59
SHAPE_12891025,11.1842849,-4.2866147,60
SHAPE_12891025,11.1841367,-4.2855511,61
SHAPE_12891025,11.184077,-4.2851022,62
SHAPE_12891025,11.1839016,-4.2838208,63
SHAPE_12891025,11.1838067,-4.2831098,64
SHAPE_12891025,11.1837661,-4.2827866,65
SHAPE_12891025,11.1836784,-4.2821575,66
SHAPE_12891025,11.1835961,-4.2815676,67
SHAPE_12891025,11.183499,-4.2808422,68
SHAPE_12891025,11.1834553,-4.2805441,69
SHAPE_12891025,11.183386,-4.2801905,70
SHAPE_12891025,11.1833071,-4.279874,71
SHAPE_12891025,11.1832137,-4.2795334,72
SHAPE_12891025,11.1831177,-4.2792531,73
SHAPE_12891025,11.1830757,-4.2791365,74
SHAPE_12891025,11.1828953,-4.2787247,75
SHAPE_12891025,11.1827375,-4.2784297,76
SHAPE_12891025,11.1825528,-4.2781278,77
SHAPE_12891025,11.1823008,-4.2777837,78
SHAPE_12891025,11.1821249,-4.2775721,79
SHAPE_12891025,11.1818921,-4.2772918,80
SHAPE_12891025,11.1812782,-4.2766211,81
SHAPE_12891025,11.1812199,-4.2765528,82
SHAPE_12891025,11.1809214,-4.2762285,83
SHAPE_12891025,11.1805,-4.2757768,84
SHAPE_12891025,11.1797679,-4.274994,85
SHAPE_12891025,11.1792955,-4.2744923,86
SHAPE_12891025,11.1790913,-4.2742744,87
SHAPE_12891025,11.178415,-4.2735471,88
SHAPE_12891025,11.1776975,-4.2727343,89
SHAPE_12891025,11.1770552,-4.2720744,90
SHAPE_12891025,11.1767985,-4.2717996,91
SHAPE_12891025,11.1764849,-4.2714588,92
SHAPE_12891025,11.1758165,-4.2707323,93
SHAPE_12891025,11.1750602,-4.2699108,94
SHAPE_12891025,11.1746167,-4.269437,95
SHAPE_12891025,11.1744159,-4.2692269,96
SHAPE_12891025,11.1743187,-4.2691239,97
SHAPE_12891025,11.1742108,-4.2690092,98
SHAPE_12891025,11.1740614,-4.2688485,99
SHAPE_12891025,11.1740054,-4.2687887,100
SHAPE_12891025,11.1738738,-4.2686653,101
SHAPE_12891025,11.1737624,-4.2685829,102
SHAPE_12891025,11.173611,-4.2684855,103
SHAPE_12891025,11.1734106,-4.2683899,104
SHAPE_12891025,11.1732006,-4.2683288,105
SHAPE_12891025,11.1730242,-4.2682962,106
SHAPE_12891025,11.1728547,-4.2682778,107
SHAPE_12891025,11.1726181,-4.268259,108
SHAPE_12891025,11.1723215,-4.2682301,109
SHAPE_12891025,11.1721899,-4.2681617,110
SHAPE_12891025,11.1720801,-4.2681,111
SHAPE_12891025,11.1719728,-4.2679954,112
SHAPE_12891025,11.1719077,-4.2679015,113
SHAPE_12891025,11.1718689,-4.2678123,114
SHAPE_12891025,11.1718419,-4.2677519,115
SHAPE_12891025,11.1718037,-4.2676488,116
SHAPE_12891025,11.1718015,-4.2674324,117
SHAPE_12891025,11.1717982,-4.2673481,118
SHAPE_12891025,11.1717826,-4.2668295,119
SHAPE_12891025,11.1717641,-4.2664426,120
SHAPE_12891025,11.171742,-4.2660152,121
SHAPE_12891025,11.1717099,-4.2653232,122
SHAPE_12891025,11.1716822,-4.264728,123
SHAPE_12891025,11.1716286,-4.2639628,124
SHAPE_12891025,11.171584,-4.2632537,125
SHAPE_12891025,11.171547,-4.2626231,126
SHAPE_12891025,11.1715334,-4.2624258,127
SHAPE_12891025,11.1715168,-4.2622193,128
SHAPE_12891025,11.1715124,-4.2621601,129
SHAPE_12891025,11.1715004,-4.2619987,130
SHAPE_12891025,11.1714928,-4.2618296,131
SHAPE_12891025,11.1714738,-4.2612103,132
SHAPE_12891025,11.1714623,-4.2607334,133
SHAPE_12891025,11.1714574,-4.2601597,134
SHAPE_12891025,11.1714543,-4.2592261,135
SHAPE_12891025,11.1714456,-4.2587686,136
SHAPE_12891025,11.1714393,-4.2584269,137
SHAPE_12891025,11.1714019,-4.2578076,138
SHAPE_12891025,11.1713827,-4.257571,139
SHAPE_12891025,11.1713341,-4.2572746,140
SHAPE_12891025,11.1712341,-4.256655,141
SHAPE_12891025,11.1711726,-4.2564196,142
SHAPE_12891025,11.1711423,-4.2562718,143
SHAPE_12891025,11.1711111,-4.2561374,144
SHAPE_12891025,11.1709559,-4.2556238,145
SHAPE_12891025,11.1707953,-4.2550807,146
SHAPE_12891025,11.170665,-4.2546266,147
SHAPE_12891025,11.1704445,-4.2539837,148
SHAPE_12891025,11.1703151,-4.2535662,149
SHAPE_12891025,11.17023,-4.2533271,150
SHAPE_12891025,11.1700806,-4.2528697,151
SHAPE_12891025,11.1699465,-4.2524462,152
SHAPE_12891025,11.1698682,-4.2521987,153
SHAPE_12891025,11.1696534,-4.2515174,154
SHAPE_12891025,11.1695381,-4.2511813,155
SHAPE_12891025,11.1694358,-4.2508702,156
SHAPE_12891025,11.1691876,-4.2501041,157
SHAPE_12891025,11.1689081,-4.2492949,158
SHAPE_12891025,11.1688454,-4.2490981,159
SHAPE_12891025,11.168729,-4.2487438,160
SHAPE_12891025,11.168613,-4.2484125,161
SHAPE_12891025,11.1685502,-4.2482471,162
SHAPE_12891025,11.1682744,-4.2473448,163
SHAPE_12891025,11.168028,-4.2465554,164
SHAPE_12891025,11.1678035,-4.2459045,165
SHAPE_12891025,11.16754,-4.2451534,166
SHAPE_12891025,11.1673692,-4.2446396,167
SHAPE_12891025,11.1671382,-4.2439444,168
SHAPE_12891025,11.167091,-4.2437911,169
SHAPE_12891025,11.1670205,-4.2435624,170
SHAPE_12891025,11.1669567,-4.2433322,171
SHAPE_12891025,11.1667053,-4.2424204,172
SHAPE_12891025,11.1664662,-4.241422,173
SHAPE_12891025,11.1663468,-4.2408243,174
SHAPE_12891025,11.1661524,-4.2399826,175
SHAPE_12891025,11.1661454,-4.2399527,176
SHAPE_12891025,11.1661108,-4.2397698,177
SHAPE_12891025,11.1660793,-4.2396113,178
SHAPE_12891025,11.1657647,-4.238023,179
SHAPE_12891025,11.1653844,-4.2361321,180
SHAPE_12891025,11.1652147,-4.2353596,181
SHAPE_12891025,11.1650621,-4.2346139,182
SHAPE_12891025,11.1649555,-4.2341673,183
SHAPE_12891025,11.1645318,-4.2321637,184
SHAPE_12891025,11.1644862,-4.2319497,185
SHAPE_12891025,11.1643134,-4.2311391,186
SHAPE_12891025,11.1641845,-4.2305544,187
SHAPE_12891025,11.1641055,-4.230136,188
SHAPE_12891025,11.163745,-4.2284837,189
SHAPE_12891025,11.1632924,-4.2262548,190
SHAPE_12891025,11.1631227,-4.2254354,191
SHAPE_12891025,11.1630569,-4.2252973,192
SHAPE_12891025,11.1626832,-4.2234476,193
SHAPE_12891025,11.1625872,-4.2228659,194
SHAPE_12891025,11.1625122,-4.2223334,195
SHAPE_12891025,11.1624635,-4.2219029,196
SHAPE_12891025,11.1623911,-4.2210688,197
SHAPE_12891025,11.1623438,-4.220244,198
SHAPE_12891025,11.1623162,-4.2194487,199
SHAPE_12891025,11.1623069,-4.2186367,200
SHAPE_12891025,11.1623135,-4.2180131,201
SHAPE_12891025,11.1623056,-4.2169784,202
SHAPE_12891025,11.1622977,-4.2166941,203
SHAPE_12891025,11.162274,-4.2163722,204
SHAPE_12891025,11.1622241,-4.2159766,205
SHAPE_12891025,11.1621793,-4.2156896,206
SHAPE_12891025,11.162128,-4.2154174,207
SHAPE_12891025,11.1620675,-4.2151505,208
SHAPE_12891025,11.1619872,-4.2148273,209
SHAPE_12891025,11.1613073,-4.2123188,210
SHAPE_12891025,11.1609692,-4.2110772,211
SHAPE_12891025,11.1608359,-4.2105877,212
SHAPE_12891025,11.1601756,-4.2081619,213
SHAPE_12891025,11.1598201,-4.2068561,214
SHAPE_12891025,11.1597907,-4.2067489,215
SHAPE_12891025,11.1594091,-4.2053404,216
SHAPE_12891025,11.1592467,-4.2047397,217
SHAPE_12891025,11.1584947,-4.2019551,218
SHAPE_12891025,11.1581298,-4.2006095,219
SHAPE_12891025,11.1580949,-4.2004787,220
SHAPE_12891025,11.157657,-4.198851,221
SHAPE_12891025,11.1571831,-4.1970895,222
SHAPE_12891025,11.1570486,-4.1966094,223
SHAPE_12891025,11.1568699,-4.1960544,224
SHAPE_12891025,11.1558118,-4.192928,225
SHAPE_12891025,11.1557105,-4.1925603,226
SHAPE_12891025,11.1556397,-4.1922325,227
SHAPE_12891025,11.1555792,-4.1918938,228
SHAPE_12891025,11.1555218,-4.1915105,229
SHAPE_12891025,11.15548,-4.1911618,230
SHAPE_12891025,11.1549992,-4.1855675,231
SHAPE_12891025,11.1547707,-4.1830874,232
SHAPE_12891025,11.1547525,-4.1828901,233
SHAPE_12891025,11.154531,-4.1804853,234
SHAPE_12891025,11.1545047,-4.1801449,235
SHAPE_12891025,11.1544897,-4.1798292,236
SHAPE_12891025,11.1544937,-4.1794837,237
SHAPE_12891025,11.1544973,-4.1791726,238
SHAPE_12891025,11.1545263,-4.1788403,239
SHAPE_12891025,11.1545631,-4.1785044,240
SHAPE_12891025,11.1546371,-4.1779991,241
SHAPE_12891025,11.1547052,-4.1775692,242
SHAPE_12891025,11.1547805,-4.1772379,243
SHAPE_12891025,11.1548758,-4.1768991,244
SHAPE_12891025,11.1549739,-4.1766041,245
SHAPE_12891025,11.1551086,-4.1762396,246
SHAPE_12891025,11.1553063,-4.1757801,247
SHAPE_12891025,11.1555789,-4.1752354,248
SHAPE_12891025,11.1561927,-4.1739839,249
SHAPE_12891025,11.156294,-4.1737841,250
SHAPE_12891025,11.157492,-4.1713298,251
SHAPE_12891025,11.1576807,-4.1709446,252
SHAPE_12891025,11.1578825,-4.1705305,253
SHAPE_12891025,11.1580402,-4.1701953,254
SHAPE_12891025,11.1581817,-4.1698717,255
SHAPE_12891025,11.158335,-4.1694888,256
SHAPE_12891025,11.1583634,-4.1694176,257
SHAPE_12891025,11.1584366,-4.1692345,258
SHAPE_12891025,11.1585019,-4.1690564,259
SHAPE_12891025,11.1586529,-4.1686328,260
SHAPE_12891025,11.1586709,-4.1685824,261
SHAPE_12891025,11.158782,-4.1682523,262
SHAPE_12891025,11.158802,-4.168193,263
SHAPE_12891025,11.1588825,-4.1679301,264
SHAPE_12891025,11.1589871,-4.1675676,265
SHAPE_12891025,11.1599855,-4.1636423,266
SHAPE_12891025,11.1600654,-4.1634361,267
SHAPE_12891025,11.1601368,-4.1631732,268
SHAPE_12891025,11.1601668,-4.1630575,269
SHAPE_12891025,11.1602697,-4.16266,270
SHAPE_12891025,11.1604058,-4.1621249,271
SHAPE_12891025,11.1604694,-4.1618835,272
SHAPE_12891025,11.1604804,-4.1617236,273
SHAPE_12891025,11.1605384,-4.1614815,274
SHAPE_12891025,11.1605827,-4.1612492,275
SHAPE_12891025,11.1607113,-4.1607312,276
SHAPE_12891025,11.1607452,-4.160595,277
SHAPE_12891025,11.1606557,-4.160588,278
SHAPE_12916184,11.1784626,-4.3345815,1
SHAPE_12916184,11.1786755,-4.3349674,2
SHAPE_12916184,11.1787817,-4.3351604,3
SHAPE_12916184,11.1789072,-4.3353884,4
SHAPE_12916184,11.1791415,-4.3358226,5
SHAPE_12916184,11.1797024,-4.336769,6
SHAPE_12916184,11.1805706,-4.3382735,7
SHAPE_12916184,11.1807873,-4.3386454,8
SHAPE_12916184,11.1809198,-4.3388756,9
SHAPE_12916184,11.1820726,-4.3408633,10
SHAPE_12916184,11.1824289,-4.3414777,11
SHAPE_12916184,11.1827225,-4.3419693,12
SHAPE_12916184,11.182933,-4.3423368,13
SHAPE_12916184,11.1833685,-4.3430731,14
SHAPE_12916184,11.1836763,-4.3436015,15
SHAPE_12916184,11.1839645,-4.3441195,16
SHAPE_12916184,11.1841105,-4.3443498,17
SHAPE_12916184,11.1842749,-4.3446485,18
SHAPE_12916184,11.1844999,-4.3450418,19
SHAPE_12916184,11.1847683,-4.3454991,20
SHAPE_12916184,11.1848761,-4.3456722,21
SHAPE_12916184,11.1851222,-4.3460812,22
SHAPE_12916184,11.1853577,-4.3465143,23
SHAPE_12916184,11.1855164,-4.3468053,24
SHAPE_12916184,11.1856036,-4.3469945,25
SHAPE_12916184,11.1857195,-4.3472399,26
SHAPE_12916184,11.185807,-4.3474632,27
SHAPE_12916184,11.1858945,-4.3477602,28
SHAPE_12916184,11.1860721,-4.348357,29
SHAPE_12916184,11.1861734,-4.3487178,30
SHAPE_12916184,11.1863497,-4.3493038,31
SHAPE_12916184,11.1865457,-4.3499261,32
SHAPE_12916184,11.1867562,-4.3506329,33
SHAPE_12916184,11.1871,-4.351963,34
SHAPE_12916184,11.1872277,-4.3524079,35
SHAPE_12916184,11.1874063,-4.3529049,36
SHAPE_12916184,11.1875901,-4.3533369,37
SHAPE_12916184,11.1878311,-4.3538059,38
SHAPE_12916184,11.1888335,-4.355521,39
SHAPE_12916184,11.1891536,-4.3560542,40
SHAPE_12916184,11.1892966,-4.356303,41
SHAPE_12916184,11.1894787,-4.3566197,42
SHAPE_12916184,11.1895416,-4.3567182,43
SHAPE_12916184,11.1896611,-4.3569052,44
SHAPE_12916184,11.1899028,-4.3573298,45
SHAPE_12916184,11.1900216,-4.3575597,46
SHAPE_12916184,11.1901373,-4.3577663,47
SHAPE_12916184,11.1903093,-4.3581265,48
SHAPE_12916184,11.1903641,-4.3582414,49
SHAPE_12916184,11.1905583,-4.3586701,50
SHAPE_12916184,11.1906267,-4.3588284,51
SHAPE_12916184,11.1906779,-4.3589503,52
SHAPE_12916184,11.1784626,-4.3345815,53
SHAPE_12916184,11.1784223,-4.3344971,54
SHAPE_12916184,11.1780833,-4.3339498,55
SHAPE_12916184,11.177788,-4.3334316,56
SHAPE_12916184,11.1775013,-4.332909,57
SHAPE_12916184,11.1774041,-4.332738,58
SHAPE_12916184,11.1772965,-4.3325356,59
SHAPE_12916184,11.1771856,-4.332337,60
SHAPE_12916184,11.1769568,-4.3318689,61
SHAPE_12916184,11.1769104,-4.3317544,62
SHAPE_12916184,11.176843,-4.3315955,63
SHAPE_12916184,11.1767849,-4.3314403,64
SHAPE_12916184,11.176744,-4.3313436,65
SHAPE_12916184,11.1765389,-4.3307644,66
SHAPE_12916184,11.1763386,-4.3301935,67
SHAPE_12916184,11.1761755,-4.3296794,68
SHAPE_12916184,11.176007,-4.3290468,69
SHAPE_12916184,11.1758423,-4.3284939,70
SHAPE_12916184,11.1756736,-4.3278742,71
SHAPE_12916184,11.1755923,-4.3275859,72
SHAPE_12916184,11.1753232,-4.326548,73
SHAPE_12916184,11.1752311,-4.3259767,74
SHAPE_12916184,11.175139,-4.3253383,75
SHAPE_12916184,11.1750653,-4.3247536,76
SHAPE_12916184,11.1749154,-4.3234716,77
SHAPE_12916184,11.1748918,-4.3232744,78
SHAPE_12916184,11.1748708,-4.3231335,79
SHAPE_12916184,11.174806,-4.3226334,80
SHAPE_12916184,11.1747289,-4.3220389,81
SHAPE_12916184,11.1746571,-4.3214436,82
SHAPE_12916184,11.1744288,-4.3196745,83
SHAPE_12916184,11.1743511,-4.3190556,84
SHAPE_12916184,11.1740655,-4.3166381,85
SHAPE_12916184,11.1739174,-4.3155276,86
SHAPE_12916184,11.1737401,-4.3143878,87
SHAPE_12916184,11.173684,-4.3139067,88
SHAPE_12916184,11.1736139,-4.3132527,89
SHAPE_12916184,11.1740904,-4.313171,90
SHAPE_12916184,11.1749076,-4.3130545,91
SHAPE_12916184,11.1747685,-4.3119387,92
SHAPE_12916184,11.1745921,-4.3107773,93
SHAPE_12916184,11.1744731,-4.309906,94
SHAPE_12916184,11.1744394,-4.3096589,95
SHAPE_12916184,11.174321,-4.3087915,96
SHAPE_12916184,11.1742921,-4.3085321,97
SHAPE_12916184,11.1742738,-4.3083991,98
SHAPE_12916184,11.1742103,-4.3078957,99
SHAPE_12916184,11.174172,-4.3076597,100
SHAPE_12916184,11.174156,-4.3075432,101
SHAPE_12916184,11.1741496,-4.3074964,102
SHAPE_12916184,11.174133,-4.3073918,103
SHAPE_12916184,11.1739874,-4.3064896,104
SHAPE_12916184,11.1748377,-4.3063773,105
SHAPE_12916184,11.1757637,-4.3062461,106
SHAPE_12916184,11.1768451,-4.3060928,107
SHAPE_12916184,11.1775369,-4.3060004,108
SHAPE_12916184,11.1772148,-4.3056829,109
SHAPE_12916184,11.1768679,-4.3053441,110
SHAPE_12916184,11.1767425,-4.3052096,111
SHAPE_12916184,11.1764971,-4.3049915,112
SHAPE_12916184,11.1762426,-4.3047447,113
SHAPE_12916184,11.1760178,-4.3045226,114
SHAPE_12916184,11.1754704,-4.3040077,115
SHAPE_12916184,11.1753614,-4.3039175,116
SHAPE_12916184,11.1750397,-4.3036103,117
SHAPE_12916184,11.1747835,-4.3033583,118
SHAPE_12916184,11.1743966,-4.302969,119
SHAPE_12916184,11.1739549,-4.3025463,120
SHAPE_12916184,11.1733748,-4.3019441,121
SHAPE_12916184,11.1733418,-4.3019234,122
SHAPE_12916184,11.1728601,-4.3014881,123
SHAPE_12916184,11.1726159,-4.301265,124
SHAPE_12916184,11.1722659,-4.3009303,125
SHAPE_12916184,11.1720693,-4.3007424,126
SHAPE_12916184,11.1718652,-4.3005473,127
SHAPE_12916184,11.1716797,-4.3003706,128
SHAPE_12916184,11.1712559,-4.299955,129
SHAPE_12916184,11.1707302,-4.2994421,130
SHAPE_12916184,11.1705229,-4.2992398,131
SHAPE_12916184,11.1701933,-4.2989233,132
SHAPE_12916184,11.1700357,-4.2987832,133
SHAPE_12916184,11.1699334,-4.2986911,134
SHAPE_12916184,11.1695668,-4.2983357,135
SHAPE_12916184,11.1695068,-4.2982765,136
SHAPE_12916184,11.1694397,-4.2982216,137
SHAPE_12916184,11.1693805,-4.2981668,138
SHAPE_12916184,11.1693418,-4.2981333,139
SHAPE_12916184,11.1690428,-4.2978413,140
SHAPE_12916184,11.1688549,-4.2975851,141
SHAPE_12916184,11.1688408,-4.2975721,142
SHAPE_12916184,11.1684012,-4.2971525,143
SHAPE_12916184,11.1679578,-4.2967301,144
SHAPE_12916184,11.1673907,-4.2961776,145
SHAPE_12916184,11.1670527,-4.2958484,146
SHAPE_12916184,11.167033,-4.2958287,147
SHAPE_12916184,11.1668685,-4.2956691,148
SHAPE_12916184,11.1662475,-4.295075,149
SHAPE_12916184,11.165077,-4.2939509,150
SHAPE_12916184,11.1644432,-4.2933318,151
SHAPE_12916184,11.1641214,-4.293027,152
SHAPE_12916184,11.1633878,-4.2923152,153
SHAPE_12916184,11.1633248,-4.2922571,154
SHAPE_12916184,11.1630864,-4.2920274,155
SHAPE_12916184,11.1627727,-4.2917235,156
SHAPE_12916184,11.1623299,-4.2912939,157
SHAPE_12916184,11.1618505,-4.2908288,158
SHAPE_12916184,11.1616629,-4.290646,159
SHAPE_12916184,11.1607031,-4.2897233,160
SHAPE_12916184,11.160651,-4.2896698,161
SHAPE_12916184,11.1603276,-4.2893637,162
SHAPE_12916184,11.1600633,-4.2891114,163
SHAPE_12916184,11.1590581,-4.2881396,164
SHAPE_12916184,11.1586968,-4.2877952,165
SHAPE_12916184,11.1583929,-4.2874954,166
SHAPE_12916184,11.1575716,-4.286691,167
SHAPE_12916184,11.1570265,-4.2861651,168
SHAPE_12916184,11.156484,-4.2856478,169
SHAPE_12916184,11.1561979,-4.2853658,170
SHAPE_12916184,11.1561463,-4.2853503,171
SHAPE_12916184,11.1560306,-4.2852864,172
SHAPE_12916184,11.1559474,-4.2852562,173
SHAPE_12916184,11.1558981,-4.2852388,174
SHAPE_12916184,11.1558049,-4.2852116,175
SHAPE_12916184,11.1558044,-4.2847685,176
SHAPE_12916184,11.1558577,-4.2847738,177
SHAPE_12916184,11.1559081,-4.2847922,178
SHAPE_12916184,11.1559526,-4.2848226,179
SHAPE_12916184,11.1559885,-4.2848631,180
SHAPE_12916184,11.156026,-4.2849503,181
SHAPE_12916184,11.1560275,-4.2849599,182
SHAPE_12916184,11.1560275,-4.2849976,183
SHAPE_12916184,11.1560218,-4.2850411,184
SHAPE_12916184,11.1560081,-4.2850819,185
SHAPE_12916184,11.1559869,-4.2851192,186
SHAPE_12916184,11.1559591,-4.2851516,187
SHAPE_12916184,11.1559256,-4.2851779,188
SHAPE_12916184,11.1558878,-4.2851971,189
SHAPE_12916184,11.155847,-4.2852084,190
SHAPE_12916184,11.1558049,-4.2852116,191
SHAPE_12916184,11.1557487,-4.2852026,192
SHAPE_12916184,11.1556968,-4.285179,193
SHAPE_12916184,11.1556526,-4.2851426,194
SHAPE_12916184,11.1556192,-4.2850957,195
SHAPE_12916184,11.1555988,-4.2850416,196
SHAPE_12916184,11.1555932,-4.2850022,197
SHAPE_12916184,11.1555946,-4.2849624,198
SHAPE_12916184,11.1556077,-4.2849096,199
SHAPE_12916184,11.1556331,-4.2848617,200
SHAPE_12916184,11.1556691,-4.2848215,201
SHAPE_12916184,11.1557137,-4.2847915,202
SHAPE_12916184,11.1557641,-4.2847735,203
SHAPE_12916184,11.1558044,-4.2847685,204
SHAPE_12916184,11.1558695,-4.2847504,205
SHAPE_12916184,11.1559129,-4.2847429,206
SHAPE_12916184,11.1559623,-4.2847235,207
SHAPE_12916184,11.1560115,-4.2846828,208
SHAPE_12916184,11.1566061,-4.2840815,209
SHAPE_12916184,11.1570684,-4.2835982,210
SHAPE_12916184,11.1572498,-4.2834026,211
SHAPE_12916184,11.1575531,-4.2830976,212
SHAPE_12916184,11.1581775,-4.2824539,213
SHAPE_12916184,11.1588044,-4.2817951,214
SHAPE_12916184,11.1591383,-4.2814471,215
SHAPE_12916184,11.1594258,-4.2811477,216
SHAPE_12916184,11.1595293,-4.2810429,217
SHAPE_12916184,11.1600751,-4.28049,218
SHAPE_12916184,11.1604673,-4.2800689,219
SHAPE_12916184,11.1608855,-4.2796152,220
SHAPE_12916184,11.161074,-4.2794186,221
SHAPE_12916184,11.1613079,-4.2791747,222
SHAPE_12916184,11.1614287,-4.2790575,223
SHAPE_12916184,11.1616478,-4.2788268,224
SHAPE_12916184,11.161703,-4.2787597,225
SHAPE_12916184,11.1617496,-4.2786927,226
SHAPE_12916184,11.1618379,-4.2785776,227
SHAPE_12916184,11.1628609,-4.2787996,228
SHAPE_12916184,11.1628016,-4.2788287,229
SHAPE_12916184,11.1627402,-4.278853,230
SHAPE_12916184,11.162677,-4.2788719,231
SHAPE_12916184,11.1626125,-4.2788857,232
SHAPE_12916184,11.1625472,-4.2788941,233
SHAPE_12916184,11.1624814,-4.2788971,234
SHAPE_12916184,11.1624156,-4.2788946,235
SHAPE_12916184,11.1623501,-4.2788867,236
SHAPE_12916184,11.1622856,-4.2788734,237
SHAPE_12916184,11.1622223,-4.2788549,238
SHAPE_12916184,11.1621607,-4.2788312,239
SHAPE_12916184,11.1621011,-4.2788024,240
SHAPE_12916184,11.1620441,-4.278769,241
SHAPE_12916184,11.1620184,-4.2787495,242
SHAPE_12916184,11.1619606,-4.2787049,243
SHAPE_12916184,11.1619392,-4.2786884,244
SHAPE_12916184,11.1618918,-4.2786421,245
SHAPE_12916184,11.1618484,-4.2785921,246
SHAPE_12916184,11.1618379,-4.2785776,247
SHAPE_12916184,11.1618216,-4.2785533,248
SHAPE_12916184,11.1617747,-4.2784832,249
SHAPE_12916184,11.1617448,-4.2784253,250
SHAPE_12916184,11.1617195,-4.2783651,251
SHAPE_12916184,11.1617101,-4.2783371,252
SHAPE_12916184,11.1616988,-4.2783031,253
SHAPE_12916184,11.1616832,-4.2782396,254
SHAPE_12916184,11.1616724,-4.2781751,255
SHAPE_12916184,11.1616667,-4.2781098,256
SHAPE_12916184,11.161666,-4.2780443,257
SHAPE_12916184,11.1616704,-4.277979,258
SHAPE_12916184,11.16168,-4.2779143,259
SHAPE_12916184,11.1616944,-4.2778505,260
SHAPE_12916184,11.1617137,-4.277788,261
SHAPE_12916184,11.1617379,-4.2777273,262
SHAPE_12916184,11.1617667,-4.2776688,263
SHAPE_12916184,11.1617999,-4.2776128,264
SHAPE_12916184,11.1618373,-4.2775595,265
SHAPE_12916184,11.1618685,-4.2775196,266
SHAPE_12916184,11.1619261,-4.277461,267
SHAPE_12916184,11.1619772,-4.2774166,268
SHAPE_12916184,11.1620318,-4.2773767,269
SHAPE_12916184,11.1620893,-4.2773414,270
SHAPE_12916184,11.1621496,-4.2773112,271
SHAPE_12916184,11.1622121,-4.2772861,272
SHAPE_12916184,11.1622764,-4.2772664,273
SHAPE_12916184,11.162342,-4.2772521,274
SHAPE_12916184,11.1624087,-4.2772435,275
SHAPE_12916184,11.1624757,-4.2772403,276
SHAPE_12916184,11.1625428,-4.277243,277
SHAPE_12916184,11.1626095,-4.2772513,278
SHAPE_12916184,11.1626752,-4.2772651,279
SHAPE_12916184,11.1627397,-4.2772844,280
SHAPE_12916184,11.1627541,-4.2772901,281
SHAPE_12916184,11.1628023,-4.2773091,282
SHAPE_12916184,11.1628627,-4.2773389,283
SHAPE_12916184,11.1629205,-4.2773738,284
SHAPE_12916184,11.1629716,-4.2774104,285
SHAPE_12916184,11.162988,-4.2774243,286
SHAPE_12916184,11.1630198,-4.2774511,287
SHAPE_12916184,11.1630648,-4.2774953,288
SHAPE_12916184,11.1631063,-4.2775429,289
SHAPE_12916184,11.1631441,-4.2775937,290
SHAPE_12916184,11.1631746,-4.2776416,291
SHAPE_12916184,11.1632019,-4.2776915,292
SHAPE_12916184,11.1632256,-4.2777433,293
SHAPE_12916184,11.1632459,-4.2777965,294
SHAPE_12916184,11.1632624,-4.277851,295
SHAPE_12916184,11.1632753,-4.2779066,296
SHAPE_12916184,11.1632844,-4.277963,297
SHAPE_12916184,11.1632896,-4.2780199,298
SHAPE_12916184,11.163291,-4.2780769,299
SHAPE_12916184,11.1632885,-4.2781341,300
SHAPE_12916184,11.1632821,-4.2781908,301
SHAPE_12916184,11.163272,-4.2782469,302
SHAPE_12916184,11.1632581,-4.2783023,303
SHAPE_12916184,11.1632404,-4.2783565,304
SHAPE_12916184,11.163208,-4.2784372,305
SHAPE_12916184,11.1631892,-4.2784701,306
SHAPE_12916184,11.1631546,-4.2785282,307
SHAPE_12916184,11.1631153,-4.2785832,308
SHAPE_12916184,11.1630718,-4.2786347,309
SHAPE_12916184,11.1630243,-4.2786824,310
SHAPE_12916184,11.162973,-4.278726,311
SHAPE_12916184,11.1629185,-4.2787651,312
SHAPE_12916184,11.1628609,-4.2787996,313
SHAPE_12916184,11.1629205,-4.2773738,314
SHAPE_12916184,11.1630067,-4.2773464,315
SHAPE_12916184,11.1630776,-4.2773206,316
SHAPE_12916184,11.163153,-4.2772724,317
SHAPE_12916184,11.1632168,-4.2772195,318
SHAPE_12916184,11.163537,-4.2768953,319
SHAPE_12916184,11.1641435,-4.276257,320
SHAPE_12916184,11.1646041,-4.2757723,321
SHAPE_12916184,11.1647941,-4.2755541,322
SHAPE_12916184,11.1649042,-4.2754278,323
SHAPE_12916184,11.1652608,-4.2750496,324
SHAPE_12916184,11.1657015,-4.2745882,325
SHAPE_12916184,11.1658265,-4.2744554,326
SHAPE_12916184,11.1664449,-4.2738144,327
SHAPE_12916184,11.1668593,-4.2733718,328
SHAPE_12916184,11.1669146,-4.2733075,329
SHAPE_12916184,11.1673014,-4.2728971,330
SHAPE_12916184,11.1676317,-4.2725645,331
SHAPE_12916184,11.1679316,-4.2722614,332
SHAPE_12916184,11.1682447,-4.2719355,333
SHAPE_12916184,11.1685934,-4.2715681,334
SHAPE_12916184,11.168929,-4.271214,335
SHAPE_12916184,11.1691631,-4.27098,336
SHAPE_12916184,11.1692657,-4.2708774,337
SHAPE_12916184,11.1701328,-4.269956,338
SHAPE_12916184,11.1708037,-4.2692665,339
SHAPE_12916185,11.1713998,-4.2687866,1
SHAPE_12916185,11.1708906,-4.2693109,2
SHAPE_12916185,11.170716,-4.2695044,3
SHAPE_12916185,11.1702339,-4.2699824,4
SHAPE_12916185,11.1698473,-4.2704254,5
SHAPE_12916185,11.1694218,-4.2708676,6
SHAPE_12916185,11.1687434,-4.2715573,7
SHAPE_12916185,11.1683211,-4.2720012,8
SHAPE_12916185,11.1680303,-4.2723097,9
SHAPE_12916185,11.1677882,-4.2725632,10
SHAPE_12916185,11.1677677,-4.2725844,11
SHAPE_12916185,11.1677132,-4.2726409,12
SHAPE_12916185,11.1674015,-4.2729776,13
SHAPE_12916185,11.167016,-4.2733853,14
SHAPE_12916185,11.1669264,-4.2734872,15
SHAPE_12916185,11.1665344,-4.2739097,16
SHAPE_12916185,11.1659173,-4.2745413,17
SHAPE_12916185,11.1657884,-4.2746727,18
SHAPE_12916185,11.1653436,-4.2751287,19
SHAPE_12916185,11.1648687,-4.2756343,20
SHAPE_12916185,11.1644687,-4.2760434,21
SHAPE_12916185,11.1642029,-4.2763132,22
SHAPE_12916185,11.1635979,-4.2769595,23
SHAPE_12916185,11.1632444,-4.2773422,24
SHAPE_12916185,11.1632135,-4.2773999,25
SHAPE_12916185,11.1631885,-4.2774696,26
SHAPE_12916185,11.1631441,-4.2775937,27
SHAPE_12916185,11.1628609,-4.2787996,28
SHAPE_12916185,11.1628016,-4.2788287,29
SHAPE_12916185,11.1627402,-4.278853,30
SHAPE_12916185,11.162677,-4.2788719,31
SHAPE_12916185,11.1626125,-4.2788857,32
SHAPE_12916185,11.1625472,-4.2788941,33
SHAPE_12916185,11.1624814,-4.2788971,34
SHAPE_12916185,11.1624156,-4.2788946,35
SHAPE_12916185,11.1623501,-4.2788867,36
SHAPE_12916185,11.1622856,-4.2788734,37
SHAPE_12916185,11.1622223,-4.2788549,38
SHAPE_12916185,11.1621607,-4.2788312,39
SHAPE_12916185,11.1621011,-4.2788024,40
SHAPE_12916185,11.1620441,-4.278769,41
SHAPE_12916185,11.1620184,-4.2787495,42
SHAPE_12916185,11.1619606,-4.2787049,43
SHAPE_12916185,11.1619392,-4.2786884,44
SHAPE_12916185,11.1618918,-4.2786421,45
SHAPE_12916185,11.1618484,-4.2785921,46
SHAPE_12916185,11.1618379,-4.2785776,47
SHAPE_12916185,11.1618216,-4.2785533,48
SHAPE_12916185,11.1617747,-4.2784832,49
SHAPE_12916185,11.1617448,-4.2784253,50
SHAPE_12916185,11.1617195,-4.2783651,51
SHAPE_12916185,11.1617101,-4.2783371,52
SHAPE_12916185,11.1616988,-4.2783031,53
SHAPE_12916185,11.1616832,-4.2782396,54
SHAPE_12916185,11.1616724,-4.2781751,55
SHAPE_12916185,11.1616667,-4.2781098,56
SHAPE_12916185,11.161666,-4.2780443,57
SHAPE_12916185,11.1616704,-4.277979,58
SHAPE_12916185,11.16168,-4.2779143,59
SHAPE_12916185,11.1616944,-4.2778505,60
SHAPE_12916185,11.1617137,-4.277788,61
SHAPE_12916185,11.1617379,-4.2777273,62
SHAPE_12916185,11.1617667,-4.2776688,63
SHAPE_12916185,11.1617999,-4.2776128,64
SHAPE_12916185,11.1618373,-4.2775595,65
SHAPE_12916185,11.1618685,-4.2775196,66
SHAPE_12916185,11.1619261,-4.277461,67
SHAPE_12916185,11.1619772,-4.2774166,68
SHAPE_12916185,11.1620318,-4.2773767,69
SHAPE_12916185,11.1620893,-4.2773414,70
SHAPE_12916185,11.1621496,-4.2773112,71
SHAPE_12916185,11.1622121,-4.2772861,72
SHAPE_12916185,11.1622764,-4.2772664,73
SHAPE_12916185,11.162342,-4.2772521,74
SHAPE_12916185,11.1624087,-4.2772435,75
SHAPE_12916185,11.1624757,-4.2772403,76
SHAPE_12916185,11.1625428,-4.277243,77
SHAPE_12916185,11.1626095,-4.2772513,78
SHAPE_12916185,11.1626752,-4.2772651,79
SHAPE_12916185,11.1627397,-4.2772844,80
SHAPE_12916185,11.1627541,-4.2772901,81
SHAPE_12916185,11.1628023,-4.2773091,82
SHAPE_12916185,11.1628627,-4.2773389,83
SHAPE_12916185,11.1629205,-4.2773738,84
SHAPE_12916185,11.1629716,-4.2774104,85
SHAPE_12916185,11.162988,-4.2774243,86
SHAPE_12916185,11.1630198,-4.2774511,87
SHAPE_12916185,11.1630648,-4.2774953,88
SHAPE_12916185,11.1631063,-4.2775429,89
SHAPE_12916185,11.1631441,-4.2775937,90
SHAPE_12916185,11.1631746,-4.2776416,91
SHAPE_12916185,11.1632019,-4.2776915,92
SHAPE_12916185,11.1632256,-4.2777433,93
SHAPE_12916185,11.1632459,-4.2777965,94
SHAPE_12916185,11.1632624,-4.277851,95
SHAPE_12916185,11.1632753,-4.2779066,96
SHAPE_12916185,11.1632844,-4.277963,97
SHAPE_12916185,11.1632896,-4.2780199,98
SHAPE_12916185,11.163291,-4.2780769,99
SHAPE_12916185,11.1632885,-4.2781341,100
SHAPE_12916185,11.1632821,-4.2781908,101
SHAPE_12916185,11.163272,-4.2782469,102
SHAPE_12916185,11.1632581,-4.2783023,103
SHAPE_12916185,11.1632404,-4.2783565,104
SHAPE_12916185,11.163208,-4.2784372,105
SHAPE_12916185,11.1631892,-4.2784701,106
SHAPE_12916185,11.1631546,-4.2785282,107
SHAPE_12916185,11.1631153,-4.2785832,108
SHAPE_12916185,11.1630718,-4.2786347,109
SHAPE_12916185,11.1630243,-4.2786824,110
SHAPE_12916185,11.162973,-4.278726,111
SHAPE_12916185,11.1629185,-4.2787651,112
SHAPE_12916185,11.1628609,-4.2787996,113
SHAPE_12916185,11.1620184,-4.2787495,114
SHAPE_12916185,11.1618945,-4.2787939,115
SHAPE_12916185,11.1618135,-4.2788489,116
SHAPE_12916185,11.1617372,-4.2789133,117
SHAPE_12916185,11.1616642,-4.2789803,118
SHAPE_12916185,11.1614711,-4.2791759,119
SHAPE_12916185,11.161411,-4.2792407,120
SHAPE_12916185,11.1613879,-4.2792657,121
SHAPE_12916185,11.1611528,-4.2795123,122
SHAPE_12916185,11.160975,-4.2796927,123
SHAPE_12916185,11.1605493,-4.2801484,124
SHAPE_12916185,11.1601577,-4.2805801,125
SHAPE_12916185,11.1598412,-4.2809089,126
SHAPE_12916185,11.1597631,-4.2809901,127
SHAPE_12916185,11.1595225,-4.2812404,128
SHAPE_12916185,11.1592227,-4.2815219,129
SHAPE_12916185,11.1588824,-4.281872,130
SHAPE_12916185,11.1582697,-4.2825383,131
SHAPE_12916185,11.1576312,-4.2831776,132
SHAPE_12916185,11.1571527,-4.2836801,133
SHAPE_12916185,11.1571068,-4.2837275,134
SHAPE_12916185,11.1567015,-4.2841663,135
SHAPE_12916185,11.1561182,-4.2847551,136
SHAPE_12916185,11.1560813,-4.2848127,137
SHAPE_12916185,11.1560596,-4.2848616,138
SHAPE_12916185,11.156026,-4.2849503,139
SHAPE_12916185,11.1558044,-4.2847685,140
SHAPE_12916185,11.1558577,-4.2847738,141
SHAPE_12916185,11.1559081,-4.2847922,142
SHAPE_12916185,11.1559526,-4.2848226,143
SHAPE_12916185,11.1559885,-4.2848631,144
SHAPE_12916185,11.156026,-4.2849503,145
SHAPE_12916185,11.1560275,-4.2849599,146
SHAPE_12916185,11.1560275,-4.2849976,147
SHAPE_12916185,11.1560218,-4.2850411,148
SHAPE_12916185,11.1560081,-4.2850819,149
SHAPE_12916185,11.1559869,-4.2851192,150
SHAPE_12916185,11.1559591,-4.2851516,151
SHAPE_12916185,11.1559256,-4.2851779,152
SHAPE_12916185,11.1558878,-4.2851971,153
SHAPE_12916185,11.155847,-4.2852084,154
SHAPE_12916185,11.1558049,-4.2852116,155
SHAPE_12916185,11.1557487,-4.2852026,156
SHAPE_12916185,11.1556968,-4.285179,157
SHAPE_12916185,11.1556526,-4.2851426,158
SHAPE_12916185,11.1556192,-4.2850957,159
SHAPE_12916185,11.1555988,-4.2850416,160
SHAPE_12916185,11.1555932,-4.2850022,161
SHAPE_12916185,11.1555946,-4.2849624,162
SHAPE_12916185,11.1556077,-4.2849096,163
SHAPE_12916185,11.1556331,-4.2848617,164
SHAPE_12916185,11.1556691,-4.2848215,165
SHAPE_12916185,11.1557137,-4.2847915,166
SHAPE_12916185,11.1557641,-4.2847735,167
SHAPE_12916185,11.1558044,-4.2847685,168
SHAPE_12916185,11.1560218,-4.2850411,169
SHAPE_12916185,11.1560396,-4.2851131,170
SHAPE_12916185,11.1560636,-4.2851762,171
SHAPE_12916185,11.1561001,-4.2852331,172
SHAPE_12916185,11.1561782,-4.2853238,173
SHAPE_12916185,11.1561979,-4.2853658,174
SHAPE_12916185,11.156484,-4.2856478,175
SHAPE_12916185,11.1570265,-4.2861651,176
SHAPE_12916185,11.1575716,-4.286691,177
SHAPE_12916185,11.1583929,-4.2874954,178
SHAPE_12916185,11.1586968,-4.2877952,179
SHAPE_12916185,11.1590581,-4.2881396,180
SHAPE_12916185,11.1600633,-4.2891114,181
SHAPE_12916185,11.1603276,-4.2893637,182
SHAPE_12916185,11.160651,-4.2896698,183
SHAPE_12916185,11.1607031,-4.2897233,184
SHAPE_12916185,11.1616629,-4.290646,185
SHAPE_12916185,11.1618505,-4.2908288,186
SHAPE_12916185,11.1623299,-4.2912939,187
SHAPE_12916185,11.1627727,-4.2917235,188
SHAPE_12916185,11.1630864,-4.2920274,189
SHAPE_12916185,11.1633248,-4.2922571,190
SHAPE_12916185,11.1633878,-4.2923152,191
SHAPE_12916185,11.1641214,-4.293027,192
SHAPE_12916185,11.1644432,-4.2933318,193
SHAPE_12916185,11.165077,-4.2939509,194
SHAPE_12916185,11.1662475,-4.295075,195
SHAPE_12916185,11.1668685,-4.2956691,196
SHAPE_12916185,11.167033,-4.2958287,197
SHAPE_12916185,11.1670527,-4.2958484,198
SHAPE_12916185,11.1673907,-4.2961776,199
SHAPE_12916185,11.1679578,-4.2967301,200
SHAPE_12916185,11.1684012,-4.2971525,201
SHAPE_12916185,11.1688408,-4.2975721,202
SHAPE_12916185,11.1688549,-4.2975851,203
SHAPE_12916185,11.1689707,-4.2976542,204
SHAPE_12916185,11.1690125,-4.297668,205
SHAPE_12916185,11.1690566,-4.2976852,206
SHAPE_12916185,11.169138,-4.2977131,207
SHAPE_12916185,11.1690428,-4.2978413,208
SHAPE_12916185,11.1690574,-4.2978043,209
SHAPE_12916185,11.169078,-4.2977704,210
SHAPE_12916185,11.169138,-4.2977131,211
SHAPE_12916185,11.1691491,-4.2977048,212
SHAPE_12916185,11.1691622,-4.2976975,213
SHAPE_12916185,11.1691766,-4.2976908,214
SHAPE_12916185,11.1691972,-4.297686,215
SHAPE_12916185,11.1692219,-4.297679,216
SHAPE_12916185,11.1692645,-4.2976751,217
SHAPE_12916185,11.1693071,-4.2976793,218
SHAPE_12916185,11.1693319,-4.2976866,219
SHAPE_12916185,11.1693481,-4.2976914,220
SHAPE_12916185,11.1693863,-4.297711,221
SHAPE_12916185,11.1694203,-4.2977375,222
SHAPE_12916185,11.1694486,-4.2977693,223
SHAPE_12916185,11.1694707,-4.2978058,224
SHAPE_12916185,11.1694859,-4.2978458,225
SHAPE_12916185,11.1694938,-4.2978879,226
SHAPE_12916185,11.169494,-4.2979315,227
SHAPE_12916185,11.1694748,-4.2980112,228
SHAPE_12916185,11.1694654,-4.2980281,229
SHAPE_12916185,11.1694486,-4.2980522,230
SHAPE_12916185,11.1694199,-4.2980845,231
SHAPE_12916185,11.1693973,-4.2981001,232
SHAPE_12916185,11.1693418,-4.2981333,233
SHAPE_12916185,11.1693272,-4.2981393,234
SHAPE_12916185,11.1692671,-4.2981464,235
SHAPE_12916185,11.1692203,-4.2981422,236
SHAPE_12916185,11.1691819,-4.2981312,237
SHAPE_12916185,11.169146,-4.2981136,238
SHAPE_12916185,11.1691136,-4.29809,239
SHAPE_12916185,11.1690823,-4.2980569,240
SHAPE_12916185,11.1690579,-4.2980182,241
SHAPE_12916185,11.1690413,-4.2979754,242
SHAPE_12916185,11.1690333,-4.2979301,243
SHAPE_12916185,11.1690339,-4.2978852,244
SHAPE_12916185,11.1690428,-4.2978413,245
SHAPE_12916185,11.1693272,-4.2981393,246
SHAPE_12916185,11.1693184,-4.2981977,247
SHAPE_12916185,11.1693039,-4.2982493,248
SHAPE_12916185,11.1692888,-4.2983016,249
SHAPE_12916185,11.1692664,-4.2983848,250
SHAPE_12916185,11.1691966,-4.2989432,251
SHAPE_12916185,11.1691815,-4.2991116,252
SHAPE_12916185,11.1691074,-4.3001015,253
SHAPE_12916185,11.1690916,-4.300281,254
SHAPE_12916185,11.1690168,-4.3013962,255
SHAPE_12916185,11.1689335,-4.3025181,256
SHAPE_12916185,11.1689158,-4.3029097,257
SHAPE_12916185,11.1688882,-4.303131,258
SHAPE_12916185,11.1688553,-4.3032222,259
SHAPE_12916185,11.1688053,-4.3033321,260
SHAPE_12916185,11.1685439,-4.3037882,261
SHAPE_12916185,11.1680706,-4.3044935,262
SHAPE_12916185,11.1680074,-4.3046142,263
SHAPE_12916185,11.167961,-4.3047206,264
SHAPE_12916185,11.1679127,-4.3048494,265
SHAPE_12916185,11.1678631,-4.3050297,266
SHAPE_12916185,11.1678183,-4.3052324,267
SHAPE_12916185,11.1675952,-4.3062048,268
SHAPE_12916185,11.1672938,-4.3074444,269
SHAPE_12916185,11.1672155,-4.3077641,270
SHAPE_12916185,11.167201,-4.3078209,271
SHAPE_12916185,11.1670716,-4.3083272,272
SHAPE_12916185,11.1670301,-4.3084981,273
SHAPE_12916185,11.1670197,-4.3085407,274
SHAPE_12916185,11.16699,-4.3086479,275
SHAPE_12916185,11.1667282,-4.3097613,276
SHAPE_12916185,11.166652,-4.3100853,277
SHAPE_12916185,11.1666221,-4.3102124,278
SHAPE_12916185,11.1664532,-4.3109009,279
SHAPE_12916185,11.1663943,-4.3111225,280
SHAPE_12916185,11.1663069,-4.3114518,281
SHAPE_12916185,11.166227,-4.3117527,282
SHAPE_12916185,11.1662357,-4.3118548,283
SHAPE_12916185,11.1662106,-4.3119668,284
SHAPE_12916185,11.1660496,-4.3125807,285
SHAPE_12916185,11.1660365,-4.3126307,286
SHAPE_12916185,11.1659699,-4.3129002,287
SHAPE_12916185,11.1658954,-4.313178,288
SHAPE_12916185,11.1657732,-4.313734,289
SHAPE_12916185,11.165755,-4.3138273,290
SHAPE_12916185,11.165752,-4.313969,291
SHAPE_12916185,11.1657661,-4.3140489,292
SHAPE_12916185,11.1657793,-4.3140972,293
SHAPE_12916185,11.1658029,-4.3141428,294
SHAPE_12916185,11.1658529,-4.3142125,295
SHAPE_12916185,11.1659043,-4.3142836,296
SHAPE_12916185,11.1659714,-4.3143064,297
SHAPE_12916185,11.1660597,-4.3143255,298
SHAPE_12916185,11.1661545,-4.3143302,299
SHAPE_12916185,11.1662811,-4.3143305,300
SHAPE_12916185,11.1663458,-4.3143496,301
SHAPE_12916185,11.1671168,-4.3142433,302
SHAPE_12916185,11.167729,-4.3141562,303
SHAPE_12916185,11.1678738,-4.3141347,304
SHAPE_12916185,11.1680027,-4.3141119,305
SHAPE_12916185,11.1682132,-4.3140529,306
SHAPE_12916185,11.1685606,-4.3139792,307
SHAPE_12916185,11.1686606,-4.3139644,308
SHAPE_12916185,11.1687671,-4.313951,309
SHAPE_12916185,11.1690224,-4.3139188,310
SHAPE_12916185,11.1693145,-4.3138786,311
SHAPE_12916185,11.1704224,-4.3137235,312
SHAPE_12916185,11.1715599,-4.3135626,313
SHAPE_12916185,11.1731363,-4.313323,314
SHAPE_12916185,11.1736139,-4.3132527,315
SHAPE_12916185,11.173684,-4.3139067,316
SHAPE_12916185,11.1737401,-4.3143878,317
SHAPE_12916185,11.1739174,-4.3155276,318
SHAPE_12916185,11.1740655,-4.3166381,319
SHAPE_12916185,11.1743511,-4.3190556,320
SHAPE_12916185,11.1744288,-4.3196745,321
SHAPE_12916185,11.1746571,-4.3214436,322
SHAPE_12916185,11.1747289,-4.3220389,323
SHAPE_12916185,11.174806,-4.3226334,324
SHAPE_12916185,11.1748708,-4.3231335,325
SHAPE_12916185,11.1748918,-4.3232744,326
SHAPE_12916185,11.1749154,-4.3234716,327
SHAPE_12916185,11.1750653,-4.3247536,328
SHAPE_12916185,11.175139,-4.3253383,329
SHAPE_12916185,11.1752311,-4.3259767,330
SHAPE_12916185,11.1753232,-4.326548,331
SHAPE_12916185,11.1755923,-4.3275859,332
SHAPE_12916185,11.1756736,-4.3278742,333
SHAPE_12916185,11.1758423,-4.3284939,334
SHAPE_12916185,11.176007,-4.3290468,335
SHAPE_12916185,11.1761755,-4.3296794,336
SHAPE_12916185,11.1763386,-4.3301935,337
SHAPE_12916185,11.1765389,-4.3307644,338
SHAPE_12916185,11.176744,-4.3313436,339
SHAPE_12916185,11.1767849,-4.3314403,340
SHAPE_12916185,11.176843,-4.3315955,341
SHAPE_12916185,11.1769104,-4.3317544,342
SHAPE_12916185,11.1769568,-4.3318689,343
SHAPE_12916185,11.1771856,-4.332337,344
SHAPE_12916185,11.1772965,-4.3325356,345
SHAPE_12916185,11.1774041,-4.332738,346
SHAPE_12916185,11.1775013,-4.332909,347
SHAPE_12916185,11.177788,-4.3334316,348
SHAPE_12916185,11.1780833,-4.3339498,349
SHAPE_12916185,11.1784223,-4.3344971,350
SHAPE_12916185,11.1784626,-4.3345815,351
SHAPE_12916185,11.1786755,-4.3349674,352
SHAPE_12916185,11.1787817,-4.3351604,353
SHAPE_12916185,11.1789072,-4.3353884,354
SHAPE_12916185,11.1791415,-4.3358226,355
SHAPE_12916185,11.1797024,-4.336769,356
SHAPE_12916185,11.1805706,-4.3382735,357
SHAPE_12916185,11.1807873,-4.3386454,358
SHAPE_12916185,11.1809198,-4.3388756,359
SHAPE_12916185,11.1820726,-4.3408633,360
SHAPE_12916185,11.1824289,-4.3414777,361
SHAPE_12916185,11.1827225,-4.3419693,362
SHAPE_12916185,11.182933,-4.3423368,363
SHAPE_12916185,11.1833685,-4.3430731,364
SHAPE_12916185,11.1836763,-4.3436015,365
SHAPE_12916185,11.1839645,-4.3441195,366
SHAPE_12916185,11.1841105,-4.3443498,367
SHAPE_12916185,11.1842749,-4.3446485,368
SHAPE_12916185,11.1844999,-4.3450418,369
SHAPE_12916185,11.1847683,-4.3454991,370
SHAPE_12916185,11.1848761,-4.3456722,371
SHAPE_12916185,11.1851222,-4.3460812,372
SHAPE_12916185,11.1853577,-4.3465143,373
SHAPE_12916185,11.1855164,-4.3468053,374
SHAPE_12916185,11.1856036,-4.3469945,375
SHAPE_12916185,11.1857195,-4.3472399,376
SHAPE_12916185,11.185807,-4.3474632,377
SHAPE_12916185,11.1858945,-4.3477602,378
SHAPE_12916185,11.1860721,-4.348357,379
SHAPE_12916185,11.1861734,-4.3487178,380
SHAPE_12916185,11.1863497,-4.3493038,381
SHAPE_12916185,11.1865457,-4.3499261,382
SHAPE_12916185,11.1867562,-4.3506329,383
SHAPE_12916185,11.1871,-4.351963,384
SHAPE_12916185,11.1872277,-4.3524079,385
SHAPE_12916185,11.1874063,-4.3529049,386
SHAPE_12916185,11.1875901,-4.3533369,387
SHAPE_12916185,11.1878311,-4.3538059,388
SHAPE_12916185,11.1888335,-4.355521,389
SHAPE_12916185,11.1891536,-4.3560542,390
SHAPE_12916185,11.1892966,-4.356303,391
SHAPE_12916185,11.1894787,-4.3566197,392
SHAPE_12916185,11.1895416,-4.3567182,393
SHAPE_12916185,11.1896611,-4.3569052,394
SHAPE_12916185,11.1899028,-4.3573298,395
SHAPE_12916185,11.1900216,-4.3575597,396
SHAPE_12916185,11.1901373,-4.3577663,397
SHAPE_12916185,11.1903093,-4.3581265,398
SHAPE_12916185,11.1903641,-4.3582414,399
SHAPE_12916185,11.1905583,-4.3586701,400
SHAPE_12916185,11.1906267,-4.3588284,401
SHAPE_12916185,11.1906779,-4.3589503,402
SHAPE_12931143,10.9479268,-4.4743685,1
SHAPE_12931143,10.9483023,-4.4737253,2
SHAPE_12931143,10.9484523,-4.4734683,3
SHAPE_12931143,10.9484638,-4.4734493,4
SHAPE_12931143,10.9491389,-4.4723342,5
SHAPE_12931143,10.9495571,-4.4715741,6
SHAPE_12931143,10.9497828,-4.471164,7
SHAPE_12931143,10.9498708,-4.4710009,8
SHAPE_12931143,10.9525628,-4.4660148,9
SHAPE_12931143,10.9530355,-4.4650913,10
SHAPE_12931143,10.9535829,-4.4640316,11
SHAPE_12931143,10.9539346,-4.4632915,12
SHAPE_12931143,10.9557465,-4.4593522,13
SHAPE_12931143,10.9565102,-4.4576839,14
SHAPE_12931143,10.957208,-4.4561255,15
SHAPE_12931143,10.957711,-4.4550164,16
SHAPE_12931143,10.9597079,-4.4506258,17
SHAPE_12931143,10.9601758,-4.449597,18
SHAPE_12931143,10.9608762,-4.4480588,19
SHAPE_12931143,10.9614516,-4.4468437,20
SHAPE_12931143,10.9621468,-4.4454557,21
SHAPE_12931143,10.9633646,-4.4432361,22
SHAPE_12931143,10.9644917,-4.4411387,23
SHAPE_12931143,10.9655397,-4.4391941,24
SHAPE_12931143,10.965986,-4.4384336,25
SHAPE_12931143,10.9667839,-4.4372173,26
SHAPE_12931143,10.9673211,-4.4365065,27
SHAPE_12931143,10.9680729,-4.4355623,28
SHAPE_12931143,10.9688207,-4.4347107,29
SHAPE_12931143,10.9695817,-4.4339088,30
SHAPE_12931143,10.9747593,-4.4284809,31
SHAPE_12931143,10.9756112,-4.4276967,32
SHAPE_12931143,10.9763742,-4.4270774,33
SHAPE_12931143,10.9800221,-4.4244902,34
SHAPE_12931143,10.982791,-4.4225116,35
SHAPE_12931143,10.9831009,-4.4222901,36
SHAPE_12931143,10.9891075,-4.4179979,37
SHAPE_12931143,10.9948468,-4.4139122,38
SHAPE_12931143,10.9962693,-4.4128789,39
SHAPE_12931143,10.9996895,-4.4104488,40
SHAPE_12931143,11.0004307,-4.4099043,41
SHAPE_12931143,11.000927,-4.4095235,42
SHAPE_12931143,11.0013746,-4.4091506,43
SHAPE_12931143,11.0018447,-4.4087153,44
SHAPE_12931143,11.004326,-4.4063129,45
SHAPE_12931143,11.0146547,-4.3961647,46
SHAPE_12931143,11.0158197,-4.3948176,47
SHAPE_12931143,11.0162804,-4.394204,48
SHAPE_12931143,11.0166982,-4.3936171,49
SHAPE_12931143,11.0190172,-4.3902048,50
SHAPE_12931143,11.0200646,-4.388636,51
SHAPE_12931143,11.0205482,-4.3879116,52
SHAPE_12931143,11.0258857,-4.3799572,53
SHAPE_12931143,11.0270272,-4.3782561,54
SHAPE_12931143,11.02785,-4.3770298,55
SHAPE_12931143,11.0298061,-4.3741786,56
SHAPE_12931143,11.0307744,-4.3729642,57
SHAPE_12931143,11.031616,-4.3720195,58
SHAPE_12931143,11.0366861,-4.3666611,59
SHAPE_12931143,11.0372841,-4.3660442,60
SHAPE_12931143,11.0377711,-4.3655419,61
SHAPE_12931143,11.0387821,-4.3644776,62
SHAPE_12931143,11.0388304,-4.3644242,63
SHAPE_12931143,11.0401049,-4.3630958,64
SHAPE_12931143,11.0407656,-4.3623984,65
SHAPE_12931143,11.0413402,-4.3618012,66
SHAPE_12931143,11.0416073,-4.3615146,67
SHAPE_12931143,11.0417918,-4.3613082,68
SHAPE_12931143,11.0423412,-4.3607461,69
SHAPE_12931143,11.0428533,-4.3602357,70
SHAPE_12931143,11.0431412,-4.3599339,71
SHAPE_12931143,11.0434504,-4.3596576,72
SHAPE_12931143,11.0437592,-4.3594222,73
SHAPE_12931143,11.0440382,-4.3592159,74
SHAPE_12931143,11.0443937,-4.3589861,75
SHAPE_12931143,11.0449386,-4.3586776,76
SHAPE_12931143,11.0454583,-4.3584603,77
SHAPE_12931143,11.0469073,-4.3579245,78
SHAPE_12931143,11.0483333,-4.35739,79
SHAPE_12931143,11.0505694,-4.3565403,80
SHAPE_12931143,11.0537531,-4.3553522,81
SHAPE_12931143,11.0587445,-4.3534748,82
SHAPE_12931143,11.0591228,-4.3533325,83
SHAPE_12931143,11.0639571,-4.3515142,84
SHAPE_12931143,11.0662147,-4.350665,85
SHAPE_12931143,11.0713701,-4.3487259,86
SHAPE_12931143,11.0715073,-4.3486749,87
SHAPE_12931143,11.0743088,-4.3476045,88
SHAPE_12931143,11.0751479,-4.3472715,89
SHAPE_12931143,11.0754118,-4.3471544,90
SHAPE_12931143,11.0756443,-4.3470499,91
SHAPE_12931143,11.0758241,-4.3469555,92
SHAPE_12931143,11.0760111,-4.3468551,93
SHAPE_12931143,11.076187,-4.3467534,94
SHAPE_12931143,11.0763848,-4.3466378,95
SHAPE_12931143,11.0765587,-4.3465293,96
SHAPE_12931143,11.0767316,-4.3464094,97
SHAPE_12931143,11.0774644,-4.3458903,98
SHAPE_12931143,11.0795421,-4.3444034,99
SHAPE_12931143,11.0805897,-4.3436591,100
SHAPE_12931143,11.0815952,-4.3429214,101
SHAPE_12931143,11.0822668,-4.3424861,102
SHAPE_12931143,11.0823923,-4.3424063,103
SHAPE_12931143,11.0824752,-4.3423548,104
SHAPE_12931143,11.082644,-4.34225,105
SHAPE_12931143,11.082803,-4.3421625,106
SHAPE_12931143,11.082973,-4.3420804,107
SHAPE_12931143,11.0832467,-4.3419493,108
SHAPE_12931143,11.0835313,-4.341824,109
SHAPE_12931143,11.0837784,-4.3417334,110
SHAPE_12931143,11.0841101,-4.3416231,111
SHAPE_12931143,11.0843762,-4.3415476,112
SHAPE_12931143,11.0847757,-4.3414402,113
SHAPE_12931143,11.0852434,-4.3413337,114
SHAPE_12931143,11.0856682,-4.3412326,115
SHAPE_12931143,11.0858757,-4.3411946,116
SHAPE_12931143,11.0868661,-4.3409783,117
SHAPE_12931143,11.0873596,-4.340867,118
SHAPE_12931143,11.0879167,-4.3407361,119
SHAPE_12931143,11.0884518,-4.340595,120
SHAPE_12931143,11.0893201,-4.3403577,121
SHAPE_12931143,11.0910315,-4.3398732,122
SHAPE_12931143,11.0927017,-4.3393945,123
SHAPE_12931143,11.0932506,-4.3392579,124
SHAPE_12931143,11.093524,-4.3391706,125
SHAPE_12931143,11.094244,-4.3389538,126
SHAPE_12931143,11.0986342,-4.3377221,127
SHAPE_12931143,11.1008701,-4.3371025,128
SHAPE_12931143,11.1030282,-4.3364858,129
SHAPE_12931143,11.1033751,-4.3363839,130
SHAPE_12931143,11.1036027,-4.3363262,131
SHAPE_12931143,11.1067691,-4.3353937,132
SHAPE_12931143,11.1069359,-4.3353505,133
SHAPE_12931143,11.1097873,-4.3345396,134
SHAPE_12931143,11.1126696,-4.3337518,135
SHAPE_12931143,11.1132088,-4.3335941,136
SHAPE_12931143,11.1134877,-4.33351,137
SHAPE_12931143,11.1137481,-4.3334314,138
SHAPE_12931143,11.1141063,-4.3333287,139
SHAPE_12931143,11.1146511,-4.333173,140
SHAPE_12931143,11.1152208,-4.3330214,141
SHAPE_12931143,11.115389,-4.3329891,142
SHAPE_12931143,11.1160131,-4.3327895,143
SHAPE_12931143,11.1166227,-4.3326147,144
SHAPE_12931143,11.1168619,-4.3325341,145
SHAPE_12931143,11.1169701,-4.3324983,146
SHAPE_12931143,11.1170565,-4.3324698,147
SHAPE_12931143,11.1175154,-4.3323121,148
SHAPE_12931143,11.1182976,-4.3320266,149
SHAPE_12931143,11.1184172,-4.3319844,150
SHAPE_12931143,11.1189248,-4.3318033,151
SHAPE_12931143,11.1193493,-4.3316131,152
SHAPE_12931143,11.1197483,-4.3314251,153
SHAPE_12931143,11.120879,-4.3308549,154
SHAPE_12931143,11.1215398,-4.3304808,155
SHAPE_12931143,11.1219553,-4.3302319,156
SHAPE_12931143,11.1226677,-4.3297733,157
SHAPE_12931143,11.1233982,-4.3292613,158
SHAPE_12931143,11.1237052,-4.3290264,159
SHAPE_12931143,11.1240848,-4.3287364,160
SHAPE_12931143,11.1243226,-4.3285466,161
SHAPE_12931143,11.1247437,-4.3282038,162
SHAPE_12931143,11.1249369,-4.3280561,163
SHAPE_12931143,11.1255527,-4.3275644,164
SHAPE_12931143,11.126125,-4.3271074,165
SHAPE_12931143,11.130514,-4.323603,166
SHAPE_12931143,11.1305375,-4.3235842,167
SHAPE_12931143,11.1306827,-4.3234681,168
SHAPE_12931143,11.1322252,-4.3222348,169
SHAPE_12931143,11.1324017,-4.3220903,170
SHAPE_12931143,11.132871,-4.3217376,171
SHAPE_12931143,11.1329304,-4.3216919,172
SHAPE_12931143,11.133666,-4.3210937,173
SHAPE_12931143,11.1344636,-4.3204677,174
SHAPE_12931143,11.135688,-4.319471,175
SHAPE_12931143,11.1360266,-4.3192094,176
SHAPE_12931143,11.136351,-4.318965,177
SHAPE_12931143,11.136601,-4.3187892,178
SHAPE_12931143,11.1369328,-4.3185716,179
SHAPE_12931143,11.1370459,-4.3185041,180
SHAPE_12931143,11.1372152,-4.3184041,181
SHAPE_12931143,11.1373562,-4.3183241,182
SHAPE_12931143,11.1376223,-4.3181865,183
SHAPE_12931143,11.1377151,-4.3181385,184
SHAPE_12931143,11.1381136,-4.3179325,185
SHAPE_12931143,11.1383188,-4.3178402,186
SHAPE_12931143,11.1384723,-4.3177712,187
SHAPE_12931143,11.1387908,-4.3176274,188
SHAPE_12931143,11.1389398,-4.3175679,189
SHAPE_12931143,11.1391001,-4.3175085,190
SHAPE_12931143,11.1394359,-4.3174057,191
SHAPE_12931143,11.1397761,-4.3173103,192
SHAPE_12931143,11.1402738,-4.3171716,193
SHAPE_12931143,11.1404961,-4.3171293,194
SHAPE_12931143,11.1410777,-4.3170296,195
SHAPE_12931143,11.1412886,-4.3169824,196
SHAPE_12931143,11.1417434,-4.3169137,197
SHAPE_12931143,11.1421413,-4.3168612,198
SHAPE_12931143,11.1427474,-4.3167721,199
SHAPE_12931143,11.1429884,-4.3167328,200
SHAPE_12931143,11.1437983,-4.3166252,201
SHAPE_12931143,11.144172,-4.3165681,202
SHAPE_12931143,11.1458891,-4.3163398,203
SHAPE_12931143,11.146067,-4.3163135,204
SHAPE_12931143,11.1467243,-4.3162123,205
SHAPE_12931143,11.147498,-4.316107,206
SHAPE_12931143,11.1475373,-4.3161019,207
SHAPE_12931143,11.1480818,-4.3160192,208
SHAPE_12931143,11.1490556,-4.3158597,209
SHAPE_12931143,11.1502099,-4.3156931,210
SHAPE_12931143,11.150894,-4.3155875,211
SHAPE_12931143,11.1511512,-4.3155546,212
SHAPE_12931143,11.1515376,-4.315502,213
SHAPE_12931143,11.1522131,-4.3154109,214
SHAPE_12931143,11.1528006,-4.3153256,215
SHAPE_12931143,11.1534102,-4.3152398,216
SHAPE_12931143,11.1537499,-4.3151881,217
SHAPE_12931143,11.154619,-4.3150641,218
SHAPE_12931143,11.1555847,-4.3149106,219
SHAPE_12931143,11.1560082,-4.3148626,220
SHAPE_12931143,11.156274,-4.3148161,221
SHAPE_12931143,11.1575867,-4.3146341,222
SHAPE_12931143,11.1577296,-4.3146196,223
SHAPE_12931143,11.1582531,-4.3145531,224
SHAPE_12931143,11.1588138,-4.3144499,225
SHAPE_12931143,11.1601013,-4.3142742,226
SHAPE_12931143,11.16033,-4.3142454,227
SHAPE_12931143,11.1604814,-4.3142246,228
SHAPE_12931143,11.1607846,-4.3141826,229
SHAPE_12931143,11.1614153,-4.314087,230
SHAPE_12931143,11.1625861,-4.3139422,231
SHAPE_12931143,11.1630309,-4.313887,232
SHAPE_12931143,11.1632276,-4.3138575,233
SHAPE_12931143,11.1638948,-4.3138327,234
SHAPE_12931143,11.164019,-4.3137639,235
SHAPE_12931143,11.1640555,-4.3137497,236
SHAPE_12931143,11.1647699,-4.313619,237
SHAPE_12931143,11.165072,-4.3135753,238
SHAPE_12931143,11.1653634,-4.3135351,239
SHAPE_12931143,11.165414,-4.3135192,240
SHAPE_12931143,11.1654948,-4.3135036,241
SHAPE_12931143,11.1655418,-4.313489,242
SHAPE_12931143,11.1656205,-4.313454,243
SHAPE_12931143,11.1656586,-4.3134324,244
SHAPE_12931143,11.1656941,-4.3134062,245
SHAPE_12931143,11.1657424,-4.3133676,246
SHAPE_12931143,11.165768,-4.3132813,247
SHAPE_12931143,11.1658029,-4.3131638,248
SHAPE_12931143,11.1658359,-4.3130677,249
SHAPE_12931143,11.1661227,-4.3119414,250
SHAPE_12931143,11.1661607,-4.3118213,251
SHAPE_12931143,11.166227,-4.3117527,252
SHAPE_12931143,11.1663069,-4.3114518,253
SHAPE_12931143,11.1663943,-4.3111225,254
SHAPE_12931143,11.1664532,-4.3109009,255
SHAPE_12931143,11.1666221,-4.3102124,256
SHAPE_12931143,11.166652,-4.3100853,257
SHAPE_12931143,11.1667282,-4.3097613,258
SHAPE_12931143,11.16699,-4.3086479,259
SHAPE_12931143,11.1670197,-4.3085407,260
SHAPE_12931143,11.1670301,-4.3084981,261
SHAPE_12931143,11.1670716,-4.3083272,262
SHAPE_12931143,11.167201,-4.3078209,263
SHAPE_12931143,11.1672155,-4.3077641,264
SHAPE_12931143,11.1672938,-4.3074444,265
SHAPE_12931143,11.1676535,-4.3073952,266
SHAPE_12931143,11.1684062,-4.3072886,267
SHAPE_12931143,11.1686698,-4.3072512,268
SHAPE_12931143,11.1691265,-4.3071865,269
SHAPE_12931143,11.1695428,-4.3071275,270
SHAPE_12931143,11.1706382,-4.3069723,271
SHAPE_12931143,11.1717724,-4.3068023,272
SHAPE_12931143,11.1728449,-4.3066597,273
SHAPE_12931143,11.1731893,-4.3066109,274
SHAPE_12931143,11.1739874,-4.3064896,275
SHAPE_12931143,11.1748377,-4.3063773,276
SHAPE_12931143,11.1757637,-4.3062461,277
SHAPE_12931143,11.1768451,-4.3060928,278
SHAPE_12931143,11.1775369,-4.3060004,279
SHAPE_12931143,11.1776422,-4.3059917,280
SHAPE_12931143,11.1778556,-4.3059687,281
